 -4.69818E-04, -4.19491E-04, -3.62438E-04, -2.98111E-04, -2.25943E-04, -1.45366E-04, -5.58111E-05,  4.32755E-05,  1.52418E-04,  2.72095E-04,  4.02716E-04,  5.44597E-04,  6.97933E-04,  8.62760E-04,  1.03893E-03,  1.22604E-03,  1.42345E-03,  1.63017E-03,  1.84487E-03,  2.06582E-03,  2.29090E-03,  2.51754E-03,  2.74276E-03,  2.96322E-03,  3.17524E-03,  3.37493E-03,  3.55829E-03,  3.72137E-03,  3.86045E-03,  3.97216E-03,  4.05372E-03,  4.10303E-03,  4.11880E-03,  4.10063E-03,  4.04901E-03,  3.96532E-03,  3.85172E-03,  3.71105E-03,  3.54667E-03,  3.36232E-03,  3.16194E-03,  2.94949E-03,  2.72883E-03,  2.50360E-03,  2.27711E-03,  2.05230E-03,  1.83172E-03,  1.61748E-03,  1.41126E-03,  1.21441E-03,  1.02787E-03,  8.52292E-04,  6.88062E-04,  5.35323E-04,  3.94030E-04,  2.63984E-04,  1.44865E-04,  3.62614E-05, -6.23084E-05, -1.51370E-04, -2.31479E-04, -3.03203E-04, -3.67113E-04, -4.23773E-04, -4.73732E-04,
 -5.56763E-04, -5.07539E-04, -4.51168E-04, -3.87015E-04, -3.14421E-04, -2.32709E-04, -1.41193E-04, -3.91900E-05,  7.39624E-05,  1.98891E-04,  3.36160E-04,  4.86245E-04,  6.49501E-04,  8.26118E-04,  1.01608E-03,  1.21913E-03,  1.43468E-03,  1.66180E-03,  1.89913E-03,  2.14486E-03,  2.39664E-03,  2.65164E-03,  2.90645E-03,  3.15719E-03,  3.39954E-03,  3.62885E-03,  3.84028E-03,  4.02902E-03,  4.19047E-03,  4.32048E-03,  4.41556E-03,  4.47311E-03,  4.49150E-03,  4.47024E-03,  4.40996E-03,  4.31237E-03,  4.18018E-03,  4.01693E-03,  3.82679E-03,  3.61433E-03,  3.38436E-03,  3.14166E-03,  2.89082E-03,  2.63612E-03,  2.38141E-03,  2.13004E-03,  1.88482E-03,  1.64807E-03,  1.42159E-03,  1.20670E-03,  1.00433E-03,  8.15052E-04,  6.39120E-04,  4.76541E-04,  3.27115E-04,  1.90487E-04,  6.61754E-05, -4.63861E-05, -1.47826E-04, -2.38808E-04, -3.20016E-04, -3.92136E-04, -4.55844E-04, -5.11799E-04, -5.60636E-04,
 -6.52531E-04, -6.05033E-04, -5.49983E-04, -4.86656E-04, -4.14286E-04, -3.32079E-04, -2.39217E-04, -1.34871E-04, -1.82168E-05,  1.11544E-04,  2.55163E-04,  4.13310E-04,  5.86536E-04,  7.75232E-04,  9.79574E-04,  1.19946E-03,  1.43446E-03,  1.68372E-03,  1.94591E-03,  2.21914E-03,  2.50092E-03,  2.78807E-03,  3.07676E-03,  3.36249E-03,  3.64016E-03,  3.90423E-03,  4.14883E-03,  4.36806E-03,  4.55623E-03,  4.70817E-03,  4.81952E-03,  4.88697E-03,  4.90852E-03,  4.88352E-03,  4.81278E-03,  4.69848E-03,  4.54401E-03,  4.35382E-03,  4.13308E-03,  3.88745E-03,  3.62279E-03,  3.34488E-03,  3.05922E-03,  2.77082E-03,  2.48413E-03,  2.20294E-03,  1.93039E-03,  1.66893E-03,  1.42044E-03,  1.18623E-03,  9.67138E-04,  7.63589E-04,  5.75672E-04,  4.03207E-04,  2.45797E-04,  1.02886E-04, -2.61983E-05, -1.42208E-04, -2.45945E-04, -3.38233E-04, -4.19901E-04, -4.91766E-04, -5.54623E-04, -6.09235E-04, -6.56328E-04,
 -7.57751E-04, -7.12700E-04, -6.59722E-04, -5.97992E-04, -5.26632E-04, -4.44718E-04, -3.51285E-04, -2.45341E-04, -1.25878E-04,  8.10386E-06,  1.57574E-04,  3.23435E-04,  5.06484E-04,  7.07362E-04,  9.26490E-04,  1.16400E-03,  1.41967E-03,  1.69280E-03,  1.98214E-03,  2.28580E-03,  2.60112E-03,  2.92467E-03,  3.25211E-03,  3.57826E-03,  3.89713E-03,  4.20206E-03,  4.48596E-03,  4.74155E-03,  4.96176E-03,  5.14010E-03,  5.27106E-03,  5.35049E-03,  5.37582E-03,  5.34627E-03,  5.26286E-03,  5.12837E-03,  4.94711E-03,  4.72464E-03,  4.46747E-03,  4.18260E-03,  3.87721E-03,  3.55831E-03,  3.23245E-03,  2.90554E-03,  2.58269E-03,  2.26816E-03,  1.96537E-03,  1.67694E-03,  1.40474E-03,  1.15000E-03,  9.13406E-04,  6.95181E-04,  4.95183E-04,  3.12982E-04,  1.47935E-04, -7.57896E-07, -1.34003E-04, -2.52769E-04, -3.58058E-04, -4.50877E-04, -5.32219E-04, -6.03046E-04, -6.64282E-04, -7.16803E-04, -7.61431E-04,
 -8.73056E-04, -8.31280E-04, -7.81244E-04, -7.22017E-04, -6.52602E-04, -5.71935E-04, -4.78892E-04, -3.72295E-04, -2.50934E-04, -1.13576E-04,  4.10016E-05,  2.13978E-04,  4.06446E-04,  6.19357E-04,  8.53448E-04,  1.10917E-03,  1.38656E-03,  1.68519E-03,  2.00398E-03,  2.34110E-03,  2.69382E-03,  3.05842E-03,  3.43010E-03,  3.80291E-03,  4.16982E-03,  4.52289E-03,  4.85344E-03,  5.15251E-03,  5.41125E-03,  5.62149E-03,  5.77624E-03,  5.87019E-03,  5.90009E-03,  5.86496E-03,  5.76612E-03,  5.60714E-03,  5.39350E-03,  5.13227E-03,  4.83160E-03,  4.50022E-03,  4.14695E-03,  3.78031E-03,  3.40812E-03,  3.03728E-03,  2.67366E-03,  2.32199E-03,  1.98597E-03,  1.66829E-03,  1.37076E-03,  1.09444E-03,  8.39776E-04,  6.06704E-04,  3.94773E-04,  2.03243E-04,  3.11583E-05, -1.22574E-04, -2.59136E-04, -3.79751E-04, -4.85648E-04, -5.78041E-04, -6.58104E-04, -7.26961E-04, -7.85672E-04, -8.35235E-04, -8.76575E-04,
 -9.99074E-04, -9.61514E-04, -9.15417E-04, -8.59747E-04, -7.93379E-04, -7.15100E-04, -6.23613E-04, -5.17542E-04, -3.95445E-04, -2.55830E-04, -9.71841E-05,  8.19962E-05,  2.83156E-04,  5.07623E-04,  7.56531E-04,  1.03073E-03,  1.33066E-03,  1.65624E-03,  2.00667E-03,  2.38031E-03,  2.77445E-03,  3.18518E-03,  3.60720E-03,  4.03378E-03,  4.45672E-03,  4.86648E-03,  5.25253E-03,  5.60373E-03,  5.90897E-03,  6.15789E-03,  6.34156E-03,  6.45319E-03,  6.48862E-03,  6.44660E-03,  6.32889E-03,  6.14007E-03,  5.88721E-03,  5.57928E-03,  5.22656E-03,  4.83998E-03,  4.43043E-03,  4.00823E-03,  3.58271E-03,  3.16194E-03,  2.75254E-03,  2.35976E-03,  1.98747E-03,  1.63836E-03,  1.31407E-03,  1.01537E-03,  7.42363E-04,  4.94589E-04,  2.71203E-04,  7.10675E-05, -1.07145E-04, -2.64882E-04, -4.03645E-04, -5.24947E-04, -6.30280E-04, -7.21083E-04, -7.98730E-04, -8.64517E-04, -9.19655E-04, -9.65265E-04, -1.00238E-03,
 -1.13641E-03, -1.10413E-03, -1.06311E-03, -1.01221E-03, -9.50169E-04, -8.75626E-04, -7.87097E-04, -6.82990E-04, -5.61610E-04, -4.21180E-04, -2.59854E-04, -7.57589E-05,  1.32963E-04,  3.68092E-04,  6.31249E-04,  9.23788E-04,  1.24667E-03,  1.60030E-03,  1.98433E-03,  2.39745E-03,  2.83711E-03,  3.29933E-03,  3.77841E-03,  4.26677E-03,  4.75491E-03,  5.23147E-03,  5.68358E-03,  6.09740E-03,  6.45891E-03,  6.75487E-03,  6.97383E-03,  7.10703E-03,  7.14913E-03,  7.09857E-03,  6.95767E-03,  6.73241E-03,  6.43187E-03,  6.06755E-03,  5.65250E-03,  5.20039E-03,  4.72469E-03,  4.23795E-03,  3.75126E-03,  3.27396E-03,  2.81351E-03,  2.37556E-03,  1.96408E-03,  1.58159E-03,  1.22943E-03,  9.07939E-04,  6.16716E-04,  3.54805E-04,  1.20850E-04, -8.67658E-05, -2.69824E-04, -4.30181E-04, -5.69709E-04, -6.90252E-04, -7.93587E-04, -8.81404E-04, -9.55293E-04, -1.01673E-03, -1.06709E-03, -1.10762E-03, -1.13945E-03,
 -1.28566E-03, -1.25983E-03, -1.22517E-03, -1.18042E-03, -1.12419E-03, -1.05495E-03, -9.71041E-04, -8.70627E-04, -7.51750E-04, -6.12312E-04, -4.50105E-04, -2.62834E-04, -4.81665E-05,  1.96210E-04,  4.72499E-04,  7.82686E-04,  1.12839E-03,  1.51068E-03,  1.92983E-03,  2.38507E-03,  2.87425E-03,  3.39346E-03,  3.93676E-03,  4.49577E-03,  5.05959E-03,  5.61472E-03,  6.14548E-03,  6.63460E-03,  7.06432E-03,  7.41763E-03,  7.67974E-03,  7.83930E-03,  7.88942E-03,  7.82818E-03,  7.65870E-03,  7.38878E-03,  7.03020E-03,  6.59774E-03,  6.10798E-03,  5.57814E-03,  5.02488E-03,  4.46342E-03,  3.90690E-03,  3.36604E-03,  2.84910E-03,  2.36203E-03,  1.90872E-03,  1.49134E-03,  1.11070E-03,  7.66533E-04,  4.57780E-04,  1.82834E-04, -6.02841E-05, -2.73776E-04, -4.59950E-04, -6.21138E-04, -7.59632E-04, -8.77639E-04, -9.77253E-04, -1.06043E-03, -1.12900E-03, -1.18462E-03, -1.22882E-03, -1.26298E-03, -1.28836E-03,
 -1.44733E-03, -1.42928E-03, -1.40242E-03, -1.36537E-03, -1.31664E-03, -1.25453E-03, -1.17717E-03, -1.08250E-03, -9.68278E-04, -8.32061E-04, -6.71242E-04, -4.83060E-04, -2.64642E-04, -1.30666E-05,  2.74560E-04,  6.00981E-04,  9.68636E-04,  1.37945E-03,  1.83456E-03,  2.33401E-03,  2.87628E-03,  3.45788E-03,  4.07280E-03,  4.71205E-03,  5.36324E-03,  6.01052E-03,  6.63478E-03,  7.21447E-03,  7.72694E-03,  8.15025E-03,  8.46515E-03,  8.65690E-03,  8.71660E-03,  8.64193E-03,  8.43710E-03,  8.11240E-03,  7.68313E-03,  7.16833E-03,  6.58918E-03,  5.96735E-03,  5.32348E-03,  4.67598E-03,  4.04030E-03,  3.42863E-03,  2.84990E-03,  2.31015E-03,  1.81292E-03,  1.35980E-03,  9.50782E-04,  5.84779E-04,  2.59886E-04, -2.63200E-05, -2.76573E-04, -4.93760E-04, -6.80801E-04, -8.40564E-04, -9.75807E-04, -1.08914E-03, -1.18299E-03, -1.25960E-03, -1.32104E-03, -1.36916E-03, -1.40565E-03, -1.43202E-03, -1.44963E-03,
 -1.62192E-03, -1.61309E-03, -1.59560E-03, -1.56801E-03, -1.52868E-03, -1.47576E-03, -1.40720E-03, -1.32068E-03, -1.21367E-03, -1.08337E-03, -9.26738E-04, -7.40511E-04, -5.21220E-04, -2.65247E-04,  3.10904E-05,  3.71433E-04,  7.59212E-04,  1.19743E-03,  1.68835E-03,  2.23314E-03,  2.83130E-03,  3.48012E-03,  4.17394E-03,  4.90338E-03,  5.65474E-03,  6.40951E-03,  7.14456E-03,  7.83297E-03,  8.44578E-03,  8.95448E-03,  9.33390E-03,  9.56481E-03,  9.63578E-03,  9.54409E-03,  9.29553E-03,  8.90366E-03,  8.38843E-03,  7.77440E-03,  7.08863E-03,  6.35845E-03,  5.60936E-03,  4.86358E-03,  4.13911E-03,  3.44951E-03,  2.80420E-03,  2.20896E-03,  1.66665E-03,  1.17787E-03,  7.41562E-04,  3.55510E-04,  1.67520E-05, -2.78120E-04, -5.32732E-04, -7.50762E-04, -9.35822E-04, -1.09138E-03, -1.22069E-03, -1.32680E-03, -1.41249E-03, -1.48031E-03, -1.53255E-03, -1.57128E-03, -1.59833E-03, -1.61533E-03, -1.62373E-03,
 -1.80980E-03, -1.81176E-03, -1.80540E-03, -1.78919E-03, -1.76139E-03, -1.72001E-03, -1.66280E-03, -1.58722E-03, -1.49041E-03, -1.36923E-03, -1.22019E-03, -1.03946E-03, -8.22949E-04, -5.66262E-04, -2.64825E-04,  8.60298E-05,  4.90904E-04,  9.54105E-04,  1.47933E-03,  2.06921E-03,  2.72475E-03,  3.44452E-03,  4.22374E-03,  5.05317E-03,  5.91804E-03,  6.79716E-03,  7.66273E-03,  8.48117E-03,  9.21531E-03,  9.82791E-03,  1.02859E-02,  1.05640E-02,  1.06479E-02,  1.05345E-02,  1.02319E-02,  9.75799E-03,  9.13870E-03,  8.40569E-03,  7.59356E-03,  6.73672E-03,  5.86664E-03,  5.00991E-03,  4.18721E-03,  3.41332E-03,  2.69770E-03,  2.04544E-03,  1.45820E-03,  9.35199E-04,  4.73932E-04,  7.07935E-05, -2.78474E-04, -5.78444E-04, -8.33770E-04, -1.04902E-03, -1.22858E-03, -1.37655E-03, -1.49674E-03, -1.59265E-03, -1.66742E-03, -1.72390E-03, -1.76462E-03, -1.79183E-03, -1.80752E-03, -1.81341E-03, -1.81105E-03,
 -2.01127E-03, -2.02571E-03, -2.03238E-03, -2.02967E-03, -2.01577E-03, -1.98854E-03, -1.94557E-03, -1.88409E-03, -1.80096E-03, -1.69266E-03, -1.55524E-03, -1.38432E-03, -1.17510E-03, -9.22382E-04, -6.20598E-04, -2.63934E-04,  1.53553E-04,  6.37702E-04,  1.19393E-03,  1.82678E-03,  2.53922E-03,  3.33177E-03,  4.20126E-03,  5.13936E-03,  6.13084E-03,  7.15203E-03,  8.16993E-03,  9.14280E-03,  1.00228E-02,  1.07611E-02,  1.13139E-02,  1.16484E-02,  1.17464E-02,  1.16051E-02,  1.12360E-02,  1.06626E-02,  9.91844E-03,  9.04413E-03,  8.08377E-03,  7.08062E-03,  6.07335E-03,  5.09342E-03,  4.16419E-03,  3.30120E-03,  2.51337E-03,  1.80440E-03,  1.17421E-03,  6.20141E-04,  1.37841E-04, -2.77993E-04, -6.33142E-04, -9.33514E-04, -1.18492E-03, -1.39291E-03, -1.56269E-03, -1.69906E-03, -1.80640E-03, -1.88866E-03, -1.94935E-03, -1.99162E-03, -2.01821E-03, -2.03156E-03, -2.03378E-03, -2.02668E-03, -2.01187E-03,
 -2.22650E-03, -2.25523E-03, -2.27696E-03, -2.29006E-03, -2.29263E-03, -2.28245E-03, -2.25694E-03, -2.21315E-03, -2.14766E-03, -2.05659E-03, -1.93553E-03, -1.77953E-03, -1.58308E-03, -1.34012E-03, -1.04402E-03, -6.87728E-04, -2.63808E-04,  2.35316E-04,  8.17074E-04,  1.48828E-03,  2.25445E-03,  3.11876E-03,  4.08059E-03,  5.13356E-03,  6.26305E-03,  7.44356E-03,  8.63669E-03,  9.79096E-03,  1.08449E-02,  1.17338E-02,  1.23997E-02,  1.27997E-02,  1.29119E-02,  1.27348E-02,  1.22846E-02,  1.15922E-02,  1.07003E-02,  9.66060E-03,  8.52907E-03,  7.35987E-03,  6.20010E-03,  5.08654E-03,  4.04485E-03,  3.09062E-03,  2.23135E-03,  1.46858E-03,  7.99808E-04,  2.19945E-04, -2.77574E-04, -7.00046E-04, -1.05499E-03, -1.34979E-03, -1.59154E-03, -1.78684E-03, -1.94176E-03, -2.06182E-03, -2.15199E-03, -2.21665E-03, -2.25971E-03, -2.28455E-03, -2.29415E-03, -2.29107E-03, -2.27752E-03, -2.25541E-03, -2.22635E-03,
 -2.45551E-03, -2.50045E-03, -2.53941E-03, -2.57078E-03, -2.59262E-03, -2.60265E-03, -2.59817E-03, -2.57606E-03, -2.53267E-03, -2.46378E-03, -2.36454E-03, -2.22945E-03, -2.05229E-03, -1.82607E-03, -1.54311E-03, -1.19500E-03, -7.72729E-04, -2.66816E-04,  3.32407E-04,  1.03438E-03,  1.84764E-03,  2.77876E-03,  3.83072E-03,  5.00046E-03,  6.27550E-03,  7.62990E-03,  9.02029E-03,  1.03841E-02,  1.16424E-02,  1.27095E-02,  1.35077E-02,  1.39817E-02,  1.41058E-02,  1.38825E-02,  1.33352E-02,  1.25033E-02,  1.14404E-02,  1.02114E-02,  8.88674E-03,  7.53373E-03,  6.20921E-03,  4.95530E-03,  3.79925E-03,  2.75560E-03,  1.82935E-03,  1.01897E-03,  3.18844E-04, -2.79026E-04, -7.83782E-04, -1.20496E-03, -1.55198E-03, -1.83386E-03, -2.05900E-03, -2.23514E-03, -2.36926E-03, -2.46758E-03, -2.53564E-03, -2.57828E-03, -2.59972E-03, -2.60360E-03, -2.59306E-03, -2.57077E-03, -2.53901E-03, -2.49972E-03, -2.45451E-03,
 -2.69817E-03, -2.76129E-03, -2.81978E-03, -2.87204E-03, -2.91615E-03, -2.94979E-03, -2.97023E-03, -2.97421E-03, -2.95788E-03, -2.91675E-03, -2.84556E-03, -2.73828E-03, -2.58798E-03, -2.38679E-03, -2.12591E-03, -1.79556E-03, -1.38506E-03, -8.82939E-04, -2.77150E-04,  4.44594E-04,  1.29422E-03,  2.28228E-03,  3.41634E-03,  4.69816E-03,  6.11950E-03,  7.65619E-03,  9.26147E-03,  1.08611E-02,  1.23548E-02,  1.36289E-02,  1.45787E-02,  1.51326E-02,  1.52631E-02,  1.49808E-02,  1.43197E-02,  1.33294E-02,  1.20746E-02,  1.06355E-02,  9.09969E-03,  7.55031E-03,  6.05471E-03,  4.65993E-03,  3.39351E-03,  2.26753E-03,  1.28331E-03,  4.35371E-04, -2.85624E-04, -8.90949E-04, -1.39259E-03, -1.80250E-03, -2.13214E-03, -2.39222E-03, -2.59256E-03, -2.74200E-03, -2.84844E-03, -2.91883E-03, -2.95924E-03, -2.97492E-03, -2.97036E-03, -2.94941E-03, -2.91533E-03, -2.87085E-03, -2.81828E-03, -2.75954E-03, -2.69620E-03,
 -2.95413E-03, -3.03750E-03, -3.11789E-03, -3.19378E-03, -3.26332E-03, -3.32423E-03, -3.37378E-03, -3.40863E-03, -3.42483E-03, -3.41765E-03, -3.38151E-03, -3.30987E-03, -3.19514E-03, -3.02859E-03, -2.80029E-03, -2.49909E-03, -2.11260E-03, -1.62732E-03, -1.02877E-03, -3.01753E-04,  5.69142E-04,  1.59875E-03,  2.79982E-03,  4.18025E-03,  5.73824E-03,  7.45460E-03,  9.28238E-03,  1.11370E-02,  1.28937E-02,  1.44026E-02,  1.55223E-02,  1.61592E-02,  1.62868E-02,  1.59309E-02,  1.51414E-02,  1.39781E-02,  1.25166E-02,  1.08536E-02,  9.09719E-03,  7.34804E-03,  5.68442E-03,  4.15693E-03,  2.79165E-03,  1.59667E-03,  5.68528E-04, -3.02817E-04, -1.03078E-03, -1.63014E-03, -2.11586E-03, -2.50242E-03, -2.80338E-03, -3.03121E-03, -3.19716E-03, -3.31123E-03, -3.38221E-03, -3.41771E-03, -3.42430E-03, -3.40757E-03, -3.37225E-03, -3.32231E-03, -3.26106E-03, -3.19125E-03, -3.11515E-03, -3.03459E-03, -2.95110E-03,
 -3.22286E-03, -3.32856E-03, -3.43327E-03, -3.53563E-03, -3.63390E-03, -3.72593E-03, -3.80903E-03, -3.87991E-03, -3.93458E-03, -3.96815E-03, -3.97481E-03, -3.94758E-03, -3.87829E-03, -3.75736E-03, -3.57377E-03, -3.31494E-03, -2.96680E-03, -2.51378E-03, -1.93897E-03, -1.22438E-03, -3.51272E-04,  6.99228E-04,  1.94497E-03,  3.40043E-03,  5.07193E-03,  6.94865E-03,  8.98850E-03,  1.11011E-02,  1.31376E-02,  1.49045E-02,  1.62113E-02,  1.69341E-02,  1.70494E-02,  1.66075E-02,  1.56798E-02,  1.43366E-02,  1.26631E-02,  1.07740E-02,  8.80020E-03,  6.86125E-03,  5.04495E-03,  3.40327E-03,  1.95880E-03,  7.14344E-04, -3.38859E-04, -1.21563E-03, -1.93347E-03, -2.51067E-03, -2.96522E-03, -3.31416E-03, -3.57324E-03, -3.75674E-03, -3.87735E-03, -3.94621E-03, -3.97296E-03, -3.96585E-03, -3.93184E-03, -3.87680E-03, -3.80560E-03, -3.72224E-03, -3.63002E-03, -3.53160E-03, -3.42914E-03, -3.32437E-03, -3.21865E-03,
 -3.50359E-03, -3.63369E-03, -3.76517E-03, -3.89688E-03, -4.02727E-03, -4.15439E-03, -4.27572E-03, -4.38810E-03, -4.48759E-03, -4.56930E-03, -4.62725E-03, -4.65417E-03, -4.64134E-03, -4.57842E-03, -4.45329E-03, -4.25197E-03, -3.95857E-03, -3.55539E-03, -3.02309E-03, -2.34097E-03, -1.48734E-03, -4.40033E-04,  8.22811E-04,  2.32115E-03,  4.06915E-03,  6.06640E-03,  8.28124E-03,  1.06260E-02,  1.29351E-02,  1.49707E-02,  1.64824E-02,  1.73028E-02,  1.74075E-02,  1.68772E-02,  1.58106E-02,  1.42898E-02,  1.24101E-02,  1.03067E-02,  8.13499E-03,  6.03166E-03,  4.09087E-03,  2.36296E-03,  8.65470E-04, -4.04391E-04, -1.46042E-03, -2.32178E-03, -3.00978E-03, -3.54614E-03, -3.95188E-03, -4.24675E-03, -4.44880E-03, -4.57417E-03, -4.63704E-03, -4.64967E-03, -4.62249E-03, -4.56428E-03, -4.48233E-03, -4.38265E-03, -4.27013E-03, -4.14871E-03, -4.02156E-03, -3.89116E-03, -3.75950E-03, -3.62808E-03, -3.49808E-03,
 -3.79529E-03, -3.95182E-03, -4.11249E-03, -4.27642E-03, -4.44236E-03, -4.60863E-03, -4.77301E-03, -4.93260E-03, -5.08364E-03, -5.22138E-03, -5.33983E-03, -5.43155E-03, -5.48741E-03, -5.49635E-03, -5.44518E-03, -5.31840E-03, -5.09819E-03, -4.76445E-03, -4.29512E-03, -3.66660E-03, -2.85445E-03, -1.83404E-03, -5.81326E-04,  9.26172E-04,  2.70702E-03,  4.76920E-03,  7.09406E-03,  9.60701E-03,  1.21420E-02,  1.44313E-02,  1.61646E-02,  1.71161E-02,  1.72425E-02,  1.66454E-02,  1.54519E-02,  1.37619E-02,  1.16896E-02,  9.39579E-03,  7.05906E-03,  4.82807E-03,  2.79809E-03,  1.01530E-03, -5.07876E-04, -1.77864E-03, -2.81459E-03, -3.63843E-03, -4.27504E-03, -4.74964E-03, -5.08661E-03, -5.30869E-03, -5.43645E-03, -5.48809E-03, -5.47932E-03, -5.42348E-03, -5.33173E-03, -5.21325E-03, -5.07550E-03, -4.92449E-03, -4.76498E-03, -4.60071E-03, -4.43459E-03, -4.26883E-03, -4.10511E-03, -3.94466E-03, -3.78836E-03,
 -4.09669E-03, -4.28158E-03, -4.47376E-03, -4.67271E-03, -4.87757E-03, -5.08706E-03, -5.29938E-03, -5.51203E-03, -5.72163E-03, -5.92373E-03, -6.11253E-03, -6.28061E-03, -6.41858E-03, -6.51478E-03, -6.55494E-03, -6.52193E-03, -6.39563E-03, -6.15299E-03, -5.76842E-03, -5.21453E-03, -4.46331E-03, -3.48749E-03, -2.26209E-03, -7.65556E-04,  1.01894E-03,  3.10014E-03,  5.46755E-03,  8.06462E-03,  1.07459E-02,  1.32454E-02,  1.52157E-02,  1.63634E-02,  1.65881E-02,  1.59752E-02,  1.46702E-02,  1.28084E-02,  1.05459E-02,  8.07866E-03,  5.60411E-03,  3.27405E-03,  1.17963E-03, -6.37585E-04, -2.16813E-03, -3.42134E-03, -4.41727E-03, -5.18198E-03, -5.74441E-03, -6.13417E-03, -6.37984E-03, -6.50785E-03, -6.54179E-03, -6.50214E-03, -6.40625E-03, -6.26850E-03, -6.10063E-03, -5.91206E-03, -5.71022E-03, -5.50092E-03, -5.28861E-03, -5.07665E-03, -4.86753E-03, -4.66306E-03, -4.46451E-03, -4.27272E-03, -4.08823E-03,
 -4.40624E-03, -4.62126E-03, -4.84713E-03, -5.08375E-03, -5.33077E-03, -5.58746E-03, -5.85255E-03, -6.12415E-03, -6.39947E-03, -6.67458E-03, -6.94414E-03, -7.20098E-03, -7.43571E-03, -7.63622E-03, -7.78721E-03, -7.86976E-03, -7.86094E-03, -7.73379E-03, -7.45764E-03, -6.99907E-03, -6.32366E-03, -5.39853E-03, -4.19546E-03, -2.69377E-03, -8.82315E-04,  1.23938E-03,  3.65711E-03,  6.32567E-03,  9.13075E-03,  1.18408E-02,  1.41049E-02,  1.55579E-02,  1.59847E-02,  1.53903E-02,  1.39273E-02,  1.18086E-02,  9.27733E-03,  6.58197E-03,  3.93329E-03,  1.47709E-03, -7.03065E-04, -2.56894E-03, -4.11190E-03, -5.34271E-03, -6.28499E-03, -6.97034E-03, -7.43436E-03, -7.71335E-03, -7.84192E-03, -7.85147E-03, -7.76935E-03, -7.61870E-03, -7.41855E-03, -7.18424E-03, -6.92789E-03, -6.65888E-03, -6.38436E-03, -6.10967E-03, -5.83872E-03, -5.57428E-03, -5.31825E-03, -5.07186E-03, -4.83585E-03, -4.61058E-03, -4.39613E-03,
 -4.72211E-03, -4.96884E-03, -5.23034E-03, -5.50707E-03, -5.79926E-03, -6.10688E-03, -6.42940E-03, -6.76572E-03, -7.11389E-03, -7.47082E-03, -7.83193E-03, -8.19067E-03, -8.53797E-03, -8.86161E-03, -9.14542E-03, -9.36855E-03, -9.50475E-03, -9.52182E-03, -9.38163E-03, -9.04083E-03, -8.45286E-03, -7.57139E-03, -6.35534E-03, -4.77479E-03, -2.81600E-03, -4.83788E-04,  2.19876E-03,  5.18534E-03,  8.37946E-03,  1.15756E-02,  1.44051E-02,  1.63810E-02,  1.70870E-02,  1.63880E-02,  1.44770E-02,  1.17460E-02,  8.61415E-03,  5.41789E-03,  2.38132E-03, -3.64023E-04, -2.74799E-03, -4.73991E-03, -6.33732E-03, -7.55940E-03, -8.44104E-03, -9.02667E-03, -9.36456E-03, -9.50219E-03, -9.48325E-03, -9.34591E-03, -9.12227E-03, -8.83847E-03, -8.51522E-03, -8.16857E-03, -7.81068E-03, -7.45052E-03, -7.09460E-03, -6.74747E-03, -6.41218E-03, -6.09066E-03, -5.78401E-03, -5.49274E-03, -5.21688E-03, -4.95621E-03, -4.71025E-03,
 -5.04224E-03, -5.32198E-03, -5.62075E-03, -5.93967E-03, -6.27971E-03, -6.64163E-03, -7.02589E-03, -7.43239E-03, -7.86032E-03, -8.30778E-03, -8.77137E-03, -9.24565E-03, -9.72241E-03, -1.01898E-02, -1.06312E-02, -1.10240E-02, -1.13383E-02, -1.15353E-02, -1.15666E-02, -1.13737E-02, -1.08890E-02, -1.00393E-02, -8.75110E-03, -6.95941E-03, -4.61691E-03, -1.70171E-03,  1.77852E-03,  5.77959E-03,  1.01883E-02,  1.47369E-02,  1.88908E-02,  2.18552E-02,  2.28609E-02,  2.16126E-02,  1.84863E-02,  1.42675E-02,  9.71903E-03,  5.34421E-03,  1.39667E-03, -2.01736E-03, -4.86141E-03, -7.13598E-03, -8.86888E-03, -1.01100E-02, -1.09245E-02, -1.13841E-02, -1.15600E-02, -1.15177E-02, -1.13140E-02, -1.09960E-02, -1.06016E-02, -1.01599E-02, -9.69299E-03, -9.21727E-03, -8.74433E-03, -8.28223E-03, -7.83632E-03, -7.40993E-03, -7.00492E-03, -6.62209E-03, -6.26150E-03, -5.92272E-03, -5.60497E-03, -5.30727E-03, -5.02853E-03,
 -5.36431E-03, -5.67801E-03, -6.01533E-03, -6.37810E-03, -6.76816E-03, -7.18726E-03, -7.63699E-03, -8.11857E-03, -8.63265E-03, -9.17893E-03, -9.75574E-03, -1.03594E-02, -1.09832E-02, -1.16166E-02, -1.22433E-02, -1.28397E-02, -1.33724E-02, -1.37955E-02, -1.40478E-02, -1.40504E-02, -1.37047E-02, -1.28926E-02, -1.14808E-02, -9.32833E-03, -6.29928E-03, -2.27973E-03,  2.80063E-03,  8.93078E-03,  1.59355E-02,  2.33176E-02,  3.00841E-02,  3.47986E-02,  3.61207E-02,  3.36129E-02,  2.80656E-02,  2.09658E-02,  1.36731E-02,  7.00445E-03,  1.29581E-03, -3.38033E-03, -7.06133E-03, -9.82993E-03, -1.17937E-02, -1.30749E-02, -1.37998E-02, -1.40893E-02, -1.40515E-02, -1.37780E-02, -1.33429E-02, -1.28041E-02, -1.22051E-02, -1.15781E-02, -1.09457E-02, -1.03236E-02, -9.72201E-03, -9.14743E-03, -8.60338E-03, -8.09147E-03, -7.61194E-03, -7.16412E-03, -6.74679E-03, -6.35836E-03, -5.99708E-03, -5.66112E-03, -5.34867E-03,
 -5.68579E-03, -6.03401E-03, -6.41067E-03, -6.81842E-03, -7.26006E-03, -7.73851E-03, -8.25670E-03, -8.81742E-03, -9.42316E-03, -1.00757E-02, -1.07758E-02, -1.15221E-02, -1.23107E-02, -1.31334E-02, -1.39758E-02, -1.48147E-02, -1.56147E-02, -1.63237E-02, -1.68675E-02, -1.71434E-02, -1.70135E-02, -1.62991E-02, -1.47780E-02, -1.21879E-02, -8.23980E-03, -2.64777E-03,  4.81424E-03,  1.42066E-02,  2.52357E-02,  3.69810E-02,  4.76792E-02,  5.49391E-02,  5.66754E-02,  5.23285E-02,  4.32652E-02,  3.19093E-02,  2.04673E-02,  1.02730E-02,  1.85715E-03, -4.72136E-03, -9.61514E-03, -1.30563E-02, -1.52991E-02, -1.65922E-02, -1.71621E-02, -1.72031E-02, -1.68743E-02, -1.63003E-02, -1.55751E-02, -1.47675E-02, -1.39261E-02, -1.30841E-02, -1.22634E-02, -1.14775E-02, -1.07343E-02, -1.00375E-02, -9.38806E-03, -8.78525E-03, -8.22724E-03, -7.71154E-03, -7.23535E-03, -6.79575E-03, -6.38985E-03, -6.01486E-03, -5.66815E-03,
 -6.00399E-03, -6.38682E-03, -6.80308E-03, -7.25629E-03, -7.75034E-03, -8.28942E-03, -8.87802E-03, -9.52080E-03, -1.02224E-02, -1.09874E-02, -1.18193E-02, -1.27204E-02, -1.36908E-02, -1.47261E-02, -1.58159E-02, -1.69403E-02, -1.80649E-02, -1.91349E-02, -2.00662E-02, -2.07343E-02, -2.09606E-02, -2.04983E-02, -1.90182E-02, -1.61037E-02, -1.12620E-02, -3.97173E-03,  6.20690E-03,  1.94241E-02,  3.52102E-02,  5.20820E-02,  6.73467E-02,  7.75673E-02,  7.99084E-02,  7.36821E-02,  6.07826E-02,  4.45622E-02,  2.81867E-02,  1.36949E-02,  1.96839E-03, -6.88370E-03, -1.31468E-02, -1.72604E-02, -1.96894E-02, -2.08599E-02, -2.11322E-02, -2.07931E-02, -2.00607E-02, -1.90946E-02, -1.80074E-02, -1.68760E-02, -1.57506E-02, -1.46630E-02, -1.36315E-02, -1.26657E-02, -1.17691E-02, -1.09417E-02, -1.01810E-02, -9.48317E-03, -8.84387E-03, -8.25841E-03, -7.72213E-03, -7.23059E-03, -6.77961E-03, -6.36535E-03, -5.98430E-03,
 -6.31609E-03, -6.73314E-03, -7.18863E-03, -7.68706E-03, -8.23344E-03, -8.83339E-03, -9.49310E-03, -1.02194E-02, -1.10194E-02, -1.19007E-02, -1.28709E-02, -1.39367E-02, -1.51033E-02, -1.63726E-02, -1.77410E-02, -1.91954E-02, -2.07078E-02, -2.22270E-02, -2.36671E-02, -2.48913E-02, -2.56904E-02, -2.57573E-02, -2.46600E-02, -2.18221E-02, -1.65298E-02, -7.99881E-03,  4.45337E-03,  2.10796E-02,  4.12226E-02,  6.28280E-02,  8.23274E-02,  9.53771E-02,  9.85199E-02,  9.09070E-02,  7.47527E-02,  5.41224E-02,  3.30786E-02,  1.44480E-02, -4.22069E-04, -1.13094E-02, -1.86340E-02, -2.30792E-02, -2.53605E-02, -2.61101E-02, -2.58350E-02, -2.49167E-02, -2.36279E-02, -2.21556E-02, -2.06230E-02, -1.91077E-02, -1.76560E-02, -1.62930E-02, -1.50302E-02, -1.38704E-02, -1.28111E-02, -1.18470E-02, -1.09711E-02, -1.01760E-02, -9.45406E-03, -8.79819E-03, -8.20164E-03, -7.65826E-03, -7.16248E-03, -6.70932E-03, -6.29435E-03,
 -6.61926E-03, -7.06957E-03, -7.56328E-03, -8.10585E-03, -8.70350E-03, -9.36332E-03, -1.00934E-02, -1.09027E-02, -1.18014E-02, -1.28006E-02, -1.39123E-02, -1.51488E-02, -1.65222E-02, -1.80427E-02, -1.97166E-02, -2.15426E-02, -2.35057E-02, -2.55680E-02, -2.76552E-02, -2.96359E-02, -3.12934E-02, -3.22889E-02, -3.21187E-02, -3.00781E-02, -2.52559E-02, -1.66107E-02, -3.19739E-03,  1.53946E-02,  3.84173E-02,  6.33910E-02,  8.60632E-02,  1.01379E-01,  1.05374E-01,  9.70020E-02,  7.86233E-02,  5.48095E-02,  3.03701E-02,  8.84604E-03, -7.98546E-03, -1.98221E-02, -2.72521E-02, -3.12263E-02, -3.27164E-02, -3.25494E-02, -3.13586E-02, -2.95946E-02, -2.75610E-02, -2.54518E-02, -2.33846E-02, -2.14256E-02, -1.96079E-02, -1.79439E-02, -1.64336E-02, -1.50699E-02, -1.38422E-02, -1.27383E-02, -1.17460E-02, -1.08533E-02, -1.00493E-02, -9.32389E-03, -8.66809E-03, -8.07395E-03, -7.53444E-03, -7.04342E-03, -6.59547E-03,
 -6.91068E-03, -7.39275E-03, -7.92296E-03, -8.50775E-03, -9.15452E-03, -9.87188E-03, -1.06698E-02, -1.15596E-02, -1.25547E-02, -1.36699E-02, -1.49223E-02, -1.63306E-02, -1.79150E-02, -1.96964E-02, -2.16942E-02, -2.39241E-02, -2.63917E-02, -2.90841E-02, -3.19558E-02, -3.49057E-02, -3.77448E-02, -4.01496E-02, -4.16044E-02, -4.13429E-02, -3.83183E-02, -3.12646E-02, -1.89416E-02, -6.53511E-04,  2.29866E-02,  4.93436E-02,  7.36986E-02,  9.03822E-02,  9.49278E-02,  8.60955E-02,  6.64285E-02,  4.09928E-02,  1.52088E-02, -6.91603E-03, -2.34468E-02, -3.42115E-02, -4.00784E-02, -4.22880E-02, -4.20325E-02, -4.02719E-02, -3.76991E-02, -3.47766E-02, -3.17925E-02, -2.89138E-02, -2.62282E-02, -2.37739E-02, -2.15594E-02, -1.95769E-02, -1.78100E-02, -1.62384E-02, -1.48415E-02, -1.35989E-02, -1.24921E-02, -1.15044E-02, -1.06208E-02, -9.82827E-03, -9.11555E-03, -8.47280E-03, -7.89150E-03, -7.36431E-03, -6.88490E-03,
 -7.18767E-03, -7.69942E-03, -8.26374E-03, -8.88794E-03, -9.58059E-03, -1.03517E-02, -1.12132E-02, -1.21788E-02, -1.32649E-02, -1.44904E-02, -1.58777E-02, -1.74525E-02, -1.92441E-02, -2.12855E-02, -2.36124E-02, -2.62616E-02, -2.92670E-02, -3.26525E-02, -3.64195E-02, -4.05257E-02, -4.48518E-02, -4.91496E-02, -5.29719E-02, -5.55870E-02, -5.59080E-02, -5.25001E-02, -4.37877E-02, -2.85997E-02, -7.08541E-03,  1.83102E-02,  4.25739E-02,  5.93513E-02,  6.35540E-02,  5.38658E-02,  3.33772E-02,  7.93711E-03, -1.65175E-02, -3.59750E-02, -4.89102E-02, -5.57082E-02, -5.77146E-02, -5.64697E-02, -5.32949E-02, -4.91600E-02, -4.47040E-02, -4.03103E-02, -3.61860E-02, -3.24264E-02, -2.90598E-02, -2.60773E-02, -2.34509E-02, -2.11451E-02, -1.91225E-02, -1.73472E-02, -1.57864E-02, -1.44109E-02, -1.31954E-02, -1.21178E-02, -1.11594E-02, -1.03041E-02, -9.53822E-03, -8.85008E-03, -8.22976E-03, -7.66881E-03, -7.15998E-03,
 -7.44775E-03, -7.98662E-03, -8.58197E-03, -9.24194E-03, -9.97614E-03, -1.07959E-02, -1.17148E-02, -1.27490E-02, -1.39176E-02, -1.52436E-02, -1.67546E-02, -1.84831E-02, -2.04682E-02, -2.27556E-02, -2.53989E-02, -2.84591E-02, -3.20037E-02, -3.61026E-02, -4.08202E-02, -4.61991E-02, -5.22308E-02, -5.88058E-02, -6.56354E-02, -7.21394E-02, -7.73156E-02, -7.96472E-02, -7.71887E-02, -6.80560E-02, -5.15034E-02, -2.93711E-02, -6.90594E-03,  8.46476E-03,  1.06548E-02, -1.44721E-03, -2.32728E-02, -4.73930E-02, -6.73885E-02, -8.00365E-02, -8.51903E-02, -8.44587E-02, -7.99152E-02, -7.33555E-02, -6.60561E-02, -5.88060E-02, -5.20314E-02, -4.59224E-02, -4.05294E-02, -3.58277E-02, -3.17568E-02, -2.82432E-02, -2.52125E-02, -2.25957E-02, -2.03312E-02, -1.83656E-02, -1.66534E-02, -1.51562E-02, -1.38417E-02, -1.26827E-02, -1.16567E-02, -1.07446E-02, -9.93060E-03, -9.20136E-03, -8.54564E-03, -7.95396E-03, -7.41826E-03,
 -7.68878E-03, -8.25171E-03, -8.87444E-03, -9.56578E-03, -1.03362E-02, -1.11982E-02, -1.21667E-02, -1.32599E-02, -1.44995E-02, -1.59120E-02, -1.75296E-02, -1.93915E-02, -2.15456E-02, -2.40502E-02, -2.69764E-02, -3.04101E-02, -3.44541E-02, -3.92289E-02, -4.48710E-02, -5.15256E-02, -5.93273E-02, -6.83606E-02, -7.85837E-02, -8.96973E-02, -1.00945E-01, -1.10865E-01, -1.17135E-01, -1.16827E-01, -1.07597E-01, -8.99768E-02, -6.95776E-02, -5.62648E-02, -5.85694E-02, -7.70041E-02, -1.03160E-01, -1.25871E-01, -1.38106E-01, -1.38958E-01, -1.31371E-01, -1.19156E-01, -1.05332E-01, -9.17589E-02, -7.93625E-02, -6.84835E-02, -5.91455E-02, -5.12249E-02, -4.45440E-02, -3.89178E-02, -3.41755E-02, -3.01679E-02, -2.67689E-02, -2.38735E-02, -2.13953E-02, -1.92634E-02, -1.74200E-02, -1.58177E-02, -1.44179E-02, -1.31889E-02, -1.21046E-02, -1.11435E-02, -1.02878E-02, -9.52276E-03, -8.83599E-03, -8.21718E-03, -7.65764E-03,
 -7.90897E-03, -8.49256E-03, -9.13853E-03, -9.85619E-03, -1.06566E-02, -1.15533E-02, -1.25621E-02, -1.37028E-02, -1.49991E-02, -1.64802E-02, -1.81823E-02, -2.01497E-02, -2.24379E-02, -2.51159E-02, -2.82700E-02, -3.20086E-02, -3.64669E-02, -4.18136E-02, -4.82569E-02, -5.60485E-02, -6.54811E-02, -7.68698E-02, -9.04974E-02, -1.06489E-01, -1.24560E-01, -1.43579E-01, -1.60964E-01, -1.72267E-01, -1.72006E-01, -1.57327E-01, -1.34111E-01, -1.19029E-01, -1.28940E-01, -1.63758E-01, -2.04075E-01, -2.28437E-01, -2.29067E-01, -2.11369E-01, -1.84878E-01, -1.56960E-01, -1.31465E-01, -1.09728E-01, -9.17925E-02, -7.71968E-02, -6.53630E-02, -5.57524E-02, -4.79125E-02, -4.14795E-02, -3.61660E-02, -3.17471E-02, -2.80467E-02, -2.49263E-02, -2.22772E-02, -2.00132E-02, -1.80659E-02, -1.63804E-02, -1.49129E-02, -1.36280E-02, -1.24968E-02, -1.14958E-02, -1.06059E-02, -9.81105E-03, -9.09821E-03, -8.45637E-03, -7.87636E-03,
 -8.10702E-03, -8.70759E-03, -9.37232E-03, -1.01108E-02, -1.09346E-02, -1.18574E-02, -1.28961E-02, -1.40712E-02, -1.54077E-02, -1.69366E-02, -1.86964E-02, -2.07353E-02, -2.31138E-02, -2.59083E-02, -2.92163E-02, -3.31626E-02, -3.79073E-02, -4.36575E-02, -5.06808E-02, -5.93223E-02, -7.00243E-02, -8.33408E-02, -9.99347E-02, -1.20516E-01, -1.45629E-01, -1.75090E-01, -2.06753E-01, -2.34436E-01, -2.46270E-01, -2.28747E-01, -1.83554E-01, -1.46317E-01, -1.66375E-01, -2.46725E-01, -3.30893E-01, -3.65561E-01, -3.45715E-01, -2.96557E-01, -2.41909E-01, -1.93620E-01, -1.54801E-01, -1.24722E-01, -1.01625E-01, -8.38173E-02, -6.99521E-02, -5.90307E-02, -5.03258E-02, -4.33089E-02, -3.75924E-02, -3.28888E-02, -2.89827E-02, -2.57103E-02, -2.29462E-02, -2.05932E-02, -1.85753E-02, -1.68328E-02, -1.53181E-02, -1.39935E-02, -1.28282E-02, -1.17977E-02, -1.08818E-02, -1.00639E-02, -9.33043E-03, -8.66999E-03, -8.07312E-03,
 -8.28213E-03, -8.89587E-03, -9.57471E-03, -1.03283E-02, -1.11682E-02, -1.21084E-02, -1.31659E-02, -1.43613E-02, -1.57201E-02, -1.72740E-02, -1.90622E-02, -2.11343E-02, -2.35529E-02, -2.63978E-02, -2.97717E-02, -3.38072E-02, -3.86779E-02, -4.46120E-02, -5.19132E-02, -6.09897E-02, -7.23960E-02, -8.68937E-02, -1.05535E-01, -1.29763E-01, -1.61458E-01, -2.02660E-01, -2.54076E-01, -3.10290E-01, -3.49469E-01, -3.25559E-01, -2.02874E-01, -5.85292E-02, -8.03159E-02, -3.06116E-01, -5.27644E-01, -5.83357E-01, -5.08100E-01, -3.95635E-01, -2.96929E-01, -2.23321E-01, -1.71043E-01, -1.33944E-01, -1.07133E-01, -8.72944E-02, -7.22738E-02, -6.06667E-02, -5.15386E-02, -4.42505E-02, -3.83541E-02, -3.35270E-02, -2.95331E-02, -2.61959E-02, -2.33820E-02, -2.09893E-02, -1.89386E-02, -1.71679E-02, -1.56286E-02, -1.42817E-02, -1.30963E-02, -1.20472E-02, -1.11140E-02, -1.02801E-02, -9.53157E-03, -8.85711E-03, -8.24715E-03,
 -8.43402E-03, -9.05716E-03, -9.74546E-03, -1.05084E-02, -1.13574E-02, -1.23061E-02, -1.33711E-02, -1.45726E-02, -1.59356E-02, -1.74909E-02, -1.92770E-02, -2.13425E-02, -2.37486E-02, -2.65738E-02, -2.99190E-02, -3.39153E-02, -3.87348E-02, -4.46059E-02, -5.18371E-02, -6.08531E-02, -7.22554E-02, -8.69280E-02, -1.06231E-01, -1.32359E-01, -1.68991E-01, -2.22261E-01, -3.01295E-01, -4.13809E-01, -5.40957E-01, -5.66932E-01, -2.47711E-01,  3.76070E-01,  4.67718E-01, -3.35023E-01, -1.01702E+00, -1.03377E+00, -7.58224E-01, -5.05199E-01, -3.39050E-01, -2.37988E-01, -1.75491E-01, -1.34867E-01, -1.06980E-01, -8.69152E-02, -7.19377E-02, -6.04406E-02, -5.14231E-02, -4.42282E-02, -3.84050E-02, -3.36334E-02, -2.96803E-02, -2.63721E-02, -2.35779E-02, -2.11974E-02, -1.91531E-02, -1.73843E-02, -1.58433E-02, -1.44922E-02, -1.33006E-02, -1.22439E-02, -1.13023E-02, -1.04592E-02, -9.70139E-03, -9.01749E-03, -8.39818E-03,
 -8.56297E-03, -9.19187E-03, -9.88519E-03, -1.06520E-02, -1.15033E-02, -1.24519E-02, -1.35137E-02, -1.47077E-02, -1.60573E-02, -1.75915E-02, -1.93462E-02, -2.13665E-02, -2.37092E-02, -2.64466E-02, -2.96713E-02, -3.35029E-02, -3.80977E-02, -4.36624E-02, -5.04759E-02, -5.89256E-02, -6.95735E-02, -8.32865E-02, -1.01514E-01, -1.26910E-01, -1.64776E-01, -2.26404E-01, -3.36423E-01, -5.45395E-01, -9.27624E-01, -1.41617E+00, -1.08306E+00,  1.70458E+00,  3.23192E+00, -7.89688E-01, -2.99573E+00, -2.13102E+00, -1.12284E+00, -5.91186E-01, -3.45659E-01, -2.27468E-01, -1.64192E-01, -1.26075E-01, -1.00706E-01, -8.25576E-02, -6.89333E-02, -5.83731E-02, -5.00054E-02, -4.32653E-02, -3.77643E-02, -3.32234E-02, -2.94367E-02, -2.62489E-02, -2.35418E-02, -2.12239E-02, -1.92239E-02, -1.74860E-02, -1.59656E-02, -1.46275E-02, -1.34431E-02, -1.23895E-02, -1.14477E-02, -1.06023E-02, -9.84050E-03, -9.15155E-03, -8.52646E-03,
 -8.66974E-03, -9.30106E-03, -9.99535E-03, -1.07611E-02, -1.16085E-02, -1.25494E-02, -1.35982E-02, -1.47724E-02, -1.60929E-02, -1.75858E-02, -1.92828E-02, -2.12236E-02, -2.34576E-02, -2.60471E-02, -2.90707E-02, -3.26285E-02, -3.68489E-02, -4.18985E-02, -4.79976E-02, -5.54472E-02, -6.46824E-02, -7.63878E-02, -9.17726E-02, -1.13267E-01, -1.46390E-01, -2.05080E-01, -3.27902E-01, -6.30355E-01, -1.47471E+00, -3.89354E+00, -8.76130E+00, -1.92186E+00,  2.19306E+01, -1.24449E+01, -1.27727E+01, -4.34658E+00, -1.39391E+00, -5.50214E-01, -2.85334E-01, -1.84643E-01, -1.36602E-01, -1.08381E-01, -8.91520E-02, -7.48461E-02, -6.36835E-02, -5.47434E-02, -4.74696E-02, -4.14852E-02, -3.65163E-02, -3.23558E-02, -2.88441E-02, -2.58568E-02, -2.32963E-02, -2.10857E-02, -1.91640E-02, -1.74827E-02, -1.60029E-02, -1.46932E-02, -1.35282E-02, -1.24871E-02, -1.15528E-02, -1.07112E-02, -9.95032E-03, -9.26032E-03, -8.63275E-03,
 -8.75553E-03, -9.38636E-03, -1.00781E-02, -1.08385E-02, -1.16767E-02, -1.26034E-02, -1.36312E-02, -1.47753E-02, -1.60538E-02, -1.74887E-02, -1.91066E-02, -2.09401E-02, -2.30293E-02, -2.54236E-02, -2.81839E-02, -3.13855E-02, -3.51217E-02, -3.95082E-02, -4.46896E-02, -5.08510E-02, -5.82429E-02, -6.72437E-02, -7.85244E-02, -9.35140E-02, -1.15776E-01, -1.55407E-01, -2.44749E-01, -5.03548E-01, -1.46608E+00, -6.13391E+00, -3.50455E+01, -1.49548E+02,  2.50161E+02, -1.81525E+02, -3.66060E+01, -4.82385E+00, -8.70000E-01, -2.73199E-01, -1.53188E-01, -1.16993E-01, -9.87406E-02, -8.55160E-02, -7.45209E-02, -6.50837E-02, -5.69745E-02, -5.00381E-02, -4.41257E-02, -3.90908E-02, -3.47975E-02, -3.11249E-02, -2.79692E-02, -2.52436E-02, -2.28764E-02, -2.08088E-02, -1.89927E-02, -1.73892E-02, -1.59664E-02, -1.46979E-02, -1.35624E-02, -1.25418E-02, -1.16214E-02, -1.07887E-02, -1.00330E-02, -9.34540E-03, -8.71823E-03,
 -8.82189E-03, -9.44985E-03, -1.01362E-02, -1.08879E-02, -1.17129E-02, -1.26203E-02, -1.36209E-02, -1.47273E-02, -1.59541E-02, -1.73190E-02, -1.88425E-02, -2.05494E-02, -2.24692E-02, -2.46369E-02, -2.70944E-02, -2.98904E-02, -3.30815E-02, -3.67309E-02, -4.09070E-02, -4.56785E-02, -5.11099E-02, -5.72571E-02, -6.41820E-02, -7.20276E-02, -8.12960E-02, -9.37708E-02, -1.15612E-01, -1.68116E-01, -3.21774E-01, -6.45449E-01,  4.27748E+00,  1.05230E+02, -1.04207E+02,  8.74645E+01,  5.29979E+00,  1.41203E+00,  4.08370E-01,  9.12159E-02, -1.54048E-02, -5.18795E-02, -6.25976E-02, -6.31846E-02, -5.97527E-02, -5.48943E-02, -4.97562E-02, -4.48402E-02, -4.03459E-02, -3.63281E-02, -3.27752E-02, -2.96472E-02, -2.68949E-02, -2.44696E-02, -2.23263E-02, -2.04258E-02, -1.87346E-02, -1.72239E-02, -1.58699E-02, -1.46522E-02, -1.35536E-02, -1.25598E-02, -1.16582E-02, -1.08384E-02, -1.00912E-02, -9.40883E-03, -8.78442E-03,
 -8.87061E-03, -9.49388E-03, -1.01728E-02, -1.09133E-02, -1.17222E-02, -1.26071E-02, -1.35766E-02, -1.46405E-02, -1.58101E-02, -1.70979E-02, -1.85187E-02, -2.00888E-02, -2.18269E-02, -2.37541E-02, -2.58931E-02, -2.82679E-02, -3.09016E-02, -3.38123E-02, -3.70064E-02, -4.04645E-02, -4.41183E-02, -4.78084E-02, -5.12064E-02, -5.36533E-02, -5.37639E-02, -4.82122E-02, -2.70451E-02,  4.90625E-02,  3.89411E-01,  2.48237E+00,  1.85199E+01,  6.95429E+01, -1.11515E+02,  7.64001E+01,  1.62144E+01,  2.87270E+00,  7.02179E-01,  1.95491E-01,  3.88901E-02, -1.76913E-02, -3.90770E-02, -4.62910E-02, -4.73499E-02, -4.56846E-02, -4.28785E-02, -3.96915E-02, -3.64900E-02, -3.34436E-02, -3.06226E-02, -2.80467E-02, -2.57114E-02, -2.36007E-02, -2.16950E-02, -1.99737E-02, -1.84172E-02, -1.70078E-02, -1.57294E-02, -1.45681E-02, -1.35112E-02, -1.25478E-02, -1.16684E-02, -1.08643E-02, -1.01280E-02, -9.45294E-03, -8.83309E-03,
 -8.90362E-03, -9.52101E-03, -1.01912E-02, -1.09192E-02, -1.17106E-02, -1.25714E-02, -1.35082E-02, -1.45280E-02, -1.56385E-02, -1.68478E-02, -1.81643E-02, -1.95967E-02, -2.11535E-02, -2.28424E-02, -2.46695E-02, -2.66374E-02, -2.87424E-02, -3.09702E-02, -3.32876E-02, -3.56298E-02, -3.78786E-02, -3.98251E-02, -4.11064E-02, -4.10935E-02, -3.86799E-02, -3.18527E-02, -1.67306E-02,  1.47661E-02,  8.03728E-02,  2.14582E-01,  4.60940E-01,  1.60460E+00,  5.23162E+00,  1.09714E+00, -4.69357E-01, -1.57428E-02,  8.25947E-02,  4.68829E-02,  7.32189E-03, -1.73355E-02, -3.03843E-02, -3.63852E-02, -3.83938E-02, -3.82161E-02, -3.68849E-02, -3.49849E-02, -3.28451E-02, -3.06489E-02, -2.84966E-02, -2.64407E-02, -2.45064E-02, -2.27034E-02, -2.10327E-02, -1.94901E-02, -1.80693E-02, -1.67625E-02, -1.55615E-02, -1.44582E-02, -1.34447E-02, -1.25135E-02, -1.16577E-02, -1.08708E-02, -1.01468E-02, -9.48022E-03, -8.86612E-03,
 -8.92282E-03, -9.53374E-03, -1.01947E-02, -1.09099E-02, -1.16836E-02, -1.25206E-02, -1.34253E-02, -1.44023E-02, -1.54559E-02, -1.65900E-02, -1.78075E-02, -1.91099E-02, -2.04967E-02, -2.19641E-02, -2.35042E-02, -2.51028E-02, -2.67370E-02, -2.83726E-02, -2.99593E-02, -3.14265E-02, -3.26782E-02, -3.35917E-02, -3.40326E-02, -3.39296E-02, -3.35497E-02, -3.44359E-02, -4.24950E-02, -7.76212E-02, -1.98391E-01, -5.18079E-01, -8.94110E-01,  4.87468E-02,  1.62103E+00, -1.33682E-01, -1.14611E+00, -6.68953E-01, -2.54167E-01, -9.08766E-02, -4.22075E-02, -3.12264E-02, -3.05042E-02, -3.16577E-02, -3.24632E-02, -3.25310E-02, -3.19573E-02, -3.09250E-02, -2.95981E-02, -2.81016E-02, -2.65250E-02, -2.49303E-02, -2.33591E-02, -2.18388E-02, -2.03864E-02, -1.90115E-02, -1.77187E-02, -1.65095E-02, -1.53825E-02, -1.43351E-02, -1.33637E-02, -1.24640E-02, -1.16317E-02, -1.08620E-02, -1.01507E-02, -9.49315E-03, -8.88540E-03,
 -8.93003E-03, -9.53442E-03, -1.01864E-02, -1.08893E-02, -1.16466E-02, -1.24614E-02, -1.33368E-02, -1.42750E-02, -1.52775E-02, -1.63444E-02, -1.74739E-02, -1.86614E-02, -1.98988E-02, -2.11731E-02, -2.24650E-02, -2.37476E-02, -2.49852E-02, -2.61328E-02, -2.71378E-02, -2.79468E-02, -2.85222E-02, -2.88811E-02, -2.91839E-02, -2.99376E-02, -3.24769E-02, -4.01082E-02, -6.06670E-02, -1.10938E-01, -2.17000E-01, -3.75188E-01, -4.14231E-01, -3.88654E-02,  3.14727E-01, -6.76935E-02, -4.70461E-01, -4.29996E-01, -2.51490E-01, -1.27222E-01, -6.66210E-02, -4.14318E-02, -3.20945E-02, -2.91074E-02, -2.83699E-02, -2.82143E-02, -2.80103E-02, -2.75609E-02, -2.68447E-02, -2.59049E-02, -2.48025E-02, -2.35961E-02, -2.23356E-02, -2.10598E-02, -1.97978E-02, -1.85701E-02, -1.73906E-02, -1.62680E-02, -1.52072E-02, -1.42102E-02, -1.32769E-02, -1.24061E-02, -1.15955E-02, -1.08421E-02, -1.01427E-02, -9.49405E-03, -8.89269E-03,
 -8.92677E-03, -9.52508E-03, -1.01689E-02, -1.08609E-02, -1.16039E-02, -1.23998E-02, -1.32503E-02, -1.41560E-02, -1.51160E-02, -1.61274E-02, -1.71847E-02, -1.82785E-02, -1.93946E-02, -2.05126E-02, -2.16047E-02, -2.26343E-02, -2.35562E-02, -2.43190E-02, -2.48715E-02, -2.51798E-02, -2.52616E-02, -2.52531E-02, -2.55353E-02, -2.69597E-02, -3.12377E-02, -4.15337E-02, -6.30632E-02, -1.02336E-01, -1.60316E-01, -2.11995E-01, -1.89436E-01, -5.88807E-02,  3.25189E-02, -6.08413E-02, -1.98886E-01, -2.26779E-01, -1.73627E-01, -1.10825E-01, -6.71892E-02, -4.29495E-02, -3.13224E-02, -2.65317E-02, -2.49924E-02, -2.47549E-02, -2.48529E-02, -2.48586E-02, -2.46208E-02, -2.41205E-02, -2.33949E-02, -2.24989E-02, -2.14877E-02, -2.04089E-02, -1.93010E-02, -1.81930E-02, -1.71059E-02, -1.60545E-02, -1.50483E-02, -1.40931E-02, -1.31919E-02, -1.23456E-02, -1.15535E-02, -1.08142E-02, -1.01255E-02, -9.48490E-03, -8.88953E-03,
 -8.91428E-03, -9.50730E-03, -1.01443E-02, -1.08275E-02, -1.15590E-02, -1.23402E-02, -1.31717E-02, -1.40529E-02, -1.49812E-02, -1.59517E-02, -1.69561E-02, -1.79816E-02, -1.90096E-02, -2.00144E-02, -2.09614E-02, -2.18064E-02, -2.24958E-02, -2.29705E-02, -2.31753E-02, -2.30810E-02, -2.27290E-02, -2.23128E-02, -2.23184E-02, -2.37390E-02, -2.83399E-02, -3.88012E-02, -5.81927E-02, -8.76095E-02, -1.20779E-01, -1.38410E-01, -1.16274E-01, -6.04871E-02, -2.76954E-02, -5.90293E-02, -1.15763E-01, -1.39797E-01, -1.22845E-01, -8.90385E-02, -5.86157E-02, -3.84862E-02, -2.76800E-02, -2.30153E-02, -2.16720E-02, -2.17890E-02, -2.23243E-02, -2.27734E-02, -2.29402E-02, -2.27866E-02, -2.23471E-02, -2.16815E-02, -2.08530E-02, -1.99177E-02, -1.89216E-02, -1.79004E-02, -1.68806E-02, -1.58813E-02, -1.49154E-02, -1.39915E-02, -1.31144E-02, -1.22868E-02, -1.15092E-02, -1.07811E-02, -1.01012E-02, -9.46727E-03, -8.87711E-03,
 -8.89337E-03, -9.48213E-03, -1.01139E-02, -1.07907E-02, -1.15142E-02, -1.22855E-02, -1.31047E-02, -1.39704E-02, -1.48792E-02, -1.58250E-02, -1.67981E-02, -1.77836E-02, -1.87602E-02, -1.96986E-02, -2.05593E-02, -2.12918E-02, -2.18335E-02, -2.21136E-02, -2.20610E-02, -2.16270E-02, -2.08294E-02, -1.98391E-02, -1.91322E-02, -1.97314E-02, -2.35184E-02, -3.34306E-02, -5.29258E-02, -8.33956E-02, -1.18332E-01, -1.37780E-01, -1.17937E-01, -6.63856E-02, -3.74498E-02, -6.73022E-02, -1.18117E-01, -1.36265E-01, -1.15564E-01, -8.02603E-02, -5.00452E-02, -3.10693E-02, -2.17118E-02, -1.84086E-02, -1.81901E-02, -1.91778E-02, -2.03659E-02, -2.12983E-02, -2.18217E-02, -2.19325E-02, -2.16901E-02, -2.11725E-02, -2.04561E-02, -1.96062E-02, -1.86757E-02, -1.77052E-02, -1.67248E-02, -1.57563E-02, -1.48147E-02, -1.39099E-02, -1.30481E-02, -1.22326E-02, -1.14648E-02, -1.07446E-02, -1.00709E-02, -9.44219E-03, -8.85624E-03,
 -8.86441E-03, -9.45004E-03, -1.00783E-02, -1.07512E-02, -1.14704E-02, -1.22369E-02, -1.30507E-02, -1.39103E-02, -1.48123E-02, -1.57505E-02, -1.67146E-02, -1.76894E-02, -1.86526E-02, -1.95733E-02, -2.04092E-02, -2.11042E-02, -2.15869E-02, -2.17702E-02, -2.15552E-02, -2.08460E-02, -1.95842E-02, -1.78253E-02, -1.58962E-02, -1.47013E-02, -1.62780E-02, -2.46552E-02, -4.66554E-02, -9.06348E-02, -1.57395E-01, -2.17367E-01, -1.99840E-01, -8.03440E-02, -3.94851E-03, -9.36305E-02, -2.12983E-01, -2.22103E-01, -1.55105E-01, -8.55385E-02, -4.15659E-02, -2.06291E-02, -1.34163E-02, -1.27737E-02, -1.46303E-02, -1.70001E-02, -1.90423E-02, -2.04825E-02, -2.13023E-02, -2.15853E-02, -2.14438E-02, -2.09868E-02, -2.03080E-02, -1.94829E-02, -1.85697E-02, -1.76123E-02, -1.66423E-02, -1.56825E-02, -1.47484E-02, -1.38503E-02, -1.29944E-02, -1.21842E-02, -1.14211E-02, -1.07052E-02, -1.00354E-02, -9.41013E-03, -8.82729E-03,
 -8.82731E-03, -9.41087E-03, -1.00373E-02, -1.07087E-02, -1.14271E-02, -1.21936E-02, -1.30087E-02, -1.38715E-02, -1.47790E-02, -1.57259E-02, -1.67029E-02, -1.76956E-02, -1.86830E-02, -1.96345E-02, -2.05074E-02, -2.12428E-02, -2.17613E-02, -2.19582E-02, -2.16994E-02, -2.08211E-02, -1.91406E-02, -1.64982E-02, -1.28758E-02, -8.71132E-03, -5.68297E-03, -8.56182E-03, -2.90629E-02, -9.13421E-02, -2.28257E-01, -4.23655E-01, -4.65648E-01, -7.68605E-02,  2.45759E-01, -1.48070E-01, -5.38530E-01, -4.61472E-01, -2.38012E-01, -8.87632E-02, -2.35445E-02, -3.63998E-03, -2.11917E-03, -6.34273E-03, -1.13603E-02, -1.55406E-02, -1.85321E-02, -2.04257E-02, -2.14321E-02, -2.17672E-02, -2.16157E-02, -2.11246E-02, -2.04060E-02, -1.95440E-02, -1.86001E-02, -1.76185E-02, -1.66305E-02, -1.56579E-02, -1.47150E-02, -1.38114E-02, -1.29523E-02, -1.21408E-02, -1.13777E-02, -1.06627E-02, -9.99436E-03, -9.37093E-03, -8.79017E-03,
 -8.78155E-03, -9.36390E-03, -9.98985E-03, -1.06619E-02, -1.13825E-02, -1.21533E-02, -1.29757E-02, -1.38497E-02, -1.47738E-02, -1.57441E-02, -1.67537E-02, -1.77908E-02, -1.88371E-02, -1.98653E-02, -2.08352E-02, -2.16889E-02, -2.23435E-02, -2.26811E-02, -2.25344E-02, -2.16667E-02, -1.97469E-02, -1.63221E-02, -1.08158E-02, -2.64222E-03,  8.24830E-03,  1.93974E-02,  1.94772E-02, -2.98498E-02, -2.31428E-01, -7.38441E-01, -1.22458E+00,  3.43236E-02,  1.73968E+00, -3.49063E-01, -1.59337E+00, -9.18806E-01, -2.88095E-01, -3.92221E-02,  2.28037E-02,  2.43289E-02,  1.21354E-02, -1.75385E-05, -9.14353E-03, -1.52776E-02, -1.90926E-02, -2.12477E-02, -2.22548E-02, -2.24835E-02, -2.21940E-02, -2.15679E-02, -2.07316E-02, -1.97730E-02, -1.87527E-02, -1.77124E-02, -1.66803E-02, -1.56752E-02, -1.47091E-02, -1.37890E-02, -1.29189E-02, -1.21002E-02, -1.13329E-02, -1.06157E-02, -9.94684E-03, -9.32390E-03, -8.74437E-03,
 -8.72622E-03, -9.30791E-03, -9.93437E-03, -1.06086E-02, -1.13336E-02, -1.21121E-02, -1.29464E-02, -1.38381E-02, -1.47876E-02, -1.57935E-02, -1.68521E-02, -1.79555E-02, -1.90905E-02, -2.02354E-02, -2.13567E-02, -2.24025E-02, -2.32940E-02, -2.39108E-02, -2.40673E-02, -2.34743E-02, -2.16719E-02, -1.79159E-02, -1.09780E-02,  1.19363E-03,  2.20019E-02,  5.67413E-02,  1.11560E-01,  1.81853E-01,  1.87401E-01, -2.79988E-01, -1.96732E+00,  4.12536E-01,  1.01324E+01, -2.11996E+00, -4.10247E+00, -1.02874E+00,  4.44467E-03,  1.48712E-01,  1.11268E-01,  6.15546E-02,  2.61873E-02,  4.04751E-03, -9.17184E-03, -1.67991E-02, -2.09791E-02, -2.30342E-02, -2.37753E-02, -2.37048E-02, -2.31383E-02, -2.22766E-02, -2.12491E-02, -2.01397E-02, -1.90032E-02, -1.78748E-02, -1.67768E-02, -1.57231E-02, -1.47217E-02, -1.37765E-02, -1.28889E-02, -1.20585E-02, -1.12837E-02, -1.05622E-02, -9.89120E-03, -9.26782E-03, -8.68899E-03,
 -8.66009E-03, -9.24124E-03, -9.86862E-03, -1.05458E-02, -1.12767E-02, -1.20648E-02, -1.29140E-02, -1.38277E-02, -1.48086E-02, -1.58585E-02, -1.69777E-02, -1.81635E-02, -1.94093E-02, -2.07020E-02, -2.20181E-02, -2.33183E-02, -2.45373E-02, -2.55681E-02, -2.62335E-02, -2.62356E-02, -2.50618E-02, -2.18005E-02, -1.47597E-02, -6.27478E-04,  2.75263E-02,  8.54403E-02,  2.12607E-01,  5.20659E-01,  1.37053E+00,  4.06726E+00,  1.25681E+01,  1.98385E+01,  2.16859E+01, -2.87134E+00,  5.86931E-01,  1.90508E+00,  1.02944E+00,  4.75376E-01,  2.14304E-01,  9.21754E-02,  3.27422E-02,  2.72745E-03, -1.27142E-02, -2.05680E-02, -2.43110E-02, -2.57642E-02, -2.59228E-02, -2.53497E-02, -2.43724E-02, -2.31851E-02, -2.19046E-02, -2.06015E-02, -1.93181E-02, -1.80796E-02, -1.68999E-02, -1.57862E-02, -1.47412E-02, -1.37650E-02, -1.28557E-02, -1.20106E-02, -1.12263E-02, -1.04991E-02, -9.82528E-03, -9.20106E-03, -8.62283E-03,
 -8.58172E-03, -9.16196E-03, -9.79001E-03, -1.04701E-02, -1.12070E-02, -1.20054E-02, -1.28706E-02, -1.38080E-02, -1.48230E-02, -1.59209E-02, -1.71065E-02, -1.83832E-02, -1.97523E-02, -2.12110E-02, -2.27495E-02, -2.43463E-02, -2.59592E-02, -2.75115E-02, -2.88647E-02, -2.97701E-02, -2.97731E-02, -2.80174E-02, -2.28161E-02, -1.06317E-02,  1.65758E-02,  7.90399E-02,  2.34580E-01,  6.76765E-01,  2.19459E+00,  8.82608E+00,  4.33935E+01,  4.20676E+01, -2.53748E+01,  1.34041E+01,  2.42504E+01,  6.83753E+00,  2.00790E+00,  6.82035E-01,  2.53092E-01,  9.19001E-02,  2.42125E-02, -6.25989E-03, -2.03231E-02, -2.65792E-02, -2.89225E-02, -2.92467E-02, -2.85242E-02, -2.72740E-02, -2.57810E-02, -2.42031E-02, -2.26283E-02, -2.11044E-02, -1.96563E-02, -1.82955E-02, -1.70257E-02, -1.58463E-02, -1.47539E-02, -1.37440E-02, -1.28113E-02, -1.19505E-02, -1.11562E-02, -1.04231E-02, -9.74652E-03, -9.12172E-03, -8.54448E-03,
 -8.48958E-03, -9.06800E-03, -9.69578E-03, -1.03778E-02, -1.11197E-02, -1.19273E-02, -1.28075E-02, -1.37676E-02, -1.48158E-02, -1.59609E-02, -1.72123E-02, -1.85799E-02, -2.00734E-02, -2.17012E-02, -2.34691E-02, -2.53766E-02, -2.74116E-02, -2.95397E-02, -3.16856E-02, -3.36979E-02, -3.52800E-02, -3.58482E-02, -3.42202E-02, -2.78783E-02, -1.10725E-02,  3.05264E-02,  1.36422E-01,  4.27400E-01,  1.29360E+00,  3.55096E+00, -6.89354E+00, -2.76890E+02,  7.19512E+02, -2.50742E+02,  6.19009E-01,  4.56723E+00,  1.56723E+00,  5.31807E-01,  1.82710E-01,  5.27322E-02,  1.11789E-04, -2.20481E-02, -3.10920E-02, -3.41188E-02, -3.42883E-02, -3.31012E-02, -3.13035E-02, -2.92765E-02, -2.72161E-02, -2.52211E-02, -2.33386E-02, -2.15875E-02, -1.99719E-02, -1.84880E-02, -1.71284E-02, -1.58838E-02, -1.47449E-02, -1.37023E-02, -1.27473E-02, -1.18718E-02, -1.10685E-02, -1.03306E-02, -9.65219E-03, -9.02776E-03, -8.45240E-03,
 -8.38213E-03, -8.95729E-03, -9.58317E-03, -1.02653E-02, -1.10099E-02, -1.18242E-02, -1.27162E-02, -1.36953E-02, -1.47720E-02, -1.59586E-02, -1.72689E-02, -1.87186E-02, -2.03256E-02, -2.21092E-02, -2.40904E-02, -2.62903E-02, -2.87278E-02, -3.14146E-02, -3.43474E-02, -3.74907E-02, -4.07476E-02, -4.39004E-02, -4.64898E-02, -4.75531E-02, -4.50213E-02, -3.42833E-02, -4.83880E-03,  6.56605E-02,  2.01858E-01,  1.97319E-01, -1.73287E+00,  1.11962E+00,  1.66416E+01, -1.18735E+01,  7.12551E-01,  1.50583E+00,  6.48028E-01,  2.29838E-01,  6.27850E-02, -3.88596E-03, -3.04853E-02, -4.02785E-02, -4.27098E-02, -4.18627E-02, -3.96019E-02, -3.68118E-02, -3.39181E-02, -3.11222E-02, -2.85127E-02, -2.61211E-02, -2.39500E-02, -2.19881E-02, -2.02185E-02, -1.86226E-02, -1.71818E-02, -1.58793E-02, -1.46995E-02, -1.36288E-02, -1.26552E-02, -1.17682E-02, -1.09584E-02, -1.02179E-02, -9.53960E-03, -8.91715E-03, -8.34512E-03,
 -8.25799E-03, -8.82797E-03, -9.44966E-03, -1.01291E-02, -1.08732E-02, -1.16900E-02, -1.25889E-02, -1.35807E-02, -1.46780E-02, -1.58959E-02, -1.72520E-02, -1.87669E-02, -2.04652E-02, -2.23756E-02, -2.45319E-02, -2.69735E-02, -2.97456E-02, -3.28998E-02, -3.64938E-02, -4.05913E-02, -4.52625E-02, -5.05878E-02, -5.66713E-02, -6.36792E-02, -7.19377E-02, -8.21457E-02, -9.56135E-02, -1.12669E-01, -1.13698E-01,  6.86163E-02,  1.18426E+00,  3.62312E+00,  3.80698E+00,  3.36924E+00,  2.08008E+00,  8.01112E-01,  2.46615E-01,  4.77012E-02, -2.35556E-02, -4.85924E-02, -5.57113E-02, -5.55518E-02, -5.24607E-02, -4.83265E-02, -4.39953E-02, -3.98426E-02, -3.60219E-02, -3.25798E-02, -2.95119E-02, -2.67911E-02, -2.43820E-02, -2.22476E-02, -2.03530E-02, -1.86671E-02, -1.71622E-02, -1.58147E-02, -1.46041E-02, -1.35133E-02, -1.25274E-02, -1.16338E-02, -1.08216E-02, -1.00818E-02, -9.40623E-03, -8.78805E-03, -8.22125E-03,
 -8.11602E-03, -8.67845E-03, -9.29311E-03, -9.96640E-03, -1.07058E-02, -1.15199E-02, -1.24189E-02, -1.34150E-02, -1.45222E-02, -1.57576E-02, -1.71414E-02, -1.86979E-02, -2.04562E-02, -2.24515E-02, -2.47264E-02, -2.73324E-02, -3.03320E-02, -3.38016E-02, -3.78355E-02, -4.25527E-02, -4.81083E-02, -5.47140E-02, -6.26760E-02, -7.24528E-02, -8.47056E-02, -1.00122E-01, -1.17946E-01, -1.28852E-01, -8.84236E-02,  1.45784E-01,  8.00858E-01,  1.70977E+00,  2.20773E+00,  2.08788E+00,  1.32312E+00,  5.54157E-01,  1.52003E-01, -3.83243E-03, -5.55690E-02, -6.90961E-02, -6.90656E-02, -6.44027E-02, -5.84241E-02, -5.23958E-02, -4.67927E-02, -4.17672E-02, -3.73364E-02, -3.34616E-02, -3.00837E-02, -2.71393E-02, -2.45686E-02, -2.23177E-02, -2.03399E-02, -1.85951E-02, -1.70495E-02, -1.56749E-02, -1.44475E-02, -1.33471E-02, -1.23572E-02, -1.14636E-02, -1.06543E-02, -9.91936E-03, -9.25001E-03, -8.63890E-03, -8.07967E-03,
 -7.95538E-03, -8.50760E-03, -9.11196E-03, -9.77510E-03, -1.05047E-02, -1.13099E-02, -1.22014E-02, -1.31918E-02, -1.42962E-02, -1.55326E-02, -1.69226E-02, -1.84923E-02, -2.02732E-02, -2.23032E-02, -2.46286E-02, -2.73055E-02, -3.04020E-02, -3.40013E-02, -3.82046E-02, -4.31357E-02, -4.89446E-02, -5.58094E-02, -6.39229E-02, -7.34254E-02, -8.41549E-02, -9.48318E-02, -1.00643E-01, -8.70090E-02, -1.76237E-02,  1.72171E-01,  5.27205E-01,  9.49456E-01,  1.20679E+00,  1.13562E+00,  7.80855E-01,  3.86887E-01,  1.25484E-01, -3.09755E-03, -5.44713E-02, -7.00792E-02, -7.09471E-02, -6.63203E-02, -6.00337E-02, -5.36239E-02, -4.76713E-02, -4.23578E-02, -3.77011E-02, -3.36537E-02, -3.01462E-02, -2.71061E-02, -2.44659E-02, -2.21657E-02, -2.01542E-02, -1.83877E-02, -1.68296E-02, -1.54492E-02, -1.42211E-02, -1.31239E-02, -1.21398E-02, -1.12540E-02, -1.04538E-02, -9.72855E-03, -9.06939E-03, -8.46859E-03, -7.91959E-03,
 -7.77568E-03, -8.31477E-03, -8.90531E-03, -9.55395E-03, -1.02685E-02, -1.10580E-02, -1.19333E-02, -1.29072E-02, -1.39949E-02, -1.52145E-02, -1.65876E-02, -1.81403E-02, -1.99036E-02, -2.19151E-02, -2.42193E-02, -2.68694E-02, -2.99284E-02, -3.34692E-02, -3.75745E-02, -4.23328E-02, -4.78267E-02, -5.41030E-02, -6.10987E-02, -6.84611E-02, -7.51240E-02, -7.83567E-02, -7.18408E-02, -4.25913E-02,  3.12582E-02,  1.73685E-01,  3.83519E-01,  6.00486E-01,  7.20773E-01,  6.75103E-01,  4.92634E-01,  2.75689E-01,  1.07159E-01,  6.91234E-03, -4.19018E-02, -6.09663E-02, -6.52015E-02, -6.28142E-02, -5.78550E-02, -5.22015E-02, -4.66762E-02, -4.16062E-02, -3.70908E-02, -3.31279E-02, -2.96734E-02, -2.66690E-02, -2.40552E-02, -2.17765E-02, -1.97839E-02, -1.80353E-02, -1.64945E-02, -1.51313E-02, -1.39203E-02, -1.28399E-02, -1.18724E-02, -1.10028E-02, -1.02182E-02, -9.50816E-03, -8.86349E-03, -8.27650E-03, -7.74059E-03,
 -7.57694E-03, -8.09994E-03, -8.67300E-03, -9.30265E-03, -9.99649E-03, -1.07634E-02, -1.16139E-02, -1.25603E-02, -1.36173E-02, -1.48022E-02, -1.61354E-02, -1.76412E-02, -1.93482E-02, -2.12899E-02, -2.35052E-02, -2.60384E-02, -2.89387E-02, -3.22574E-02, -3.60427E-02, -4.03269E-02, -4.51010E-02, -5.02611E-02, -5.55018E-02, -6.01010E-02, -6.25091E-02, -5.96260E-02, -4.57492E-02, -1.17078E-02,  5.39279E-02,  1.58096E-01,  2.89948E-01,  4.11402E-01,  4.70683E-01,  4.38363E-01,  3.32078E-01,  2.01326E-01,  8.96446E-02,  1.41545E-02, -2.85098E-02, -4.87043E-02, -5.57861E-02, -5.60129E-02, -5.30122E-02, -4.87233E-02, -4.41256E-02, -3.96845E-02, -3.55994E-02, -3.19356E-02, -2.86932E-02, -2.58428E-02, -2.33437E-02, -2.11530E-02, -1.92298E-02, -1.75374E-02, -1.60435E-02, -1.47203E-02, -1.35439E-02, -1.24942E-02, -1.15542E-02, -1.07093E-02, -9.94734E-03, -9.25790E-03, -8.63217E-03, -8.06260E-03, -7.54273E-03,
 -7.35966E-03, -7.86361E-03, -8.41562E-03, -9.02188E-03, -9.68961E-03, -1.04272E-02, -1.12445E-02, -1.21529E-02, -1.31660E-02, -1.42994E-02, -1.55714E-02, -1.70033E-02, -1.86192E-02, -2.04466E-02, -2.25157E-02, -2.48581E-02, -2.75046E-02, -3.04796E-02, -3.37916E-02, -3.74146E-02, -4.12552E-02, -4.50917E-02, -4.84668E-02, -5.05022E-02, -4.96010E-02, -4.30337E-02, -2.65494E-02,  5.47972E-03,  5.83054E-02,  1.32318E-01,  2.16894E-01,  2.88398E-01,  3.19483E-01,  2.96772E-01,  2.30918E-01,  1.48213E-01,  7.30167E-02,  1.74252E-02, -1.76835E-02, -3.68463E-02, -4.54521E-02, -4.77813E-02, -4.66940E-02, -4.39277E-02, -4.04749E-02, -3.68745E-02, -3.34027E-02, -3.01874E-02, -2.72758E-02, -2.46725E-02, -2.23607E-02, -2.03143E-02, -1.85043E-02, -1.69024E-02, -1.54820E-02, -1.42197E-02, -1.30946E-02, -1.20886E-02, -1.11864E-02, -1.03746E-02, -9.64189E-03, -8.97846E-03, -8.37601E-03, -7.82740E-03, -7.32650E-03,
 -7.12480E-03, -7.60691E-03, -8.13448E-03, -8.71323E-03, -9.34981E-03, -1.00519E-02, -1.08283E-02, -1.16893E-02, -1.26467E-02, -1.37141E-02, -1.49068E-02, -1.62420E-02, -1.77387E-02, -1.94169E-02, -2.12966E-02, -2.33955E-02, -2.57250E-02, -2.82831E-02, -3.10420E-02, -3.39283E-02, -3.67888E-02, -3.93354E-02, -4.10591E-02, -4.11005E-02, -3.80792E-02, -2.99234E-02, -1.38455E-02,  1.32085E-02,  5.31540E-02,  1.04209E-01,  1.58263E-01,  2.01115E-01,  2.18134E-01,  2.02945E-01,  1.61719E-01,  1.08795E-01,  5.81553E-02,  1.79366E-02, -9.83402E-03, -2.67814E-02, -3.57513E-02, -3.94344E-02, -3.98855E-02, -3.85084E-02, -3.61976E-02, -3.34952E-02, -3.07145E-02, -2.80270E-02, -2.55184E-02, -2.32241E-02, -2.11513E-02, -1.92916E-02, -1.76292E-02, -1.61455E-02, -1.48210E-02, -1.36375E-02, -1.25780E-02, -1.16275E-02, -1.07724E-02, -1.00013E-02, -9.30387E-03, -8.67142E-03, -8.09633E-03, -7.57203E-03, -7.09284E-03,
 -6.87371E-03, -7.33147E-03, -7.83155E-03, -8.37913E-03, -8.98010E-03, -9.64123E-03, -1.03702E-02, -1.11758E-02, -1.20679E-02, -1.30574E-02, -1.41565E-02, -1.53779E-02, -1.67349E-02, -1.82398E-02, -1.99026E-02, -2.17277E-02, -2.37091E-02, -2.58226E-02, -2.80135E-02, -3.01769E-02, -3.21290E-02, -3.35642E-02, -3.39961E-02, -3.26839E-02, -2.85597E-02, -2.02032E-02, -5.96721E-03,  1.55781E-02,  4.47186E-02,  7.92822E-02,  1.13669E-01,  1.39574E-01,  1.49194E-01,  1.39414E-01,  1.13654E-01,  7.97257E-02,  4.56930E-02,  1.69142E-02, -4.52407E-03, -1.88569E-02, -2.74159E-02, -3.17668E-02, -3.32832E-02, -3.30161E-02, -3.17057E-02, -2.98452E-02, -2.77482E-02, -2.56056E-02, -2.35278E-02, -2.15735E-02, -1.97696E-02, -1.81236E-02, -1.66325E-02, -1.52871E-02, -1.40755E-02, -1.29849E-02, -1.20026E-02, -1.11170E-02, -1.03170E-02, -9.59299E-03, -8.93625E-03, -8.33918E-03, -7.79508E-03, -7.29810E-03, -6.84311E-03,
 -6.60813E-03, -7.03936E-03, -7.50937E-03, -8.02267E-03, -8.58434E-03, -9.20013E-03, -9.87643E-03, -1.06204E-02, -1.14397E-02, -1.23428E-02, -1.33382E-02, -1.44346E-02, -1.56394E-02, -1.69579E-02, -1.83911E-02, -1.99322E-02, -2.15618E-02, -2.32401E-02, -2.48956E-02, -2.64094E-02, -2.75923E-02, -2.81566E-02, -2.76813E-02, -2.55805E-02, -2.10904E-02, -1.33120E-02, -1.36731E-03,  1.52605E-02,  3.61806E-02,  5.94827E-02,  8.14789E-02,  9.73662E-02,  1.02968E-01,  9.67268E-02,  8.05075E-02,  5.85798E-02,  3.56148E-02,  1.50939E-02, -1.21783E-03, -1.29766E-02, -2.06812E-02, -2.51695E-02, -2.73047E-02, -2.78269E-02, -2.73095E-02, -2.61680E-02, -2.46891E-02, -2.30622E-02, -2.14073E-02, -1.97970E-02, -1.82719E-02, -1.68523E-02, -1.55454E-02, -1.43505E-02, -1.32628E-02, -1.22750E-02, -1.13785E-02, -1.05650E-02, -9.82629E-03, -9.15458E-03, -8.54287E-03, -7.98483E-03, -7.47477E-03, -7.00766E-03, -6.57904E-03,
 -6.33009E-03, -6.73302E-03, -7.17088E-03, -7.64747E-03, -8.16701E-03, -8.73414E-03, -9.35393E-03, -1.00318E-02, -1.07735E-02, -1.15847E-02, -1.24708E-02, -1.34363E-02, -1.44837E-02, -1.56124E-02, -1.68160E-02, -1.80794E-02, -1.93742E-02, -2.06517E-02, -2.18340E-02, -2.28017E-02, -2.33791E-02, -2.33165E-02, -2.22759E-02, -1.98232E-02, -1.54463E-02, -8.61694E-03,  1.07302E-03,  1.36833E-02,  2.86275E-02,  4.44195E-02,  5.86787E-02,  6.86134E-02,  7.19542E-02,  6.79054E-02,  5.75016E-02,  4.31170E-02,  2.74881E-02,  1.28561E-02,  5.75995E-04, -8.84243E-03, -1.54824E-02, -1.97439E-02, -2.21358E-02, -2.31509E-02, -2.32083E-02, -2.26369E-02, -2.16802E-02, -2.05107E-02, -1.92462E-02, -1.79637E-02, -1.67116E-02, -1.55184E-02, -1.43990E-02, -1.33598E-02, -1.24017E-02, -1.15222E-02, -1.07169E-02, -9.98042E-03, -9.30720E-03, -8.69157E-03, -8.12816E-03, -7.61195E-03, -7.13834E-03, -6.70315E-03, -6.30263E-03,
 -6.04185E-03, -6.41516E-03, -6.81935E-03, -7.25751E-03, -7.73296E-03, -8.24926E-03, -8.81016E-03, -9.41949E-03, -1.00810E-02, -1.07979E-02, -1.15727E-02, -1.24065E-02, -1.32977E-02, -1.42409E-02, -1.52244E-02, -1.62279E-02, -1.72181E-02, -1.81433E-02, -1.89270E-02, -1.94594E-02, -1.95882E-02, -1.91114E-02, -1.77727E-02, -1.52695E-02, -1.12795E-02, -5.51965E-03,  2.15233E-03,  1.15977E-02,  2.22463E-02,  3.30106E-02,  4.23666E-02,  4.86749E-02,  5.06822E-02,  4.79825E-02,  4.11718E-02,  3.16028E-02,  2.08968E-02,  1.04824E-02,  1.33781E-03, -6.04761E-03, -1.15758E-02, -1.53987E-02, -1.77916E-02, -1.90632E-02, -1.95030E-02, -1.93564E-02, -1.88182E-02, -1.80355E-02, -1.71150E-02, -1.61314E-02, -1.51351E-02, -1.41588E-02, -1.32227E-02, -1.23381E-02, -1.15104E-02, -1.07411E-02, -1.00292E-02, -9.37233E-03, -8.76711E-03, -8.20990E-03, -7.69692E-03, -7.22447E-03, -6.78900E-03, -6.38724E-03, -6.01612E-03,
 -5.74581E-03, -6.08863E-03, -6.45822E-03, -6.85693E-03, -7.28722E-03, -7.75162E-03, -8.25264E-03, -8.79260E-03, -9.37344E-03, -9.99637E-03, -1.06614E-02, -1.13667E-02, -1.21076E-02, -1.28752E-02, -1.36547E-02, -1.44230E-02, -1.51452E-02, -1.57713E-02, -1.62311E-02, -1.64298E-02, -1.62430E-02, -1.55156E-02, -1.40640E-02, -1.16891E-02, -8.20351E-03, -3.47854E-03,  2.48765E-03,  9.48957E-03,  1.70467E-02,  2.43908E-02,  3.05546E-02,  3.45752E-02,  3.57631E-02,  3.39217E-02,  2.94077E-02,  2.30013E-02,  1.56620E-02,  8.28571E-03,  1.54849E-03, -4.14477E-03, -8.63336E-03, -1.19361E-02, -1.41808E-02, -1.55458E-02, -1.62191E-02, -1.63743E-02, -1.61591E-02, -1.56922E-02, -1.50647E-02, -1.43444E-02, -1.35800E-02, -1.28051E-02, -1.20425E-02, -1.13066E-02, -1.06061E-02, -9.94562E-03, -9.32688E-03, -8.74990E-03, -8.21345E-03, -7.71564E-03, -7.25414E-03, -6.82649E-03, -6.43017E-03, -6.06275E-03, -5.72189E-03,
 -5.44441E-03, -5.75636E-03, -6.09096E-03, -6.44988E-03, -6.83479E-03, -7.24725E-03, -7.68864E-03, -8.15996E-03, -8.66161E-03, -9.19304E-03, -9.75229E-03, -1.03353E-02, -1.09353E-02, -1.15411E-02, -1.21363E-02, -1.26969E-02, -1.31893E-02, -1.35674E-02, -1.37705E-02, -1.37200E-02, -1.33191E-02, -1.24537E-02, -1.09989E-02, -8.83209E-03, -5.85648E-03, -2.03544E-03,  2.56443E-03,  7.73104E-03,  1.30834E-02,  1.80900E-02,  2.21451E-02,  2.46955E-02,  2.53775E-02,  2.41110E-02,  2.11109E-02,  1.68199E-02,  1.17931E-02,  6.58027E-03,  1.63662E-03, -2.72253E-03, -6.32680E-03, -9.12807E-03, -1.11655E-02, -1.25300E-02, -1.33356E-02, -1.36990E-02, -1.37273E-02, -1.35122E-02, -1.31286E-02, -1.26349E-02, -1.20753E-02, -1.14826E-02, -1.08800E-02, -1.02836E-02, -9.70411E-03, -9.14839E-03, -8.62032E-03, -8.12182E-03, -7.65343E-03, -7.21474E-03, -6.80476E-03, -6.42213E-03, -6.06528E-03, -5.73258E-03, -5.42236E-03,
 -5.14013E-03, -5.42123E-03, -5.72098E-03, -6.04042E-03, -6.38047E-03, -6.74186E-03, -7.12496E-03, -7.52965E-03, -7.95505E-03, -8.39921E-03, -8.85864E-03, -9.32782E-03, -9.79835E-03, -1.02581E-02, -1.06901E-02, -1.10710E-02, -1.13697E-02, -1.15457E-02, -1.15480E-02, -1.13137E-02, -1.07698E-02, -9.83527E-03, -8.42870E-03, -6.48019E-03, -3.94983E-03, -8.51818E-04,  2.71932E-03,  6.56899E-03,  1.04016E-02,  1.38510E-02,  1.65422E-02,  1.81695E-02,  1.85579E-02,  1.76883E-02,  1.56862E-02,  1.27899E-02,  9.30909E-03,  5.57688E-03,  1.90072E-03, -1.47616E-03, -4.39387E-03, -6.77476E-03, -8.60867E-03, -9.93237E-03, -1.08098E-02, -1.13160E-02, -1.15263E-02, -1.15099E-02, -1.13260E-02, -1.10236E-02, -1.06418E-02, -1.02105E-02, -9.75244E-03, -9.28414E-03, -8.81747E-03, -8.36061E-03, -7.91903E-03, -7.49610E-03, -7.09376E-03, -6.71287E-03, -6.35354E-03, -6.01539E-03, -5.69771E-03, -5.39959E-03, -5.11998E-03,
 -4.83534E-03, -5.08603E-03, -5.35154E-03, -5.63236E-03, -5.92875E-03, -6.24070E-03, -6.56775E-03, -6.90884E-03, -7.26208E-03, -7.62446E-03, -7.99140E-03, -8.35637E-03, -8.71019E-03, -9.04037E-03, -9.33020E-03, -9.55789E-03, -9.69558E-03, -9.70854E-03, -9.55469E-03, -9.18499E-03, -8.54496E-03, -7.57843E-03, -6.23401E-03, -4.47529E-03, -2.29488E-03,  2.68856E-04,  3.11596E-03,  6.07708E-03,  8.92265E-03,  1.13953E-02,  1.32597E-02,  1.43505E-02,  1.45926E-02,  1.39929E-02,  1.26197E-02,  1.05937E-02,  8.08538E-03,  5.30252E-03,  2.46200E-03, -2.44031E-04, -2.67226E-03, -4.73661E-03, -6.40330E-03, -7.67875E-03, -8.59583E-03, -9.20170E-03, -9.54865E-03, -9.68792E-03, -9.66610E-03, -9.52343E-03, -9.29337E-03, -9.00288E-03, -8.67315E-03, -8.32044E-03, -7.95699E-03, -7.59177E-03, -7.23123E-03, -6.87982E-03, -6.54052E-03, -6.21520E-03, -5.90490E-03, -5.61006E-03, -5.33069E-03, -5.06653E-03, -4.81710E-03,
 -4.53230E-03, -4.75337E-03, -4.98567E-03, -5.22921E-03, -5.48368E-03, -5.74845E-03, -6.02238E-03, -6.30369E-03, -6.58971E-03, -6.87664E-03, -7.15923E-03, -7.43035E-03, -7.68053E-03, -7.89742E-03, -8.06520E-03, -8.16398E-03, -8.16927E-03, -8.05168E-03, -7.77701E-03, -7.30703E-03, -6.60143E-03, -5.62129E-03, -4.33470E-03, -2.72489E-03, -8.00761E-04,  1.39129E-03,  3.75753E-03,  6.15459E-03,  8.40144E-03,  1.03089E-02,  1.17189E-02,  1.25347E-02,  1.27238E-02,  1.22968E-02,  1.12892E-02,  9.76308E-03,  7.82020E-03,  5.60390E-03,  3.27930E-03,  1.00388E-03, -1.09662E-03, -2.93888E-03, -4.48101E-03, -5.71470E-03, -6.65521E-03, -7.33215E-03, -7.78202E-03, -8.04301E-03, -8.15160E-03, -8.14066E-03, -8.03858E-03, -7.86913E-03, -7.65168E-03, -7.40169E-03, -7.13124E-03, -6.84962E-03, -6.56383E-03, -6.27906E-03, -5.99903E-03, -5.72638E-03, -5.46286E-03, -5.20959E-03, -4.96721E-03, -4.73599E-03, -4.51595E-03,
 -4.23310E-03, -4.42564E-03, -4.62612E-03, -4.83409E-03, -5.04882E-03, -5.26917E-03, -5.49345E-03, -5.71933E-03, -5.94360E-03, -6.16194E-03, -6.36869E-03, -6.55649E-03, -6.71594E-03, -6.83520E-03, -6.89959E-03, -6.89126E-03, -6.78894E-03, -6.56791E-03, -6.20043E-03, -5.65664E-03, -4.90647E-03, -3.92270E-03, -2.68553E-03, -1.18893E-03,  5.51368E-04,  2.48938E-03,  4.54231E-03,  6.59030E-03,  8.48757E-03,  1.00866E-02,  1.12680E-02,  1.19616E-02,  1.21439E-02,  1.18195E-02,  1.10080E-02,  9.74927E-03,  8.11841E-03,  6.22892E-03,  4.21666E-03,  2.21462E-03,  3.31988E-04, -1.35562E-03, -2.80615E-03, -4.00536E-03, -4.95917E-03, -5.68650E-03, -6.21336E-03, -6.56863E-03, -6.78105E-03, -6.87750E-03, -6.88197E-03, -6.81518E-03, -6.69459E-03, -6.53455E-03, -6.34669E-03, -6.14025E-03, -5.92245E-03, -5.69890E-03, -5.47382E-03, -5.25040E-03, -5.03094E-03, -4.81709E-03, -4.60998E-03, -4.41034E-03, -4.21861E-03,
 -3.93963E-03, -4.10499E-03, -4.27529E-03, -4.44974E-03, -4.62725E-03, -4.80627E-03, -4.98472E-03, -5.15988E-03, -5.32817E-03, -5.48498E-03, -5.62449E-03, -5.73936E-03, -5.82049E-03, -5.85678E-03, -5.83483E-03, -5.73879E-03, -5.55032E-03, -5.24869E-03, -4.81135E-03, -4.21485E-03, -3.43652E-03, -2.45710E-03, -1.26434E-03,  1.41936E-04,  1.74384E-03,  3.49906E-03,  5.33622E-03,  7.15524E-03,  8.83628E-03,  1.02581E-02,  1.13206E-02,  1.19600E-02,  1.21484E-02,  1.18827E-02,  1.11764E-02,  1.00652E-02,  8.61674E-03,  6.93048E-03,  5.12360E-03,  3.31027E-03,  1.58486E-03,  1.41544E-05, -1.36264E-03, -2.52939E-03, -3.48696E-03, -4.24760E-03, -4.83022E-03, -5.25691E-03, -5.55056E-03, -5.73319E-03, -5.82504E-03, -5.84408E-03, -5.80587E-03, -5.72353E-03, -5.60800E-03, -5.46824E-03, -5.31145E-03, -5.14340E-03, -4.96862E-03, -4.79065E-03, -4.61218E-03, -4.43525E-03, -4.26140E-03, -4.09171E-03, -3.92696E-03,
 -3.65358E-03, -3.79329E-03, -3.93527E-03, -4.07847E-03, -4.22150E-03, -4.36252E-03, -4.49918E-03, -4.62849E-03, -4.74668E-03, -4.84903E-03, -4.92971E-03, -4.98162E-03, -4.99614E-03, -4.96300E-03, -4.87014E-03, -4.70362E-03, -4.44767E-03, -4.08499E-03, -3.59720E-03, -2.96584E-03, -2.17378E-03, -1.20738E-03, -5.94719E-05,  1.26669E-03,  2.75280E-03,  4.36070E-03,  6.02903E-03,  7.67371E-03,  9.19463E-03,  1.04891E-02,  1.14686E-02,  1.20704E-02,  1.22610E-02,  1.20311E-02,  1.13929E-02,  1.03832E-02,  9.06719E-03,  7.53531E-03,  5.88999E-03,  4.22962E-03,  2.63567E-03,  1.16677E-03, -1.41239E-04, -1.27168E-03, -2.22230E-03, -3.00074E-03, -3.62073E-03, -4.09930E-03, -4.45467E-03, -4.70492E-03, -4.86711E-03, -4.95672E-03, -4.98748E-03, -4.97127E-03, -4.91822E-03, -4.83680E-03, -4.73404E-03, -4.61568E-03, -4.48638E-03, -4.34986E-03, -4.20908E-03, -4.06637E-03, -3.92353E-03, -3.78194E-03, -3.64264E-03,
 -3.37637E-03, -3.49212E-03, -3.60781E-03, -3.72217E-03, -3.83360E-03, -3.94007E-03, -4.03906E-03, -4.12744E-03, -4.20136E-03, -4.25612E-03, -4.28607E-03, -4.28443E-03, -4.24320E-03, -4.15301E-03, -4.00311E-03, -3.78132E-03, -3.47422E-03, -3.06737E-03, -2.54591E-03, -1.89535E-03, -1.10287E-03, -1.59112E-04,  9.39356E-04,  2.18693E-03,  3.56534E-03,  5.04009E-03,  6.55807E-03,  8.04803E-03,  9.42563E-03,  1.06032E-02,  1.15017E-02,  1.20611E-02,  1.22450E-02,  1.20413E-02,  1.14618E-02,  1.05437E-02,  9.34890E-03,  7.95873E-03,  6.46231E-03,  4.94415E-03,  3.47454E-03,  2.10505E-03,  8.68557E-04, -2.18078E-04, -1.15027E-03, -1.93209E-03, -2.57324E-03, -3.08665E-03, -3.48679E-03, -3.78842E-03, -4.00581E-03, -4.15225E-03, -4.23975E-03, -4.27893E-03, -4.27903E-03, -4.24797E-03, -4.19242E-03, -4.11799E-03, -4.02930E-03, -3.93016E-03, -3.82366E-03, -3.71230E-03, -3.59809E-03, -3.48260E-03, -3.36709E-03,
 -3.10923E-03, -3.20279E-03, -3.29429E-03, -3.38230E-03, -3.46509E-03, -3.54050E-03, -3.60593E-03, -3.65820E-03, -3.69350E-03, -3.70727E-03, -3.69411E-03, -3.64769E-03, -3.56066E-03, -3.42459E-03, -3.23000E-03, -2.96637E-03, -2.62234E-03, -2.18599E-03, -1.64540E-03, -9.89384E-04, -2.08616E-04,  7.02827E-04,  1.74545E-03,  2.91187E-03,  4.18398E-03,  5.53038E-03,  6.90475E-03,  8.24640E-03,  9.48409E-03,  1.05431E-02,  1.13544E-02,  1.18628E-02,  1.20329E-02,  1.18520E-02,  1.13314E-02,  1.05063E-02,  9.43309E-03,  8.18311E-03,  6.83292E-03,  5.45466E-03,  4.10890E-03,  2.84111E-03,  1.68156E-03,  6.47206E-04, -2.55487E-04, -1.02769E-03, -1.67576E-03, -2.20925E-03, -2.63943E-03, -2.97823E-03, -3.23750E-03, -3.42851E-03, -3.56167E-03, -3.64638E-03, -3.69098E-03, -3.70273E-03, -3.68788E-03, -3.65178E-03, -3.59893E-03, -3.53311E-03, -3.45744E-03, -3.37452E-03, -3.28646E-03, -3.19499E-03, -3.10150E-03,
 -2.85311E-03, -2.92633E-03, -2.99579E-03, -3.05998E-03, -3.11706E-03, -3.16486E-03, -3.20074E-03, -3.22156E-03, -3.22363E-03, -3.20261E-03, -3.15342E-03, -3.07025E-03, -2.94643E-03, -2.77449E-03, -2.54614E-03, -2.25238E-03, -1.88373E-03, -1.43047E-03, -8.83212E-04, -2.33546E-04,  5.24949E-04,  1.39541E-03,  2.37601E-03,  3.45803E-03,  4.62370E-03,  5.84436E-03,  7.07949E-03,  8.27729E-03,  9.37771E-03,  1.03177E-02,  1.10381E-02,  1.14904E-02,  1.16427E-02,  1.14833E-02,  1.10224E-02,  1.02912E-02,  9.33927E-03,  8.22753E-03,  7.02084E-03,  5.78039E-03,  4.55818E-03,  3.39433E-03,  2.31666E-03,  1.34206E-03,  4.78435E-04, -2.73010E-04, -9.15851E-04, -1.45679E-03, -1.90437E-03, -2.26805E-03, -2.55753E-03, -2.78227E-03, -2.95120E-03, -3.07252E-03, -3.15367E-03, -3.20122E-03, -3.22094E-03, -3.21784E-03, -3.19622E-03, -3.15974E-03, -3.11150E-03, -3.05410E-03, -2.98970E-03, -2.92012E-03, -2.84683E-03,
 -2.60877E-03, -2.66351E-03, -2.71308E-03, -2.75593E-03, -2.79021E-03, -2.81373E-03, -2.82390E-03, -2.81770E-03, -2.79160E-03, -2.74152E-03, -2.66281E-03, -2.55015E-03, -2.39762E-03, -2.19863E-03, -1.94605E-03, -1.63229E-03, -1.24953E-03, -7.90013E-04, -2.46506E-04,  3.87036E-04,  1.11463E-03,  1.93717E-03,  2.85104E-03,  3.84663E-03,  4.90673E-03,  6.00530E-03,  7.10689E-03,  8.16738E-03,  9.13634E-03,  9.96105E-03,  1.05918E-02,  1.09876E-02,  1.11210E-02,  1.09819E-02,  1.05790E-02,  9.93915E-03,  9.10412E-03,  8.12502E-03,  7.05607E-03,  5.94878E-03,  4.84768E-03,  3.78798E-03,  2.79518E-03,  1.88577E-03,  1.06870E-03,  3.46994E-04, -2.80634E-04, -8.18491E-04, -1.27280E-03, -1.65088E-03, -1.96052E-03, -2.20953E-03, -2.40546E-03, -2.55542E-03, -2.66592E-03, -2.74284E-03, -2.79145E-03, -2.81635E-03, -2.82159E-03, -2.81065E-03, -2.78653E-03, -2.75178E-03, -2.70858E-03, -2.65875E-03, -2.60384E-03,
 -2.37676E-03, -2.41484E-03, -2.44663E-03, -2.47057E-03, -2.48483E-03, -2.48726E-03, -2.47537E-03, -2.44628E-03, -2.39669E-03, -2.32283E-03, -2.22045E-03, -2.08482E-03, -1.91068E-03, -1.69235E-03, -1.42376E-03, -1.09860E-03, -7.10549E-04, -2.53540E-04,  2.77780E-04,  8.87489E-04,  1.57765E-03,  2.34739E-03,  3.19182E-03,  4.10086E-03,  5.05812E-03,  6.04010E-03,  7.01593E-03,  7.94812E-03,  8.79454E-03,  9.51155E-03,  1.00581E-02,  1.04002E-02,  1.05153E-02,  1.03948E-02,  1.00462E-02,  9.49174E-03,  8.76573E-03,  7.91033E-03,  6.97041E-03,  5.98905E-03,  5.00413E-03,  4.04646E-03,  3.13916E-03,  2.29808E-03,  1.53274E-03,  8.47526E-04,  2.42945E-04, -2.83345E-04, -7.35606E-04, -1.11930E-03, -1.44054E-03, -1.70567E-03, -1.92098E-03, -2.09252E-03, -2.22593E-03, -2.32643E-03, -2.39870E-03, -2.44698E-03, -2.47498E-03, -2.48598E-03, -2.48282E-03, -2.46798E-03, -2.44357E-03, -2.41142E-03, -2.37306E-03,
 -2.15742E-03, -2.18063E-03, -2.19669E-03, -2.20405E-03, -2.20093E-03, -2.18528E-03, -2.15471E-03, -2.10655E-03, -2.03774E-03, -1.94484E-03, -1.82405E-03, -1.67117E-03, -1.48163E-03, -1.25058E-03, -9.72935E-04, -6.43551E-04, -2.57415E-04,  1.90060E-04,  7.02646E-04,  1.28280E-03,  1.93103E-03,  2.64516E-03,  3.41945E-03,  4.24374E-03,  5.10270E-03,  5.97528E-03,  6.83475E-03,  7.64942E-03,  8.38425E-03,  9.00339E-03,  9.47339E-03,  9.76667E-03,  9.86489E-03,  9.76130E-03,  9.46190E-03,  8.98473E-03,  8.35766E-03,  7.61496E-03,  6.79340E-03,  5.92878E-03,  5.05317E-03,  4.19334E-03,  3.37006E-03,  2.59826E-03,  1.88766E-03,  1.24356E-03,  6.67827E-04,  1.59682E-04, -2.83509E-04, -6.65635E-04, -9.91350E-04, -1.26569E-03, -1.49382E-03, -1.68079E-03, -1.83145E-03, -1.95032E-03, -2.04157E-03, -2.10899E-03, -2.15598E-03, -2.18556E-03, -2.20040E-03, -2.20284E-03, -2.19492E-03, -2.17841E-03, -2.15484E-03,
 -1.95092E-03, -1.96098E-03, -1.96326E-03, -1.95625E-03, -1.93824E-03, -1.90729E-03, -1.86118E-03, -1.79742E-03, -1.71324E-03, -1.60554E-03, -1.47096E-03, -1.30581E-03, -1.10620E-03, -8.68022E-04, -5.87106E-04, -2.59335E-04,  1.19150E-04,  5.51682E-04,  1.04072E-03,  1.58742E-03,  2.19110E-03,  2.84865E-03,  3.55387E-03,  4.29686E-03,  5.06345E-03,  5.83499E-03,  6.58848E-03,  7.29722E-03,  7.93227E-03,  8.46436E-03,  8.86647E-03,  9.11650E-03,  9.19981E-03,  9.11111E-03,  8.85522E-03,  8.44656E-03,  7.90747E-03,  7.26555E-03,  6.55073E-03,  5.79258E-03,  5.01811E-03,  4.25037E-03,  3.50788E-03,  2.80447E-03,  2.14971E-03,  1.54946E-03,  1.00654E-03,  5.21379E-04,  9.26672E-05, -2.82176E-04, -6.06558E-04, -8.84376E-04, -1.11976E-03, -1.31689E-03, -1.47985E-03, -1.61253E-03, -1.71856E-03, -1.80132E-03, -1.86385E-03, -1.90891E-03, -1.93898E-03, -1.95624E-03, -1.96263E-03, -1.95983E-03, -1.94934E-03,
 -1.75727E-03, -1.75583E-03, -1.74617E-03, -1.72684E-03, -1.69625E-03, -1.65256E-03, -1.59374E-03, -1.51753E-03, -1.42141E-03, -1.30264E-03, -1.15827E-03, -9.85143E-04, -7.79946E-04, -5.39291E-04, -2.59806E-04,  6.17184E-05,  4.28151E-04,  8.41774E-04,  1.30398E-03,  1.81490E-03,  2.37300E-03,  2.97455E-03,  3.61322E-03,  4.27954E-03,  4.96065E-03,  5.64016E-03,  6.29837E-03,  6.91294E-03,  7.46002E-03,  7.91589E-03,  8.25884E-03,  8.47129E-03,  8.54171E-03,  8.46597E-03,  8.24790E-03,  7.89896E-03,  7.43690E-03,  6.88380E-03,  6.26393E-03,  5.60156E-03,  4.91930E-03,  4.23692E-03,  3.57071E-03,  2.93333E-03,  2.33396E-03,  1.77867E-03,  1.27092E-03,  8.12072E-04,  4.01815E-04,  3.86483E-05, -2.79787E-04, -5.56405E-04, -7.94442E-04, -9.97277E-04, -1.16830E-03, -1.31080E-03, -1.42792E-03, -1.52261E-03, -1.59758E-03, -1.65532E-03, -1.69808E-03, -1.72788E-03, -1.74653E-03, -1.75563E-03, -1.75659E-03,
 -1.57637E-03, -1.56496E-03, -1.54507E-03, -1.51534E-03, -1.47427E-03, -1.42018E-03, -1.35121E-03, -1.26532E-03, -1.16028E-03, -1.03368E-03, -8.82969E-04, -7.05466E-04, -4.98414E-04, -2.59055E-04,  1.52711E-05,  3.26994E-04,  6.78146E-04,  1.07015E-03,  1.50354E-03,  1.97770E-03,  2.49048E-03,  3.03783E-03,  3.61348E-03,  4.20859E-03,  4.81162E-03,  5.40825E-03,  5.98175E-03,  6.51348E-03,  6.98389E-03,  7.37379E-03,  7.66582E-03,  7.84609E-03,  7.90552E-03,  7.84093E-03,  7.65536E-03,  7.35784E-03,  6.96244E-03,  6.48678E-03,  5.95041E-03,  5.37322E-03,  4.77405E-03,  4.16972E-03,  3.57446E-03,  2.99968E-03,  2.45400E-03,  1.94349E-03,  1.47198E-03,  1.04145E-03,  6.52380E-04,  3.04123E-04, -4.81869E-06, -2.76526E-04, -5.13461E-04, -7.18298E-04, -8.93798E-04, -1.04271E-03, -1.16771E-03, -1.27134E-03, -1.35599E-03, -1.42387E-03, -1.47702E-03, -1.51727E-03, -1.54629E-03, -1.56558E-03, -1.57647E-03,
 -1.40796E-03, -1.38802E-03, -1.35948E-03, -1.32110E-03, -1.27147E-03, -1.20907E-03, -1.13222E-03, -1.03911E-03, -9.27765E-04, -7.96113E-04, -6.41969E-04, -4.63087E-04, -2.57211E-04, -2.21435E-05,  2.44160E-04,  5.43466E-04,  8.77116E-04,  1.24584E-03,  1.64952E-03,  2.08700E-03,  2.55571E-03,  3.05152E-03,  3.56838E-03,  4.09818E-03,  4.63065E-03,  5.15340E-03,  5.65227E-03,  6.11176E-03,  6.51589E-03,  6.84917E-03,  7.09777E-03,  7.25071E-03,  7.30089E-03,  7.24581E-03,  7.08792E-03,  6.83432E-03,  6.49613E-03,  6.08739E-03,  5.62385E-03,  5.12172E-03,  4.59665E-03,  4.06289E-03,  3.53277E-03,  3.01645E-03,  2.52190E-03,  2.05499E-03,  1.61970E-03,  1.21843E-03,  8.52239E-04,  5.21127E-04,  2.24297E-04, -3.96428E-05, -2.72493E-04, -4.76316E-04, -6.53319E-04, -8.05760E-04, -9.35881E-04, -1.04585E-03, -1.13775E-03, -1.21353E-03, -1.27498E-03, -1.32378E-03, -1.36144E-03, -1.38935E-03, -1.40874E-03,
 -1.25172E-03, -1.22457E-03, -1.18884E-03, -1.14338E-03, -1.08691E-03, -1.01806E-03, -9.35336E-04, -8.37127E-04, -7.21734E-04, -5.87373E-04, -4.32209E-04, -2.54390E-04, -5.21014E-05,  1.76367E-04,  4.32533E-04,  7.17610E-04,  1.03238E-03,  1.37702E-03,  1.75096E-03,  2.15262E-03,  2.57927E-03,  3.02679E-03,  3.48947E-03,  3.95999E-03,  4.42927E-03,  4.88668E-03,  5.32025E-03,  5.71716E-03,  6.06436E-03,  6.34936E-03,  6.56114E-03,  6.69102E-03,  6.73342E-03,  6.68644E-03,  6.55199E-03,  6.33569E-03,  6.04631E-03,  5.69506E-03,  5.29459E-03,  4.85813E-03,  4.39862E-03,  3.92807E-03,  3.45711E-03,  2.99472E-03,  2.54813E-03,  2.12290E-03,  1.72302E-03,  1.35111E-03,  1.00862E-03,  6.96051E-04,  4.13156E-04,  1.59103E-04, -6.73579E-05, -2.67766E-04, -4.43845E-04, -5.97413E-04, -7.30323E-04, -8.44407E-04, -9.41440E-04, -1.02312E-03, -1.09103E-03, -1.14667E-03, -1.19141E-03, -1.22650E-03, -1.25309E-03,
 -1.10723E-03, -1.07408E-03, -1.03247E-03, -9.81350E-04, -9.19576E-04, -8.45916E-04, -7.59049E-04, -6.57576E-04, -5.40036E-04, -4.04921E-04, -2.50708E-04, -7.58977E-05,  1.20940E-04,  3.41095E-04,  5.85644E-04,  8.55348E-04,  1.15054E-03,  1.47100E-03,  1.81579E-03,  2.18312E-03,  2.57017E-03,  2.97296E-03,  3.38623E-03,  3.80339E-03,  4.21651E-03,  4.61649E-03,  4.99327E-03,  5.33624E-03,  5.63475E-03,  5.87874E-03,  6.05941E-03,  6.16989E-03,  6.20581E-03,  6.16568E-03,  6.05102E-03,  5.86627E-03,  5.61838E-03,  5.31629E-03,  4.97019E-03,  4.59084E-03,  4.18896E-03,  3.77462E-03,  3.35694E-03,  2.94378E-03,  2.54164E-03,  2.15569E-03,  1.78980E-03,  1.44668E-03,  1.12804E-03,  8.34744E-04,  5.66946E-04,  3.24268E-04,  1.05913E-04, -8.92174E-05, -2.62431E-04, -4.15164E-04, -5.48920E-04, -6.65222E-04, -7.65572E-04, -8.51428E-04, -9.24181E-04, -9.85145E-04, -1.03554E-03, -1.07652E-03, -1.10911E-03,
 -9.74031E-04, -9.35965E-04, -8.89651E-04, -8.34139E-04, -7.68405E-04, -6.91357E-04, -6.01843E-04, -4.98658E-04, -3.80559E-04, -2.46289E-04, -9.46058E-05,  7.56842E-05,  2.65676E-04,  4.76307E-04,  7.08290E-04,  9.62022E-04,  1.23749E-03,  1.53418E-03,  1.85091E-03,  2.18577E-03,  2.53598E-03,  2.89776E-03,  3.26631E-03,  3.63578E-03,  3.99928E-03,  4.34903E-03,  4.67661E-03,  4.97324E-03,  5.23023E-03,  5.43947E-03,  5.59391E-03,  5.68811E-03,  5.71862E-03,  5.68428E-03,  5.58630E-03,  5.42819E-03,  5.21548E-03,  4.95532E-03,  4.65591E-03,  4.32605E-03,  3.97456E-03,  3.60992E-03,  3.23988E-03,  2.87129E-03,  2.50994E-03,  2.16057E-03,  1.82685E-03,  1.51150E-03,  1.21634E-03,  9.42487E-04,  6.90407E-04,  4.60068E-04,  2.51038E-04,  6.25819E-05, -1.06255E-04, -2.56579E-04, -3.89588E-04, -5.06527E-04, -6.08652E-04, -6.97201E-04, -7.73376E-04, -8.38325E-04, -8.93133E-04, -9.38816E-04, -9.76321E-04,
 -8.51588E-04, -8.09591E-04, -7.59623E-04, -7.00832E-04, -6.32310E-04, -5.53103E-04, -4.62212E-04, -3.58611E-04, -2.41257E-04, -1.09118E-04,  3.88031E-05,  2.03434E-04,  3.85586E-04,  5.85903E-04,  8.04801E-04,  1.04239E-03,  1.29841E-03,  1.57211E-03,  1.86220E-03,  2.16670E-03,  2.48294E-03,  2.80741E-03,  3.13577E-03,  3.46285E-03,  3.78269E-03,  4.08867E-03,  4.37375E-03,  4.63066E-03,  4.85231E-03,  5.03212E-03,  5.16447E-03,  5.24501E-03,  5.27101E-03,  5.24155E-03,  5.15762E-03,  5.02199E-03,  4.83909E-03,  4.61463E-03,  4.35525E-03,  4.06814E-03,  3.76057E-03,  3.43965E-03,  3.11197E-03,  2.78347E-03,  2.45927E-03,  2.14364E-03,  1.84004E-03,  1.55107E-03,  1.27864E-03,  1.02399E-03,  7.87822E-04,  5.70357E-04,  3.71454E-04,  1.90673E-04,  2.73537E-05, -1.19328E-04, -2.50307E-04, -3.66583E-04, -4.69191E-04, -5.59170E-04, -6.37547E-04, -7.05313E-04, -7.63423E-04, -8.12777E-04, -8.54222E-04,
 -7.39354E-04, -6.94300E-04, -6.41602E-04, -5.80503E-04, -5.10207E-04, -4.29884E-04, -3.38682E-04, -2.35734E-04, -1.20179E-04,  8.81987E-06,  1.52045E-04,  3.10196E-04,  4.83847E-04,  6.73403E-04,  8.79042E-04,  1.10066E-03,  1.33780E-03,  1.58958E-03,  1.85463E-03,  2.13101E-03,  2.41618E-03,  2.70692E-03,  2.99933E-03,  3.28888E-03,  3.57044E-03,  3.83838E-03,  4.08680E-03,  4.30971E-03,  4.50128E-03,  4.65620E-03,  4.76992E-03,  4.83898E-03,  4.86121E-03,  4.83589E-03,  4.76378E-03,  4.64714E-03,  4.48948E-03,  4.29541E-03,  4.07031E-03,  3.82006E-03,  3.55068E-03,  3.26810E-03,  2.97794E-03,  2.68530E-03,  2.39470E-03,  2.10997E-03,  1.83429E-03,  1.57014E-03,  1.31941E-03,  1.08342E-03,  8.63017E-04,  6.58620E-04,  4.70305E-04,  2.97870E-04,  1.40894E-04, -1.20878E-06, -1.29147E-04, -2.43709E-04, -3.45733E-04, -4.36082E-04, -5.15619E-04, -5.85197E-04, -6.45642E-04, -6.97747E-04, -7.42264E-04,
 -6.36756E-04, -5.89416E-04, -5.34796E-04, -4.72229E-04, -4.01023E-04, -3.20465E-04, -2.29832E-04, -1.28404E-04, -1.54781E-05,  1.09609E-04,  2.47457E-04,  3.98573E-04,  5.63336E-04,  7.41957E-04,  9.34431E-04,  1.14049E-03,  1.35955E-03,  1.59064E-03,  1.83238E-03,  2.08289E-03,  2.33980E-03,  2.60019E-03,  2.86058E-03,  3.11702E-03,  3.36508E-03,  3.60002E-03,  3.81686E-03,  4.01065E-03,  4.17663E-03,  4.31045E-03,  4.40846E-03,  4.46787E-03,  4.48695E-03,  4.46511E-03,  4.40299E-03,  4.30238E-03,  4.16612E-03,  3.99792E-03,  3.80218E-03,  3.58369E-03,  3.34745E-03,  3.09842E-03,  2.84137E-03,  2.58070E-03,  2.32035E-03,  2.06374E-03,  1.81375E-03,  1.57273E-03,  1.34250E-03,  1.12441E-03,  9.19380E-04,  7.27976E-04,  5.50437E-04,  3.86747E-04,  2.36678E-04,  9.98398E-05, -2.42843E-05, -1.36300E-04, -2.36875E-04, -3.26714E-04, -4.06535E-04, -4.77063E-04, -5.39008E-04, -5.93060E-04, -6.39882E-04,
 -5.43214E-04, -4.94263E-04, -4.38420E-04, -3.75103E-04, -3.03716E-04, -2.23653E-04, -1.34307E-04, -3.50874E-05,  7.45682E-05,  1.95175E-04,  3.27177E-04,  4.70923E-04,  6.26631E-04,  7.94359E-04,  9.73964E-04,  1.16506E-03,  1.36697E-03,  1.57870E-03,  1.79888E-03,  2.02574E-03,  2.25708E-03,  2.49027E-03,  2.72223E-03,  2.94951E-03,  3.16831E-03,  3.37461E-03,  3.56426E-03,  3.73312E-03,  3.87729E-03,  3.99322E-03,  4.07795E-03,  4.12922E-03,  4.14565E-03,  4.12677E-03,  4.07309E-03,  3.98605E-03,  3.86795E-03,  3.72181E-03,  3.55120E-03,  3.36008E-03,  3.15258E-03,  2.93288E-03,  2.70500E-03,  2.47272E-03,  2.23949E-03,  2.00834E-03,  1.78187E-03,  1.56225E-03,  1.35122E-03,  1.15011E-03,  9.59884E-04,  7.81197E-04,  6.14408E-04,  4.59641E-04,  3.16824E-04,  1.85725E-04,  6.59872E-05, -4.28402E-05, -1.41277E-04, -2.29887E-04, -3.09265E-04, -3.80016E-04, -4.42744E-04, -4.98046E-04, -5.46501E-04,
 -4.58143E-04, -4.08168E-04, -3.51702E-04, -2.88245E-04, -2.17285E-04, -1.38313E-04, -5.08277E-05,  4.56485E-05,  1.51558E-04,  2.67288E-04,  3.93153E-04,  5.29369E-04,  6.76029E-04,  8.33071E-04,  1.00025E-03,  1.17709E-03,  1.36289E-03,  1.55663E-03,  1.75699E-03,  1.96232E-03,  2.17060E-03,  2.37947E-03,  2.58623E-03,  2.78787E-03,  2.98114E-03,  3.16262E-03,  3.32882E-03,  3.47631E-03,  3.60187E-03,  3.70260E-03,  3.77608E-03,  3.82048E-03,  3.83467E-03,  3.81830E-03,  3.77177E-03,  3.69624E-03,  3.59359E-03,  3.46627E-03,  3.31722E-03,  3.14968E-03,  2.96712E-03,  2.77301E-03,  2.57078E-03,  2.36368E-03,  2.15470E-03,  1.94652E-03,  1.74147E-03,  1.54154E-03,  1.34837E-03,  1.16323E-03,  9.87120E-04,  8.20725E-04,  6.64494E-04,  5.18656E-04,  3.83259E-04,  2.58199E-04,  1.43249E-04,  3.80906E-05, -5.76708E-05, -1.44480E-04, -2.22817E-04, -2.93183E-04, -3.56088E-04, -4.12042E-04, -4.61546E-04,
