  8.65744E-03,  8.71698E-03,  8.77613E-03,  8.83482E-03,  8.89302E-03,  8.95066E-03,  9.00769E-03,  9.06405E-03,  9.11967E-03,  9.17450E-03,  9.22847E-03,  9.28153E-03,  9.33360E-03,  9.38464E-03,  9.43456E-03,  9.48332E-03,  9.53084E-03,  9.57706E-03,  9.62192E-03,  9.66536E-03,  9.70730E-03,  9.74770E-03,  9.78648E-03,  9.82359E-03,  9.85897E-03,  9.89256E-03,  9.92430E-03,  9.95413E-03,  9.98201E-03,  1.00079E-02,  1.00317E-02,  1.00534E-02,  1.00729E-02,  1.00903E-02,  1.01054E-02,  1.01182E-02,  1.01288E-02,  1.01370E-02,  1.01428E-02,  1.01463E-02,  1.01473E-02,  1.01459E-02,  1.01422E-02,  1.01359E-02,  1.01273E-02,  1.01162E-02,  1.01028E-02,  1.00869E-02,  1.00687E-02,  1.00481E-02,  1.00252E-02,  1.00001E-02,  9.97268E-03,  9.94311E-03,  9.91141E-03,  9.87762E-03,  9.84182E-03,  9.80406E-03,  9.76441E-03,  9.72293E-03,  9.67971E-03,  9.63481E-03,  9.58830E-03,  9.54027E-03,  9.49079E-03,  9.43994E-03,  9.38779E-03,  9.33444E-03,  9.27996E-03,  9.22442E-03,  9.16790E-03,  9.11049E-03,  9.05224E-03,  8.99325E-03,
  8.75567E-03,  8.81722E-03,  8.87838E-03,  8.93910E-03,  8.99934E-03,  9.05901E-03,  9.11808E-03,  9.17647E-03,  9.23412E-03,  9.29097E-03,  9.34696E-03,  9.40202E-03,  9.45608E-03,  9.50908E-03,  9.56094E-03,  9.61161E-03,  9.66102E-03,  9.70909E-03,  9.75577E-03,  9.80098E-03,  9.84466E-03,  9.88674E-03,  9.92716E-03,  9.96586E-03,  1.00028E-02,  1.00378E-02,  1.00709E-02,  1.01021E-02,  1.01313E-02,  1.01583E-02,  1.01832E-02,  1.02059E-02,  1.02264E-02,  1.02446E-02,  1.02605E-02,  1.02740E-02,  1.02851E-02,  1.02938E-02,  1.03000E-02,  1.03037E-02,  1.03049E-02,  1.03036E-02,  1.02998E-02,  1.02934E-02,  1.02844E-02,  1.02730E-02,  1.02590E-02,  1.02425E-02,  1.02236E-02,  1.02021E-02,  1.01783E-02,  1.01521E-02,  1.01236E-02,  1.00928E-02,  1.00597E-02,  1.00245E-02,  9.98717E-03,  9.94781E-03,  9.90648E-03,  9.86325E-03,  9.81821E-03,  9.77142E-03,  9.72298E-03,  9.67296E-03,  9.62145E-03,  9.56852E-03,  9.51427E-03,  9.45878E-03,  9.40213E-03,  9.34441E-03,  9.28569E-03,  9.22606E-03,  9.16560E-03,  9.10439E-03,
  8.85567E-03,  8.91930E-03,  8.98256E-03,  9.04540E-03,  9.10775E-03,  9.16955E-03,  9.23074E-03,  9.29126E-03,  9.35103E-03,  9.41000E-03,  9.46809E-03,  9.52524E-03,  9.58138E-03,  9.63643E-03,  9.69033E-03,  9.74301E-03,  9.79439E-03,  9.84441E-03,  9.89299E-03,  9.94007E-03,  9.98557E-03,  1.00294E-02,  1.00716E-02,  1.01119E-02,  1.01504E-02,  1.01870E-02,  1.02216E-02,  1.02542E-02,  1.02847E-02,  1.03130E-02,  1.03391E-02,  1.03629E-02,  1.03844E-02,  1.04035E-02,  1.04202E-02,  1.04344E-02,  1.04461E-02,  1.04553E-02,  1.04619E-02,  1.04659E-02,  1.04673E-02,  1.04660E-02,  1.04621E-02,  1.04556E-02,  1.04463E-02,  1.04345E-02,  1.04200E-02,  1.04028E-02,  1.03831E-02,  1.03608E-02,  1.03360E-02,  1.03087E-02,  1.02789E-02,  1.02468E-02,  1.02123E-02,  1.01756E-02,  1.01367E-02,  1.00956E-02,  1.00525E-02,  1.00074E-02,  9.96047E-03,  9.91170E-03,  9.86121E-03,  9.80910E-03,  9.75544E-03,  9.70033E-03,  9.64386E-03,  9.58611E-03,  9.52719E-03,  9.46717E-03,  9.40614E-03,  9.34419E-03,  9.28141E-03,  9.21787E-03,
  8.95747E-03,  9.02327E-03,  9.08872E-03,  9.15375E-03,  9.21831E-03,  9.28232E-03,  9.34573E-03,  9.40847E-03,  9.47046E-03,  9.53164E-03,  9.59193E-03,  9.65127E-03,  9.70958E-03,  9.76679E-03,  9.82282E-03,  9.87760E-03,  9.93106E-03,  9.98312E-03,  1.00337E-02,  1.00827E-02,  1.01302E-02,  1.01759E-02,  1.02198E-02,  1.02619E-02,  1.03021E-02,  1.03404E-02,  1.03765E-02,  1.04106E-02,  1.04425E-02,  1.04721E-02,  1.04995E-02,  1.05244E-02,  1.05470E-02,  1.05671E-02,  1.05846E-02,  1.05996E-02,  1.06120E-02,  1.06217E-02,  1.06288E-02,  1.06331E-02,  1.06346E-02,  1.06335E-02,  1.06295E-02,  1.06228E-02,  1.06132E-02,  1.06009E-02,  1.05859E-02,  1.05681E-02,  1.05475E-02,  1.05243E-02,  1.04985E-02,  1.04700E-02,  1.04389E-02,  1.04054E-02,  1.03694E-02,  1.03311E-02,  1.02905E-02,  1.02476E-02,  1.02027E-02,  1.01556E-02,  1.01066E-02,  1.00558E-02,  1.00031E-02,  9.94880E-03,  9.89288E-03,  9.83547E-03,  9.77665E-03,  9.71654E-03,  9.65522E-03,  9.59279E-03,  9.52933E-03,  9.46495E-03,  9.39973E-03,  9.33375E-03,
  9.06109E-03,  9.12916E-03,  9.19688E-03,  9.26421E-03,  9.33106E-03,  9.39739E-03,  9.46311E-03,  9.52816E-03,  9.59247E-03,  9.65596E-03,  9.71856E-03,  9.78019E-03,  9.84077E-03,  9.90024E-03,  9.95850E-03,  1.00155E-02,  1.00711E-02,  1.01253E-02,  1.01780E-02,  1.02291E-02,  1.02785E-02,  1.03262E-02,  1.03721E-02,  1.04160E-02,  1.04580E-02,  1.04980E-02,  1.05358E-02,  1.05714E-02,  1.06048E-02,  1.06359E-02,  1.06645E-02,  1.06907E-02,  1.07144E-02,  1.07355E-02,  1.07540E-02,  1.07698E-02,  1.07829E-02,  1.07932E-02,  1.08007E-02,  1.08054E-02,  1.08072E-02,  1.08061E-02,  1.08021E-02,  1.07952E-02,  1.07854E-02,  1.07726E-02,  1.07570E-02,  1.07384E-02,  1.07171E-02,  1.06929E-02,  1.06659E-02,  1.06362E-02,  1.06038E-02,  1.05688E-02,  1.05313E-02,  1.04912E-02,  1.04488E-02,  1.04041E-02,  1.03571E-02,  1.03080E-02,  1.02569E-02,  1.02038E-02,  1.01489E-02,  1.00922E-02,  1.00339E-02,  9.97405E-03,  9.91277E-03,  9.85016E-03,  9.78632E-03,  9.72134E-03,  9.65534E-03,  9.58840E-03,  9.52061E-03,  9.45208E-03,
  9.16658E-03,  9.23699E-03,  9.30709E-03,  9.37680E-03,  9.44606E-03,  9.51479E-03,  9.58293E-03,  9.65041E-03,  9.71713E-03,  9.78304E-03,  9.84805E-03,  9.91207E-03,  9.97504E-03,  1.00369E-02,  1.00975E-02,  1.01568E-02,  1.02147E-02,  1.02711E-02,  1.03260E-02,  1.03793E-02,  1.04309E-02,  1.04806E-02,  1.05285E-02,  1.05744E-02,  1.06183E-02,  1.06600E-02,  1.06996E-02,  1.07369E-02,  1.07719E-02,  1.08044E-02,  1.08345E-02,  1.08620E-02,  1.08869E-02,  1.09091E-02,  1.09286E-02,  1.09453E-02,  1.09591E-02,  1.09701E-02,  1.09781E-02,  1.09831E-02,  1.09852E-02,  1.09842E-02,  1.09801E-02,  1.09731E-02,  1.09629E-02,  1.09497E-02,  1.09335E-02,  1.09142E-02,  1.08919E-02,  1.08667E-02,  1.08386E-02,  1.08076E-02,  1.07738E-02,  1.07372E-02,  1.06980E-02,  1.06562E-02,  1.06118E-02,  1.05651E-02,  1.05160E-02,  1.04647E-02,  1.04113E-02,  1.03559E-02,  1.02986E-02,  1.02394E-02,  1.01786E-02,  1.01162E-02,  1.00523E-02,  9.98707E-03,  9.92057E-03,  9.85292E-03,  9.78424E-03,  9.71461E-03,  9.64414E-03,  9.57293E-03,
  9.27395E-03,  9.34682E-03,  9.41938E-03,  9.49158E-03,  9.56334E-03,  9.63459E-03,  9.70526E-03,  9.77526E-03,  9.84452E-03,  9.91295E-03,  9.98048E-03,  1.00470E-02,  1.01125E-02,  1.01768E-02,  1.02399E-02,  1.03016E-02,  1.03619E-02,  1.04207E-02,  1.04779E-02,  1.05335E-02,  1.05872E-02,  1.06392E-02,  1.06892E-02,  1.07371E-02,  1.07830E-02,  1.08267E-02,  1.08681E-02,  1.09072E-02,  1.09438E-02,  1.09779E-02,  1.10095E-02,  1.10384E-02,  1.10646E-02,  1.10880E-02,  1.11085E-02,  1.11262E-02,  1.11408E-02,  1.11525E-02,  1.11610E-02,  1.11665E-02,  1.11688E-02,  1.11680E-02,  1.11639E-02,  1.11567E-02,  1.11462E-02,  1.11325E-02,  1.11157E-02,  1.10956E-02,  1.10724E-02,  1.10461E-02,  1.10167E-02,  1.09844E-02,  1.09490E-02,  1.09108E-02,  1.08698E-02,  1.08261E-02,  1.07798E-02,  1.07309E-02,  1.06796E-02,  1.06260E-02,  1.05702E-02,  1.05123E-02,  1.04524E-02,  1.03906E-02,  1.03271E-02,  1.02620E-02,  1.01954E-02,  1.01274E-02,  1.00581E-02,  9.98762E-03,  9.91611E-03,  9.84365E-03,  9.77036E-03,  9.69634E-03,
  9.38324E-03,  9.45866E-03,  9.53380E-03,  9.60859E-03,  9.68296E-03,  9.75684E-03,  9.83014E-03,  9.90278E-03,  9.97469E-03,  1.00458E-02,  1.01159E-02,  1.01851E-02,  1.02532E-02,  1.03201E-02,  1.03857E-02,  1.04500E-02,  1.05128E-02,  1.05741E-02,  1.06338E-02,  1.06917E-02,  1.07478E-02,  1.08021E-02,  1.08543E-02,  1.09044E-02,  1.09524E-02,  1.09981E-02,  1.10415E-02,  1.10824E-02,  1.11208E-02,  1.11566E-02,  1.11898E-02,  1.12202E-02,  1.12477E-02,  1.12724E-02,  1.12941E-02,  1.13127E-02,  1.13283E-02,  1.13407E-02,  1.13499E-02,  1.13558E-02,  1.13584E-02,  1.13577E-02,  1.13537E-02,  1.13463E-02,  1.13355E-02,  1.13213E-02,  1.13038E-02,  1.12829E-02,  1.12587E-02,  1.12313E-02,  1.12006E-02,  1.11668E-02,  1.11299E-02,  1.10899E-02,  1.10470E-02,  1.10013E-02,  1.09528E-02,  1.09017E-02,  1.08480E-02,  1.07920E-02,  1.07336E-02,  1.06731E-02,  1.06105E-02,  1.05460E-02,  1.04797E-02,  1.04117E-02,  1.03421E-02,  1.02712E-02,  1.01989E-02,  1.01255E-02,  1.00510E-02,  9.97560E-03,  9.89935E-03,  9.82237E-03,
  9.49448E-03,  9.57255E-03,  9.65037E-03,  9.72787E-03,  9.80497E-03,  9.88158E-03,  9.95764E-03,  1.00330E-02,  1.01077E-02,  1.01816E-02,  1.02545E-02,  1.03264E-02,  1.03973E-02,  1.04669E-02,  1.05352E-02,  1.06022E-02,  1.06677E-02,  1.07315E-02,  1.07938E-02,  1.08542E-02,  1.09128E-02,  1.09694E-02,  1.10240E-02,  1.10764E-02,  1.11266E-02,  1.11745E-02,  1.12199E-02,  1.12628E-02,  1.13031E-02,  1.13407E-02,  1.13756E-02,  1.14076E-02,  1.14366E-02,  1.14626E-02,  1.14855E-02,  1.15053E-02,  1.15218E-02,  1.15350E-02,  1.15448E-02,  1.15513E-02,  1.15542E-02,  1.15537E-02,  1.15497E-02,  1.15421E-02,  1.15310E-02,  1.15164E-02,  1.14982E-02,  1.14764E-02,  1.14512E-02,  1.14226E-02,  1.13905E-02,  1.13552E-02,  1.13165E-02,  1.12747E-02,  1.12298E-02,  1.11820E-02,  1.11312E-02,  1.10777E-02,  1.10216E-02,  1.09629E-02,  1.09018E-02,  1.08385E-02,  1.07730E-02,  1.07056E-02,  1.06363E-02,  1.05653E-02,  1.04927E-02,  1.04186E-02,  1.03433E-02,  1.02667E-02,  1.01891E-02,  1.01105E-02,  1.00312E-02,  9.95108E-03,
  9.60769E-03,  9.68853E-03,  9.76914E-03,  9.84946E-03,  9.92941E-03,  1.00089E-02,  1.00878E-02,  1.01661E-02,  1.02437E-02,  1.03204E-02,  1.03963E-02,  1.04711E-02,  1.05448E-02,  1.06173E-02,  1.06884E-02,  1.07582E-02,  1.08265E-02,  1.08931E-02,  1.09580E-02,  1.10211E-02,  1.10823E-02,  1.11415E-02,  1.11985E-02,  1.12534E-02,  1.13059E-02,  1.13560E-02,  1.14036E-02,  1.14486E-02,  1.14909E-02,  1.15305E-02,  1.15671E-02,  1.16008E-02,  1.16314E-02,  1.16588E-02,  1.16831E-02,  1.17040E-02,  1.17215E-02,  1.17356E-02,  1.17462E-02,  1.17532E-02,  1.17566E-02,  1.17563E-02,  1.17523E-02,  1.17446E-02,  1.17332E-02,  1.17180E-02,  1.16991E-02,  1.16765E-02,  1.16502E-02,  1.16202E-02,  1.15868E-02,  1.15498E-02,  1.15093E-02,  1.14656E-02,  1.14185E-02,  1.13684E-02,  1.13152E-02,  1.12592E-02,  1.12004E-02,  1.11389E-02,  1.10750E-02,  1.10087E-02,  1.09402E-02,  1.08696E-02,  1.07972E-02,  1.07229E-02,  1.06471E-02,  1.05698E-02,  1.04911E-02,  1.04113E-02,  1.03304E-02,  1.02485E-02,  1.01659E-02,  1.00825E-02,
  9.72291E-03,  9.80662E-03,  9.89015E-03,  9.97342E-03,  1.00563E-02,  1.01388E-02,  1.02207E-02,  1.03021E-02,  1.03827E-02,  1.04624E-02,  1.05413E-02,  1.06191E-02,  1.06959E-02,  1.07713E-02,  1.08455E-02,  1.09182E-02,  1.09894E-02,  1.10589E-02,  1.11267E-02,  1.11926E-02,  1.12565E-02,  1.13183E-02,  1.13780E-02,  1.14354E-02,  1.14904E-02,  1.15429E-02,  1.15928E-02,  1.16401E-02,  1.16845E-02,  1.17260E-02,  1.17646E-02,  1.18001E-02,  1.18324E-02,  1.18614E-02,  1.18870E-02,  1.19092E-02,  1.19279E-02,  1.19430E-02,  1.19543E-02,  1.19620E-02,  1.19658E-02,  1.19658E-02,  1.19618E-02,  1.19540E-02,  1.19422E-02,  1.19265E-02,  1.19069E-02,  1.18833E-02,  1.18559E-02,  1.18246E-02,  1.17896E-02,  1.17509E-02,  1.17085E-02,  1.16627E-02,  1.16134E-02,  1.15608E-02,  1.15051E-02,  1.14464E-02,  1.13847E-02,  1.13203E-02,  1.12533E-02,  1.11839E-02,  1.11121E-02,  1.10383E-02,  1.09625E-02,  1.08848E-02,  1.08056E-02,  1.07248E-02,  1.06426E-02,  1.05593E-02,  1.04749E-02,  1.03896E-02,  1.03035E-02,  1.02168E-02,
  9.84015E-03,  9.92686E-03,  1.00134E-02,  1.00998E-02,  1.01858E-02,  1.02714E-02,  1.03565E-02,  1.04409E-02,  1.05247E-02,  1.06077E-02,  1.06897E-02,  1.07707E-02,  1.08506E-02,  1.09292E-02,  1.10065E-02,  1.10823E-02,  1.11566E-02,  1.12291E-02,  1.12999E-02,  1.13687E-02,  1.14355E-02,  1.15002E-02,  1.15626E-02,  1.16227E-02,  1.16803E-02,  1.17353E-02,  1.17877E-02,  1.18373E-02,  1.18840E-02,  1.19277E-02,  1.19683E-02,  1.20057E-02,  1.20398E-02,  1.20705E-02,  1.20977E-02,  1.21213E-02,  1.21412E-02,  1.21573E-02,  1.21695E-02,  1.21778E-02,  1.21822E-02,  1.21825E-02,  1.21786E-02,  1.21707E-02,  1.21586E-02,  1.21423E-02,  1.21219E-02,  1.20974E-02,  1.20688E-02,  1.20361E-02,  1.19994E-02,  1.19589E-02,  1.19145E-02,  1.18664E-02,  1.18147E-02,  1.17596E-02,  1.17011E-02,  1.16395E-02,  1.15748E-02,  1.15073E-02,  1.14370E-02,  1.13642E-02,  1.12891E-02,  1.12117E-02,  1.11323E-02,  1.10511E-02,  1.09682E-02,  1.08837E-02,  1.07979E-02,  1.07109E-02,  1.06229E-02,  1.05339E-02,  1.04442E-02,  1.03538E-02,
  9.95944E-03,  1.00493E-02,  1.01390E-02,  1.02286E-02,  1.03178E-02,  1.04067E-02,  1.04951E-02,  1.05828E-02,  1.06699E-02,  1.07562E-02,  1.08416E-02,  1.09259E-02,  1.10091E-02,  1.10911E-02,  1.11717E-02,  1.12507E-02,  1.13282E-02,  1.14039E-02,  1.14778E-02,  1.15497E-02,  1.16196E-02,  1.16872E-02,  1.17525E-02,  1.18155E-02,  1.18758E-02,  1.19336E-02,  1.19885E-02,  1.20406E-02,  1.20897E-02,  1.21357E-02,  1.21785E-02,  1.22180E-02,  1.22540E-02,  1.22865E-02,  1.23153E-02,  1.23404E-02,  1.23616E-02,  1.23789E-02,  1.23921E-02,  1.24012E-02,  1.24061E-02,  1.24068E-02,  1.24031E-02,  1.23951E-02,  1.23826E-02,  1.23658E-02,  1.23446E-02,  1.23191E-02,  1.22892E-02,  1.22550E-02,  1.22166E-02,  1.21741E-02,  1.21276E-02,  1.20771E-02,  1.20229E-02,  1.19650E-02,  1.19036E-02,  1.18389E-02,  1.17710E-02,  1.17001E-02,  1.16264E-02,  1.15500E-02,  1.14712E-02,  1.13901E-02,  1.13069E-02,  1.12219E-02,  1.11351E-02,  1.10468E-02,  1.09571E-02,  1.08662E-02,  1.07743E-02,  1.06815E-02,  1.05879E-02,  1.04938E-02,
  1.00808E-02,  1.01739E-02,  1.02670E-02,  1.03598E-02,  1.04525E-02,  1.05448E-02,  1.06366E-02,  1.07278E-02,  1.08184E-02,  1.09082E-02,  1.09971E-02,  1.10849E-02,  1.11716E-02,  1.12570E-02,  1.13410E-02,  1.14235E-02,  1.15043E-02,  1.15834E-02,  1.16606E-02,  1.17358E-02,  1.18088E-02,  1.18796E-02,  1.19480E-02,  1.20139E-02,  1.20772E-02,  1.21378E-02,  1.21955E-02,  1.22503E-02,  1.23019E-02,  1.23504E-02,  1.23955E-02,  1.24372E-02,  1.24753E-02,  1.25097E-02,  1.25403E-02,  1.25670E-02,  1.25897E-02,  1.26082E-02,  1.26225E-02,  1.26325E-02,  1.26380E-02,  1.26391E-02,  1.26356E-02,  1.26275E-02,  1.26148E-02,  1.25974E-02,  1.25754E-02,  1.25488E-02,  1.25175E-02,  1.24818E-02,  1.24416E-02,  1.23970E-02,  1.23481E-02,  1.22951E-02,  1.22382E-02,  1.21773E-02,  1.21128E-02,  1.20448E-02,  1.19735E-02,  1.18990E-02,  1.18216E-02,  1.17414E-02,  1.16587E-02,  1.15737E-02,  1.14865E-02,  1.13973E-02,  1.13065E-02,  1.12140E-02,  1.11202E-02,  1.10252E-02,  1.09292E-02,  1.08324E-02,  1.07348E-02,  1.06367E-02,
  1.02043E-02,  1.03008E-02,  1.03973E-02,  1.04936E-02,  1.05898E-02,  1.06857E-02,  1.07811E-02,  1.08760E-02,  1.09702E-02,  1.10636E-02,  1.11562E-02,  1.12477E-02,  1.13380E-02,  1.14271E-02,  1.15147E-02,  1.16008E-02,  1.16852E-02,  1.17678E-02,  1.18485E-02,  1.19271E-02,  1.20035E-02,  1.20776E-02,  1.21492E-02,  1.22183E-02,  1.22847E-02,  1.23483E-02,  1.24089E-02,  1.24665E-02,  1.25208E-02,  1.25719E-02,  1.26195E-02,  1.26636E-02,  1.27039E-02,  1.27404E-02,  1.27730E-02,  1.28014E-02,  1.28257E-02,  1.28456E-02,  1.28611E-02,  1.28720E-02,  1.28783E-02,  1.28798E-02,  1.28766E-02,  1.28685E-02,  1.28555E-02,  1.28375E-02,  1.28147E-02,  1.27869E-02,  1.27543E-02,  1.27168E-02,  1.26747E-02,  1.26279E-02,  1.25765E-02,  1.25209E-02,  1.24609E-02,  1.23970E-02,  1.23291E-02,  1.22576E-02,  1.21826E-02,  1.21043E-02,  1.20229E-02,  1.19387E-02,  1.18518E-02,  1.17625E-02,  1.16711E-02,  1.15776E-02,  1.14824E-02,  1.13856E-02,  1.12875E-02,  1.11881E-02,  1.10878E-02,  1.09866E-02,  1.08848E-02,  1.07826E-02,
  1.03298E-02,  1.04299E-02,  1.05300E-02,  1.06300E-02,  1.07299E-02,  1.08295E-02,  1.09287E-02,  1.10274E-02,  1.11254E-02,  1.12227E-02,  1.13191E-02,  1.14144E-02,  1.15086E-02,  1.16015E-02,  1.16930E-02,  1.17828E-02,  1.18710E-02,  1.19573E-02,  1.20416E-02,  1.21239E-02,  1.22038E-02,  1.22814E-02,  1.23564E-02,  1.24289E-02,  1.24985E-02,  1.25653E-02,  1.26290E-02,  1.26895E-02,  1.27468E-02,  1.28006E-02,  1.28509E-02,  1.28975E-02,  1.29402E-02,  1.29790E-02,  1.30136E-02,  1.30440E-02,  1.30700E-02,  1.30915E-02,  1.31083E-02,  1.31203E-02,  1.31274E-02,  1.31295E-02,  1.31266E-02,  1.31185E-02,  1.31052E-02,  1.30867E-02,  1.30629E-02,  1.30340E-02,  1.29999E-02,  1.29606E-02,  1.29164E-02,  1.28672E-02,  1.28133E-02,  1.27547E-02,  1.26917E-02,  1.26243E-02,  1.25529E-02,  1.24776E-02,  1.23986E-02,  1.23162E-02,  1.22306E-02,  1.21420E-02,  1.20508E-02,  1.19570E-02,  1.18610E-02,  1.17629E-02,  1.16631E-02,  1.15617E-02,  1.14589E-02,  1.13550E-02,  1.12501E-02,  1.11444E-02,  1.10381E-02,  1.09315E-02,
  1.04575E-02,  1.05613E-02,  1.06651E-02,  1.07690E-02,  1.08727E-02,  1.09762E-02,  1.10794E-02,  1.11820E-02,  1.12841E-02,  1.13854E-02,  1.14859E-02,  1.15853E-02,  1.16835E-02,  1.17804E-02,  1.18759E-02,  1.19697E-02,  1.20618E-02,  1.21521E-02,  1.22402E-02,  1.23262E-02,  1.24099E-02,  1.24912E-02,  1.25699E-02,  1.26458E-02,  1.27189E-02,  1.27890E-02,  1.28560E-02,  1.29197E-02,  1.29801E-02,  1.30369E-02,  1.30900E-02,  1.31393E-02,  1.31846E-02,  1.32258E-02,  1.32628E-02,  1.32953E-02,  1.33231E-02,  1.33463E-02,  1.33645E-02,  1.33778E-02,  1.33858E-02,  1.33886E-02,  1.33860E-02,  1.33780E-02,  1.33645E-02,  1.33454E-02,  1.33207E-02,  1.32906E-02,  1.32549E-02,  1.32138E-02,  1.31673E-02,  1.31156E-02,  1.30588E-02,  1.29971E-02,  1.29307E-02,  1.28598E-02,  1.27845E-02,  1.27051E-02,  1.26219E-02,  1.25351E-02,  1.24450E-02,  1.23518E-02,  1.22558E-02,  1.21572E-02,  1.20563E-02,  1.19534E-02,  1.18486E-02,  1.17423E-02,  1.16346E-02,  1.15258E-02,  1.14161E-02,  1.13057E-02,  1.11947E-02,  1.10834E-02,
  1.05874E-02,  1.06950E-02,  1.08028E-02,  1.09106E-02,  1.10184E-02,  1.11260E-02,  1.12333E-02,  1.13401E-02,  1.14464E-02,  1.15519E-02,  1.16566E-02,  1.17603E-02,  1.18628E-02,  1.19639E-02,  1.20636E-02,  1.21616E-02,  1.22579E-02,  1.23522E-02,  1.24445E-02,  1.25345E-02,  1.26221E-02,  1.27073E-02,  1.27897E-02,  1.28694E-02,  1.29461E-02,  1.30198E-02,  1.30903E-02,  1.31574E-02,  1.32210E-02,  1.32810E-02,  1.33372E-02,  1.33894E-02,  1.34375E-02,  1.34814E-02,  1.35208E-02,  1.35555E-02,  1.35855E-02,  1.36105E-02,  1.36304E-02,  1.36450E-02,  1.36541E-02,  1.36577E-02,  1.36556E-02,  1.36477E-02,  1.36339E-02,  1.36142E-02,  1.35887E-02,  1.35572E-02,  1.35198E-02,  1.34767E-02,  1.34279E-02,  1.33735E-02,  1.33137E-02,  1.32486E-02,  1.31786E-02,  1.31037E-02,  1.30243E-02,  1.29406E-02,  1.28529E-02,  1.27614E-02,  1.26664E-02,  1.25682E-02,  1.24671E-02,  1.23634E-02,  1.22573E-02,  1.21492E-02,  1.20392E-02,  1.19276E-02,  1.18148E-02,  1.17008E-02,  1.15860E-02,  1.14706E-02,  1.13546E-02,  1.12385E-02,
  1.07194E-02,  1.08310E-02,  1.09429E-02,  1.10549E-02,  1.11669E-02,  1.12788E-02,  1.13904E-02,  1.15017E-02,  1.16124E-02,  1.17223E-02,  1.18315E-02,  1.19396E-02,  1.20466E-02,  1.21522E-02,  1.22563E-02,  1.23588E-02,  1.24594E-02,  1.25581E-02,  1.26546E-02,  1.27488E-02,  1.28406E-02,  1.29298E-02,  1.30163E-02,  1.30999E-02,  1.31805E-02,  1.32580E-02,  1.33321E-02,  1.34028E-02,  1.34699E-02,  1.35333E-02,  1.35927E-02,  1.36481E-02,  1.36992E-02,  1.37459E-02,  1.37880E-02,  1.38253E-02,  1.38576E-02,  1.38847E-02,  1.39064E-02,  1.39225E-02,  1.39328E-02,  1.39373E-02,  1.39358E-02,  1.39281E-02,  1.39141E-02,  1.38939E-02,  1.38674E-02,  1.38345E-02,  1.37954E-02,  1.37501E-02,  1.36987E-02,  1.36414E-02,  1.35784E-02,  1.35097E-02,  1.34358E-02,  1.33567E-02,  1.32729E-02,  1.31845E-02,  1.30918E-02,  1.29953E-02,  1.28951E-02,  1.27915E-02,  1.26850E-02,  1.25758E-02,  1.24642E-02,  1.23504E-02,  1.22349E-02,  1.21178E-02,  1.19995E-02,  1.18800E-02,  1.17598E-02,  1.16391E-02,  1.15179E-02,  1.13966E-02,
  1.08535E-02,  1.09693E-02,  1.10855E-02,  1.12019E-02,  1.13183E-02,  1.14347E-02,  1.15509E-02,  1.16667E-02,  1.17821E-02,  1.18967E-02,  1.20106E-02,  1.21234E-02,  1.22351E-02,  1.23454E-02,  1.24542E-02,  1.25613E-02,  1.26666E-02,  1.27698E-02,  1.28708E-02,  1.29695E-02,  1.30657E-02,  1.31592E-02,  1.32499E-02,  1.33377E-02,  1.34223E-02,  1.35038E-02,  1.35818E-02,  1.36563E-02,  1.37271E-02,  1.37941E-02,  1.38571E-02,  1.39159E-02,  1.39703E-02,  1.40201E-02,  1.40651E-02,  1.41052E-02,  1.41400E-02,  1.41693E-02,  1.41931E-02,  1.42109E-02,  1.42227E-02,  1.42282E-02,  1.42273E-02,  1.42199E-02,  1.42058E-02,  1.41851E-02,  1.41575E-02,  1.41232E-02,  1.40823E-02,  1.40347E-02,  1.39806E-02,  1.39201E-02,  1.38535E-02,  1.37810E-02,  1.37028E-02,  1.36192E-02,  1.35306E-02,  1.34371E-02,  1.33392E-02,  1.32372E-02,  1.31313E-02,  1.30221E-02,  1.29097E-02,  1.27946E-02,  1.26771E-02,  1.25574E-02,  1.24359E-02,  1.23130E-02,  1.21887E-02,  1.20635E-02,  1.19376E-02,  1.18112E-02,  1.16846E-02,  1.15579E-02,
  1.09898E-02,  1.11100E-02,  1.12307E-02,  1.13516E-02,  1.14727E-02,  1.15938E-02,  1.17148E-02,  1.18354E-02,  1.19557E-02,  1.20753E-02,  1.21940E-02,  1.23118E-02,  1.24285E-02,  1.25437E-02,  1.26575E-02,  1.27695E-02,  1.28796E-02,  1.29877E-02,  1.30935E-02,  1.31968E-02,  1.32976E-02,  1.33957E-02,  1.34909E-02,  1.35830E-02,  1.36720E-02,  1.37576E-02,  1.38398E-02,  1.39183E-02,  1.39931E-02,  1.40640E-02,  1.41307E-02,  1.41932E-02,  1.42511E-02,  1.43043E-02,  1.43525E-02,  1.43956E-02,  1.44332E-02,  1.44652E-02,  1.44911E-02,  1.45109E-02,  1.45243E-02,  1.45311E-02,  1.45310E-02,  1.45240E-02,  1.45098E-02,  1.44885E-02,  1.44599E-02,  1.44242E-02,  1.43812E-02,  1.43311E-02,  1.42741E-02,  1.42102E-02,  1.41398E-02,  1.40631E-02,  1.39803E-02,  1.38918E-02,  1.37979E-02,  1.36990E-02,  1.35954E-02,  1.34875E-02,  1.33756E-02,  1.32602E-02,  1.31416E-02,  1.30201E-02,  1.28962E-02,  1.27702E-02,  1.26424E-02,  1.25132E-02,  1.23827E-02,  1.22514E-02,  1.21194E-02,  1.19871E-02,  1.18547E-02,  1.17223E-02,
  1.11283E-02,  1.12530E-02,  1.13784E-02,  1.15041E-02,  1.16300E-02,  1.17561E-02,  1.18821E-02,  1.20078E-02,  1.21332E-02,  1.22580E-02,  1.23820E-02,  1.25050E-02,  1.26269E-02,  1.27474E-02,  1.28663E-02,  1.29835E-02,  1.30988E-02,  1.32119E-02,  1.33227E-02,  1.34310E-02,  1.35367E-02,  1.36395E-02,  1.37394E-02,  1.38362E-02,  1.39297E-02,  1.40198E-02,  1.41064E-02,  1.41893E-02,  1.42683E-02,  1.43433E-02,  1.44141E-02,  1.44804E-02,  1.45422E-02,  1.45991E-02,  1.46509E-02,  1.46973E-02,  1.47380E-02,  1.47728E-02,  1.48013E-02,  1.48234E-02,  1.48386E-02,  1.48468E-02,  1.48477E-02,  1.48411E-02,  1.48270E-02,  1.48051E-02,  1.47755E-02,  1.47381E-02,  1.46930E-02,  1.46402E-02,  1.45800E-02,  1.45125E-02,  1.44380E-02,  1.43567E-02,  1.42689E-02,  1.41751E-02,  1.40755E-02,  1.39707E-02,  1.38609E-02,  1.37466E-02,  1.36282E-02,  1.35061E-02,  1.33808E-02,  1.32526E-02,  1.31219E-02,  1.29891E-02,  1.28545E-02,  1.27186E-02,  1.25815E-02,  1.24437E-02,  1.23053E-02,  1.21667E-02,  1.20282E-02,  1.18898E-02,
  1.12688E-02,  1.13984E-02,  1.15286E-02,  1.16593E-02,  1.17904E-02,  1.19216E-02,  1.20529E-02,  1.21840E-02,  1.23148E-02,  1.24450E-02,  1.25745E-02,  1.27031E-02,  1.28305E-02,  1.29565E-02,  1.30809E-02,  1.32036E-02,  1.33243E-02,  1.34428E-02,  1.35589E-02,  1.36724E-02,  1.37832E-02,  1.38911E-02,  1.39960E-02,  1.40977E-02,  1.41960E-02,  1.42908E-02,  1.43820E-02,  1.44695E-02,  1.45530E-02,  1.46325E-02,  1.47076E-02,  1.47783E-02,  1.48442E-02,  1.49051E-02,  1.49608E-02,  1.50109E-02,  1.50551E-02,  1.50931E-02,  1.51245E-02,  1.51490E-02,  1.51663E-02,  1.51762E-02,  1.51782E-02,  1.51723E-02,  1.51582E-02,  1.51359E-02,  1.51051E-02,  1.50660E-02,  1.50186E-02,  1.49630E-02,  1.48993E-02,  1.48278E-02,  1.47487E-02,  1.46624E-02,  1.45693E-02,  1.44696E-02,  1.43639E-02,  1.42526E-02,  1.41361E-02,  1.40149E-02,  1.38895E-02,  1.37602E-02,  1.36276E-02,  1.34921E-02,  1.33541E-02,  1.32141E-02,  1.30723E-02,  1.29292E-02,  1.27852E-02,  1.26404E-02,  1.24953E-02,  1.23501E-02,  1.22051E-02,  1.20604E-02,
  1.14116E-02,  1.15461E-02,  1.16814E-02,  1.18174E-02,  1.19538E-02,  1.20905E-02,  1.22273E-02,  1.23641E-02,  1.25005E-02,  1.26365E-02,  1.27718E-02,  1.29062E-02,  1.30394E-02,  1.31713E-02,  1.33016E-02,  1.34300E-02,  1.35564E-02,  1.36806E-02,  1.38023E-02,  1.39214E-02,  1.40376E-02,  1.41509E-02,  1.42610E-02,  1.43678E-02,  1.44712E-02,  1.45711E-02,  1.46672E-02,  1.47596E-02,  1.48479E-02,  1.49321E-02,  1.50119E-02,  1.50872E-02,  1.51577E-02,  1.52230E-02,  1.52830E-02,  1.53372E-02,  1.53852E-02,  1.54268E-02,  1.54615E-02,  1.54889E-02,  1.55086E-02,  1.55203E-02,  1.55238E-02,  1.55186E-02,  1.55047E-02,  1.54819E-02,  1.54500E-02,  1.54090E-02,  1.53591E-02,  1.53003E-02,  1.52329E-02,  1.51570E-02,  1.50730E-02,  1.49813E-02,  1.48822E-02,  1.47762E-02,  1.46638E-02,  1.45454E-02,  1.44217E-02,  1.42930E-02,  1.41599E-02,  1.40229E-02,  1.38824E-02,  1.37391E-02,  1.35933E-02,  1.34454E-02,  1.32960E-02,  1.31453E-02,  1.29938E-02,  1.28417E-02,  1.26894E-02,  1.25372E-02,  1.23854E-02,  1.22341E-02,
  1.15564E-02,  1.16961E-02,  1.18368E-02,  1.19783E-02,  1.21203E-02,  1.22627E-02,  1.24054E-02,  1.25480E-02,  1.26905E-02,  1.28326E-02,  1.29740E-02,  1.31146E-02,  1.32540E-02,  1.33920E-02,  1.35285E-02,  1.36631E-02,  1.37956E-02,  1.39257E-02,  1.40534E-02,  1.41783E-02,  1.43003E-02,  1.44192E-02,  1.45348E-02,  1.46471E-02,  1.47559E-02,  1.48610E-02,  1.49624E-02,  1.50600E-02,  1.51535E-02,  1.52428E-02,  1.53277E-02,  1.54080E-02,  1.54834E-02,  1.55536E-02,  1.56183E-02,  1.56770E-02,  1.57294E-02,  1.57750E-02,  1.58134E-02,  1.58440E-02,  1.58665E-02,  1.58805E-02,  1.58855E-02,  1.58813E-02,  1.58677E-02,  1.58443E-02,  1.58112E-02,  1.57683E-02,  1.57157E-02,  1.56535E-02,  1.55819E-02,  1.55012E-02,  1.54118E-02,  1.53140E-02,  1.52084E-02,  1.50955E-02,  1.49757E-02,  1.48497E-02,  1.47180E-02,  1.45811E-02,  1.44397E-02,  1.42944E-02,  1.41455E-02,  1.39937E-02,  1.38395E-02,  1.36833E-02,  1.35256E-02,  1.33668E-02,  1.32073E-02,  1.30475E-02,  1.28876E-02,  1.27281E-02,  1.25690E-02,  1.24108E-02,
  1.17032E-02,  1.18485E-02,  1.19947E-02,  1.21419E-02,  1.22898E-02,  1.24383E-02,  1.25871E-02,  1.27360E-02,  1.28848E-02,  1.30333E-02,  1.31813E-02,  1.33284E-02,  1.34743E-02,  1.36189E-02,  1.37619E-02,  1.39030E-02,  1.40419E-02,  1.41785E-02,  1.43124E-02,  1.44435E-02,  1.45716E-02,  1.46965E-02,  1.48180E-02,  1.49361E-02,  1.50505E-02,  1.51613E-02,  1.52683E-02,  1.53713E-02,  1.54703E-02,  1.55651E-02,  1.56555E-02,  1.57413E-02,  1.58221E-02,  1.58977E-02,  1.59677E-02,  1.60315E-02,  1.60887E-02,  1.61389E-02,  1.61814E-02,  1.62158E-02,  1.62415E-02,  1.62580E-02,  1.62649E-02,  1.62619E-02,  1.62485E-02,  1.62247E-02,  1.61903E-02,  1.61453E-02,  1.60897E-02,  1.60236E-02,  1.59474E-02,  1.58614E-02,  1.57660E-02,  1.56617E-02,  1.55489E-02,  1.54283E-02,  1.53005E-02,  1.51661E-02,  1.50257E-02,  1.48800E-02,  1.47296E-02,  1.45751E-02,  1.44171E-02,  1.42562E-02,  1.40929E-02,  1.39278E-02,  1.37613E-02,  1.35939E-02,  1.34259E-02,  1.32579E-02,  1.30900E-02,  1.29226E-02,  1.27560E-02,  1.25905E-02,
  1.18521E-02,  1.20030E-02,  1.21552E-02,  1.23084E-02,  1.24625E-02,  1.26173E-02,  1.27725E-02,  1.29281E-02,  1.30836E-02,  1.32389E-02,  1.33937E-02,  1.35477E-02,  1.37007E-02,  1.38523E-02,  1.40022E-02,  1.41502E-02,  1.42960E-02,  1.44393E-02,  1.45799E-02,  1.47176E-02,  1.48521E-02,  1.49833E-02,  1.51111E-02,  1.52353E-02,  1.53558E-02,  1.54725E-02,  1.55854E-02,  1.56943E-02,  1.57992E-02,  1.59000E-02,  1.59963E-02,  1.60881E-02,  1.61749E-02,  1.62564E-02,  1.63322E-02,  1.64017E-02,  1.64644E-02,  1.65198E-02,  1.65670E-02,  1.66056E-02,  1.66349E-02,  1.66544E-02,  1.66635E-02,  1.66618E-02,  1.66490E-02,  1.66247E-02,  1.65889E-02,  1.65414E-02,  1.64825E-02,  1.64122E-02,  1.63310E-02,  1.62391E-02,  1.61370E-02,  1.60253E-02,  1.59046E-02,  1.57756E-02,  1.56389E-02,  1.54952E-02,  1.53454E-02,  1.51899E-02,  1.50297E-02,  1.48653E-02,  1.46975E-02,  1.45268E-02,  1.43538E-02,  1.41791E-02,  1.40032E-02,  1.38265E-02,  1.36496E-02,  1.34727E-02,  1.32963E-02,  1.31207E-02,  1.29462E-02,  1.27730E-02,
  1.20030E-02,  1.21598E-02,  1.23181E-02,  1.24776E-02,  1.26382E-02,  1.27997E-02,  1.29618E-02,  1.31243E-02,  1.32869E-02,  1.34494E-02,  1.36115E-02,  1.37729E-02,  1.39333E-02,  1.40923E-02,  1.42496E-02,  1.44050E-02,  1.45581E-02,  1.47086E-02,  1.48564E-02,  1.50010E-02,  1.51424E-02,  1.52803E-02,  1.54147E-02,  1.55454E-02,  1.56723E-02,  1.57953E-02,  1.59145E-02,  1.60298E-02,  1.61411E-02,  1.62482E-02,  1.63510E-02,  1.64493E-02,  1.65427E-02,  1.66308E-02,  1.67132E-02,  1.67891E-02,  1.68580E-02,  1.69192E-02,  1.69719E-02,  1.70153E-02,  1.70488E-02,  1.70717E-02,  1.70833E-02,  1.70832E-02,  1.70709E-02,  1.70461E-02,  1.70087E-02,  1.69586E-02,  1.68959E-02,  1.68209E-02,  1.67339E-02,  1.66354E-02,  1.65259E-02,  1.64061E-02,  1.62766E-02,  1.61382E-02,  1.59917E-02,  1.58379E-02,  1.56776E-02,  1.55116E-02,  1.53406E-02,  1.51655E-02,  1.49870E-02,  1.48056E-02,  1.46222E-02,  1.44372E-02,  1.42512E-02,  1.40647E-02,  1.38782E-02,  1.36921E-02,  1.35067E-02,  1.33224E-02,  1.31395E-02,  1.29583E-02,
  1.21557E-02,  1.23187E-02,  1.24834E-02,  1.26496E-02,  1.28170E-02,  1.29855E-02,  1.31548E-02,  1.33247E-02,  1.34948E-02,  1.36650E-02,  1.38349E-02,  1.40041E-02,  1.41723E-02,  1.43393E-02,  1.45045E-02,  1.46678E-02,  1.48287E-02,  1.49870E-02,  1.51423E-02,  1.52944E-02,  1.54431E-02,  1.55882E-02,  1.57296E-02,  1.58672E-02,  1.60009E-02,  1.61307E-02,  1.62566E-02,  1.63787E-02,  1.64968E-02,  1.66109E-02,  1.67208E-02,  1.68263E-02,  1.69270E-02,  1.70225E-02,  1.71122E-02,  1.71954E-02,  1.72713E-02,  1.73392E-02,  1.73981E-02,  1.74471E-02,  1.74854E-02,  1.75121E-02,  1.75266E-02,  1.75283E-02,  1.75166E-02,  1.74912E-02,  1.74520E-02,  1.73988E-02,  1.73319E-02,  1.72516E-02,  1.71581E-02,  1.70521E-02,  1.69342E-02,  1.68053E-02,  1.66659E-02,  1.65171E-02,  1.63598E-02,  1.61948E-02,  1.60230E-02,  1.58454E-02,  1.56628E-02,  1.54760E-02,  1.52858E-02,  1.50930E-02,  1.48983E-02,  1.47022E-02,  1.45055E-02,  1.43085E-02,  1.41118E-02,  1.39159E-02,  1.37210E-02,  1.35276E-02,  1.33359E-02,  1.31461E-02,
  1.23102E-02,  1.24797E-02,  1.26512E-02,  1.28243E-02,  1.29989E-02,  1.31747E-02,  1.33516E-02,  1.35293E-02,  1.37075E-02,  1.38858E-02,  1.40639E-02,  1.42415E-02,  1.44182E-02,  1.45936E-02,  1.47673E-02,  1.49390E-02,  1.51083E-02,  1.52749E-02,  1.54383E-02,  1.55984E-02,  1.57550E-02,  1.59077E-02,  1.60566E-02,  1.62016E-02,  1.63426E-02,  1.64796E-02,  1.66128E-02,  1.67421E-02,  1.68676E-02,  1.69893E-02,  1.71069E-02,  1.72204E-02,  1.73293E-02,  1.74331E-02,  1.75311E-02,  1.76226E-02,  1.77066E-02,  1.77821E-02,  1.78480E-02,  1.79034E-02,  1.79472E-02,  1.79783E-02,  1.79961E-02,  1.79997E-02,  1.79887E-02,  1.79626E-02,  1.79212E-02,  1.78645E-02,  1.77927E-02,  1.77062E-02,  1.76053E-02,  1.74909E-02,  1.73636E-02,  1.72243E-02,  1.70739E-02,  1.69135E-02,  1.67441E-02,  1.65667E-02,  1.63823E-02,  1.61919E-02,  1.59965E-02,  1.57970E-02,  1.55942E-02,  1.53891E-02,  1.51822E-02,  1.49743E-02,  1.47660E-02,  1.45578E-02,  1.43503E-02,  1.41440E-02,  1.39391E-02,  1.37360E-02,  1.35350E-02,  1.33365E-02,
  1.24664E-02,  1.26427E-02,  1.28212E-02,  1.30015E-02,  1.31837E-02,  1.33674E-02,  1.35523E-02,  1.37382E-02,  1.39248E-02,  1.41118E-02,  1.42987E-02,  1.44853E-02,  1.46710E-02,  1.48555E-02,  1.50384E-02,  1.52192E-02,  1.53975E-02,  1.55729E-02,  1.57452E-02,  1.59139E-02,  1.60789E-02,  1.62399E-02,  1.63968E-02,  1.65497E-02,  1.66985E-02,  1.68433E-02,  1.69842E-02,  1.71214E-02,  1.72550E-02,  1.73850E-02,  1.75113E-02,  1.76337E-02,  1.77517E-02,  1.78649E-02,  1.79724E-02,  1.80734E-02,  1.81666E-02,  1.82508E-02,  1.83249E-02,  1.83876E-02,  1.84375E-02,  1.84737E-02,  1.84951E-02,  1.85009E-02,  1.84904E-02,  1.84633E-02,  1.84193E-02,  1.83584E-02,  1.82809E-02,  1.81871E-02,  1.80778E-02,  1.79537E-02,  1.78156E-02,  1.76647E-02,  1.75019E-02,  1.73285E-02,  1.71456E-02,  1.69544E-02,  1.67561E-02,  1.65517E-02,  1.63423E-02,  1.61289E-02,  1.59125E-02,  1.56939E-02,  1.54739E-02,  1.52533E-02,  1.50326E-02,  1.48126E-02,  1.45936E-02,  1.43762E-02,  1.41607E-02,  1.39475E-02,  1.37369E-02,  1.35290E-02,
  1.26242E-02,  1.28075E-02,  1.29933E-02,  1.31814E-02,  1.33714E-02,  1.35633E-02,  1.37568E-02,  1.39514E-02,  1.41471E-02,  1.43432E-02,  1.45396E-02,  1.47357E-02,  1.49311E-02,  1.51254E-02,  1.53181E-02,  1.55087E-02,  1.56968E-02,  1.58819E-02,  1.60636E-02,  1.62417E-02,  1.64158E-02,  1.65857E-02,  1.67514E-02,  1.69128E-02,  1.70700E-02,  1.72232E-02,  1.73726E-02,  1.75184E-02,  1.76608E-02,  1.78000E-02,  1.79359E-02,  1.80683E-02,  1.81968E-02,  1.83207E-02,  1.84392E-02,  1.85509E-02,  1.86548E-02,  1.87491E-02,  1.88326E-02,  1.89035E-02,  1.89605E-02,  1.90023E-02,  1.90276E-02,  1.90356E-02,  1.90255E-02,  1.89969E-02,  1.89496E-02,  1.88837E-02,  1.87993E-02,  1.86972E-02,  1.85780E-02,  1.84427E-02,  1.82923E-02,  1.81281E-02,  1.79513E-02,  1.77633E-02,  1.75654E-02,  1.73588E-02,  1.71450E-02,  1.69251E-02,  1.67004E-02,  1.64719E-02,  1.62406E-02,  1.60075E-02,  1.57734E-02,  1.55392E-02,  1.53054E-02,  1.50726E-02,  1.48415E-02,  1.46124E-02,  1.43857E-02,  1.41619E-02,  1.39411E-02,  1.37236E-02,
  1.27834E-02,  1.29741E-02,  1.31676E-02,  1.33636E-02,  1.35620E-02,  1.37626E-02,  1.39650E-02,  1.41689E-02,  1.43741E-02,  1.45801E-02,  1.47865E-02,  1.49929E-02,  1.51988E-02,  1.54036E-02,  1.56070E-02,  1.58082E-02,  1.60069E-02,  1.62025E-02,  1.63946E-02,  1.65829E-02,  1.67669E-02,  1.69465E-02,  1.71217E-02,  1.72924E-02,  1.74588E-02,  1.76212E-02,  1.77798E-02,  1.79351E-02,  1.80873E-02,  1.82368E-02,  1.83835E-02,  1.85273E-02,  1.86678E-02,  1.88041E-02,  1.89352E-02,  1.90596E-02,  1.91757E-02,  1.92818E-02,  1.93759E-02,  1.94563E-02,  1.95212E-02,  1.95691E-02,  1.95987E-02,  1.96088E-02,  1.95987E-02,  1.95680E-02,  1.95164E-02,  1.94441E-02,  1.93516E-02,  1.92394E-02,  1.91086E-02,  1.89603E-02,  1.87958E-02,  1.86164E-02,  1.84237E-02,  1.82192E-02,  1.80043E-02,  1.77807E-02,  1.75498E-02,  1.73128E-02,  1.70712E-02,  1.68262E-02,  1.65788E-02,  1.63300E-02,  1.60808E-02,  1.58319E-02,  1.55840E-02,  1.53377E-02,  1.50937E-02,  1.48523E-02,  1.46139E-02,  1.43789E-02,  1.41475E-02,  1.39199E-02,
  1.29438E-02,  1.31422E-02,  1.33437E-02,  1.35481E-02,  1.37553E-02,  1.39650E-02,  1.41769E-02,  1.43907E-02,  1.46060E-02,  1.48225E-02,  1.50397E-02,  1.52572E-02,  1.54743E-02,  1.56906E-02,  1.59055E-02,  1.61183E-02,  1.63286E-02,  1.65357E-02,  1.67392E-02,  1.69386E-02,  1.71335E-02,  1.73239E-02,  1.75095E-02,  1.76904E-02,  1.78669E-02,  1.80394E-02,  1.82083E-02,  1.83741E-02,  1.85373E-02,  1.86984E-02,  1.88575E-02,  1.90145E-02,  1.91689E-02,  1.93196E-02,  1.94655E-02,  1.96047E-02,  1.97352E-02,  1.98548E-02,  1.99613E-02,  2.00524E-02,  2.01261E-02,  2.01806E-02,  2.02143E-02,  2.02262E-02,  2.02154E-02,  2.01815E-02,  2.01243E-02,  2.00441E-02,  1.99415E-02,  1.98174E-02,  1.96729E-02,  1.95093E-02,  1.93283E-02,  1.91315E-02,  1.89206E-02,  1.86974E-02,  1.84636E-02,  1.82208E-02,  1.79709E-02,  1.77151E-02,  1.74551E-02,  1.71920E-02,  1.69270E-02,  1.66613E-02,  1.63957E-02,  1.61312E-02,  1.58683E-02,  1.56077E-02,  1.53500E-02,  1.50956E-02,  1.48449E-02,  1.45982E-02,  1.43557E-02,  1.41177E-02,
  1.31053E-02,  1.33116E-02,  1.35215E-02,  1.37347E-02,  1.39511E-02,  1.41704E-02,  1.43923E-02,  1.46166E-02,  1.48427E-02,  1.50705E-02,  1.52993E-02,  1.55286E-02,  1.57579E-02,  1.59866E-02,  1.62141E-02,  1.64396E-02,  1.66626E-02,  1.68824E-02,  1.70984E-02,  1.73102E-02,  1.75173E-02,  1.77195E-02,  1.79167E-02,  1.81090E-02,  1.82968E-02,  1.84806E-02,  1.86610E-02,  1.88387E-02,  1.90145E-02,  1.91890E-02,  1.93624E-02,  1.95348E-02,  1.97055E-02,  1.98734E-02,  2.00367E-02,  2.01934E-02,  2.03408E-02,  2.04762E-02,  2.05968E-02,  2.06999E-02,  2.07832E-02,  2.08446E-02,  2.08823E-02,  2.08953E-02,  2.08826E-02,  2.08438E-02,  2.07791E-02,  2.06888E-02,  2.05737E-02,  2.04350E-02,  2.02741E-02,  2.00926E-02,  1.98924E-02,  1.96755E-02,  1.94437E-02,  1.91993E-02,  1.89441E-02,  1.86800E-02,  1.84088E-02,  1.81323E-02,  1.78520E-02,  1.75692E-02,  1.72853E-02,  1.70012E-02,  1.67181E-02,  1.64368E-02,  1.61579E-02,  1.58822E-02,  1.56100E-02,  1.53420E-02,  1.50784E-02,  1.48194E-02,  1.45654E-02,  1.43165E-02,
  1.32675E-02,  1.34822E-02,  1.37008E-02,  1.39232E-02,  1.41492E-02,  1.43786E-02,  1.46111E-02,  1.48465E-02,  1.50842E-02,  1.53239E-02,  1.55652E-02,  1.58073E-02,  1.60499E-02,  1.62921E-02,  1.65332E-02,  1.67727E-02,  1.70097E-02,  1.72436E-02,  1.74736E-02,  1.76991E-02,  1.79199E-02,  1.81354E-02,  1.83457E-02,  1.85510E-02,  1.87516E-02,  1.89482E-02,  1.91417E-02,  1.93331E-02,  1.95235E-02,  1.97136E-02,  1.99040E-02,  2.00946E-02,  2.02849E-02,  2.04733E-02,  2.06577E-02,  2.08352E-02,  2.10026E-02,  2.11564E-02,  2.12932E-02,  2.14097E-02,  2.15032E-02,  2.15713E-02,  2.16123E-02,  2.16248E-02,  2.16083E-02,  2.15625E-02,  2.14875E-02,  2.13842E-02,  2.12535E-02,  2.10969E-02,  2.09163E-02,  2.07135E-02,  2.04908E-02,  2.02504E-02,  1.99948E-02,  1.97262E-02,  1.94468E-02,  1.91588E-02,  1.88642E-02,  1.85647E-02,  1.82621E-02,  1.79579E-02,  1.76533E-02,  1.73495E-02,  1.70476E-02,  1.67483E-02,  1.64525E-02,  1.61607E-02,  1.58734E-02,  1.55910E-02,  1.53138E-02,  1.50421E-02,  1.47761E-02,  1.45159E-02,
  1.34303E-02,  1.36536E-02,  1.38813E-02,  1.41133E-02,  1.43494E-02,  1.45895E-02,  1.48332E-02,  1.50802E-02,  1.53303E-02,  1.55828E-02,  1.58374E-02,  1.60935E-02,  1.63503E-02,  1.66072E-02,  1.68635E-02,  1.71183E-02,  1.73709E-02,  1.76204E-02,  1.78661E-02,  1.81072E-02,  1.83434E-02,  1.85741E-02,  1.87994E-02,  1.90194E-02,  1.92348E-02,  1.94462E-02,  1.96551E-02,  1.98625E-02,  2.00701E-02,  2.02788E-02,  2.04896E-02,  2.07024E-02,  2.09164E-02,  2.11298E-02,  2.13398E-02,  2.15425E-02,  2.17338E-02,  2.19092E-02,  2.20644E-02,  2.21955E-02,  2.22994E-02,  2.23735E-02,  2.24161E-02,  2.24260E-02,  2.24028E-02,  2.23464E-02,  2.22576E-02,  2.21372E-02,  2.19868E-02,  2.18082E-02,  2.16035E-02,  2.13753E-02,  2.11261E-02,  2.08586E-02,  2.05755E-02,  2.02793E-02,  1.99726E-02,  1.96578E-02,  1.93370E-02,  1.90123E-02,  1.86853E-02,  1.83577E-02,  1.80307E-02,  1.77057E-02,  1.73837E-02,  1.70653E-02,  1.67515E-02,  1.64427E-02,  1.61394E-02,  1.58420E-02,  1.55508E-02,  1.52659E-02,  1.49874E-02,  1.47156E-02,
  1.35934E-02,  1.38256E-02,  1.40627E-02,  1.43047E-02,  1.45514E-02,  1.48026E-02,  1.50581E-02,  1.53176E-02,  1.55807E-02,  1.58470E-02,  1.61160E-02,  1.63870E-02,  1.66593E-02,  1.69324E-02,  1.72053E-02,  1.74771E-02,  1.77470E-02,  1.80141E-02,  1.82774E-02,  1.85363E-02,  1.87900E-02,  1.90383E-02,  1.92809E-02,  1.95182E-02,  1.97508E-02,  1.99799E-02,  2.02069E-02,  2.04336E-02,  2.06618E-02,  2.08932E-02,  2.11289E-02,  2.13690E-02,  2.16125E-02,  2.18569E-02,  2.20983E-02,  2.23318E-02,  2.25519E-02,  2.27526E-02,  2.29286E-02,  2.30753E-02,  2.31891E-02,  2.32675E-02,  2.33088E-02,  2.33124E-02,  2.32781E-02,  2.32064E-02,  2.30985E-02,  2.29558E-02,  2.27803E-02,  2.25743E-02,  2.23405E-02,  2.20819E-02,  2.18014E-02,  2.15022E-02,  2.11873E-02,  2.08597E-02,  2.05222E-02,  2.01774E-02,  1.98276E-02,  1.94749E-02,  1.91212E-02,  1.87682E-02,  1.84172E-02,  1.80694E-02,  1.77258E-02,  1.73872E-02,  1.70543E-02,  1.67277E-02,  1.64076E-02,  1.60946E-02,  1.57886E-02,  1.54900E-02,  1.51988E-02,  1.49149E-02,
  1.37564E-02,  1.39977E-02,  1.42446E-02,  1.44970E-02,  1.47547E-02,  1.50177E-02,  1.52856E-02,  1.55583E-02,  1.58353E-02,  1.61162E-02,  1.64006E-02,  1.66877E-02,  1.69771E-02,  1.72677E-02,  1.75589E-02,  1.78496E-02,  1.81388E-02,  1.84257E-02,  1.87091E-02,  1.89883E-02,  1.92624E-02,  1.95311E-02,  1.97941E-02,  2.00519E-02,  2.03051E-02,  2.05553E-02,  2.08043E-02,  2.10544E-02,  2.13082E-02,  2.15677E-02,  2.18345E-02,  2.21088E-02,  2.23894E-02,  2.26727E-02,  2.29535E-02,  2.32252E-02,  2.34800E-02,  2.37105E-02,  2.39097E-02,  2.40724E-02,  2.41945E-02,  2.42738E-02,  2.43092E-02,  2.43007E-02,  2.42489E-02,  2.41552E-02,  2.40212E-02,  2.38491E-02,  2.36416E-02,  2.34015E-02,  2.31321E-02,  2.28369E-02,  2.25194E-02,  2.21832E-02,  2.18318E-02,  2.14683E-02,  2.10960E-02,  2.07176E-02,  2.03356E-02,  1.99522E-02,  1.95694E-02,  1.91888E-02,  1.88118E-02,  1.84396E-02,  1.80731E-02,  1.77131E-02,  1.73601E-02,  1.70148E-02,  1.66773E-02,  1.63479E-02,  1.60268E-02,  1.57140E-02,  1.54096E-02,  1.51134E-02,
  1.39188E-02,  1.41697E-02,  1.44267E-02,  1.46898E-02,  1.49591E-02,  1.52343E-02,  1.55153E-02,  1.58018E-02,  1.60935E-02,  1.63901E-02,  1.66910E-02,  1.69956E-02,  1.73033E-02,  1.76132E-02,  1.79245E-02,  1.82362E-02,  1.85472E-02,  1.88564E-02,  1.91628E-02,  1.94653E-02,  1.97632E-02,  2.00559E-02,  2.03432E-02,  2.06255E-02,  2.09038E-02,  2.11798E-02,  2.14560E-02,  2.17353E-02,  2.20210E-02,  2.23159E-02,  2.26222E-02,  2.29403E-02,  2.32681E-02,  2.36011E-02,  2.39320E-02,  2.42513E-02,  2.45487E-02,  2.48141E-02,  2.50389E-02,  2.52167E-02,  2.53437E-02,  2.54182E-02,  2.54403E-02,  2.54112E-02,  2.53328E-02,  2.52075E-02,  2.50380E-02,  2.48274E-02,  2.45789E-02,  2.42962E-02,  2.39833E-02,  2.36441E-02,  2.32828E-02,  2.29034E-02,  2.25098E-02,  2.21056E-02,  2.16941E-02,  2.12782E-02,  2.08606E-02,  2.04436E-02,  2.00290E-02,  1.96187E-02,  1.92138E-02,  1.88155E-02,  1.84247E-02,  1.80421E-02,  1.76681E-02,  1.73032E-02,  1.69475E-02,  1.66012E-02,  1.62645E-02,  1.59371E-02,  1.56192E-02,  1.53105E-02,
  1.40804E-02,  1.43410E-02,  1.46084E-02,  1.48827E-02,  1.51639E-02,  1.54519E-02,  1.57465E-02,  1.60477E-02,  1.63550E-02,  1.66682E-02,  1.69868E-02,  1.73102E-02,  1.76378E-02,  1.79688E-02,  1.83023E-02,  1.86373E-02,  1.89726E-02,  1.93072E-02,  1.96399E-02,  1.99695E-02,  2.02952E-02,  2.06163E-02,  2.09327E-02,  2.12449E-02,  2.15540E-02,  2.18621E-02,  2.21724E-02,  2.24886E-02,  2.28149E-02,  2.31552E-02,  2.35124E-02,  2.38868E-02,  2.42759E-02,  2.46731E-02,  2.50681E-02,  2.54477E-02,  2.57975E-02,  2.61039E-02,  2.63560E-02,  2.65465E-02,  2.66721E-02,  2.67326E-02,  2.67301E-02,  2.66680E-02,  2.65501E-02,  2.63803E-02,  2.61628E-02,  2.59015E-02,  2.56007E-02,  2.52649E-02,  2.48988E-02,  2.45068E-02,  2.40938E-02,  2.36642E-02,  2.32221E-02,  2.27716E-02,  2.23160E-02,  2.18584E-02,  2.14016E-02,  2.09478E-02,  2.04989E-02,  2.00565E-02,  1.96219E-02,  1.91960E-02,  1.87795E-02,  1.83731E-02,  1.79772E-02,  1.75919E-02,  1.72174E-02,  1.68537E-02,  1.65008E-02,  1.61586E-02,  1.58269E-02,  1.55054E-02,
  1.42406E-02,  1.45111E-02,  1.47893E-02,  1.50751E-02,  1.53686E-02,  1.56698E-02,  1.59788E-02,  1.62952E-02,  1.66190E-02,  1.69498E-02,  1.72873E-02,  1.76309E-02,  1.79801E-02,  1.83341E-02,  1.86920E-02,  1.90528E-02,  1.94155E-02,  1.97788E-02,  2.01416E-02,  2.05026E-02,  2.08610E-02,  2.12161E-02,  2.15677E-02,  2.19164E-02,  2.22636E-02,  2.26121E-02,  2.29657E-02,  2.33290E-02,  2.37076E-02,  2.41067E-02,  2.45299E-02,  2.49779E-02,  2.54470E-02,  2.59279E-02,  2.64060E-02,  2.68624E-02,  2.72770E-02,  2.76313E-02,  2.79114E-02,  2.81093E-02,  2.82230E-02,  2.82554E-02,  2.82118E-02,  2.80991E-02,  2.79239E-02,  2.76923E-02,  2.74102E-02,  2.70829E-02,  2.67158E-02,  2.63140E-02,  2.58830E-02,  2.54279E-02,  2.49540E-02,  2.44660E-02,  2.39685E-02,  2.34656E-02,  2.29607E-02,  2.24571E-02,  2.19573E-02,  2.14635E-02,  2.09776E-02,  2.05009E-02,  2.00346E-02,  1.95795E-02,  1.91361E-02,  1.87049E-02,  1.82861E-02,  1.78798E-02,  1.74859E-02,  1.71044E-02,  1.67350E-02,  1.63776E-02,  1.60319E-02,  1.56975E-02,
  1.43990E-02,  1.46796E-02,  1.49687E-02,  1.52663E-02,  1.55725E-02,  1.58875E-02,  1.62112E-02,  1.65437E-02,  1.68847E-02,  1.72342E-02,  1.75917E-02,  1.79570E-02,  1.83294E-02,  1.87084E-02,  1.90931E-02,  1.94825E-02,  1.98758E-02,  2.02716E-02,  2.06688E-02,  2.10664E-02,  2.14632E-02,  2.18587E-02,  2.22529E-02,  2.26464E-02,  2.30413E-02,  2.34407E-02,  2.38494E-02,  2.42734E-02,  2.47198E-02,  2.51954E-02,  2.57049E-02,  2.62494E-02,  2.68235E-02,  2.74140E-02,  2.80000E-02,  2.85548E-02,  2.90497E-02,  2.94596E-02,  2.97666E-02,  2.99625E-02,  3.00483E-02,  3.00317E-02,  2.99237E-02,  2.97360E-02,  2.94795E-02,  2.91634E-02,  2.87956E-02,  2.83830E-02,  2.79320E-02,  2.74488E-02,  2.69392E-02,  2.64090E-02,  2.58638E-02,  2.53086E-02,  2.47480E-02,  2.41861E-02,  2.36265E-02,  2.30721E-02,  2.25255E-02,  2.19886E-02,  2.14630E-02,  2.09499E-02,  2.04501E-02,  1.99644E-02,  1.94929E-02,  1.90359E-02,  1.85935E-02,  1.81656E-02,  1.77519E-02,  1.73521E-02,  1.69661E-02,  1.65933E-02,  1.62334E-02,  1.58861E-02,
  1.45549E-02,  1.48458E-02,  1.51460E-02,  1.54556E-02,  1.57749E-02,  1.61041E-02,  1.64431E-02,  1.67922E-02,  1.71513E-02,  1.75203E-02,  1.78991E-02,  1.82874E-02,  1.86848E-02,  1.90908E-02,  1.95047E-02,  1.99257E-02,  2.03529E-02,  2.07854E-02,  2.12219E-02,  2.16616E-02,  2.21035E-02,  2.25471E-02,  2.29927E-02,  2.34414E-02,  2.38955E-02,  2.43591E-02,  2.48382E-02,  2.53404E-02,  2.58747E-02,  2.64499E-02,  2.70724E-02,  2.77432E-02,  2.84550E-02,  2.91890E-02,  2.99153E-02,  3.05959E-02,  3.11903E-02,  3.16638E-02,  3.19937E-02,  3.21726E-02,  3.22067E-02,  3.21116E-02,  3.19068E-02,  3.16116E-02,  3.12425E-02,  3.08128E-02,  3.03329E-02,  2.98114E-02,  2.92558E-02,  2.86728E-02,  2.80689E-02,  2.74502E-02,  2.68222E-02,  2.61900E-02,  2.55582E-02,  2.49306E-02,  2.43106E-02,  2.37010E-02,  2.31037E-02,  2.25206E-02,  2.19528E-02,  2.14012E-02,  2.08664E-02,  2.03486E-02,  1.98481E-02,  1.93646E-02,  1.88980E-02,  1.84479E-02,  1.80140E-02,  1.75958E-02,  1.71929E-02,  1.68047E-02,  1.64306E-02,  1.60702E-02,
  1.47078E-02,  1.50091E-02,  1.53205E-02,  1.56424E-02,  1.59750E-02,  1.63186E-02,  1.66734E-02,  1.70397E-02,  1.74175E-02,  1.78070E-02,  1.82081E-02,  1.86208E-02,  1.90448E-02,  1.94798E-02,  1.99254E-02,  2.03810E-02,  2.08459E-02,  2.13192E-02,  2.18003E-02,  2.22883E-02,  2.27827E-02,  2.32832E-02,  2.37906E-02,  2.43064E-02,  2.48339E-02,  2.53781E-02,  2.59465E-02,  2.65489E-02,  2.71966E-02,  2.79008E-02,  2.86700E-02,  2.95053E-02,  3.03963E-02,  3.13168E-02,  3.22244E-02,  3.30650E-02,  3.37816E-02,  3.43266E-02,  3.46714E-02,  3.48107E-02,  3.47597E-02,  3.45462E-02,  3.42023E-02,  3.37577E-02,  3.32366E-02,  3.26573E-02,  3.20332E-02,  3.13748E-02,  3.06903E-02,  2.99869E-02,  2.92712E-02,  2.85491E-02,  2.78260E-02,  2.71067E-02,  2.63953E-02,  2.56953E-02,  2.50094E-02,  2.43399E-02,  2.36884E-02,  2.30562E-02,  2.24439E-02,  2.18521E-02,  2.12808E-02,  2.07301E-02,  2.01996E-02,  1.96889E-02,  1.91977E-02,  1.87252E-02,  1.82710E-02,  1.78342E-02,  1.74144E-02,  1.70107E-02,  1.66225E-02,  1.62492E-02,
  1.48571E-02,  1.51688E-02,  1.54915E-02,  1.58257E-02,  1.61718E-02,  1.65301E-02,  1.69011E-02,  1.72850E-02,  1.76822E-02,  1.80929E-02,  1.85173E-02,  1.89555E-02,  1.94077E-02,  1.98736E-02,  2.03533E-02,  2.08464E-02,  2.13525E-02,  2.18714E-02,  2.24024E-02,  2.29454E-02,  2.35002E-02,  2.40673E-02,  2.46480E-02,  2.52448E-02,  2.58619E-02,  2.65061E-02,  2.71867E-02,  2.79160E-02,  2.87081E-02,  2.95776E-02,  3.05349E-02,  3.15815E-02,  3.27025E-02,  3.38618E-02,  3.50002E-02,  3.60414E-02,  3.69060E-02,  3.75293E-02,  3.78755E-02,  3.79440E-02,  3.77638E-02,  3.73808E-02,  3.68445E-02,  3.61991E-02,  3.54784E-02,  3.47071E-02,  3.39019E-02,  3.30746E-02,  3.22342E-02,  3.13878E-02,  3.05414E-02,  2.97005E-02,  2.88697E-02,  2.80531E-02,  2.72539E-02,  2.64747E-02,  2.57177E-02,  2.49843E-02,  2.42754E-02,  2.35916E-02,  2.29330E-02,  2.22994E-02,  2.16907E-02,  2.11061E-02,  2.05452E-02,  2.00070E-02,  1.94909E-02,  1.89959E-02,  1.85213E-02,  1.80660E-02,  1.76293E-02,  1.72103E-02,  1.68082E-02,  1.64221E-02,
  1.50021E-02,  1.53241E-02,  1.56582E-02,  1.60047E-02,  1.63644E-02,  1.67376E-02,  1.71249E-02,  1.75267E-02,  1.79437E-02,  1.83762E-02,  1.88247E-02,  1.92896E-02,  1.97713E-02,  2.02700E-02,  2.07859E-02,  2.13193E-02,  2.18702E-02,  2.24388E-02,  2.30252E-02,  2.36299E-02,  2.42535E-02,  2.48973E-02,  2.55637E-02,  2.62565E-02,  2.69816E-02,  2.77476E-02,  2.85664E-02,  2.94533E-02,  3.04262E-02,  3.15030E-02,  3.26969E-02,  3.40090E-02,  3.54190E-02,  3.68773E-02,  3.83023E-02,  3.95892E-02,  4.06290E-02,  4.13347E-02,  4.16628E-02,  4.16206E-02,  4.12571E-02,  4.06432E-02,  3.98522E-02,  3.89465E-02,  3.79724E-02,  3.69616E-02,  3.59345E-02,  3.49041E-02,  3.38792E-02,  3.28663E-02,  3.18702E-02,  3.08952E-02,  2.99445E-02,  2.90208E-02,  2.81262E-02,  2.72621E-02,  2.64295E-02,  2.56287E-02,  2.48597E-02,  2.41223E-02,  2.34159E-02,  2.27397E-02,  2.20928E-02,  2.14740E-02,  2.08823E-02,  2.03166E-02,  1.97756E-02,  1.92583E-02,  1.87634E-02,  1.82898E-02,  1.78365E-02,  1.74025E-02,  1.69866E-02,  1.65881E-02,
  1.51421E-02,  1.54744E-02,  1.58196E-02,  1.61785E-02,  1.65517E-02,  1.69397E-02,  1.73434E-02,  1.77635E-02,  1.82005E-02,  1.86552E-02,  1.91284E-02,  1.96208E-02,  2.01331E-02,  2.06659E-02,  2.12200E-02,  2.17961E-02,  2.23949E-02,  2.30173E-02,  2.36642E-02,  2.43370E-02,  2.50374E-02,  2.57681E-02,  2.65329E-02,  2.73372E-02,  2.81893E-02,  2.91003E-02,  3.00853E-02,  3.11633E-02,  3.23564E-02,  3.36865E-02,  3.51695E-02,  3.68056E-02,  3.85671E-02,  4.03872E-02,  4.21566E-02,  4.37341E-02,  4.49739E-02,  4.57620E-02,  4.60467E-02,  4.58474E-02,  4.52402E-02,  4.43286E-02,  4.32158E-02,  4.19869E-02,  4.07030E-02,  3.94039E-02,  3.81134E-02,  3.68456E-02,  3.56083E-02,  3.44064E-02,  3.32428E-02,  3.21196E-02,  3.10381E-02,  2.99990E-02,  2.90027E-02,  2.80488E-02,  2.71370E-02,  2.62663E-02,  2.54355E-02,  2.46434E-02,  2.38884E-02,  2.31691E-02,  2.24837E-02,  2.18307E-02,  2.12085E-02,  2.06154E-02,  2.00499E-02,  1.95105E-02,  1.89957E-02,  1.85042E-02,  1.80348E-02,  1.75860E-02,  1.71569E-02,  1.67463E-02,
  1.52764E-02,  1.56187E-02,  1.59750E-02,  1.63460E-02,  1.67326E-02,  1.71354E-02,  1.75554E-02,  1.79936E-02,  1.84507E-02,  1.89279E-02,  1.94261E-02,  1.99465E-02,  2.04901E-02,  2.10581E-02,  2.16518E-02,  2.22726E-02,  2.29218E-02,  2.36014E-02,  2.43132E-02,  2.50598E-02,  2.58444E-02,  2.66712E-02,  2.75460E-02,  2.84767E-02,  2.94741E-02,  3.05527E-02,  3.17314E-02,  3.30337E-02,  3.44860E-02,  3.61147E-02,  3.79380E-02,  3.99539E-02,  4.21251E-02,  4.43642E-02,  4.65282E-02,  4.84332E-02,  4.98903E-02,  5.07552E-02,  5.09681E-02,  5.05647E-02,  4.96549E-02,  4.83817E-02,  4.68840E-02,  4.52731E-02,  4.36272E-02,  4.19950E-02,  4.04039E-02,  3.88682E-02,  3.73941E-02,  3.59839E-02,  3.46380E-02,  3.33553E-02,  3.21346E-02,  3.09739E-02,  2.98714E-02,  2.88247E-02,  2.78316E-02,  2.68896E-02,  2.59962E-02,  2.51490E-02,  2.43455E-02,  2.35833E-02,  2.28599E-02,  2.21731E-02,  2.15209E-02,  2.09010E-02,  2.03115E-02,  1.97507E-02,  1.92167E-02,  1.87079E-02,  1.82227E-02,  1.77599E-02,  1.73180E-02,  1.68957E-02,
  1.54043E-02,  1.57564E-02,  1.61234E-02,  1.65063E-02,  1.69059E-02,  1.73232E-02,  1.77594E-02,  1.82154E-02,  1.86926E-02,  1.91921E-02,  1.97153E-02,  2.02638E-02,  2.08390E-02,  2.14427E-02,  2.20769E-02,  2.27435E-02,  2.34451E-02,  2.41842E-02,  2.49642E-02,  2.57890E-02,  2.66635E-02,  2.75940E-02,  2.85886E-02,  2.96581E-02,  3.08165E-02,  3.20822E-02,  3.34785E-02,  3.50334E-02,  3.67784E-02,  3.87436E-02,  4.09484E-02,  4.33874E-02,  4.60110E-02,  4.87073E-02,  5.12963E-02,  5.35472E-02,  5.52255E-02,  5.61549E-02,  5.62690E-02,  5.56234E-02,  5.43658E-02,  5.26831E-02,  5.07531E-02,  4.87165E-02,  4.66697E-02,  4.46710E-02,  4.27518E-02,  4.09260E-02,  3.91979E-02,  3.75665E-02,  3.60285E-02,  3.45795E-02,  3.32147E-02,  3.19293E-02,  3.07186E-02,  2.95781E-02,  2.85034E-02,  2.74903E-02,  2.65349E-02,  2.56333E-02,  2.47821E-02,  2.39779E-02,  2.32175E-02,  2.24980E-02,  2.18166E-02,  2.11709E-02,  2.05584E-02,  1.99770E-02,  1.94246E-02,  1.88992E-02,  1.83992E-02,  1.79230E-02,  1.74689E-02,  1.70357E-02,
  1.55251E-02,  1.58866E-02,  1.62639E-02,  1.66582E-02,  1.70705E-02,  1.75019E-02,  1.79537E-02,  1.84272E-02,  1.89239E-02,  1.94454E-02,  1.99933E-02,  2.05695E-02,  2.11762E-02,  2.18156E-02,  2.24903E-02,  2.32033E-02,  2.39578E-02,  2.47577E-02,  2.56077E-02,  2.65133E-02,  2.74813E-02,  2.85204E-02,  2.96412E-02,  3.08579E-02,  3.21880E-02,  3.36541E-02,  3.52841E-02,  3.71106E-02,  3.91694E-02,  4.14932E-02,  4.41013E-02,  4.69822E-02,  5.00714E-02,  5.32306E-02,  5.62417E-02,  5.88281E-02,  6.07114E-02,  6.16869E-02,  6.16836E-02,  6.07774E-02,  5.91541E-02,  5.70441E-02,  5.46643E-02,  5.21849E-02,  4.97213E-02,  4.73425E-02,  4.50839E-02,  4.29593E-02,  4.09708E-02,  3.91140E-02,  3.73815E-02,  3.57650E-02,  3.42562E-02,  3.28468E-02,  3.15292E-02,  3.02965E-02,  2.91420E-02,  2.80596E-02,  2.70440E-02,  2.60900E-02,  2.51929E-02,  2.43484E-02,  2.35526E-02,  2.28019E-02,  2.20930E-02,  2.14228E-02,  2.07885E-02,  2.01877E-02,  1.96179E-02,  1.90770E-02,  1.85630E-02,  1.80741E-02,  1.76087E-02,  1.71652E-02,
  1.56381E-02,  1.60085E-02,  1.63957E-02,  1.68009E-02,  1.72252E-02,  1.76701E-02,  1.81369E-02,  1.86273E-02,  1.91428E-02,  1.96854E-02,  2.02572E-02,  2.08605E-02,  2.14979E-02,  2.21723E-02,  2.28869E-02,  2.36455E-02,  2.44525E-02,  2.53129E-02,  2.62328E-02,  2.72195E-02,  2.82818E-02,  2.94307E-02,  3.06799E-02,  3.20465E-02,  3.35520E-02,  3.52228E-02,  3.70911E-02,  3.91935E-02,  4.15686E-02,  4.42501E-02,  4.72542E-02,  5.05608E-02,  5.40883E-02,  5.76723E-02,  6.10597E-02,  6.39351E-02,  6.59853E-02,  6.69840E-02,  6.68582E-02,  6.57022E-02,  6.37337E-02,  6.12203E-02,  5.84135E-02,  5.55108E-02,  5.26464E-02,  4.99001E-02,  4.73122E-02,  4.48976E-02,  4.26563E-02,  4.05809E-02,  3.86603E-02,  3.68824E-02,  3.52350E-02,  3.37068E-02,  3.22871E-02,  3.09666E-02,  2.97363E-02,  2.85885E-02,  2.75161E-02,  2.65127E-02,  2.55725E-02,  2.46904E-02,  2.38615E-02,  2.30817E-02,  2.23471E-02,  2.16541E-02,  2.09997E-02,  2.03809E-02,  1.97950E-02,  1.92397E-02,  1.87129E-02,  1.82124E-02,  1.77365E-02,  1.72836E-02,
  1.57426E-02,  1.61213E-02,  1.65177E-02,  1.69331E-02,  1.73689E-02,  1.78265E-02,  1.83075E-02,  1.88137E-02,  1.93471E-02,  1.99099E-02,  2.05044E-02,  2.11335E-02,  2.18002E-02,  2.25081E-02,  2.32609E-02,  2.40635E-02,  2.49211E-02,  2.58401E-02,  2.68278E-02,  2.78932E-02,  2.90473E-02,  3.03032E-02,  3.16774E-02,  3.31900E-02,  3.48658E-02,  3.67346E-02,  3.88317E-02,  4.11963E-02,  4.38676E-02,  4.68775E-02,  5.02362E-02,  5.39120E-02,  5.78059E-02,  6.17299E-02,  6.54043E-02,  6.84876E-02,  7.06464E-02,  7.16434E-02,  7.14069E-02,  7.00433E-02,  6.77912E-02,  6.49434E-02,  6.17766E-02,  5.85105E-02,  5.52962E-02,  5.22245E-02,  4.93419E-02,  4.66654E-02,  4.41945E-02,  4.19197E-02,  3.98270E-02,  3.79011E-02,  3.61267E-02,  3.44895E-02,  3.29763E-02,  3.15753E-02,  3.02757E-02,  2.90681E-02,  2.79438E-02,  2.68954E-02,  2.59159E-02,  2.49995E-02,  2.41406E-02,  2.33343E-02,  2.25764E-02,  2.18628E-02,  2.11900E-02,  2.05549E-02,  1.99545E-02,  1.93863E-02,  1.88477E-02,  1.83368E-02,  1.78515E-02,  1.73900E-02,
  1.58379E-02,  1.62243E-02,  1.66292E-02,  1.70541E-02,  1.75004E-02,  1.79698E-02,  1.84639E-02,  1.89849E-02,  1.95349E-02,  2.01163E-02,  2.07321E-02,  2.13852E-02,  2.20793E-02,  2.28184E-02,  2.36071E-02,  2.44508E-02,  2.53559E-02,  2.63296E-02,  2.73808E-02,  2.85199E-02,  2.97596E-02,  3.11153E-02,  3.26055E-02,  3.42529E-02,  3.60846E-02,  3.81329E-02,  4.04343E-02,  4.30284E-02,  4.59526E-02,  4.92336E-02,  5.28726E-02,  5.68245E-02,  6.09738E-02,  6.51152E-02,  6.89540E-02,  7.21398E-02,  7.43362E-02,  7.53079E-02,  7.49866E-02,  7.34832E-02,  7.10422E-02,  6.79661E-02,  6.45443E-02,  6.10107E-02,  5.75294E-02,  5.42020E-02,  5.10820E-02,  4.81902E-02,  4.55277E-02,  4.30845E-02,  4.08451E-02,  3.87921E-02,  3.69080E-02,  3.51762E-02,  3.35816E-02,  3.21104E-02,  3.07501E-02,  2.94900E-02,  2.83203E-02,  2.72323E-02,  2.62184E-02,  2.52718E-02,  2.43864E-02,  2.35569E-02,  2.27784E-02,  2.20467E-02,  2.13578E-02,  2.07083E-02,  2.00951E-02,  1.95154E-02,  1.89666E-02,  1.84465E-02,  1.79528E-02,  1.74838E-02,
  1.59235E-02,  1.63168E-02,  1.67295E-02,  1.71629E-02,  1.76187E-02,  1.80987E-02,  1.86048E-02,  1.91391E-02,  1.97042E-02,  2.03026E-02,  2.09376E-02,  2.16126E-02,  2.23315E-02,  2.30989E-02,  2.39200E-02,  2.48010E-02,  2.57489E-02,  2.67720E-02,  2.78802E-02,  2.90853E-02,  3.04013E-02,  3.18451E-02,  3.34369E-02,  3.52009E-02,  3.71656E-02,  3.93637E-02,  4.18315E-02,  4.46062E-02,  4.77203E-02,  5.11926E-02,  5.50130E-02,  5.91228E-02,  6.33932E-02,  6.76096E-02,  7.14764E-02,  7.46515E-02,  7.68131E-02,  7.77391E-02,  7.73668E-02,  7.58034E-02,  7.32850E-02,  7.01070E-02,  6.65577E-02,  6.28753E-02,  5.92323E-02,  5.57389E-02,  5.24562E-02,  4.94108E-02,  4.66069E-02,  4.40360E-02,  4.16831E-02,  3.95301E-02,  3.75585E-02,  3.57506E-02,  3.40897E-02,  3.25609E-02,  3.11507E-02,  2.98471E-02,  2.86395E-02,  2.75185E-02,  2.64757E-02,  2.55037E-02,  2.45961E-02,  2.37469E-02,  2.29511E-02,  2.22039E-02,  2.15014E-02,  2.08397E-02,  2.02157E-02,  1.96262E-02,  1.90687E-02,  1.85406E-02,  1.80399E-02,  1.75644E-02,
  1.59988E-02,  1.63982E-02,  1.68177E-02,  1.72587E-02,  1.77229E-02,  1.82123E-02,  1.87288E-02,  1.92750E-02,  1.98533E-02,  2.04667E-02,  2.11186E-02,  2.18127E-02,  2.25534E-02,  2.33456E-02,  2.41950E-02,  2.51083E-02,  2.60932E-02,  2.71587E-02,  2.83157E-02,  2.95766E-02,  3.09565E-02,  3.24731E-02,  3.41475E-02,  3.60043E-02,  3.80719E-02,  4.03819E-02,  4.29681E-02,  4.58627E-02,  4.90914E-02,  5.26626E-02,  5.65543E-02,  6.06956E-02,  6.49492E-02,  6.91006E-02,  7.28663E-02,  7.59277E-02,  7.79909E-02,  7.88558E-02,  7.84665E-02,  7.69202E-02,  7.44328E-02,  7.12788E-02,  6.77322E-02,  6.40260E-02,  6.03345E-02,  5.67740E-02,  5.34127E-02,  5.02835E-02,  4.73959E-02,  4.47447E-02,  4.23169E-02,  4.00955E-02,  3.80623E-02,  3.61995E-02,  3.44899E-02,  3.29182E-02,  3.14702E-02,  3.01334E-02,  2.88965E-02,  2.77498E-02,  2.66843E-02,  2.56924E-02,  2.47671E-02,  2.39022E-02,  2.30925E-02,  2.23330E-02,  2.16195E-02,  2.09480E-02,  2.03151E-02,  1.97177E-02,  1.91531E-02,  1.86186E-02,  1.81121E-02,  1.76314E-02,
  1.60632E-02,  1.64679E-02,  1.68932E-02,  1.73406E-02,  1.78121E-02,  1.83094E-02,  1.88350E-02,  1.93911E-02,  1.99807E-02,  2.06068E-02,  2.12729E-02,  2.19832E-02,  2.27421E-02,  2.35549E-02,  2.44278E-02,  2.53677E-02,  2.63828E-02,  2.74826E-02,  2.86784E-02,  2.99832E-02,  3.14123E-02,  3.29837E-02,  3.47184E-02,  3.66403E-02,  3.87762E-02,  4.11552E-02,  4.38064E-02,  4.67557E-02,  5.00199E-02,  5.35965E-02,  5.74522E-02,  6.15070E-02,  6.56210E-02,  6.95885E-02,  7.31483E-02,  7.60156E-02,  7.79328E-02,  7.87267E-02,  7.83486E-02,  7.68820E-02,  7.45153E-02,  7.14927E-02,  6.80641E-02,  6.44485E-02,  6.08157E-02,  5.72844E-02,  5.39283E-02,  5.07869E-02,  4.78753E-02,  4.51935E-02,  4.27318E-02,  4.04758E-02,  3.84089E-02,  3.65141E-02,  3.47749E-02,  3.31760E-02,  3.17034E-02,  3.03444E-02,  2.90877E-02,  2.79231E-02,  2.68417E-02,  2.58355E-02,  2.48975E-02,  2.40213E-02,  2.32014E-02,  2.24328E-02,  2.17111E-02,  2.10322E-02,  2.03927E-02,  1.97894E-02,  1.92193E-02,  1.86799E-02,  1.81689E-02,  1.76842E-02,
  1.61164E-02,  1.65254E-02,  1.69555E-02,  1.74082E-02,  1.78855E-02,  1.83894E-02,  1.89222E-02,  1.94865E-02,  2.00852E-02,  2.07214E-02,  2.13989E-02,  2.21219E-02,  2.28952E-02,  2.37241E-02,  2.46151E-02,  2.55753E-02,  2.66130E-02,  2.77381E-02,  2.89618E-02,  3.02973E-02,  3.17595E-02,  3.33662E-02,  3.51371E-02,  3.70945E-02,  3.92625E-02,  4.16663E-02,  4.43292E-02,  4.72695E-02,  5.04947E-02,  5.39921E-02,  5.77190E-02,  6.15903E-02,  6.54694E-02,  6.91661E-02,  7.24480E-02,  7.50691E-02,  7.68113E-02,  7.75294E-02,  7.71818E-02,  7.58374E-02,  7.36543E-02,  7.08417E-02,  6.76195E-02,  6.41864E-02,  6.07024E-02,  5.72843E-02,  5.40090E-02,  5.09214E-02,  4.80428E-02,  4.53784E-02,  4.29232E-02,  4.06662E-02,  3.85936E-02,  3.66901E-02,  3.49407E-02,  3.33310E-02,  3.18474E-02,  3.04776E-02,  2.92107E-02,  2.80365E-02,  2.69462E-02,  2.59318E-02,  2.49862E-02,  2.41031E-02,  2.32768E-02,  2.25024E-02,  2.17754E-02,  2.10918E-02,  2.04479E-02,  1.98406E-02,  1.92669E-02,  1.87242E-02,  1.82102E-02,  1.77227E-02,
  1.61580E-02,  1.65704E-02,  1.70041E-02,  1.74609E-02,  1.79427E-02,  1.84516E-02,  1.89899E-02,  1.95603E-02,  2.01657E-02,  2.08094E-02,  2.14952E-02,  2.22275E-02,  2.30109E-02,  2.38512E-02,  2.47545E-02,  2.57282E-02,  2.67807E-02,  2.79215E-02,  2.91618E-02,  3.05141E-02,  3.19930E-02,  3.36148E-02,  3.53976E-02,  3.73613E-02,  3.95265E-02,  4.19132E-02,  4.45386E-02,  4.74134E-02,  5.05360E-02,  5.38852E-02,  5.74120E-02,  6.10302E-02,  6.46111E-02,  6.79843E-02,  7.09492E-02,  7.32993E-02,  7.48547E-02,  7.54964E-02,  7.51901E-02,  7.39903E-02,  7.20258E-02,  6.94707E-02,  6.65125E-02,  6.33261E-02,  6.00576E-02,  5.68183E-02,  5.36853E-02,  5.07076E-02,  4.79114E-02,  4.53076E-02,  4.28958E-02,  4.06694E-02,  3.86176E-02,  3.67280E-02,  3.49873E-02,  3.33825E-02,  3.19014E-02,  3.05323E-02,  2.92648E-02,  2.80892E-02,  2.69970E-02,  2.59804E-02,  2.50324E-02,  2.41469E-02,  2.33182E-02,  2.25415E-02,  2.18122E-02,  2.11263E-02,  2.04804E-02,  1.98711E-02,  1.92956E-02,  1.87512E-02,  1.82355E-02,  1.77466E-02,
  1.61879E-02,  1.66025E-02,  1.70388E-02,  1.74984E-02,  1.79832E-02,  1.84955E-02,  1.90374E-02,  1.96118E-02,  2.02215E-02,  2.08700E-02,  2.15610E-02,  2.22988E-02,  2.30883E-02,  2.39348E-02,  2.48447E-02,  2.58252E-02,  2.68842E-02,  2.80312E-02,  2.92765E-02,  3.06322E-02,  3.21115E-02,  3.37290E-02,  3.55009E-02,  3.74438E-02,  3.95742E-02,  4.19071E-02,  4.44535E-02,  4.72165E-02,  5.01873E-02,  5.33383E-02,  5.66170E-02,  5.99399E-02,  6.31897E-02,  6.62175E-02,  6.88544E-02,  7.09303E-02,  7.23002E-02,  7.28685E-02,  7.26070E-02,  7.15579E-02,  6.98238E-02,  6.75459E-02,  6.48805E-02,  6.19776E-02,  5.89669E-02,  5.59512E-02,  5.30058E-02,  5.01810E-02,  4.75071E-02,  4.49997E-02,  4.26631E-02,  4.04947E-02,  3.84877E-02,  3.66323E-02,  3.49177E-02,  3.33329E-02,  3.18669E-02,  3.05094E-02,  2.92506E-02,  2.80817E-02,  2.69944E-02,  2.59815E-02,  2.50363E-02,  2.41527E-02,  2.33255E-02,  2.25498E-02,  2.18212E-02,  2.11358E-02,  2.04901E-02,  1.98808E-02,  1.93053E-02,  1.87608E-02,  1.82450E-02,  1.77558E-02,
  1.62057E-02,  1.66217E-02,  1.70593E-02,  1.75204E-02,  1.80068E-02,  1.85207E-02,  1.90645E-02,  1.96407E-02,  2.02524E-02,  2.09029E-02,  2.15959E-02,  2.23356E-02,  2.31267E-02,  2.39746E-02,  2.48853E-02,  2.58657E-02,  2.69235E-02,  2.80673E-02,  2.93068E-02,  3.06529E-02,  3.21175E-02,  3.37132E-02,  3.54535E-02,  3.73519E-02,  3.94206E-02,  4.16697E-02,  4.41042E-02,  4.67213E-02,  4.95063E-02,  5.24275E-02,  5.54321E-02,  5.84418E-02,  6.13522E-02,  6.40363E-02,  6.63541E-02,  6.81683E-02,  6.93631E-02,  6.98631E-02,  6.96451E-02,  6.87415E-02,  6.72324E-02,  6.52304E-02,  6.28634E-02,  6.02573E-02,  5.75248E-02,  5.47584E-02,  5.20289E-02,  4.93866E-02,  4.68642E-02,  4.44806E-02,  4.22443E-02,  4.01569E-02,  3.82146E-02,  3.64112E-02,  3.47382E-02,  3.31868E-02,  3.17476E-02,  3.04116E-02,  2.91702E-02,  2.80154E-02,  2.69396E-02,  2.59360E-02,  2.49985E-02,  2.41212E-02,  2.32992E-02,  2.25278E-02,  2.18027E-02,  2.11203E-02,  2.04770E-02,  1.98699E-02,  1.92961E-02,  1.87531E-02,  1.82385E-02,  1.77504E-02,
  1.62116E-02,  1.66278E-02,  1.70656E-02,  1.75269E-02,  1.80134E-02,  1.85274E-02,  1.90711E-02,  1.96471E-02,  2.02583E-02,  2.09080E-02,  2.15999E-02,  2.23378E-02,  2.31265E-02,  2.39710E-02,  2.48769E-02,  2.58509E-02,  2.68998E-02,  2.80318E-02,  2.92555E-02,  3.05804E-02,  3.20168E-02,  3.35753E-02,  3.52666E-02,  3.71009E-02,  3.90865E-02,  4.12290E-02,  4.35284E-02,  4.59772E-02,  4.85564E-02,  5.12329E-02,  5.39552E-02,  5.66522E-02,  5.92330E-02,  6.15910E-02,  6.36117E-02,  6.51854E-02,  6.62208E-02,  6.66586E-02,  6.64803E-02,  6.57101E-02,  6.44099E-02,  6.26686E-02,  6.05892E-02,  5.82757E-02,  5.58242E-02,  5.33162E-02,  5.08167E-02,  4.83740E-02,  4.60215E-02,  4.37807E-02,  4.16633E-02,  3.96741E-02,  3.78128E-02,  3.60758E-02,  3.44574E-02,  3.29508E-02,  3.15485E-02,  3.02430E-02,  2.90268E-02,  2.78929E-02,  2.68346E-02,  2.58456E-02,  2.49203E-02,  2.40533E-02,  2.32401E-02,  2.24760E-02,  2.17573E-02,  2.10803E-02,  2.04417E-02,  1.98386E-02,  1.92683E-02,  1.87283E-02,  1.82163E-02,  1.77305E-02,
  1.62053E-02,  1.66208E-02,  1.70577E-02,  1.75179E-02,  1.80031E-02,  1.85155E-02,  1.90573E-02,  1.96310E-02,  2.02395E-02,  2.08858E-02,  2.15734E-02,  2.23062E-02,  2.30885E-02,  2.39250E-02,  2.48210E-02,  2.57825E-02,  2.68159E-02,  2.79282E-02,  2.91271E-02,  3.04207E-02,  3.18175E-02,  3.33260E-02,  3.49544E-02,  3.67096E-02,  3.85966E-02,  4.06168E-02,  4.27666E-02,  4.50349E-02,  4.74004E-02,  4.98298E-02,  5.22752E-02,  5.46729E-02,  5.69454E-02,  5.90040E-02,  6.07563E-02,  6.21151E-02,  6.30089E-02,  6.33914E-02,  6.32475E-02,  6.25955E-02,  6.14828E-02,  5.99790E-02,  5.81662E-02,  5.61294E-02,  5.39492E-02,  5.16963E-02,  4.94289E-02,  4.71921E-02,  4.50191E-02,  4.29323E-02,  4.09458E-02,  3.90670E-02,  3.72984E-02,  3.56390E-02,  3.40855E-02,  3.26331E-02,  3.12762E-02,  3.00087E-02,  2.88245E-02,  2.77176E-02,  2.66820E-02,  2.57123E-02,  2.48034E-02,  2.39506E-02,  2.31493E-02,  2.23956E-02,  2.16858E-02,  2.10166E-02,  2.03847E-02,  1.97874E-02,  1.92222E-02,  1.86867E-02,  1.81787E-02,  1.76964E-02,
  1.61872E-02,  1.66009E-02,  1.70358E-02,  1.74936E-02,  1.79762E-02,  1.84854E-02,  1.90235E-02,  1.95930E-02,  2.01964E-02,  2.08368E-02,  2.15174E-02,  2.22418E-02,  2.30140E-02,  2.38384E-02,  2.47199E-02,  2.56636E-02,  2.66753E-02,  2.77612E-02,  2.89277E-02,  3.01816E-02,  3.15296E-02,  3.29782E-02,  3.45331E-02,  3.61986E-02,  3.79766E-02,  3.98655E-02,  4.18587E-02,  4.39427E-02,  4.60957E-02,  4.82854E-02,  5.04679E-02,  5.25878E-02,  5.45794E-02,  5.63698E-02,  5.78847E-02,  5.90552E-02,  5.98253E-02,  6.01590E-02,  6.00442E-02,  5.94944E-02,  5.85460E-02,  5.72531E-02,  5.56808E-02,  5.38979E-02,  5.19714E-02,  4.99615E-02,  4.79197E-02,  4.58871E-02,  4.38953E-02,  4.19671E-02,  4.01178E-02,  3.83567E-02,  3.66886E-02,  3.51146E-02,  3.36337E-02,  3.22428E-02,  3.09380E-02,  2.97148E-02,  2.85683E-02,  2.74934E-02,  2.64852E-02,  2.55390E-02,  2.46502E-02,  2.38147E-02,  2.30285E-02,  2.22878E-02,  2.15893E-02,  2.09299E-02,  2.03067E-02,  1.97170E-02,  1.91585E-02,  1.86288E-02,  1.81261E-02,  1.76484E-02,
  1.61574E-02,  1.65683E-02,  1.70001E-02,  1.74544E-02,  1.79329E-02,  1.84375E-02,  1.89703E-02,  1.95337E-02,  2.01300E-02,  2.07621E-02,  2.14330E-02,  2.21461E-02,  2.29050E-02,  2.37136E-02,  2.45762E-02,  2.54976E-02,  2.64825E-02,  2.75363E-02,  2.86643E-02,  2.98717E-02,  3.11639E-02,  3.25453E-02,  3.40196E-02,  3.55887E-02,  3.72522E-02,  3.90059E-02,  4.08415E-02,  4.27443E-02,  4.46924E-02,  4.66557E-02,  4.85950E-02,  5.04624E-02,  5.22029E-02,  5.37569E-02,  5.50649E-02,  5.60725E-02,  5.67360E-02,  5.70271E-02,  5.69363E-02,  5.64735E-02,  5.56667E-02,  5.45578E-02,  5.31982E-02,  5.16434E-02,  4.99485E-02,  4.81644E-02,  4.63357E-02,  4.44995E-02,  4.26851E-02,  4.09147E-02,  3.92042E-02,  3.75641E-02,  3.60007E-02,  3.45171E-02,  3.31138E-02,  3.17895E-02,  3.05420E-02,  2.93678E-02,  2.82634E-02,  2.72248E-02,  2.62478E-02,  2.53286E-02,  2.44632E-02,  2.36479E-02,  2.28793E-02,  2.21541E-02,  2.14691E-02,  2.08215E-02,  2.02086E-02,  1.96281E-02,  1.90777E-02,  1.85553E-02,  1.80590E-02,  1.75869E-02,
  1.61161E-02,  1.65233E-02,  1.69510E-02,  1.74006E-02,  1.78738E-02,  1.83725E-02,  1.88984E-02,  1.94539E-02,  2.00412E-02,  2.06630E-02,  2.13219E-02,  2.20210E-02,  2.27636E-02,  2.35532E-02,  2.43935E-02,  2.52886E-02,  2.62425E-02,  2.72597E-02,  2.83443E-02,  2.95004E-02,  3.07317E-02,  3.20412E-02,  3.34307E-02,  3.49002E-02,  3.64473E-02,  3.80665E-02,  3.97479E-02,  4.14767E-02,  4.32319E-02,  4.49859E-02,  4.67041E-02,  4.83457E-02,  4.98647E-02,  5.12128E-02,  5.23424E-02,  5.32103E-02,  5.37824E-02,  5.40367E-02,  5.39654E-02,  5.35760E-02,  5.28897E-02,  5.19393E-02,  5.07653E-02,  4.94122E-02,  4.79251E-02,  4.63468E-02,  4.47155E-02,  4.30640E-02,  4.14190E-02,  3.98018E-02,  3.82279E-02,  3.67086E-02,  3.52512E-02,  3.38602E-02,  3.25374E-02,  3.12831E-02,  3.00962E-02,  2.89746E-02,  2.79157E-02,  2.69165E-02,  2.59739E-02,  2.50845E-02,  2.42452E-02,  2.34527E-02,  2.27040E-02,  2.19961E-02,  2.13265E-02,  2.06925E-02,  2.00916E-02,  1.95217E-02,  1.89807E-02,  1.84667E-02,  1.79779E-02,  1.75126E-02,
  1.60638E-02,  1.64664E-02,  1.68890E-02,  1.73329E-02,  1.77996E-02,  1.82910E-02,  1.88087E-02,  1.93548E-02,  1.99314E-02,  2.05408E-02,  2.11856E-02,  2.18685E-02,  2.25923E-02,  2.33602E-02,  2.41752E-02,  2.50409E-02,  2.59606E-02,  2.69377E-02,  2.79754E-02,  2.90768E-02,  3.02442E-02,  3.14792E-02,  3.27821E-02,  3.41515E-02,  3.55836E-02,  3.70719E-02,  3.86059E-02,  4.01711E-02,  4.17477E-02,  4.33110E-02,  4.48309E-02,  4.62727E-02,  4.75983E-02,  4.87685E-02,  4.97450E-02,  5.04938E-02,  5.09881E-02,  5.12106E-02,  5.11550E-02,  5.08269E-02,  5.02426E-02,  4.94277E-02,  4.84140E-02,  4.72373E-02,  4.59345E-02,  4.45411E-02,  4.30897E-02,  4.16089E-02,  4.01230E-02,  3.86513E-02,  3.72092E-02,  3.58079E-02,  3.44554E-02,  3.31570E-02,  3.19158E-02,  3.07330E-02,  2.96087E-02,  2.85419E-02,  2.75309E-02,  2.65736E-02,  2.56676E-02,  2.48104E-02,  2.39992E-02,  2.32314E-02,  2.25045E-02,  2.18159E-02,  2.11633E-02,  2.05443E-02,  1.99568E-02,  1.93988E-02,  1.88685E-02,  1.83639E-02,  1.78836E-02,  1.74259E-02,
  1.60007E-02,  1.63980E-02,  1.68146E-02,  1.72518E-02,  1.77111E-02,  1.81939E-02,  1.87021E-02,  1.92374E-02,  1.98018E-02,  2.03973E-02,  2.10262E-02,  2.16909E-02,  2.23939E-02,  2.31378E-02,  2.39253E-02,  2.47592E-02,  2.56421E-02,  2.65767E-02,  2.75654E-02,  2.86100E-02,  2.97120E-02,  3.08717E-02,  3.20883E-02,  3.33592E-02,  3.46800E-02,  3.60432E-02,  3.74386E-02,  3.88520E-02,  4.02656E-02,  4.16572E-02,  4.30008E-02,  4.42672E-02,  4.54250E-02,  4.64421E-02,  4.72880E-02,  4.79356E-02,  4.83637E-02,  4.85588E-02,  4.85157E-02,  4.82387E-02,  4.77404E-02,  4.70406E-02,  4.61646E-02,  4.51411E-02,  4.40001E-02,  4.27711E-02,  4.14818E-02,  4.01570E-02,  3.88180E-02,  3.74828E-02,  3.61656E-02,  3.48776E-02,  3.36270E-02,  3.24196E-02,  3.12593E-02,  3.01483E-02,  2.90873E-02,  2.80764E-02,  2.71147E-02,  2.62008E-02,  2.53331E-02,  2.45096E-02,  2.37283E-02,  2.29868E-02,  2.22833E-02,  2.16154E-02,  2.09811E-02,  2.03784E-02,  1.98055E-02,  1.92605E-02,  1.87418E-02,  1.82477E-02,  1.77767E-02,  1.73275E-02,
  1.59274E-02,  1.63186E-02,  1.67284E-02,  1.71581E-02,  1.76089E-02,  1.80823E-02,  1.85798E-02,  1.91031E-02,  1.96539E-02,  2.02342E-02,  2.08457E-02,  2.14906E-02,  2.21711E-02,  2.28894E-02,  2.36475E-02,  2.44479E-02,  2.52924E-02,  2.61831E-02,  2.71214E-02,  2.81086E-02,  2.91450E-02,  3.02301E-02,  3.13622E-02,  3.25380E-02,  3.37525E-02,  3.49980E-02,  3.62646E-02,  3.75390E-02,  3.88050E-02,  4.00432E-02,  4.12313E-02,  4.23446E-02,  4.33572E-02,  4.42431E-02,  4.49776E-02,  4.55392E-02,  4.59112E-02,  4.60826E-02,  4.60496E-02,  4.58151E-02,  4.53889E-02,  4.47867E-02,  4.40285E-02,  4.31373E-02,  4.21376E-02,  4.10538E-02,  3.99092E-02,  3.87253E-02,  3.75208E-02,  3.63119E-02,  3.51117E-02,  3.39310E-02,  3.27780E-02,  3.16587E-02,  3.05775E-02,  2.95372E-02,  2.85393E-02,  2.75845E-02,  2.66726E-02,  2.58030E-02,  2.49746E-02,  2.41859E-02,  2.34355E-02,  2.27216E-02,  2.20425E-02,  2.13964E-02,  2.07816E-02,  2.01964E-02,  1.96390E-02,  1.91080E-02,  1.86018E-02,  1.81190E-02,  1.76581E-02,  1.72181E-02,
  1.58444E-02,  1.62289E-02,  1.66312E-02,  1.70525E-02,  1.74940E-02,  1.79570E-02,  1.84429E-02,  1.89532E-02,  1.94894E-02,  2.00531E-02,  2.06461E-02,  2.12701E-02,  2.19268E-02,  2.26181E-02,  2.33458E-02,  2.41114E-02,  2.49167E-02,  2.57627E-02,  2.66504E-02,  2.75803E-02,  2.85520E-02,  2.95643E-02,  3.06149E-02,  3.17001E-02,  3.28144E-02,  3.39504E-02,  3.50985E-02,  3.62465E-02,  3.73800E-02,  3.84820E-02,  3.95334E-02,  4.05135E-02,  4.14009E-02,  4.21744E-02,  4.28140E-02,  4.33026E-02,  4.36268E-02,  4.37779E-02,  4.37528E-02,  4.35536E-02,  4.31881E-02,  4.26685E-02,  4.20108E-02,  4.12335E-02,  4.03566E-02,  3.94004E-02,  3.83844E-02,  3.73269E-02,  3.62444E-02,  3.51512E-02,  3.40596E-02,  3.29794E-02,  3.19187E-02,  3.08836E-02,  2.98787E-02,  2.89072E-02,  2.79713E-02,  2.70720E-02,  2.62098E-02,  2.53846E-02,  2.45959E-02,  2.38427E-02,  2.31240E-02,  2.24384E-02,  2.17846E-02,  2.11612E-02,  2.05667E-02,  1.99997E-02,  1.94587E-02,  1.89424E-02,  1.84495E-02,  1.79786E-02,  1.75286E-02,  1.70984E-02,
  1.57523E-02,  1.61293E-02,  1.65235E-02,  1.69358E-02,  1.73673E-02,  1.78192E-02,  1.82927E-02,  1.87891E-02,  1.93098E-02,  1.98561E-02,  2.04296E-02,  2.10317E-02,  2.16638E-02,  2.23273E-02,  2.30237E-02,  2.37542E-02,  2.45197E-02,  2.53211E-02,  2.61587E-02,  2.70322E-02,  2.79410E-02,  2.88832E-02,  2.98561E-02,  3.08557E-02,  3.18766E-02,  3.29114E-02,  3.39513E-02,  3.49853E-02,  3.60004E-02,  3.69819E-02,  3.79135E-02,  3.87780E-02,  3.95574E-02,  4.02346E-02,  4.07933E-02,  4.12198E-02,  4.15034E-02,  4.16370E-02,  4.16181E-02,  4.14484E-02,  4.11339E-02,  4.06842E-02,  4.01122E-02,  3.94329E-02,  3.86626E-02,  3.78179E-02,  3.69155E-02,  3.59708E-02,  3.49983E-02,  3.40106E-02,  3.30187E-02,  3.20319E-02,  3.10578E-02,  3.01023E-02,  2.91703E-02,  2.82651E-02,  2.73893E-02,  2.65443E-02,  2.57311E-02,  2.49500E-02,  2.42009E-02,  2.34834E-02,  2.27966E-02,  2.21398E-02,  2.15119E-02,  2.09117E-02,  2.03381E-02,  1.97899E-02,  1.92660E-02,  1.87650E-02,  1.82860E-02,  1.78277E-02,  1.73891E-02,  1.69692E-02,
  1.56515E-02,  1.60207E-02,  1.64062E-02,  1.68089E-02,  1.72297E-02,  1.76699E-02,  1.81303E-02,  1.86122E-02,  1.91167E-02,  1.96450E-02,  2.01983E-02,  2.07778E-02,  2.13847E-02,  2.20200E-02,  2.26849E-02,  2.33800E-02,  2.41061E-02,  2.48634E-02,  2.56518E-02,  2.64707E-02,  2.73188E-02,  2.81941E-02,  2.90937E-02,  3.00132E-02,  3.09475E-02,  3.18896E-02,  3.28313E-02,  3.37627E-02,  3.46724E-02,  3.55477E-02,  3.63746E-02,  3.71386E-02,  3.78251E-02,  3.84197E-02,  3.89094E-02,  3.92829E-02,  3.95318E-02,  3.96503E-02,  3.96363E-02,  3.94912E-02,  3.92196E-02,  3.88292E-02,  3.83304E-02,  3.77353E-02,  3.70572E-02,  3.63100E-02,  3.55076E-02,  3.46633E-02,  3.37894E-02,  3.28972E-02,  3.19966E-02,  3.10959E-02,  3.02023E-02,  2.93216E-02,  2.84586E-02,  2.76167E-02,  2.67986E-02,  2.60062E-02,  2.52408E-02,  2.45030E-02,  2.37931E-02,  2.31110E-02,  2.24562E-02,  2.18283E-02,  2.12264E-02,  2.06498E-02,  2.00976E-02,  1.95687E-02,  1.90622E-02,  1.85771E-02,  1.81124E-02,  1.76671E-02,  1.72404E-02,  1.68312E-02,
  1.55428E-02,  1.59037E-02,  1.62800E-02,  1.66726E-02,  1.70824E-02,  1.75102E-02,  1.79570E-02,  1.84238E-02,  1.89116E-02,  1.94214E-02,  1.99541E-02,  2.05107E-02,  2.10922E-02,  2.16992E-02,  2.23325E-02,  2.29927E-02,  2.36799E-02,  2.43940E-02,  2.51347E-02,  2.59010E-02,  2.66913E-02,  2.75034E-02,  2.83341E-02,  2.91793E-02,  3.00339E-02,  3.08914E-02,  3.17444E-02,  3.25839E-02,  3.34000E-02,  3.41816E-02,  3.49170E-02,  3.55939E-02,  3.62000E-02,  3.67238E-02,  3.71544E-02,  3.74828E-02,  3.77019E-02,  3.78074E-02,  3.77973E-02,  3.76727E-02,  3.74373E-02,  3.70973E-02,  3.66609E-02,  3.61382E-02,  3.55400E-02,  3.48779E-02,  3.41635E-02,  3.34081E-02,  3.26225E-02,  3.18164E-02,  3.09987E-02,  3.01770E-02,  2.93580E-02,  2.85471E-02,  2.77488E-02,  2.69668E-02,  2.62039E-02,  2.54621E-02,  2.47429E-02,  2.40473E-02,  2.33757E-02,  2.27284E-02,  2.21053E-02,  2.15062E-02,  2.09304E-02,  2.03775E-02,  1.98468E-02,  1.93374E-02,  1.88487E-02,  1.83797E-02,  1.79297E-02,  1.74978E-02,  1.70833E-02,  1.66853E-02,
  1.54268E-02,  1.57789E-02,  1.61457E-02,  1.65278E-02,  1.69260E-02,  1.73412E-02,  1.77740E-02,  1.82254E-02,  1.86962E-02,  1.91872E-02,  1.96991E-02,  2.02327E-02,  2.07887E-02,  2.13675E-02,  2.19697E-02,  2.25955E-02,  2.32447E-02,  2.39171E-02,  2.46119E-02,  2.53280E-02,  2.60635E-02,  2.68161E-02,  2.75827E-02,  2.83592E-02,  2.91407E-02,  2.99214E-02,  3.06943E-02,  3.14517E-02,  3.21848E-02,  3.28840E-02,  3.35394E-02,  3.41405E-02,  3.46774E-02,  3.51401E-02,  3.55200E-02,  3.58097E-02,  3.60035E-02,  3.60975E-02,  3.60905E-02,  3.59831E-02,  3.57783E-02,  3.54812E-02,  3.50983E-02,  3.46379E-02,  3.41089E-02,  3.35210E-02,  3.28839E-02,  3.22073E-02,  3.15004E-02,  3.07718E-02,  3.00292E-02,  2.92797E-02,  2.85293E-02,  2.77831E-02,  2.70454E-02,  2.63199E-02,  2.56092E-02,  2.49156E-02,  2.42408E-02,  2.35859E-02,  2.29516E-02,  2.23384E-02,  2.17465E-02,  2.11757E-02,  2.06259E-02,  2.00966E-02,  1.95873E-02,  1.90976E-02,  1.86267E-02,  1.81741E-02,  1.77390E-02,  1.73208E-02,  1.69187E-02,  1.65321E-02,
  1.53039E-02,  1.56471E-02,  1.60040E-02,  1.63754E-02,  1.67618E-02,  1.71640E-02,  1.75826E-02,  1.80184E-02,  1.84719E-02,  1.89439E-02,  1.94350E-02,  1.99457E-02,  2.04764E-02,  2.10275E-02,  2.15992E-02,  2.21914E-02,  2.28039E-02,  2.34361E-02,  2.40871E-02,  2.47555E-02,  2.54394E-02,  2.61365E-02,  2.68435E-02,  2.75568E-02,  2.82716E-02,  2.89826E-02,  2.96836E-02,  3.03677E-02,  3.10272E-02,  3.16539E-02,  3.22393E-02,  3.27746E-02,  3.32513E-02,  3.36615E-02,  3.39979E-02,  3.42543E-02,  3.44261E-02,  3.45103E-02,  3.45057E-02,  3.44128E-02,  3.42340E-02,  3.39734E-02,  3.36364E-02,  3.32297E-02,  3.27608E-02,  3.22376E-02,  3.16684E-02,  3.10615E-02,  3.04247E-02,  2.97655E-02,  2.90910E-02,  2.84072E-02,  2.77196E-02,  2.70332E-02,  2.63519E-02,  2.56792E-02,  2.50178E-02,  2.43700E-02,  2.37376E-02,  2.31218E-02,  2.25235E-02,  2.19434E-02,  2.13818E-02,  2.08389E-02,  2.03145E-02,  1.98086E-02,  1.93207E-02,  1.88506E-02,  1.83976E-02,  1.79614E-02,  1.75414E-02,  1.71369E-02,  1.67475E-02,  1.63725E-02,
  1.51750E-02,  1.55089E-02,  1.58558E-02,  1.62161E-02,  1.65905E-02,  1.69796E-02,  1.73838E-02,  1.78038E-02,  1.82402E-02,  1.86933E-02,  1.91637E-02,  1.96517E-02,  2.01575E-02,  2.06815E-02,  2.12234E-02,  2.17832E-02,  2.23603E-02,  2.29541E-02,  2.35634E-02,  2.41868E-02,  2.48224E-02,  2.54678E-02,  2.61198E-02,  2.67750E-02,  2.74291E-02,  2.80771E-02,  2.87135E-02,  2.93322E-02,  2.99265E-02,  3.04894E-02,  3.10134E-02,  3.14913E-02,  3.19160E-02,  3.22807E-02,  3.25795E-02,  3.28072E-02,  3.29602E-02,  3.30358E-02,  3.30330E-02,  3.29523E-02,  3.27957E-02,  3.25663E-02,  3.22688E-02,  3.19085E-02,  3.14917E-02,  3.10251E-02,  3.05156E-02,  2.99702E-02,  2.93958E-02,  2.87990E-02,  2.81857E-02,  2.75616E-02,  2.69316E-02,  2.63002E-02,  2.56711E-02,  2.50477E-02,  2.44326E-02,  2.38280E-02,  2.32358E-02,  2.26573E-02,  2.20936E-02,  2.15455E-02,  2.10134E-02,  2.04976E-02,  1.99982E-02,  1.95152E-02,  1.90485E-02,  1.85977E-02,  1.81626E-02,  1.77427E-02,  1.73377E-02,  1.69471E-02,  1.65705E-02,  1.62072E-02,
  1.50405E-02,  1.53651E-02,  1.57017E-02,  1.60509E-02,  1.64132E-02,  1.67890E-02,  1.71788E-02,  1.75831E-02,  1.80023E-02,  1.84367E-02,  1.88866E-02,  1.93523E-02,  1.98339E-02,  2.03314E-02,  2.08446E-02,  2.13731E-02,  2.19164E-02,  2.24736E-02,  2.30435E-02,  2.36247E-02,  2.42152E-02,  2.48125E-02,  2.54139E-02,  2.60160E-02,  2.66148E-02,  2.72059E-02,  2.77844E-02,  2.83448E-02,  2.88813E-02,  2.93879E-02,  2.98582E-02,  3.02860E-02,  3.06653E-02,  3.09906E-02,  3.12568E-02,  3.14598E-02,  3.15964E-02,  3.16644E-02,  3.16631E-02,  3.15928E-02,  3.14551E-02,  3.12526E-02,  3.09890E-02,  3.06689E-02,  3.02975E-02,  2.98803E-02,  2.94233E-02,  2.89324E-02,  2.84136E-02,  2.78725E-02,  2.73144E-02,  2.67444E-02,  2.61670E-02,  2.55860E-02,  2.50052E-02,  2.44276E-02,  2.38557E-02,  2.32918E-02,  2.27377E-02,  2.21947E-02,  2.16641E-02,  2.11466E-02,  2.06429E-02,  2.01534E-02,  1.96784E-02,  1.92179E-02,  1.87718E-02,  1.83402E-02,  1.79227E-02,  1.75191E-02,  1.71291E-02,  1.67523E-02,  1.63884E-02,  1.60369E-02,
  1.49011E-02,  1.52161E-02,  1.55424E-02,  1.58805E-02,  1.62306E-02,  1.65932E-02,  1.69686E-02,  1.73573E-02,  1.77595E-02,  1.81754E-02,  1.86053E-02,  1.90492E-02,  1.95072E-02,  1.99791E-02,  2.04646E-02,  2.09632E-02,  2.14743E-02,  2.19968E-02,  2.25297E-02,  2.30713E-02,  2.36197E-02,  2.41727E-02,  2.47275E-02,  2.52811E-02,  2.58298E-02,  2.63695E-02,  2.68960E-02,  2.74044E-02,  2.78897E-02,  2.83465E-02,  2.87696E-02,  2.91535E-02,  2.94934E-02,  2.97844E-02,  3.00223E-02,  3.02038E-02,  3.03261E-02,  3.03876E-02,  3.03874E-02,  3.03260E-02,  3.02044E-02,  3.00250E-02,  2.97908E-02,  2.95056E-02,  2.91737E-02,  2.87999E-02,  2.83891E-02,  2.79464E-02,  2.74771E-02,  2.69858E-02,  2.64775E-02,  2.59565E-02,  2.54269E-02,  2.48923E-02,  2.43559E-02,  2.38207E-02,  2.32892E-02,  2.27634E-02,  2.22451E-02,  2.17357E-02,  2.12366E-02,  2.07484E-02,  2.02721E-02,  1.98080E-02,  1.93565E-02,  1.89178E-02,  1.84920E-02,  1.80791E-02,  1.76790E-02,  1.72915E-02,  1.69163E-02,  1.65533E-02,  1.62020E-02,  1.58623E-02,
  1.47574E-02,  1.50628E-02,  1.53788E-02,  1.57056E-02,  1.60435E-02,  1.63930E-02,  1.67542E-02,  1.71274E-02,  1.75129E-02,  1.79108E-02,  1.83211E-02,  1.87439E-02,  1.91790E-02,  1.96262E-02,  2.00851E-02,  2.05552E-02,  2.10357E-02,  2.15256E-02,  2.20236E-02,  2.25283E-02,  2.30377E-02,  2.35498E-02,  2.40619E-02,  2.45711E-02,  2.50743E-02,  2.55678E-02,  2.60476E-02,  2.65096E-02,  2.69493E-02,  2.73622E-02,  2.77437E-02,  2.80892E-02,  2.83945E-02,  2.86556E-02,  2.88690E-02,  2.90317E-02,  2.91416E-02,  2.91973E-02,  2.91980E-02,  2.91440E-02,  2.90364E-02,  2.88770E-02,  2.86683E-02,  2.84134E-02,  2.81161E-02,  2.77803E-02,  2.74102E-02,  2.70103E-02,  2.65849E-02,  2.61384E-02,  2.56748E-02,  2.51982E-02,  2.47121E-02,  2.42198E-02,  2.37243E-02,  2.32284E-02,  2.27344E-02,  2.22442E-02,  2.17595E-02,  2.12820E-02,  2.08126E-02,  2.03525E-02,  1.99023E-02,  1.94626E-02,  1.90338E-02,  1.86163E-02,  1.82102E-02,  1.78156E-02,  1.74325E-02,  1.70607E-02,  1.67002E-02,  1.63507E-02,  1.60121E-02,  1.56841E-02,
  1.46098E-02,  1.49057E-02,  1.52113E-02,  1.55269E-02,  1.58528E-02,  1.61893E-02,  1.65365E-02,  1.68945E-02,  1.72637E-02,  1.76439E-02,  1.80352E-02,  1.84375E-02,  1.88505E-02,  1.92741E-02,  1.97077E-02,  2.01506E-02,  2.06022E-02,  2.10613E-02,  2.15267E-02,  2.19970E-02,  2.24703E-02,  2.29446E-02,  2.34176E-02,  2.38865E-02,  2.43484E-02,  2.48001E-02,  2.52381E-02,  2.56586E-02,  2.60578E-02,  2.64318E-02,  2.67766E-02,  2.70883E-02,  2.73633E-02,  2.75982E-02,  2.77901E-02,  2.79365E-02,  2.80356E-02,  2.80861E-02,  2.80875E-02,  2.80400E-02,  2.79444E-02,  2.78023E-02,  2.76157E-02,  2.73874E-02,  2.71203E-02,  2.68179E-02,  2.64838E-02,  2.61218E-02,  2.57357E-02,  2.53291E-02,  2.49059E-02,  2.44693E-02,  2.40228E-02,  2.35692E-02,  2.31113E-02,  2.26517E-02,  2.21924E-02,  2.17354E-02,  2.12823E-02,  2.08346E-02,  2.03935E-02,  1.99599E-02,  1.95347E-02,  1.91184E-02,  1.87115E-02,  1.83144E-02,  1.79274E-02,  1.75506E-02,  1.71840E-02,  1.68277E-02,  1.64815E-02,  1.61454E-02,  1.58193E-02,  1.55028E-02,
  1.44590E-02,  1.47453E-02,  1.50407E-02,  1.53452E-02,  1.56592E-02,  1.59829E-02,  1.63163E-02,  1.66595E-02,  1.70127E-02,  1.73757E-02,  1.77486E-02,  1.81312E-02,  1.85231E-02,  1.89240E-02,  1.93335E-02,  1.97507E-02,  2.01750E-02,  2.06052E-02,  2.10402E-02,  2.14785E-02,  2.19184E-02,  2.23579E-02,  2.27950E-02,  2.32272E-02,  2.36517E-02,  2.40657E-02,  2.44661E-02,  2.48495E-02,  2.52127E-02,  2.55522E-02,  2.58645E-02,  2.61464E-02,  2.63948E-02,  2.66068E-02,  2.67798E-02,  2.69119E-02,  2.70015E-02,  2.70474E-02,  2.70493E-02,  2.70073E-02,  2.69222E-02,  2.67951E-02,  2.66278E-02,  2.64227E-02,  2.61822E-02,  2.59093E-02,  2.56070E-02,  2.52787E-02,  2.49275E-02,  2.45568E-02,  2.41698E-02,  2.37696E-02,  2.33590E-02,  2.29407E-02,  2.25174E-02,  2.20911E-02,  2.16641E-02,  2.12380E-02,  2.08144E-02,  2.03948E-02,  1.99803E-02,  1.95719E-02,  1.91703E-02,  1.87764E-02,  1.83905E-02,  1.80131E-02,  1.76445E-02,  1.72849E-02,  1.69345E-02,  1.65932E-02,  1.62611E-02,  1.59381E-02,  1.56242E-02,  1.53192E-02,
  1.43054E-02,  1.45823E-02,  1.48674E-02,  1.51611E-02,  1.54634E-02,  1.57745E-02,  1.60943E-02,  1.64231E-02,  1.67608E-02,  1.71072E-02,  1.74624E-02,  1.78259E-02,  1.81976E-02,  1.85770E-02,  1.89635E-02,  1.93565E-02,  1.97550E-02,  2.01582E-02,  2.05648E-02,  2.09734E-02,  2.13824E-02,  2.17901E-02,  2.21943E-02,  2.25930E-02,  2.29836E-02,  2.33635E-02,  2.37301E-02,  2.40803E-02,  2.44114E-02,  2.47201E-02,  2.50038E-02,  2.52594E-02,  2.54843E-02,  2.56760E-02,  2.58325E-02,  2.59520E-02,  2.60332E-02,  2.60751E-02,  2.60774E-02,  2.60402E-02,  2.59641E-02,  2.58501E-02,  2.56997E-02,  2.55149E-02,  2.52978E-02,  2.50509E-02,  2.47769E-02,  2.44785E-02,  2.41586E-02,  2.38201E-02,  2.34657E-02,  2.30983E-02,  2.27204E-02,  2.23344E-02,  2.19427E-02,  2.15472E-02,  2.11500E-02,  2.07526E-02,  2.03566E-02,  1.99633E-02,  1.95739E-02,  1.91892E-02,  1.88102E-02,  1.84375E-02,  1.80717E-02,  1.77132E-02,  1.73623E-02,  1.70194E-02,  1.66845E-02,  1.63579E-02,  1.60395E-02,  1.57293E-02,  1.54274E-02,  1.51336E-02,
