 -4.42669E-03, -4.42223E-03, -4.41180E-03, -4.39494E-03, -4.37121E-03, -4.34017E-03, -4.30143E-03, -4.25460E-03, -4.19937E-03, -4.13551E-03, -4.06286E-03, -3.98137E-03, -3.89111E-03, -3.79232E-03, -3.68539E-03, -3.57091E-03, -3.44965E-03, -3.32262E-03, -3.19105E-03, -3.05639E-03, -2.92030E-03, -2.78464E-03, -2.65144E-03, -2.52285E-03, -2.40112E-03, -2.28849E-03, -2.18716E-03, -2.09921E-03, -2.02651E-03, -1.97067E-03, -1.93297E-03, -1.91428E-03, -1.91506E-03, -1.93533E-03, -1.97466E-03, -2.03219E-03, -2.10667E-03, -2.19650E-03, -2.29983E-03, -2.41459E-03, -2.53857E-03, -2.66952E-03, -2.80519E-03, -2.94342E-03, -3.08215E-03, -3.21950E-03, -3.35379E-03, -3.48354E-03, -3.60750E-03, -3.72465E-03, -3.83418E-03, -3.93549E-03, -4.02817E-03, -4.11197E-03, -4.18681E-03, -4.25273E-03, -4.30987E-03, -4.35848E-03, -4.39886E-03, -4.43139E-03, -4.45647E-03, -4.47453E-03, -4.48604E-03, -4.49144E-03, -4.49120E-03,
 -4.53908E-03, -4.53583E-03, -4.52613E-03, -4.50947E-03, -4.48530E-03, -4.45310E-03, -4.41236E-03, -4.36264E-03, -4.30351E-03, -4.23462E-03, -4.15575E-03, -4.06674E-03, -3.96761E-03, -3.85853E-03, -3.73987E-03, -3.61220E-03, -3.47635E-03, -3.33340E-03, -3.18469E-03, -3.03186E-03, -2.87678E-03, -2.72161E-03, -2.56871E-03, -2.42060E-03, -2.27996E-03, -2.14945E-03, -2.03173E-03, -1.92931E-03, -1.84448E-03, -1.77918E-03, -1.73499E-03, -1.71298E-03, -1.71373E-03, -1.73724E-03, -1.78299E-03, -1.84993E-03, -1.93652E-03, -2.04083E-03, -2.16059E-03, -2.29329E-03, -2.43630E-03, -2.58690E-03, -2.74244E-03, -2.90037E-03, -3.05829E-03, -3.21404E-03, -3.36569E-03, -3.51160E-03, -3.65038E-03, -3.78093E-03, -3.90241E-03, -4.01421E-03, -4.11595E-03, -4.20743E-03, -4.28865E-03, -4.35972E-03, -4.42089E-03, -4.47248E-03, -4.51493E-03, -4.54868E-03, -4.57424E-03, -4.59214E-03, -4.60292E-03, -4.60711E-03, -4.60526E-03,
 -4.65843E-03, -4.65678E-03, -4.64821E-03, -4.63209E-03, -4.60780E-03, -4.57470E-03, -4.53219E-03, -4.47968E-03, -4.41664E-03, -4.34262E-03, -4.25724E-03, -4.16026E-03, -4.05160E-03, -3.93135E-03, -3.79981E-03, -3.65756E-03, -3.50542E-03, -3.34455E-03, -3.17642E-03, -3.00285E-03, -2.82597E-03, -2.64826E-03, -2.47246E-03, -2.30157E-03, -2.13872E-03, -1.98714E-03, -1.85003E-03, -1.73044E-03, -1.63115E-03, -1.55457E-03, -1.50262E-03, -1.47664E-03, -1.47732E-03, -1.50469E-03, -1.55810E-03, -1.63625E-03, -1.73725E-03, -1.85872E-03, -1.99790E-03, -2.15175E-03, -2.31707E-03, -2.49062E-03, -2.66924E-03, -2.84993E-03, -3.02989E-03, -3.20663E-03, -3.37797E-03, -3.54206E-03, -3.69740E-03, -3.84279E-03, -3.97739E-03, -4.10059E-03, -4.21207E-03, -4.31171E-03, -4.39959E-03, -4.47595E-03, -4.54114E-03, -4.59562E-03, -4.63992E-03, -4.67463E-03, -4.70035E-03, -4.71773E-03, -4.72739E-03, -4.72998E-03, -4.72609E-03,
 -4.78520E-03, -4.78563E-03, -4.77864E-03, -4.76351E-03, -4.73949E-03, -4.70585E-03, -4.66184E-03, -4.60675E-03, -4.53990E-03, -4.46068E-03, -4.36858E-03, -4.26322E-03, -4.14439E-03, -4.01205E-03, -3.86645E-03, -3.70808E-03, -3.53780E-03, -3.35681E-03, -3.16669E-03, -2.96945E-03, -2.76753E-03, -2.56375E-03, -2.36132E-03, -2.16375E-03, -1.97479E-03, -1.79831E-03, -1.63819E-03, -1.49814E-03, -1.38159E-03, -1.29149E-03, -1.23023E-03, -1.19946E-03, -1.20005E-03, -1.23204E-03, -1.29462E-03, -1.38616E-03, -1.50435E-03, -1.64625E-03, -1.80846E-03, -1.98728E-03, -2.17884E-03, -2.37924E-03, -2.58472E-03, -2.79172E-03, -2.99701E-03, -3.19771E-03, -3.39135E-03, -3.57588E-03, -3.74967E-03, -3.91147E-03, -4.06041E-03, -4.19595E-03, -4.31784E-03, -4.42607E-03, -4.52085E-03, -4.60256E-03, -4.67169E-03, -4.72886E-03, -4.77474E-03, -4.81005E-03, -4.83553E-03, -4.85194E-03, -4.86003E-03, -4.86052E-03, -4.85413E-03,
 -4.91988E-03, -4.92294E-03, -4.91807E-03, -4.90445E-03, -4.88122E-03, -4.84750E-03, -4.80238E-03, -4.74501E-03, -4.67452E-03, -4.59015E-03, -4.49120E-03, -4.37711E-03, -4.24748E-03, -4.10217E-03, -3.94125E-03, -3.76517E-03, -3.57473E-03, -3.37116E-03, -3.15616E-03, -2.93195E-03, -2.70125E-03, -2.46731E-03, -2.23385E-03, -2.00501E-03, -1.78528E-03, -1.57930E-03, -1.39179E-03, -1.22730E-03, -1.09004E-03, -9.83685E-04, -9.11195E-04, -8.74644E-04, -8.75119E-04, -9.12658E-04, -9.86247E-04, -1.09388E-03, -1.23265E-03, -1.39894E-03, -1.58855E-03, -1.79695E-03, -2.01942E-03, -2.25128E-03, -2.48804E-03, -2.72551E-03, -2.95990E-03, -3.18793E-03, -3.40681E-03, -3.61428E-03, -3.80859E-03, -3.98845E-03, -4.15301E-03, -4.30183E-03, -4.43477E-03, -4.55197E-03, -4.65380E-03, -4.74083E-03, -4.81373E-03, -4.87329E-03, -4.92036E-03, -4.95581E-03, -4.98054E-03, -4.99545E-03, -5.00140E-03, -4.99925E-03, -4.98980E-03,
 -5.06297E-03, -5.06928E-03, -5.06718E-03, -5.05571E-03, -5.03387E-03, -5.00063E-03, -4.95493E-03, -4.89570E-03, -4.82190E-03, -4.73254E-03, -4.62671E-03, -4.50362E-03, -4.36267E-03, -4.20349E-03, -4.02602E-03, -3.83053E-03, -3.61776E-03, -3.38893E-03, -3.14584E-03, -2.89090E-03, -2.62715E-03, -2.35829E-03, -2.08865E-03, -1.82312E-03, -1.56703E-03, -1.32602E-03, -1.10581E-03, -9.12006E-04, -7.49829E-04, -6.23855E-04, -5.37780E-04, -4.94213E-04, -4.94523E-04, -5.38758E-04, -6.25645E-04, -7.52660E-04, -9.16182E-04, -1.11168E-03, -1.33399E-03, -1.57750E-03, -1.83648E-03, -2.10528E-03, -2.37852E-03, -2.65126E-03, -2.91910E-03, -3.17828E-03, -3.42568E-03, -3.65883E-03, -3.87588E-03, -4.07554E-03, -4.25703E-03, -4.42004E-03, -4.56460E-03, -4.69105E-03, -4.79999E-03, -4.89218E-03, -4.96855E-03, -5.03007E-03, -5.07780E-03, -5.11282E-03, -5.13618E-03, -5.14894E-03, -5.15212E-03, -5.14668E-03, -5.13353E-03,
 -5.21493E-03, -5.22523E-03, -5.22663E-03, -5.21806E-03, -5.19836E-03, -5.16632E-03, -5.12069E-03, -5.06019E-03, -4.98355E-03, -4.88952E-03, -4.77693E-03, -4.64471E-03, -4.49201E-03, -4.31817E-03, -4.12289E-03, -3.90625E-03, -3.66886E-03, -3.41188E-03, -3.13714E-03, -2.84723E-03, -2.54554E-03, -2.23627E-03, -1.92443E-03, -1.61577E-03, -1.31667E-03, -1.03394E-03, -7.74584E-04, -5.45525E-04, -3.53252E-04, -2.03498E-04, -1.00917E-04, -4.88023E-05, -4.88900E-05, -1.01243E-04, -2.04248E-04, -3.54722E-04, -5.48103E-04, -7.78728E-04, -1.04015E-03, -1.32546E-03, -1.62764E-03, -1.93985E-03, -2.25566E-03, -2.56924E-03, -2.87549E-03, -3.17013E-03, -3.44969E-03, -3.71150E-03, -3.95365E-03, -4.17491E-03, -4.37463E-03, -4.55267E-03, -4.70932E-03, -4.84518E-03, -4.96112E-03, -5.05818E-03, -5.13754E-03, -5.20044E-03, -5.24818E-03, -5.28204E-03, -5.30329E-03, -5.31315E-03, -5.31279E-03, -5.30331E-03, -5.28576E-03,
 -5.37625E-03, -5.39136E-03, -5.39713E-03, -5.39234E-03, -5.37565E-03, -5.34568E-03, -5.30095E-03, -5.23995E-03, -5.16112E-03, -5.06294E-03, -4.94390E-03, -4.80261E-03, -4.63786E-03, -4.44868E-03, -4.23443E-03, -3.99492E-03, -3.73052E-03, -3.44226E-03, -3.13197E-03, -2.80239E-03, -2.45721E-03, -2.10119E-03, -1.74009E-03, -1.38070E-03, -1.03063E-03, -6.98128E-04, -3.91792E-04, -1.20189E-04,  1.08566E-04,  2.87252E-04,  4.09976E-04,  4.72548E-04,  4.72755E-04,  4.10517E-04,  2.87887E-04,  1.08913E-04, -1.20631E-04, -3.93612E-04, -7.01966E-04, -1.03714E-03, -1.39052E-03, -1.75381E-03, -2.11931E-03, -2.48015E-03, -2.83046E-03, -3.16538E-03, -3.48109E-03, -3.77477E-03, -4.04450E-03, -4.28917E-03, -4.50833E-03, -4.70215E-03, -4.87121E-03, -5.01645E-03, -5.13910E-03, -5.24052E-03, -5.32222E-03, -5.38574E-03, -5.43265E-03, -5.46447E-03, -5.48271E-03, -5.48877E-03, -5.48400E-03, -5.46965E-03, -5.44687E-03,
 -5.54735E-03, -5.56822E-03, -5.57935E-03, -5.57934E-03, -5.56672E-03, -5.53986E-03, -5.49707E-03, -5.43654E-03, -5.35642E-03, -5.25482E-03, -5.12989E-03, -4.97982E-03, -4.80297E-03, -4.59795E-03, -4.36369E-03, -4.09963E-03, -3.80579E-03, -3.48299E-03, -3.13295E-03, -2.75846E-03, -2.36355E-03, -1.95350E-03, -1.53497E-03, -1.11588E-03, -7.05329E-04, -3.13336E-04,  4.95370E-05,  3.72635E-04,  6.45766E-04,  8.59787E-04,  1.00719E-03,  1.08261E-03,  1.08321E-03,  1.00888E-03,  8.62252E-04,  6.48513E-04,  3.75016E-04,  5.07944E-05, -3.14023E-04, -7.08795E-04, -1.12293E-03, -1.54633E-03, -1.96982E-03, -2.38532E-03, -2.78606E-03, -3.16660E-03, -3.52280E-03, -3.85173E-03, -4.15156E-03, -4.42139E-03, -4.66111E-03, -4.87125E-03, -5.05282E-03, -5.20719E-03, -5.33601E-03, -5.44106E-03, -5.52421E-03, -5.58737E-03, -5.63240E-03, -5.66114E-03, -5.67530E-03, -5.67653E-03, -5.66634E-03, -5.64615E-03, -5.61724E-03,
 -5.72866E-03, -5.75633E-03, -5.77392E-03, -5.77989E-03, -5.77255E-03, -5.75005E-03, -5.71044E-03, -5.65161E-03, -5.57135E-03, -5.46738E-03, -5.33740E-03, -5.17914E-03, -4.99043E-03, -4.76934E-03, -4.51428E-03, -4.22414E-03, -3.89850E-03, -3.53779E-03, -3.14350E-03, -2.71842E-03, -2.26678E-03, -1.79445E-03, -1.30898E-03, -8.19653E-04, -3.37316E-04,  1.25884E-04,  5.56931E-04,  9.42528E-04,  1.26981E-03,  1.52715E-03,  1.70492E-03,  1.79619E-03,  1.79730E-03,  1.70811E-03,  1.53202E-03,  1.27571E-03,  9.48615E-04,  5.62229E-04,  1.29338E-04, -3.36772E-04, -8.23038E-04, -1.31721E-03, -1.80830E-03, -2.28688E-03, -2.74520E-03, -3.17721E-03, -3.57852E-03, -3.94620E-03, -4.27862E-03, -4.57523E-03, -4.83639E-03, -5.06314E-03, -5.25703E-03, -5.41998E-03, -5.55413E-03, -5.66177E-03, -5.74522E-03, -5.80678E-03, -5.84869E-03, -5.87306E-03, -5.88191E-03, -5.87711E-03, -5.86036E-03, -5.83325E-03, -5.79721E-03,
 -5.92050E-03, -5.95615E-03, -5.98147E-03, -5.99475E-03, -5.99409E-03, -5.97743E-03, -5.94250E-03, -5.88687E-03, -5.80794E-03, -5.70298E-03, -5.56917E-03, -5.40368E-03, -5.20373E-03, -4.96673E-03, -4.69038E-03, -4.37292E-03, -4.01327E-03, -3.61131E-03, -3.16814E-03, -2.68635E-03, -2.17029E-03, -1.62634E-03, -1.06304E-03, -4.91166E-04,  7.63921E-05,  6.24893E-04,  1.13828E-03,  1.59991E-03,  1.99349E-03,  2.30411E-03,  2.51937E-03,  2.63027E-03,  2.63205E-03,  2.52453E-03,  2.31212E-03,  2.00350E-03,  1.61084E-03,  1.14885E-03,  6.33744E-04,  8.21612E-05, -4.89767E-04, -1.06717E-03, -1.63694E-03, -2.18811E-03, -2.71189E-03, -3.20169E-03, -3.65294E-03, -4.06286E-03, -4.43021E-03, -4.75497E-03, -5.03813E-03, -5.28140E-03, -5.48704E-03, -5.65761E-03, -5.79590E-03, -5.90476E-03, -5.98704E-03, -6.04548E-03, -6.08273E-03, -6.10125E-03, -6.10336E-03, -6.09115E-03, -6.06656E-03, -6.03134E-03, -5.98704E-03,
 -6.12315E-03, -6.16807E-03, -6.20252E-03, -6.22462E-03, -6.23226E-03, -6.22314E-03, -6.19467E-03, -6.14406E-03, -6.06829E-03, -5.96411E-03, -5.82813E-03, -5.65686E-03, -5.44678E-03, -5.19450E-03, -4.89689E-03, -4.55128E-03, -4.15575E-03, -3.70939E-03, -3.21266E-03, -2.66774E-03, -2.07894E-03, -1.45302E-03, -7.99494E-04, -1.30779E-04,  5.37848E-04,  1.18854E-03,  1.80147E-03,  2.35577E-03,  2.83069E-03,  3.20707E-03,  3.46879E-03,  3.60411E-03,  3.60677E-03,  3.47652E-03,  3.21918E-03,  2.84607E-03,  2.37299E-03,  1.81888E-03,  1.20438E-03,  5.50370E-04, -1.23208E-04, -7.98307E-04, -1.45939E-03, -2.09375E-03, -2.69158E-03, -3.24581E-03, -3.75189E-03, -4.20740E-03, -4.61170E-03, -4.96556E-03, -5.27080E-03, -5.53003E-03, -5.74634E-03, -5.92313E-03, -6.06391E-03, -6.17221E-03, -6.25146E-03, -6.30495E-03, -6.33573E-03, -6.34668E-03, -6.34039E-03, -6.31924E-03, -6.28537E-03, -6.24070E-03, -6.18694E-03,
 -6.33679E-03, -6.39240E-03, -6.43752E-03, -6.47012E-03, -6.48789E-03, -6.48826E-03, -6.46833E-03, -6.42492E-03, -6.35452E-03, -6.25336E-03, -6.11738E-03, -5.94234E-03, -5.72386E-03, -5.45760E-03, -5.13936E-03, -4.76541E-03, -4.33267E-03, -3.83917E-03, -3.28442E-03, -2.66988E-03, -1.99953E-03, -1.28033E-03, -5.22690E-04,  2.59244E-04,  1.04749E-03,  1.82049E-03,  2.55379E-03,  3.22113E-03,  3.79607E-03,  4.25380E-03,  4.57327E-03,  4.73905E-03,  4.74285E-03,  4.58436E-03,  4.27125E-03,  3.81842E-03,  3.24652E-03,  2.58004E-03,  1.84533E-03,  1.06868E-03,  2.74709E-04, -5.14738E-04, -1.28133E-03, -2.01051E-03, -2.69150E-03, -3.31695E-03, -3.88258E-03, -4.38663E-03, -4.82939E-03, -5.21268E-03, -5.53947E-03, -5.81343E-03, -6.03874E-03, -6.21974E-03, -6.36085E-03, -6.46634E-03, -6.54032E-03, -6.58664E-03, -6.60886E-03, -6.61022E-03, -6.59367E-03, -6.56185E-03, -6.51712E-03, -6.46156E-03, -6.39702E-03,
 -6.56149E-03, -6.62929E-03, -6.68678E-03, -6.73175E-03, -6.76169E-03, -6.77377E-03, -6.76477E-03, -6.73110E-03, -6.66876E-03, -6.57337E-03, -6.44015E-03, -6.26402E-03, -6.03961E-03, -5.76145E-03, -5.42410E-03, -5.02245E-03, -4.55201E-03, -4.00936E-03, -3.39264E-03, -2.70223E-03, -1.94135E-03, -1.11685E-03, -2.39816E-04,  6.73842E-04,  1.60315E-03,  2.52220E-03,  3.40086E-03,  4.20614E-03,  4.90414E-03,  5.46270E-03,  5.85413E-03,  6.05801E-03,  6.06330E-03,  5.86960E-03,  5.48711E-03,  4.93557E-03,  4.24209E-03,  3.43852E-03,  2.55859E-03,  1.63539E-03,  6.99313E-04, -2.23340E-04, -1.11110E-03, -1.94755E-03, -2.72107E-03, -3.42435E-03, -4.05377E-03, -4.60865E-03, -5.09057E-03, -5.50280E-03, -5.84971E-03, -6.13639E-03, -6.36825E-03, -6.55081E-03, -6.68946E-03, -6.78936E-03, -6.85537E-03, -6.89194E-03, -6.90315E-03, -6.89266E-03, -6.86376E-03, -6.81936E-03, -6.76202E-03, -6.69401E-03, -6.61727E-03,
 -6.79715E-03, -6.87879E-03, -6.95046E-03, -7.00983E-03, -7.05420E-03, -7.08048E-03, -7.08512E-03, -7.06414E-03, -7.01300E-03, -6.92670E-03, -6.79968E-03, -6.62591E-03, -6.39893E-03, -6.11196E-03, -5.75809E-03, -5.33055E-03, -4.82306E-03, -4.23033E-03, -3.54869E-03, -2.77684E-03, -1.91675E-03, -9.74614E-04,  3.81246E-05,  1.10395E-03,  2.19870E-03,  3.29144E-03,  4.34521E-03,  5.31851E-03,  6.16791E-03,  6.85149E-03,  7.33270E-03,  7.58433E-03,  7.59158E-03,  7.35389E-03,  6.88498E-03,  6.21112E-03,  5.36814E-03,  4.39754E-03,  3.34260E-03,  2.24496E-03,  1.14201E-03,  6.52162E-05, -9.60561E-04, -1.91711E-03, -2.79234E-03, -3.57945E-03, -4.27600E-03, -4.88289E-03, -5.40354E-03, -5.84306E-03, -6.20763E-03, -6.50399E-03, -6.73908E-03, -6.91972E-03, -7.05245E-03, -7.14341E-03, -7.19824E-03, -7.22206E-03, -7.21947E-03, -7.19459E-03, -7.15103E-03, -7.09195E-03, -7.02014E-03, -6.93799E-03, -6.84757E-03,
 -7.04355E-03, -7.14073E-03, -7.22853E-03, -7.30449E-03, -7.36574E-03, -7.40896E-03, -7.43030E-03, -7.42535E-03, -7.38908E-03, -7.31580E-03, -7.19915E-03, -7.03208E-03, -6.80691E-03, -6.51539E-03, -6.14891E-03, -5.69874E-03, -5.15642E-03, -4.51431E-03, -3.76631E-03, -2.90880E-03, -1.94177E-03, -8.70085E-04,  2.95093E-04,  1.53500E-03,  2.82221E-03,  4.12021E-03,  5.38386E-03,  6.56116E-03,  7.59643E-03,  8.43488E-03,  9.02809E-03,  9.33957E-03,  9.34939E-03,  9.05678E-03,  8.48023E-03,  7.65497E-03,  6.62849E-03,  5.45504E-03,  4.19016E-03,  2.88615E-03,  1.58873E-03,  3.35249E-04, -8.45963E-04, -1.93521E-03, -2.92047E-03, -3.79614E-03, -4.56166E-03, -5.22021E-03, -5.77760E-03, -6.24129E-03, -6.61969E-03, -6.92152E-03, -7.15545E-03, -7.32982E-03, -7.45242E-03, -7.53044E-03, -7.57036E-03, -7.57800E-03, -7.55851E-03, -7.51641E-03, -7.45566E-03, -7.37966E-03, -7.29136E-03, -7.19330E-03, -7.08763E-03,
 -7.30026E-03, -7.41476E-03, -7.52073E-03, -7.61560E-03, -7.69638E-03, -7.75953E-03, -7.80092E-03, -7.81576E-03, -7.79852E-03, -7.74284E-03, -7.64151E-03, -7.48643E-03, -7.26859E-03, -6.97816E-03, -6.60458E-03, -6.13687E-03, -5.56396E-03, -4.87533E-03, -4.06180E-03, -3.11660E-03, -2.03684E-03, -8.25101E-04,  5.08620E-04,  1.94498E-03,  3.45357E-03,  4.99183E-03,  6.50515E-03,  7.92865E-03,  9.19104E-03,  1.02207E-02,  1.09533E-02,  1.13397E-02,  1.13529E-02,  1.09918E-02,  1.02816E-02,  9.26956E-03,  8.01887E-03,  6.60049E-03,  5.08563E-03,  3.53965E-03,  2.01808E-03,  5.64633E-04, -7.89010E-04, -2.02228E-03, -3.12409E-03, -4.09094E-03, -4.92508E-03, -5.63276E-03, -6.22288E-03, -6.70582E-03, -7.09260E-03, -7.39428E-03, -7.62149E-03, -7.78424E-03, -7.89168E-03, -7.95209E-03, -7.97286E-03, -7.96047E-03, -7.92063E-03, -7.85824E-03, -7.77757E-03, -7.68224E-03, -7.57535E-03, -7.45954E-03, -7.33702E-03,
 -7.56663E-03, -7.70028E-03, -7.82651E-03, -7.94273E-03, -8.04582E-03, -8.13211E-03, -8.19720E-03, -8.23598E-03, -8.24242E-03, -8.20954E-03, -8.12931E-03, -7.99253E-03, -7.78883E-03, -7.50664E-03, -7.13332E-03, -6.65532E-03, -6.05858E-03, -5.32914E-03, -4.45397E-03, -3.42231E-03, -2.22723E-03, -8.67824E-04,  6.48316E-04,  2.30236E-03,  4.06158E-03,  5.87729E-03,  7.68419E-03,  9.40193E-03,  1.09397E-02,  1.22039E-02,  1.31091E-02,  1.35889E-02,  1.36066E-02,  1.31607E-02,  1.22853E-02,  1.10443E-02,  9.52177E-03,  7.81042E-03,  6.00117E-03,  4.17516E-03,  2.39908E-03,  7.23256E-04, -8.17835E-04, -2.20376E-03, -3.42556E-03, -4.48307E-03, -5.38241E-03, -6.13387E-03, -6.75017E-03, -7.24520E-03, -7.63305E-03, -7.92737E-03, -8.14102E-03, -8.28574E-03, -8.37214E-03, -8.40963E-03, -8.40645E-03, -8.36980E-03, -8.30583E-03, -8.21986E-03, -8.11638E-03, -7.99921E-03, -7.87155E-03, -7.73609E-03, -7.59507E-03,
 -7.84179E-03, -7.99641E-03, -8.14506E-03, -8.28511E-03, -8.41343E-03, -8.52620E-03, -8.61888E-03, -8.68606E-03, -8.72131E-03, -8.71707E-03, -8.66450E-03, -8.55336E-03, -8.37190E-03, -8.10679E-03, -7.74313E-03, -7.26460E-03, -6.65380E-03, -5.89277E-03, -4.96394E-03, -3.85149E-03, -2.54329E-03, -1.03343E-03,  6.74513E-04,  2.56382E-03,  4.60067E-03,  6.73069E-03,  8.87706E-03,  1.09414E-02,  1.28088E-02,  1.43577E-02,  1.54745E-02,  1.60698E-02,  1.60934E-02,  1.55434E-02,  1.44660E-02,  1.29475E-02,  1.10995E-02,  9.04263E-03,  6.89221E-03,  4.74800E-03,  2.68888E-03,  7.71554E-04, -9.67804E-04, -2.51039E-03, -3.85096E-03, -4.99415E-03, -5.95124E-03, -6.73757E-03, -7.37046E-03, -7.86787E-03, -8.24735E-03, -8.52543E-03, -8.71726E-03, -8.83648E-03, -8.89512E-03, -8.90371E-03, -8.87134E-03, -8.80580E-03, -8.71371E-03, -8.60067E-03, -8.47138E-03, -8.32977E-03, -8.17911E-03, -8.02210E-03, -7.86096E-03,
 -8.12463E-03, -8.30202E-03, -8.47519E-03, -8.64159E-03, -8.79807E-03, -8.94081E-03, -9.06514E-03, -9.16546E-03, -9.23501E-03, -9.26576E-03, -9.24817E-03, -9.17102E-03, -9.02124E-03, -8.78373E-03, -8.44133E-03, -7.97482E-03, -7.36315E-03, -6.58396E-03, -5.61442E-03, -4.43274E-03, -3.02022E-03, -1.36433E-03,  5.37359E-04,  2.67232E-03,  5.00755E-03,  7.48424E-03,  1.00139E-02,  1.24779E-02,  1.47325E-02,  1.66210E-02,  1.79934E-02,  1.87295E-02,  1.87611E-02,  1.80853E-02,  1.67649E-02,  1.49157E-02,  1.26852E-02,  1.02292E-02,  7.69234E-03,  5.19565E-03,  2.83065E-03,  6.59451E-04, -1.28184E-03, -2.97806E-03, -4.42964E-03, -5.64770E-03, -6.65004E-03, -7.45805E-03, -8.09442E-03, -8.58165E-03, -8.94105E-03, -9.19218E-03, -9.35260E-03, -9.43777E-03, -9.46115E-03, -9.43430E-03, -9.36705E-03, -9.26773E-03, -9.14331E-03, -8.99960E-03, -8.84143E-03, -8.67278E-03, -8.49691E-03, -8.31647E-03, -8.13362E-03,
 -8.41378E-03, -8.61564E-03, -8.81540E-03, -9.01059E-03, -9.19817E-03, -9.37436E-03, -9.53447E-03, -9.67283E-03, -9.78247E-03, -9.85501E-03, -9.88033E-03, -9.84640E-03, -9.73894E-03, -9.54124E-03, -9.23392E-03, -8.79485E-03, -8.19926E-03, -7.42006E-03, -6.42869E-03, -5.19650E-03, -3.69704E-03, -1.90943E-03,  1.76909E-04,  2.55618E-03,  5.19882E-03,  8.04374E-03,  1.09917E-02,  1.39025E-02,  1.65992E-02,  1.88825E-02,  2.05563E-02,  2.14605E-02,  2.15028E-02,  2.06790E-02,  1.90734E-02,  1.68403E-02,  1.41725E-02,  1.12689E-02,  8.30838E-03,  5.43495E-03,  2.75235E-03,  3.26217E-04, -1.80988E-03, -3.64692E-03, -5.19318E-03, -6.46803E-03, -7.49711E-03, -8.30876E-03, -8.93162E-03, -9.39308E-03, -9.71837E-03, -9.93011E-03, -1.00482E-02, -1.00898E-02, -1.00698E-02, -1.00005E-02, -9.89236E-03, -9.75417E-03, -9.59311E-03, -9.41510E-03, -9.22500E-03, -9.02673E-03, -8.82349E-03, -8.61782E-03, -8.41175E-03,
 -8.70757E-03, -8.93550E-03, -9.16377E-03, -9.39010E-03, -9.61160E-03, -9.82464E-03, -1.00247E-02, -1.02060E-02, -1.03616E-02, -1.04830E-02, -1.05596E-02, -1.05788E-02, -1.05254E-02, -1.03812E-02, -1.01249E-02, -9.73151E-03, -9.17273E-03, -8.41671E-03, -7.42888E-03, -6.17321E-03, -4.61452E-03, -2.72212E-03, -4.75139E-04,  2.13005E-03,  5.07051E-03,  8.28599E-03,  1.16688E-02,  1.50573E-02,  1.82384E-02,  2.09633E-02,  2.29800E-02,  2.40781E-02,  2.41347E-02,  2.31433E-02,  2.12155E-02,  1.85536E-02,  1.54057E-02,  1.20213E-02,  8.61730E-03,  5.36125E-03,  2.36734E-03, -2.98101E-04, -2.60709E-03, -4.55947E-03, -6.17358E-03, -7.47865E-03, -8.50920E-03, -9.30122E-03, -9.88960E-03, -1.03067E-02, -1.05817E-02, -1.07400E-02, -1.08037E-02, -1.07915E-02, -1.07193E-02, -1.06003E-02, -1.04451E-02, -1.02629E-02, -1.00610E-02, -9.84507E-03, -9.62006E-03, -9.38972E-03, -9.15707E-03, -8.92450E-03, -8.69384E-03,
 -9.00411E-03, -9.25950E-03, -9.51801E-03, -9.77761E-03, -1.00357E-02, -1.02888E-02, -1.05326E-02, -1.07618E-02, -1.09692E-02, -1.11466E-02, -1.12831E-02, -1.13658E-02, -1.13788E-02, -1.13030E-02, -1.11152E-02, -1.07884E-02, -1.02908E-02, -9.58605E-03, -8.63383E-03, -7.39060E-03, -5.81200E-03, -3.85651E-03, -1.49136E-03,  1.29902E-03,  4.50157E-03,  8.06075E-03,  1.18640E-02,  1.57308E-02,  1.94111E-02,  2.26023E-02,  2.49884E-02,  2.62995E-02,  2.63745E-02,  2.52041E-02,  2.29324E-02,  1.98183E-02,  1.61739E-02,  1.23046E-02,  8.46713E-03,  4.85103E-03,  1.57787E-03, -1.28893E-03, -3.73024E-03, -5.75738E-03, -7.40056E-03, -8.70001E-03, -9.69979E-03, -1.04437E-02, -1.09728E-02, -1.13242E-02, -1.15307E-02, -1.16202E-02, -1.16167E-02, -1.15401E-02, -1.14068E-02, -1.12305E-02, -1.10223E-02, -1.07910E-02, -1.05440E-02, -1.02868E-02, -1.00241E-02, -9.75945E-03, -9.49556E-03, -9.23458E-03, -8.97813E-03,
 -9.30122E-03, -9.58523E-03, -9.87546E-03, -1.01702E-02, -1.04671E-02, -1.07633E-02, -1.10546E-02, -1.13360E-02, -1.16009E-02, -1.18410E-02, -1.20459E-02, -1.22026E-02, -1.22948E-02, -1.23028E-02, -1.22025E-02, -1.19649E-02, -1.15557E-02, -1.09347E-02, -1.00563E-02, -8.87014E-03, -7.32278E-03, -5.36181E-03, -2.94171E-03, -3.33300E-05,  3.36292E-03,  7.20006E-03,  1.13654E-02,  1.56641E-02,  1.98126E-02,  2.34547E-02,  2.62070E-02,  2.77340E-02,  2.78322E-02,  2.64873E-02,  2.38790E-02,  2.03283E-02,  1.62155E-02,  1.19028E-02,  7.68508E-03,  3.77017E-03,  2.82735E-04, -2.72052E-03, -5.23219E-03, -7.27697E-03, -8.89798E-03, -1.01468E-02, -1.10769E-02, -1.17395E-02, -1.21813E-02, -1.24437E-02, -1.25621E-02, -1.25668E-02, -1.24828E-02, -1.23307E-02, -1.21276E-02, -1.18869E-02, -1.16196E-02, -1.13346E-02, -1.10386E-02, -1.07371E-02, -1.04342E-02, -1.01332E-02, -9.83652E-03, -9.54588E-03, -9.26264E-03,
 -9.59650E-03, -9.91000E-03, -1.02331E-02, -1.05644E-02, -1.09022E-02, -1.12438E-02, -1.15857E-02, -1.19234E-02, -1.22509E-02, -1.25602E-02, -1.28415E-02, -1.30821E-02, -1.32660E-02, -1.33733E-02, -1.33797E-02, -1.32551E-02, -1.29633E-02, -1.24617E-02, -1.17004E-02, -1.06231E-02, -9.16877E-03, -7.27492E-03, -4.88380E-03, -1.95236E-03,  1.53310E-03,  5.53724E-03,  9.95226E-03,  1.45755E-02,  1.90978E-02,  2.31162E-02,  2.61848E-02,  2.79049E-02,  2.80294E-02,  2.65382E-02,  2.36450E-02,  1.97306E-02,  1.52395E-02,  1.05857E-02,  6.09538E-03,  1.98900E-03, -1.61047E-03, -4.65625E-03, -7.15442E-03, -9.14365E-03, -1.06797E-02, -1.18249E-02, -1.26409E-02, -1.31855E-02, -1.35099E-02, -1.36585E-02, -1.36690E-02, -1.35725E-02, -1.33949E-02, -1.31570E-02, -1.28754E-02, -1.25636E-02, -1.22320E-02, -1.18889E-02, -1.15406E-02, -1.11921E-02, -1.08470E-02, -1.05080E-02, -1.01772E-02, -9.85596E-03, -9.54521E-03,
 -9.88735E-03, -1.02309E-02, -1.05875E-02, -1.09565E-02, -1.13365E-02, -1.17255E-02, -1.21206E-02, -1.25179E-02, -1.29122E-02, -1.32963E-02, -1.36610E-02, -1.39946E-02, -1.42818E-02, -1.45033E-02, -1.46350E-02, -1.46468E-02, -1.45021E-02, -1.41566E-02, -1.35581E-02, -1.26464E-02, -1.13546E-02, -9.61232E-03, -7.35145E-03, -4.51653E-03, -1.08013E-03,  2.93550E-03,  7.43159E-03,  1.22057E-02,  1.69346E-02,  2.11837E-02,  2.44606E-02,  2.63161E-02,  2.64669E-02,  2.48863E-02,  2.18138E-02,  1.76771E-02,  1.29701E-02,  8.14469E-03,  3.54765E-03, -5.95923E-04, -4.16907E-03, -7.13672E-03, -9.51844E-03, -1.13658E-02, -1.27454E-02, -1.37283E-02, -1.43827E-02, -1.47708E-02, -1.49469E-02, -1.49571E-02, -1.48400E-02, -1.46269E-02, -1.43435E-02, -1.40100E-02, -1.36425E-02, -1.32536E-02, -1.28530E-02, -1.24483E-02, -1.20450E-02, -1.16473E-02, -1.12584E-02, -1.08804E-02, -1.05146E-02, -1.01622E-02, -9.82349E-03,
 -1.01710E-02, -1.05446E-02, -1.09352E-02, -1.13424E-02, -1.17654E-02, -1.22030E-02, -1.26530E-02, -1.31123E-02, -1.35766E-02, -1.40398E-02, -1.44939E-02, -1.49282E-02, -1.53287E-02, -1.56774E-02, -1.59513E-02, -1.61213E-02, -1.61516E-02, -1.59981E-02, -1.56081E-02, -1.49196E-02, -1.38628E-02, -1.23624E-02, -1.03433E-02, -7.74076E-03, -4.51588E-03, -6.78376E-04,  3.68487E-03,  8.37956E-03,  1.30831E-02,  1.73513E-02,  2.06716E-02,  2.25695E-02,  2.27409E-02,  2.11534E-02,  1.80576E-02,  1.39037E-02,  9.20903E-03,  4.44118E-03, -4.77361E-05, -4.03644E-03, -7.41743E-03, -1.01674E-02, -1.23174E-02, -1.39289E-02, -1.50765E-02, -1.58367E-02, -1.62817E-02, -1.64756E-02, -1.64739E-02, -1.63226E-02, -1.60599E-02, -1.57163E-02, -1.53163E-02, -1.48790E-02, -1.44193E-02, -1.39485E-02, -1.34755E-02, -1.30065E-02, -1.25462E-02, -1.20981E-02, -1.16644E-02, -1.12466E-02, -1.08455E-02, -1.04617E-02, -1.00950E-02,
 -1.04445E-02, -1.08480E-02, -1.12722E-02, -1.17175E-02, -1.21838E-02, -1.26704E-02, -1.31760E-02, -1.36987E-02, -1.42350E-02, -1.47803E-02, -1.53278E-02, -1.58685E-02, -1.63901E-02, -1.68764E-02, -1.73065E-02, -1.76534E-02, -1.78831E-02, -1.79537E-02, -1.78137E-02, -1.74025E-02, -1.66501E-02, -1.54801E-02, -1.38144E-02, -1.15833E-02, -8.74005E-03, -5.28391E-03, -1.28848E-03,  3.06747E-03,  7.47796E-03,  1.15146E-02,  1.46777E-02,  1.65005E-02,  1.66809E-02,  1.51824E-02,  1.22483E-02,  8.31961E-03,  3.90303E-03, -5.45294E-04, -4.68576E-03, -8.30977E-03, -1.13217E-02, -1.37086E-02, -1.55095E-02, -1.67919E-02, -1.76340E-02, -1.81143E-02, -1.83054E-02, -1.82710E-02, -1.80652E-02, -1.77326E-02, -1.73092E-02, -1.68238E-02, -1.62988E-02, -1.57514E-02, -1.51949E-02, -1.46392E-02, -1.40913E-02, -1.35565E-02, -1.30383E-02, -1.25391E-02, -1.20604E-02, -1.16028E-02, -1.11666E-02, -1.07515E-02, -1.03572E-02,
 -1.07051E-02, -1.11375E-02, -1.15947E-02, -1.20774E-02, -1.25862E-02, -1.31214E-02, -1.36825E-02, -1.42685E-02, -1.48774E-02, -1.55059E-02, -1.61489E-02, -1.67992E-02, -1.74468E-02, -1.80778E-02, -1.86740E-02, -1.92115E-02, -1.96597E-02, -1.99799E-02, -2.01243E-02, -2.00358E-02, -1.96475E-02, -1.88856E-02, -1.76733E-02, -1.59400E-02, -1.36355E-02, -1.07511E-02, -7.34624E-03, -3.57777E-03,  2.79968E-04,  3.83924E-03,  6.64592E-03,  8.27441E-03,  8.44739E-03,  7.12824E-03,  4.53518E-03,  1.06801E-03, -2.81109E-03, -6.68547E-03, -1.02460E-02, -1.33053E-02, -1.57819E-02, -1.76711E-02, -1.90162E-02, -1.98862E-02, -2.03585E-02, -2.05099E-02, -2.04100E-02, -2.01195E-02, -1.96890E-02, -1.91599E-02, -1.85649E-02, -1.79298E-02, -1.72742E-02, -1.66131E-02, -1.59575E-02, -1.53152E-02, -1.46917E-02, -1.40908E-02, -1.35148E-02, -1.29650E-02, -1.24417E-02, -1.19449E-02, -1.14742E-02, -1.10287E-02, -1.06074E-02,
 -1.09496E-02, -1.14098E-02, -1.18986E-02, -1.24174E-02, -1.29673E-02, -1.35496E-02, -1.41647E-02, -1.48129E-02, -1.54932E-02, -1.62042E-02, -1.69424E-02, -1.77028E-02, -1.84777E-02, -1.92564E-02, -2.00238E-02, -2.07598E-02, -2.14379E-02, -2.20244E-02, -2.24767E-02, -2.27433E-02, -2.27631E-02, -2.24679E-02, -2.17857E-02, -2.06490E-02, -1.90073E-02, -1.68458E-02, -1.42091E-02, -1.12265E-02, -8.12839E-03, -5.24216E-03, -2.95108E-03, -1.61389E-03, -1.46500E-03, -2.53762E-03, -4.65117E-03, -7.47056E-03, -1.06052E-02, -1.37009E-02, -1.64942E-02, -1.88273E-02, -2.06348E-02, -2.19191E-02, -2.27246E-02, -2.31179E-02, -2.31721E-02, -2.29586E-02, -2.25417E-02, -2.19764E-02, -2.13082E-02, -2.05735E-02, -1.98010E-02, -1.90126E-02, -1.82246E-02, -1.74489E-02, -1.66941E-02, -1.59658E-02, -1.52676E-02, -1.46018E-02, -1.39692E-02, -1.33700E-02, -1.28035E-02, -1.22689E-02, -1.17649E-02, -1.12901E-02, -1.08430E-02,
 -1.11753E-02, -1.16616E-02, -1.21801E-02, -1.27328E-02, -1.33217E-02, -1.39487E-02, -1.46154E-02, -1.53229E-02, -1.60720E-02, -1.68625E-02, -1.76931E-02, -1.85609E-02, -1.94610E-02, -2.03857E-02, -2.13236E-02, -2.22588E-02, -2.31699E-02, -2.40288E-02, -2.47993E-02, -2.54370E-02, -2.58885E-02, -2.60931E-02, -2.59863E-02, -2.55058E-02, -2.46026E-02, -2.32570E-02, -2.14974E-02, -1.94209E-02, -1.72063E-02, -1.51087E-02, -1.34266E-02, -1.24387E-02, -1.23270E-02, -1.31188E-02, -1.46763E-02, -1.67407E-02, -1.90077E-02, -2.11994E-02, -2.31090E-02, -2.46143E-02, -2.56686E-02, -2.62811E-02, -2.64959E-02, -2.63745E-02, -2.59834E-02, -2.53863E-02, -2.46399E-02, -2.37921E-02, -2.28820E-02, -2.19401E-02, -2.09902E-02, -2.00496E-02, -1.91310E-02, -1.82431E-02, -1.73916E-02, -1.65800E-02, -1.58098E-02, -1.50817E-02, -1.43949E-02, -1.37486E-02, -1.31411E-02, -1.25706E-02, -1.20352E-02, -1.15329E-02, -1.10616E-02,
 -1.13795E-02, -1.18896E-02, -1.24354E-02, -1.30194E-02, -1.36442E-02, -1.43126E-02, -1.50270E-02, -1.57899E-02, -1.66032E-02, -1.74683E-02, -1.83860E-02, -1.93555E-02, -2.03746E-02, -2.14388E-02, -2.25406E-02, -2.36685E-02, -2.48064E-02, -2.59322E-02, -2.70168E-02, -2.80234E-02, -2.89072E-02, -2.96162E-02, -3.00940E-02, -3.02846E-02, -3.01411E-02, -2.96381E-02, -2.87867E-02, -2.76496E-02, -2.63506E-02, -2.50699E-02, -2.40191E-02, -2.33955E-02, -2.33283E-02, -2.38376E-02, -2.48270E-02, -2.61141E-02, -2.74828E-02, -2.87353E-02, -2.97257E-02, -3.03712E-02, -3.06460E-02, -3.05671E-02, -3.01779E-02, -2.95341E-02, -2.86946E-02, -2.77142E-02, -2.66411E-02, -2.55153E-02, -2.43686E-02, -2.32256E-02, -2.21044E-02, -2.10178E-02, -1.99746E-02, -1.89801E-02, -1.80372E-02, -1.71470E-02, -1.63093E-02, -1.55228E-02, -1.47856E-02, -1.40955E-02, -1.34500E-02, -1.28463E-02, -1.22819E-02, -1.17542E-02, -1.12606E-02,
 -1.15597E-02, -1.20910E-02, -1.26611E-02, -1.32730E-02, -1.39301E-02, -1.46356E-02, -1.53930E-02, -1.62057E-02, -1.70771E-02, -1.80100E-02, -1.90069E-02, -2.00693E-02, -2.11975E-02, -2.23902E-02, -2.36434E-02, -2.49502E-02, -2.62996E-02, -2.76754E-02, -2.90554E-02, -3.04107E-02, -3.17047E-02, -3.28942E-02, -3.39305E-02, -3.47634E-02, -3.53474E-02, -3.56507E-02, -3.56664E-02, -3.54230E-02, -3.49911E-02, -3.44804E-02, -3.40227E-02, -3.37423E-02, -3.37208E-02, -3.39714E-02, -3.44337E-02, -3.49930E-02, -3.55137E-02, -3.58733E-02, -3.59849E-02, -3.58053E-02, -3.53310E-02, -3.45878E-02, -3.36190E-02, -3.24757E-02, -3.12087E-02, -2.98646E-02, -2.84828E-02, -2.70956E-02, -2.57276E-02, -2.43971E-02, -2.31170E-02, -2.18954E-02, -2.07374E-02, -1.96450E-02, -1.86186E-02, -1.76568E-02, -1.67576E-02, -1.59182E-02, -1.51354E-02, -1.44057E-02, -1.37259E-02, -1.30924E-02, -1.25020E-02, -1.19515E-02, -1.14379E-02,
 -1.17136E-02, -1.22632E-02, -1.28542E-02, -1.34901E-02, -1.41749E-02, -1.49125E-02, -1.57071E-02, -1.65631E-02, -1.74849E-02, -1.84768E-02, -1.95429E-02, -2.06866E-02, -2.19107E-02, -2.32165E-02, -2.46035E-02, -2.60688E-02, -2.76060E-02, -2.92045E-02, -3.08484E-02, -3.25158E-02, -3.41778E-02, -3.57985E-02, -3.73361E-02, -3.87451E-02, -3.99802E-02, -4.10025E-02, -4.17874E-02, -4.23319E-02, -4.26594E-02, -4.28187E-02, -4.28750E-02, -4.28921E-02, -4.29130E-02, -4.29448E-02, -4.29558E-02, -4.28862E-02, -4.26676E-02, -4.22419E-02, -4.15746E-02, -4.06591E-02, -3.95134E-02, -3.81729E-02, -3.66825E-02, -3.50893E-02, -3.34379E-02, -3.17669E-02, -3.01085E-02, -2.84875E-02, -2.69220E-02, -2.54247E-02, -2.40035E-02, -2.26625E-02, -2.14031E-02, -2.02246E-02, -1.91247E-02, -1.81002E-02, -1.71472E-02, -1.62615E-02, -1.54388E-02, -1.46747E-02, -1.39650E-02, -1.33056E-02, -1.26926E-02, -1.21223E-02, -1.15914E-02,
 -1.18395E-02, -1.24039E-02, -1.30120E-02, -1.36676E-02, -1.43751E-02, -1.51390E-02, -1.59642E-02, -1.68558E-02, -1.78193E-02, -1.88599E-02, -1.99833E-02, -2.11944E-02, -2.24981E-02, -2.38981E-02, -2.53968E-02, -2.69946E-02, -2.86892E-02, -3.04746E-02, -3.23403E-02, -3.42702E-02, -3.62416E-02, -3.82249E-02, -4.01834E-02, -4.20747E-02, -4.38527E-02, -4.54715E-02, -4.68906E-02, -4.80802E-02, -4.90248E-02, -4.97253E-02, -5.01947E-02, -5.04510E-02, -5.05081E-02, -5.03682E-02, -5.00209E-02, -4.94479E-02, -4.86319E-02, -4.75658E-02, -4.62579E-02, -4.47325E-02, -4.30270E-02, -4.11862E-02, -3.92572E-02, -3.72850E-02, -3.53091E-02, -3.33624E-02, -3.14706E-02, -2.96524E-02, -2.79207E-02, -2.62831E-02, -2.47434E-02, -2.33023E-02, -2.19581E-02, -2.07075E-02, -1.95462E-02, -1.84693E-02, -1.74714E-02, -1.65473E-02, -1.56915E-02, -1.48988E-02, -1.41643E-02, -1.34833E-02, -1.28515E-02, -1.22648E-02, -1.17196E-02,
 -1.19358E-02, -1.25115E-02, -1.31325E-02, -1.38031E-02, -1.45279E-02, -1.53118E-02, -1.61603E-02, -1.70791E-02, -1.80743E-02, -1.91523E-02, -2.03195E-02, -2.15824E-02, -2.29474E-02, -2.44200E-02, -2.60048E-02, -2.77051E-02, -2.95216E-02, -3.14520E-02, -3.34899E-02, -3.56237E-02, -3.78353E-02, -4.00998E-02, -4.23840E-02, -4.46474E-02, -4.68424E-02, -4.89171E-02, -5.08179E-02, -5.24941E-02, -5.39013E-02, -5.50049E-02, -5.57810E-02, -5.62153E-02, -5.63012E-02, -5.60376E-02, -5.54285E-02, -5.44842E-02, -5.32241E-02, -5.16777E-02, -4.98853E-02, -4.78952E-02, -4.57601E-02, -4.35332E-02, -4.12645E-02, -3.89976E-02, -3.67691E-02, -3.46073E-02, -3.25333E-02, -3.05613E-02, -2.86998E-02, -2.69529E-02, -2.53209E-02, -2.38017E-02, -2.23914E-02, -2.10847E-02, -1.98757E-02, -1.87580E-02, -1.77253E-02, -1.67713E-02, -1.58897E-02, -1.50747E-02, -1.43209E-02, -1.36232E-02, -1.29768E-02, -1.23774E-02, -1.18209E-02,
 -1.20014E-02, -1.25847E-02, -1.32143E-02, -1.38949E-02, -1.46311E-02, -1.54284E-02, -1.62925E-02, -1.72295E-02, -1.82460E-02, -1.93490E-02, -2.05458E-02, -2.18437E-02, -2.32501E-02, -2.47720E-02, -2.64156E-02, -2.81859E-02, -3.00859E-02, -3.21158E-02, -3.42722E-02, -3.65465E-02, -3.89240E-02, -4.13825E-02, -4.38914E-02, -4.64110E-02, -4.88924E-02, -5.12790E-02, -5.35079E-02, -5.55139E-02, -5.72333E-02, -5.86079E-02, -5.95899E-02, -6.01445E-02, -6.02519E-02, -5.99090E-02, -5.91284E-02, -5.79388E-02, -5.63826E-02, -5.45136E-02, -5.23933E-02, -5.00865E-02, -4.76572E-02, -4.51646E-02, -4.26611E-02, -4.01902E-02, -3.77863E-02, -3.54752E-02, -3.32747E-02, -3.11958E-02, -2.92441E-02, -2.74212E-02, -2.57251E-02, -2.41518E-02, -2.26957E-02, -2.13501E-02, -2.01080E-02, -1.89621E-02, -1.79053E-02, -1.69304E-02, -1.60309E-02, -1.52005E-02, -1.44333E-02, -1.37239E-02, -1.30672E-02, -1.24589E-02, -1.18946E-02,
 -1.20358E-02, -1.26227E-02, -1.32566E-02, -1.39420E-02, -1.46838E-02, -1.54876E-02, -1.63593E-02, -1.73052E-02, -1.83322E-02, -1.94477E-02, -2.06593E-02, -2.19748E-02, -2.34023E-02, -2.49495E-02, -2.66236E-02, -2.84305E-02, -3.03747E-02, -3.24580E-02, -3.46784E-02, -3.70293E-02, -3.94980E-02, -4.20641E-02, -4.46984E-02, -4.73617E-02, -5.00045E-02, -5.25672E-02, -5.49817E-02, -5.71746E-02, -5.90708E-02, -6.05995E-02, -6.16992E-02, -6.23239E-02, -6.24466E-02, -6.20625E-02, -6.11893E-02, -5.98652E-02, -5.81454E-02, -5.60971E-02, -5.37936E-02, -5.13094E-02, -4.87148E-02, -4.60730E-02, -4.34378E-02, -4.08526E-02, -3.83509E-02, -3.59567E-02, -3.36860E-02, -3.15480E-02, -2.95469E-02, -2.76823E-02, -2.59512E-02, -2.43484E-02, -2.28673E-02, -2.15006E-02, -2.02405E-02, -1.90792E-02, -1.80092E-02, -1.70230E-02, -1.61137E-02, -1.52747E-02, -1.45001E-02, -1.37842E-02, -1.31219E-02, -1.25086E-02, -1.19398E-02,
 -1.20389E-02, -1.26255E-02, -1.32591E-02, -1.39442E-02, -1.46857E-02, -1.54892E-02, -1.63605E-02, -1.73061E-02, -1.83328E-02, -1.94482E-02, -2.06598E-02, -2.19758E-02, -2.34043E-02, -2.49531E-02, -2.66298E-02, -2.84408E-02, -3.03910E-02, -3.24826E-02, -3.47146E-02, -3.70813E-02, -3.95707E-02, -4.21637E-02, -4.48317E-02, -4.75364E-02, -5.02283E-02, -5.28473E-02, -5.53237E-02, -5.75811E-02, -5.95405E-02, -6.11259E-02, -6.22710E-02, -6.29249E-02, -6.30578E-02, -6.26641E-02, -6.17630E-02, -6.03963E-02, -5.86240E-02, -5.65182E-02, -5.41568E-02, -5.16175E-02, -4.89729E-02, -4.62876E-02, -4.36153E-02, -4.09995E-02, -3.84728E-02, -3.60584E-02, -3.37717E-02, -3.16210E-02, -2.96097E-02, -2.77370E-02, -2.59995E-02, -2.43914E-02, -2.29061E-02, -2.15358E-02, -2.02727E-02, -1.91090E-02, -1.80368E-02, -1.70487E-02, -1.61377E-02, -1.52972E-02, -1.45212E-02, -1.38041E-02, -1.31406E-02, -1.25262E-02, -1.19565E-02,
 -1.20109E-02, -1.25935E-02, -1.32224E-02, -1.39022E-02, -1.46376E-02, -1.54339E-02, -1.62971E-02, -1.72334E-02, -1.82495E-02, -1.93526E-02, -2.05502E-02, -2.18501E-02, -2.32602E-02, -2.47882E-02, -2.64413E-02, -2.82257E-02, -3.01461E-02, -3.22047E-02, -3.44004E-02, -3.67275E-02, -3.91745E-02, -4.17227E-02, -4.43445E-02, -4.70025E-02, -4.96486E-02, -5.22241E-02, -5.46610E-02, -5.68843E-02, -5.88165E-02, -6.03826E-02, -6.15168E-02, -6.21686E-02, -6.23081E-02, -6.19293E-02, -6.10508E-02, -5.97137E-02, -5.79769E-02, -5.59115E-02, -5.35941E-02, -5.11011E-02, -4.85037E-02, -4.58650E-02, -4.32380E-02, -4.06651E-02, -3.81785E-02, -3.58009E-02, -3.35475E-02, -3.14267E-02, -2.94419E-02, -2.75926E-02, -2.58754E-02, -2.42852E-02, -2.28153E-02, -2.14584E-02, -2.02068E-02, -1.90529E-02, -1.79892E-02, -1.70083E-02, -1.61036E-02, -1.52684E-02, -1.44970E-02, -1.37837E-02, -1.31236E-02, -1.25120E-02, -1.19447E-02,
 -1.19525E-02, -1.25274E-02, -1.31475E-02, -1.38171E-02, -1.45408E-02, -1.53238E-02, -1.61716E-02, -1.70900E-02, -1.80856E-02, -1.91651E-02, -2.03354E-02, -2.16040E-02, -2.29780E-02, -2.44646E-02, -2.60702E-02, -2.78004E-02, -2.96592E-02, -3.16480E-02, -3.37654E-02, -3.60052E-02, -3.83560E-02, -4.07992E-02, -4.33085E-02, -4.58480E-02, -4.83721E-02, -5.08256E-02, -5.31444E-02, -5.52587E-02, -5.70960E-02, -5.85866E-02, -5.96691E-02, -6.02963E-02, -6.04401E-02, -6.00944E-02, -5.92758E-02, -5.80218E-02, -5.63866E-02, -5.44359E-02, -5.22411E-02, -4.98735E-02, -4.74004E-02, -4.48815E-02, -4.23674E-02, -3.98989E-02, -3.75073E-02, -3.52154E-02, -3.30382E-02, -3.09847E-02, -2.90590E-02, -2.72613E-02, -2.55891E-02, -2.40377E-02, -2.26013E-02, -2.12733E-02, -2.00467E-02, -1.89143E-02, -1.78691E-02, -1.69042E-02, -1.60132E-02, -1.51899E-02, -1.44286E-02, -1.37242E-02, -1.30717E-02, -1.24667E-02, -1.19051E-02,
 -1.18651E-02, -1.24288E-02, -1.30361E-02, -1.36910E-02, -1.43980E-02, -1.51616E-02, -1.59871E-02, -1.68800E-02, -1.78462E-02, -1.88917E-02, -2.00229E-02, -2.12464E-02, -2.25686E-02, -2.39956E-02, -2.55330E-02, -2.71851E-02, -2.89550E-02, -3.08431E-02, -3.28471E-02, -3.49603E-02, -3.71711E-02, -3.94616E-02, -4.18063E-02, -4.41721E-02, -4.65167E-02, -4.87898E-02, -5.09335E-02, -5.28852E-02, -5.45801E-02, -5.59563E-02, -5.69593E-02, -5.75470E-02, -5.76941E-02, -5.73944E-02, -5.66617E-02, -5.55281E-02, -5.40409E-02, -5.22578E-02, -5.02424E-02, -4.80586E-02, -4.57675E-02, -4.34240E-02, -4.10751E-02, -3.87595E-02, -3.65073E-02, -3.43408E-02, -3.22754E-02, -3.03208E-02, -2.84819E-02, -2.67601E-02, -2.51538E-02, -2.36598E-02, -2.22730E-02, -2.09880E-02, -1.97985E-02, -1.86981E-02, -1.76805E-02, -1.67395E-02, -1.58692E-02, -1.50637E-02, -1.43180E-02, -1.36270E-02, -1.29861E-02, -1.23913E-02, -1.18385E-02,
 -1.17500E-02, -1.22994E-02, -1.28903E-02, -1.35265E-02, -1.42119E-02, -1.49509E-02, -1.57482E-02, -1.66086E-02, -1.75373E-02, -1.85399E-02, -1.96217E-02, -2.07884E-02, -2.20453E-02, -2.33975E-02, -2.48492E-02, -2.64036E-02, -2.80624E-02, -2.98250E-02, -3.16880E-02, -3.36441E-02, -3.56816E-02, -3.77832E-02, -3.99253E-02, -4.20775E-02, -4.42021E-02, -4.62546E-02, -4.81848E-02, -4.99385E-02, -5.14603E-02, -5.26976E-02, -5.36040E-02, -5.41434E-02, -5.42937E-02, -5.40486E-02, -5.34185E-02, -5.24295E-02, -5.11204E-02, -4.95398E-02, -4.77417E-02, -4.57814E-02, -4.37124E-02, -4.15837E-02, -3.94380E-02, -3.73111E-02, -3.52316E-02, -3.32211E-02, -3.12952E-02, -2.94645E-02, -2.77348E-02, -2.61087E-02, -2.45861E-02, -2.31649E-02, -2.18414E-02, -2.06113E-02, -1.94695E-02, -1.84104E-02, -1.74286E-02, -1.65186E-02, -1.56751E-02, -1.48930E-02, -1.41675E-02, -1.34942E-02, -1.28687E-02, -1.22872E-02, -1.17462E-02,
 -1.16091E-02, -1.21413E-02, -1.27127E-02, -1.33265E-02, -1.39863E-02, -1.46961E-02, -1.54598E-02, -1.62817E-02, -1.71664E-02, -1.81184E-02, -1.91422E-02, -2.02423E-02, -2.14231E-02, -2.26882E-02, -2.40405E-02, -2.54819E-02, -2.70127E-02, -2.86312E-02, -3.03328E-02, -3.21098E-02, -3.39505E-02, -3.58385E-02, -3.77524E-02, -3.96651E-02, -4.15439E-02, -4.33511E-02, -4.50446E-02, -4.65797E-02, -4.79113E-02, -4.89964E-02, -4.97971E-02, -5.02840E-02, -5.04380E-02, -5.02528E-02, -4.97351E-02, -4.89043E-02, -4.77906E-02, -4.64326E-02, -4.48741E-02, -4.31612E-02, -4.13391E-02, -3.94504E-02, -3.75327E-02, -3.56187E-02, -3.37348E-02, -3.19020E-02, -3.01359E-02, -2.84475E-02, -2.68440E-02, -2.53290E-02, -2.39040E-02, -2.25680E-02, -2.13190E-02, -2.01537E-02, -1.90683E-02, -1.80582E-02, -1.71191E-02, -1.62462E-02, -1.54350E-02, -1.46811E-02, -1.39802E-02, -1.33282E-02, -1.27214E-02, -1.21564E-02, -1.16297E-02,
 -1.14446E-02, -1.19572E-02, -1.25061E-02, -1.30944E-02, -1.37252E-02, -1.44018E-02, -1.51276E-02, -1.59062E-02, -1.67414E-02, -1.76367E-02, -1.85957E-02, -1.96218E-02, -2.07181E-02, -2.18869E-02, -2.31298E-02, -2.44473E-02, -2.58384E-02, -2.72999E-02, -2.88268E-02, -3.04106E-02, -3.20401E-02, -3.36999E-02, -3.53709E-02, -3.70299E-02, -3.86496E-02, -4.01992E-02, -4.16453E-02, -4.29530E-02, -4.40873E-02, -4.50152E-02, -4.57074E-02, -4.61407E-02, -4.62994E-02, -4.61767E-02, -4.57756E-02, -4.51087E-02, -4.41976E-02, -4.30708E-02, -4.17620E-02, -4.03076E-02, -3.87448E-02, -3.71089E-02, -3.54329E-02, -3.37454E-02, -3.20710E-02, -3.04294E-02, -2.88361E-02, -2.73027E-02, -2.58370E-02, -2.44441E-02, -2.31267E-02, -2.18853E-02, -2.07192E-02, -1.96264E-02, -1.86043E-02, -1.76497E-02, -1.67588E-02, -1.59281E-02, -1.51538E-02, -1.44320E-02, -1.37593E-02, -1.31320E-02, -1.25468E-02, -1.20007E-02, -1.14907E-02,
 -1.12588E-02, -1.17496E-02, -1.22738E-02, -1.28341E-02, -1.34330E-02, -1.40732E-02, -1.47577E-02, -1.54892E-02, -1.62707E-02, -1.71047E-02, -1.79940E-02, -1.89408E-02, -1.99468E-02, -2.10132E-02, -2.21403E-02, -2.33271E-02, -2.45714E-02, -2.58690E-02, -2.72140E-02, -2.85979E-02, -3.00096E-02, -3.14352E-02, -3.28582E-02, -3.42593E-02, -3.56165E-02, -3.69064E-02, -3.81040E-02, -3.91841E-02, -4.01218E-02, -4.08937E-02, -4.14789E-02, -4.18601E-02, -4.20244E-02, -4.19647E-02, -4.16803E-02, -4.11771E-02, -4.04682E-02, -3.95723E-02, -3.85134E-02, -3.73187E-02, -3.60169E-02, -3.46371E-02, -3.32066E-02, -3.17508E-02, -3.02915E-02, -2.88474E-02, -2.74336E-02, -2.60619E-02, -2.47409E-02, -2.34769E-02, -2.22736E-02, -2.11331E-02, -2.00558E-02, -1.90411E-02, -1.80875E-02, -1.71930E-02, -1.63548E-02, -1.55703E-02, -1.48364E-02, -1.41501E-02, -1.35085E-02, -1.29085E-02, -1.23474E-02, -1.18225E-02, -1.13311E-02,
 -1.10541E-02, -1.15214E-02, -1.20192E-02, -1.25494E-02, -1.31142E-02, -1.37158E-02, -1.43564E-02, -1.50381E-02, -1.57629E-02, -1.65328E-02, -1.73492E-02, -1.82133E-02, -1.91258E-02, -2.00865E-02, -2.10946E-02, -2.21477E-02, -2.32427E-02, -2.43743E-02, -2.55361E-02, -2.67194E-02, -2.79138E-02, -2.91068E-02, -3.02845E-02, -3.14314E-02, -3.25312E-02, -3.35673E-02, -3.45229E-02, -3.53820E-02, -3.61295E-02, -3.67511E-02, -3.72337E-02, -3.75656E-02, -3.77365E-02, -3.77386E-02, -3.75676E-02, -3.72232E-02, -3.67101E-02, -3.60380E-02, -3.52217E-02, -3.42796E-02, -3.32329E-02, -3.21039E-02, -3.09154E-02, -2.96888E-02, -2.84436E-02, -2.71970E-02, -2.59638E-02, -2.47557E-02, -2.35820E-02, -2.24498E-02, -2.13640E-02, -2.03277E-02, -1.93427E-02, -1.84096E-02, -1.75279E-02, -1.66966E-02, -1.59142E-02, -1.51787E-02, -1.44880E-02, -1.38398E-02, -1.32316E-02, -1.26612E-02, -1.21261E-02, -1.16242E-02, -1.11531E-02,
 -1.08332E-02, -1.12758E-02, -1.17456E-02, -1.22443E-02, -1.27735E-02, -1.33349E-02, -1.39300E-02, -1.45602E-02, -1.52268E-02, -1.59308E-02, -1.66728E-02, -1.74530E-02, -1.82709E-02, -1.91254E-02, -2.00142E-02, -2.09343E-02, -2.18812E-02, -2.28492E-02, -2.38313E-02, -2.48188E-02, -2.58021E-02, -2.67703E-02, -2.77119E-02, -2.86153E-02, -2.94694E-02, -3.02639E-02, -3.09900E-02, -3.16402E-02, -3.22083E-02, -3.26887E-02, -3.30754E-02, -3.33616E-02, -3.35396E-02, -3.36007E-02, -3.35371E-02, -3.33425E-02, -3.30141E-02, -3.25534E-02, -3.19664E-02, -3.12636E-02, -3.04592E-02, -2.95698E-02, -2.86132E-02, -2.76074E-02, -2.65696E-02, -2.55155E-02, -2.44592E-02, -2.34124E-02, -2.23848E-02, -2.13840E-02, -2.04160E-02, -1.94848E-02, -1.85934E-02, -1.77433E-02, -1.69352E-02, -1.61691E-02, -1.54443E-02, -1.47598E-02, -1.41141E-02, -1.35056E-02, -1.29327E-02, -1.23933E-02, -1.18858E-02, -1.14083E-02, -1.09589E-02,
 -1.05986E-02, -1.10156E-02, -1.14566E-02, -1.19228E-02, -1.24156E-02, -1.29359E-02, -1.34846E-02, -1.40627E-02, -1.46706E-02, -1.53085E-02, -1.59762E-02, -1.66729E-02, -1.73972E-02, -1.81470E-02, -1.89192E-02, -1.97096E-02, -2.05132E-02, -2.13237E-02, -2.21337E-02, -2.29348E-02, -2.37182E-02, -2.44744E-02, -2.51946E-02, -2.58706E-02, -2.64961E-02, -2.70666E-02, -2.75806E-02, -2.80382E-02, -2.84414E-02, -2.87922E-02, -2.90912E-02, -2.93360E-02, -2.95209E-02, -2.96365E-02, -2.96717E-02, -2.96147E-02, -2.94560E-02, -2.91895E-02, -2.88137E-02, -2.83320E-02, -2.77524E-02, -2.70859E-02, -2.63462E-02, -2.55482E-02, -2.47066E-02, -2.38358E-02, -2.29489E-02, -2.20575E-02, -2.11714E-02, -2.02989E-02, -1.94464E-02, -1.86191E-02, -1.78205E-02, -1.70533E-02, -1.63191E-02, -1.56187E-02, -1.49523E-02, -1.43196E-02, -1.37199E-02, -1.31523E-02, -1.26155E-02, -1.21084E-02, -1.16295E-02, -1.11773E-02, -1.07506E-02,
 -1.03530E-02, -1.07438E-02, -1.11555E-02, -1.15890E-02, -1.20449E-02, -1.25239E-02, -1.30264E-02, -1.35525E-02, -1.41022E-02, -1.46749E-02, -1.52697E-02, -1.58849E-02, -1.65184E-02, -1.71672E-02, -1.78274E-02, -1.84943E-02, -1.91621E-02, -1.98241E-02, -2.04730E-02, -2.11008E-02, -2.16992E-02, -2.22606E-02, -2.27783E-02, -2.32474E-02, -2.36658E-02, -2.40344E-02, -2.43575E-02, -2.46424E-02, -2.48981E-02, -2.51331E-02, -2.53538E-02, -2.55616E-02, -2.57525E-02, -2.59166E-02, -2.60395E-02, -2.61050E-02, -2.60974E-02, -2.60044E-02, -2.58179E-02, -2.55351E-02, -2.51585E-02, -2.46946E-02, -2.41532E-02, -2.35461E-02, -2.28861E-02, -2.21860E-02, -2.14580E-02, -2.07133E-02, -1.99618E-02, -1.92119E-02, -1.84707E-02, -1.77438E-02, -1.70357E-02, -1.63498E-02, -1.56884E-02, -1.50530E-02, -1.44448E-02, -1.38639E-02, -1.33105E-02, -1.27841E-02, -1.22841E-02, -1.18097E-02, -1.13600E-02, -1.09340E-02, -1.05305E-02,
 -1.00988E-02, -1.04633E-02, -1.08457E-02, -1.12464E-02, -1.16658E-02, -1.21039E-02, -1.25608E-02, -1.30360E-02, -1.35290E-02, -1.40384E-02, -1.45628E-02, -1.50999E-02, -1.56468E-02, -1.61999E-02, -1.67547E-02, -1.73060E-02, -1.78477E-02, -1.83729E-02, -1.88743E-02, -1.93444E-02, -1.97760E-02, -2.01628E-02, -2.05002E-02, -2.07862E-02, -2.10225E-02, -2.12143E-02, -2.13712E-02, -2.15062E-02, -2.16340E-02, -2.17688E-02, -2.19215E-02, -2.20968E-02, -2.22921E-02, -2.24968E-02, -2.26943E-02, -2.28644E-02, -2.29868E-02, -2.30435E-02, -2.30212E-02, -2.29122E-02, -2.27141E-02, -2.24296E-02, -2.20650E-02, -2.16296E-02, -2.11340E-02, -2.05896E-02, -2.00076E-02, -1.93988E-02, -1.87728E-02, -1.81382E-02, -1.75022E-02, -1.68710E-02, -1.62497E-02, -1.56421E-02, -1.50512E-02, -1.44794E-02, -1.39281E-02, -1.33984E-02, -1.28908E-02, -1.24054E-02, -1.19421E-02, -1.15006E-02, -1.10804E-02, -1.06807E-02, -1.03008E-02,
 -9.83854E-03, -1.01770E-02, -1.05303E-02, -1.08988E-02, -1.12822E-02, -1.16805E-02, -1.20930E-02, -1.25191E-02, -1.29574E-02, -1.34064E-02, -1.38639E-02, -1.43272E-02, -1.47929E-02, -1.52569E-02, -1.57143E-02, -1.61596E-02, -1.65864E-02, -1.69881E-02, -1.73575E-02, -1.76877E-02, -1.79725E-02, -1.82070E-02, -1.83885E-02, -1.85177E-02, -1.85990E-02, -1.86416E-02, -1.86590E-02, -1.86688E-02, -1.86901E-02, -1.87414E-02, -1.88370E-02, -1.89843E-02, -1.91816E-02, -1.94180E-02, -1.96752E-02, -1.99302E-02, -2.01590E-02, -2.03397E-02, -2.04548E-02, -2.04924E-02, -2.04465E-02, -2.03164E-02, -2.01055E-02, -1.98206E-02, -1.94706E-02, -1.90654E-02, -1.86151E-02, -1.81298E-02, -1.76188E-02, -1.70906E-02, -1.65526E-02, -1.60111E-02, -1.54716E-02, -1.49384E-02, -1.44150E-02, -1.39042E-02, -1.34081E-02, -1.29281E-02, -1.24652E-02, -1.20201E-02, -1.15931E-02, -1.11842E-02, -1.07932E-02, -1.04198E-02, -1.00636E-02,
 -9.57444E-03, -9.88721E-03, -1.02122E-02, -1.05492E-02, -1.08979E-02, -1.12577E-02, -1.16277E-02, -1.20068E-02, -1.23934E-02, -1.27854E-02, -1.31803E-02, -1.35750E-02, -1.39658E-02, -1.43481E-02, -1.47171E-02, -1.50669E-02, -1.53913E-02, -1.56838E-02, -1.59377E-02, -1.61469E-02, -1.63060E-02, -1.64116E-02, -1.64629E-02, -1.64624E-02, -1.64171E-02, -1.63390E-02, -1.62448E-02, -1.61549E-02, -1.60918E-02, -1.60767E-02, -1.61264E-02, -1.62498E-02, -1.64462E-02, -1.67045E-02, -1.70055E-02, -1.73247E-02, -1.76356E-02, -1.79135E-02, -1.81382E-02, -1.82946E-02, -1.83738E-02, -1.83723E-02, -1.82912E-02, -1.81351E-02, -1.79111E-02, -1.76275E-02, -1.72936E-02, -1.69185E-02, -1.65112E-02, -1.60797E-02, -1.56314E-02, -1.51728E-02, -1.47095E-02, -1.42460E-02, -1.37863E-02, -1.33334E-02, -1.28899E-02, -1.24576E-02, -1.20379E-02, -1.16319E-02, -1.12402E-02, -1.08632E-02, -1.05011E-02, -1.01537E-02, -9.82102E-03,
 -9.30865E-03, -9.59648E-03, -9.89397E-03, -1.02007E-02, -1.05161E-02, -1.08392E-02, -1.11689E-02, -1.15038E-02, -1.18419E-02, -1.21809E-02, -1.25180E-02, -1.28499E-02, -1.31725E-02, -1.34813E-02, -1.37713E-02, -1.40367E-02, -1.42716E-02, -1.44698E-02, -1.46252E-02, -1.47324E-02, -1.47873E-02, -1.47876E-02, -1.47340E-02, -1.46309E-02, -1.44872E-02, -1.43167E-02, -1.41381E-02, -1.39739E-02, -1.38481E-02, -1.37834E-02, -1.37979E-02, -1.39014E-02, -1.40936E-02, -1.43640E-02, -1.46931E-02, -1.50557E-02, -1.54245E-02, -1.57734E-02, -1.60802E-02, -1.63279E-02, -1.65055E-02, -1.66073E-02, -1.66323E-02, -1.65832E-02, -1.64654E-02, -1.62859E-02, -1.60527E-02, -1.57743E-02, -1.54587E-02, -1.51137E-02, -1.47464E-02, -1.43632E-02, -1.39698E-02, -1.35708E-02, -1.31704E-02, -1.27718E-02, -1.23780E-02, -1.19910E-02, -1.16126E-02, -1.12442E-02, -1.08866E-02, -1.05405E-02, -1.02064E-02, -9.88453E-03, -9.57491E-03,
 -9.04308E-03, -9.30690E-03, -9.57806E-03, -9.85592E-03, -1.01397E-02, -1.04282E-02, -1.07201E-02, -1.10138E-02, -1.13071E-02, -1.15974E-02, -1.18818E-02, -1.21569E-02, -1.24185E-02, -1.26622E-02, -1.28829E-02, -1.30752E-02, -1.32335E-02, -1.33521E-02, -1.34257E-02, -1.34497E-02, -1.34210E-02, -1.33387E-02, -1.32047E-02, -1.30247E-02, -1.28091E-02, -1.25728E-02, -1.23356E-02, -1.21206E-02, -1.19522E-02, -1.18536E-02, -1.18427E-02, -1.19297E-02, -1.21149E-02, -1.23880E-02, -1.27304E-02, -1.31172E-02, -1.35213E-02, -1.39164E-02, -1.42796E-02, -1.45928E-02, -1.48435E-02, -1.50244E-02, -1.51328E-02, -1.51697E-02, -1.51390E-02, -1.50464E-02, -1.48987E-02, -1.47032E-02, -1.44675E-02, -1.41986E-02, -1.39034E-02, -1.35880E-02, -1.32578E-02, -1.29178E-02, -1.25719E-02, -1.22238E-02, -1.18763E-02, -1.15319E-02, -1.11926E-02, -1.08598E-02, -1.05348E-02, -1.02184E-02, -9.91142E-03, -9.61421E-03, -9.32705E-03,
 -8.77949E-03, -9.02038E-03, -9.26651E-03, -9.51709E-03, -9.77112E-03, -1.00274E-02, -1.02842E-02, -1.05399E-02, -1.07922E-02, -1.10384E-02, -1.12754E-02, -1.14999E-02, -1.17077E-02, -1.18945E-02, -1.20556E-02, -1.21859E-02, -1.22801E-02, -1.23333E-02, -1.23409E-02, -1.22993E-02, -1.22064E-02, -1.20624E-02, -1.18703E-02, -1.16369E-02, -1.13734E-02, -1.10951E-02, -1.08221E-02, -1.05770E-02, -1.03838E-02, -1.02646E-02, -1.02370E-02, -1.03107E-02, -1.04862E-02, -1.07541E-02, -1.10968E-02, -1.14909E-02, -1.19105E-02, -1.23299E-02, -1.27264E-02, -1.30818E-02, -1.33826E-02, -1.36205E-02, -1.37914E-02, -1.38950E-02, -1.39335E-02, -1.39115E-02, -1.38345E-02, -1.37090E-02, -1.35415E-02, -1.33386E-02, -1.31065E-02, -1.28511E-02, -1.25776E-02, -1.22908E-02, -1.19946E-02, -1.16927E-02, -1.13881E-02, -1.10833E-02, -1.07805E-02, -1.04813E-02, -1.01871E-02, -9.89910E-03, -9.61802E-03, -9.34453E-03, -9.07907E-03,
 -8.51937E-03, -8.73856E-03, -8.96112E-03, -9.18615E-03, -9.41253E-03, -9.63887E-03, -9.86355E-03, -1.00846E-02, -1.02998E-02, -1.05064E-02, -1.07014E-02, -1.08813E-02, -1.10425E-02, -1.11806E-02, -1.12913E-02, -1.13699E-02, -1.14118E-02, -1.14128E-02, -1.13691E-02, -1.12779E-02, -1.11382E-02, -1.09512E-02, -1.07207E-02, -1.04542E-02, -1.01632E-02, -9.86322E-03, -9.57337E-03, -9.31545E-03, -9.11190E-03, -8.98340E-03, -8.94609E-03, -9.00908E-03, -9.17287E-03, -9.42914E-03, -9.76185E-03, -1.01495E-02, -1.05681E-02, -1.09934E-02, -1.14039E-02, -1.17815E-02, -1.21125E-02, -1.23880E-02, -1.26028E-02, -1.27555E-02, -1.28470E-02, -1.28806E-02, -1.28607E-02, -1.27928E-02, -1.26826E-02, -1.25359E-02, -1.23584E-02, -1.21554E-02, -1.19320E-02, -1.16926E-02, -1.14412E-02, -1.11813E-02, -1.09160E-02, -1.06477E-02, -1.03787E-02, -1.01109E-02, -9.84573E-03, -9.58441E-03, -9.32794E-03, -9.07708E-03, -8.83240E-03,
 -8.26406E-03, -8.46285E-03, -8.66339E-03, -8.86469E-03, -9.06553E-03, -9.26449E-03, -9.45986E-03, -9.64967E-03, -9.83163E-03, -1.00031E-02, -1.01612E-02, -1.03027E-02, -1.04238E-02, -1.05209E-02, -1.05898E-02, -1.06265E-02, -1.06270E-02, -1.05876E-02, -1.05056E-02, -1.03790E-02, -1.02076E-02, -9.99348E-03, -9.74112E-03, -9.45840E-03, -9.15673E-03, -8.85107E-03, -8.55948E-03, -8.30208E-03, -8.09937E-03, -7.97000E-03, -7.92844E-03, -7.98284E-03, -8.13374E-03, -8.37381E-03, -8.68888E-03, -9.05975E-03, -9.46466E-03, -9.88164E-03, -1.02904E-02, -1.06739E-02, -1.10186E-02, -1.13153E-02, -1.15581E-02, -1.17445E-02, -1.18747E-02, -1.19505E-02, -1.19755E-02, -1.19540E-02, -1.18908E-02, -1.17912E-02, -1.16601E-02, -1.15025E-02, -1.13228E-02, -1.11253E-02, -1.09138E-02, -1.06917E-02, -1.04618E-02, -1.02269E-02, -9.98918E-03, -9.75041E-03, -9.51223E-03, -9.27596E-03, -9.04267E-03, -8.81323E-03, -8.58834E-03,
 -8.01465E-03, -8.19441E-03, -8.37453E-03, -8.55396E-03, -8.73143E-03, -8.90550E-03, -9.07444E-03, -9.23631E-03, -9.38888E-03, -9.52964E-03, -9.65580E-03, -9.76429E-03, -9.85181E-03, -9.91489E-03, -9.94995E-03, -9.95345E-03, -9.92204E-03, -9.85286E-03, -9.74377E-03, -9.59376E-03, -9.40338E-03, -9.17521E-03, -8.91430E-03, -8.62860E-03, -8.32912E-03, -8.02994E-03, -7.74766E-03, -7.50043E-03, -7.30648E-03, -7.18224E-03, -7.14033E-03, -7.18786E-03, -7.32531E-03, -7.54639E-03, -7.83881E-03, -8.18581E-03, -8.56819E-03, -8.96630E-03, -9.36170E-03, -9.73847E-03, -1.00838E-02, -1.03884E-02, -1.06460E-02, -1.08535E-02, -1.10099E-02, -1.11164E-02, -1.11753E-02, -1.11902E-02, -1.11650E-02, -1.11041E-02, -1.10119E-02, -1.08927E-02, -1.07508E-02, -1.05899E-02, -1.04136E-02, -1.02251E-02, -1.00273E-02, -9.82259E-03, -9.61328E-03, -9.40123E-03, -9.18803E-03, -8.97507E-03, -8.76347E-03, -8.55419E-03, -8.34799E-03,
 -7.77205E-03, -7.93419E-03, -8.09550E-03, -8.25491E-03, -8.41116E-03, -8.56278E-03, -8.70811E-03, -8.84524E-03, -8.97205E-03, -9.08617E-03, -9.18500E-03, -9.26574E-03, -9.32540E-03, -9.36091E-03, -9.36916E-03, -9.34717E-03, -9.29223E-03, -9.20214E-03, -9.07548E-03, -8.91197E-03, -8.71275E-03, -8.48089E-03, -8.22165E-03, -7.94283E-03, -7.65484E-03, -7.37063E-03, -7.10513E-03, -6.87440E-03, -6.69432E-03, -6.57905E-03, -6.53938E-03, -6.58136E-03, -6.70541E-03, -6.90620E-03, -7.17327E-03, -7.49225E-03, -7.84651E-03, -8.21880E-03, -8.59270E-03, -8.95368E-03, -9.28983E-03, -9.59204E-03, -9.85402E-03, -1.00721E-02, -1.02446E-02, -1.03719E-02, -1.04555E-02, -1.04979E-02, -1.05025E-02, -1.04729E-02, -1.04127E-02, -1.03259E-02, -1.02161E-02, -1.00868E-02, -9.94126E-03, -9.78248E-03, -9.61315E-03, -9.43566E-03, -9.25215E-03, -9.06447E-03, -8.87423E-03, -8.68281E-03, -8.49139E-03, -8.30095E-03, -8.11233E-03,
 -7.53698E-03, -7.68288E-03, -7.82699E-03, -7.96822E-03, -8.10533E-03, -8.23688E-03, -8.36128E-03, -8.47671E-03, -8.58117E-03, -8.67246E-03, -8.74822E-03, -8.80591E-03, -8.84291E-03, -8.85652E-03, -8.84414E-03, -8.80329E-03, -8.73188E-03, -8.62832E-03, -8.49182E-03, -8.32268E-03, -8.12253E-03, -7.89472E-03, -7.64455E-03, -7.37950E-03, -7.10920E-03, -6.84534E-03, -6.60112E-03, -6.39050E-03, -6.22709E-03, -6.12291E-03, -6.08702E-03, -6.12447E-03, -6.23562E-03, -6.41601E-03, -6.65684E-03, -6.94599E-03, -7.26927E-03, -7.61177E-03, -7.95908E-03, -8.29822E-03, -8.61826E-03, -8.91058E-03, -9.16897E-03, -9.38940E-03, -9.56984E-03, -9.70983E-03, -9.81023E-03, -9.87286E-03, -9.90020E-03, -9.89519E-03, -9.86102E-03, -9.80093E-03, -9.71818E-03, -9.61588E-03, -9.49697E-03, -9.36420E-03, -9.22007E-03, -9.06683E-03, -8.90653E-03, -8.74094E-03, -8.57165E-03, -8.40003E-03, -8.22725E-03, -8.05433E-03, -7.88213E-03,
 -7.30998E-03, -7.44103E-03, -7.56950E-03, -7.69432E-03, -7.81429E-03, -7.92803E-03, -8.03402E-03, -8.13057E-03, -8.21583E-03, -8.28779E-03, -8.34433E-03, -8.38319E-03, -8.40209E-03, -8.39876E-03, -8.37102E-03, -8.31691E-03, -8.23486E-03, -8.12384E-03, -7.98360E-03, -7.81486E-03, -7.61962E-03, -7.40138E-03, -7.16531E-03, -6.91841E-03, -6.66947E-03, -6.42885E-03, -6.20808E-03, -6.01911E-03, -5.87347E-03, -5.78120E-03, -5.74984E-03, -5.78356E-03, -5.88261E-03, -6.04331E-03, -6.25836E-03, -6.51762E-03, -6.80914E-03, -7.12019E-03, -7.43831E-03, -7.75204E-03, -8.05152E-03, -8.32877E-03, -8.57780E-03, -8.79449E-03, -8.97644E-03, -9.12269E-03, -9.23349E-03, -9.31001E-03, -9.35410E-03, -9.36806E-03, -9.35452E-03, -9.31622E-03, -9.25596E-03, -9.17648E-03, -9.08039E-03, -8.97019E-03, -8.84817E-03, -8.71642E-03, -8.57685E-03, -8.43117E-03, -8.28089E-03, -8.12735E-03, -7.97171E-03, -7.81499E-03, -7.65804E-03,
 -7.09142E-03, -7.20896E-03, -7.32330E-03, -7.43340E-03, -7.53813E-03, -7.63617E-03, -7.72611E-03, -7.80639E-03, -7.87532E-03, -7.93109E-03, -7.97183E-03, -7.99556E-03, -8.00035E-03, -7.98429E-03, -7.94563E-03, -7.88286E-03, -7.79488E-03, -7.68113E-03, -7.54176E-03, -7.37786E-03, -7.19164E-03, -6.98661E-03, -6.76771E-03, -6.54138E-03, -6.31550E-03, -6.09917E-03, -5.90230E-03, -5.73505E-03, -5.60707E-03, -5.52667E-03, -5.50006E-03, -5.53062E-03, -5.61856E-03, -5.76084E-03, -5.95144E-03, -6.18196E-03, -6.44243E-03, -6.72209E-03, -7.01025E-03, -7.29694E-03, -7.57339E-03, -7.83233E-03, -8.06810E-03, -8.27661E-03, -8.45528E-03, -8.60277E-03, -8.71886E-03, -8.80418E-03, -8.86001E-03, -8.88813E-03, -8.89062E-03, -8.86978E-03, -8.82796E-03, -8.76755E-03, -8.69085E-03, -8.60007E-03, -8.49730E-03, -8.38445E-03, -8.26330E-03, -8.13544E-03, -8.00232E-03, -7.86521E-03, -7.72524E-03, -7.58341E-03, -7.44058E-03,
 -6.88157E-03, -6.98687E-03, -7.08850E-03, -7.18549E-03, -7.27674E-03, -7.36104E-03, -7.43709E-03, -7.50347E-03, -7.55864E-03, -7.60103E-03, -7.62897E-03, -7.64079E-03, -7.63485E-03, -7.60960E-03, -7.56366E-03, -7.49594E-03, -7.40572E-03, -7.29282E-03, -7.15772E-03, -7.00175E-03, -6.82722E-03, -6.63755E-03, -6.43738E-03, -6.23254E-03, -6.03001E-03, -5.83769E-03, -5.66404E-03, -5.51760E-03, -5.40639E-03, -5.33725E-03, -5.31524E-03, -5.34311E-03, -5.42100E-03, -5.54641E-03, -5.71442E-03, -5.91812E-03, -6.14920E-03, -6.39867E-03, -6.65744E-03, -6.91691E-03, -7.16936E-03, -7.40826E-03, -7.62835E-03, -7.82571E-03, -7.99766E-03, -8.14264E-03, -8.26005E-03, -8.35009E-03, -8.41358E-03, -8.45182E-03, -8.46646E-03, -8.45934E-03, -8.43244E-03, -8.38778E-03, -8.32738E-03, -8.25319E-03, -8.16705E-03, -8.07073E-03, -7.96583E-03, -7.85384E-03, -7.73611E-03, -7.61385E-03, -7.48814E-03, -7.35994E-03, -7.23011E-03,
 -6.68052E-03, -6.77480E-03, -6.86508E-03, -6.95043E-03, -7.02985E-03, -7.10221E-03, -7.16633E-03, -7.22092E-03, -7.26464E-03, -7.29608E-03, -7.31383E-03, -7.31647E-03, -7.30264E-03, -7.27112E-03, -7.22086E-03, -7.15109E-03, -7.06144E-03, -6.95201E-03, -6.82354E-03, -6.67749E-03, -6.51619E-03, -6.34291E-03, -6.16190E-03, -5.97841E-03, -5.79854E-03, -5.62910E-03, -5.47725E-03, -5.35012E-03, -5.25435E-03, -5.19554E-03, -5.17779E-03, -5.20331E-03, -5.27221E-03, -5.38244E-03, -5.52998E-03, -5.70914E-03, -5.91309E-03, -6.13431E-03, -6.36512E-03, -6.59817E-03, -6.82674E-03, -7.04501E-03, -7.24818E-03, -7.43256E-03, -7.59548E-03, -7.73523E-03, -7.85097E-03, -7.94255E-03, -8.01044E-03, -8.05552E-03, -8.07903E-03, -8.08246E-03, -8.06743E-03, -8.03564E-03, -7.98882E-03, -7.92866E-03, -7.85682E-03, -7.77484E-03, -7.68421E-03, -7.58627E-03, -7.48229E-03, -7.37339E-03, -7.26059E-03, -7.14483E-03, -7.02691E-03,
 -6.48829E-03, -6.57269E-03, -6.65286E-03, -6.72796E-03, -6.79704E-03, -6.85908E-03, -6.91303E-03, -6.95773E-03, -6.99199E-03, -7.01462E-03, -7.02440E-03, -7.02016E-03, -7.00080E-03, -6.96537E-03, -6.91310E-03, -6.84351E-03, -6.75649E-03, -6.65237E-03, -6.53205E-03, -6.39705E-03, -6.24967E-03, -6.09295E-03, -5.93076E-03, -5.76775E-03, -5.60923E-03, -5.46102E-03, -5.32914E-03, -5.21954E-03, -5.13767E-03, -5.08811E-03, -5.07417E-03, -5.09763E-03, -5.15856E-03, -5.25528E-03, -5.38451E-03, -5.54160E-03, -5.72092E-03, -5.91621E-03, -6.12104E-03, -6.32913E-03, -6.53467E-03, -6.73254E-03, -6.91843E-03, -7.08888E-03, -7.24133E-03, -7.37401E-03, -7.48591E-03, -7.57664E-03, -7.64635E-03, -7.69561E-03, -7.72534E-03, -7.73666E-03, -7.73091E-03, -7.70949E-03, -7.67386E-03, -7.62549E-03, -7.56582E-03, -7.49624E-03, -7.41805E-03, -7.33250E-03, -7.24073E-03, -7.14380E-03, -7.04266E-03, -6.93818E-03, -6.83115E-03,
 -6.30480E-03, -6.38037E-03, -6.45160E-03, -6.51769E-03, -6.57779E-03, -6.63098E-03, -6.67631E-03, -6.71278E-03, -6.73934E-03, -6.75498E-03, -6.75867E-03, -6.74945E-03, -6.72647E-03, -6.68899E-03, -6.63650E-03, -6.56875E-03, -6.48581E-03, -6.38819E-03, -6.27688E-03, -6.15343E-03, -6.02000E-03, -5.87943E-03, -5.73519E-03, -5.59136E-03, -5.45252E-03, -5.32363E-03, -5.20974E-03, -5.11578E-03, -5.04622E-03, -5.00480E-03, -4.99419E-03, -5.01582E-03, -5.06972E-03, -5.15453E-03, -5.26756E-03, -5.40502E-03, -5.56226E-03, -5.73411E-03, -5.91517E-03, -6.10013E-03, -6.28398E-03, -6.46226E-03, -6.63110E-03, -6.78735E-03, -6.92859E-03, -7.05305E-03, -7.15961E-03, -7.24772E-03, -7.31730E-03, -7.36865E-03, -7.40241E-03, -7.41944E-03, -7.42078E-03, -7.40759E-03, -7.38110E-03, -7.34255E-03, -7.29318E-03, -7.23423E-03, -7.16685E-03, -7.09216E-03, -7.01120E-03, -6.92495E-03, -6.83428E-03, -6.74001E-03, -6.64289E-03,
 -6.12989E-03, -6.19761E-03, -6.26094E-03, -6.31917E-03, -6.37151E-03, -6.41715E-03, -6.45525E-03, -6.48491E-03, -6.50528E-03, -6.51546E-03, -6.51462E-03, -6.50199E-03, -6.47691E-03, -6.43884E-03, -6.38747E-03, -6.32271E-03, -6.24482E-03, -6.15439E-03, -6.05247E-03, -5.94056E-03, -5.82072E-03, -5.69550E-03, -5.56801E-03, -5.44180E-03, -5.32083E-03, -5.20926E-03, -5.11135E-03, -5.03117E-03, -4.97239E-03, -4.93804E-03, -4.93028E-03, -4.95027E-03, -4.99800E-03, -5.07236E-03, -5.17117E-03, -5.29131E-03, -5.42896E-03, -5.57985E-03, -5.73945E-03, -5.90328E-03, -6.06705E-03, -6.22688E-03, -6.37936E-03, -6.52162E-03, -6.65140E-03, -6.76701E-03, -6.86728E-03, -6.95153E-03, -7.01951E-03, -7.07133E-03, -7.10740E-03, -7.12835E-03, -7.13498E-03, -7.12822E-03, -7.10909E-03, -7.07864E-03, -7.03794E-03, -6.98806E-03, -6.93002E-03, -6.86482E-03, -6.79339E-03, -6.71662E-03, -6.63533E-03, -6.55027E-03, -6.46214E-03,
 -5.96333E-03, -6.02410E-03, -6.08050E-03, -6.13188E-03, -6.17755E-03, -6.21679E-03, -6.24885E-03, -6.27297E-03, -6.28840E-03, -6.29442E-03, -6.29034E-03, -6.27555E-03, -6.24956E-03, -6.21200E-03, -6.16271E-03, -6.10175E-03, -6.02947E-03, -5.94655E-03, -5.85401E-03, -5.75333E-03, -5.64639E-03, -5.53549E-03, -5.42339E-03, -5.31316E-03, -5.20819E-03, -5.11200E-03, -5.02815E-03, -4.96000E-03, -4.91055E-03, -4.88228E-03, -4.87694E-03, -4.89544E-03, -4.93777E-03, -5.00302E-03, -5.08940E-03, -5.19435E-03, -5.31475E-03, -5.44703E-03, -5.58744E-03, -5.73218E-03, -5.87760E-03, -6.02034E-03, -6.15739E-03, -6.28619E-03, -6.40467E-03, -6.51119E-03, -6.60461E-03, -6.68418E-03, -6.74953E-03, -6.80060E-03, -6.83764E-03, -6.86106E-03, -6.87148E-03, -6.86965E-03, -6.85638E-03, -6.83256E-03, -6.79910E-03, -6.75691E-03, -6.70690E-03, -6.64995E-03, -6.58689E-03, -6.51853E-03, -6.44561E-03, -6.36883E-03, -6.28882E-03,
 -5.80486E-03, -5.85948E-03, -5.90982E-03, -5.95528E-03, -5.99524E-03, -6.02907E-03, -6.05613E-03, -6.07577E-03, -6.08735E-03, -6.09027E-03, -6.08399E-03, -6.06804E-03, -6.04205E-03, -6.00581E-03, -5.95927E-03, -5.90260E-03, -5.83620E-03, -5.76080E-03, -5.67741E-03, -5.58741E-03, -5.49250E-03, -5.39478E-03, -5.29663E-03, -5.20074E-03, -5.10998E-03, -5.02733E-03, -4.95575E-03, -4.89802E-03, -4.85661E-03, -4.83353E-03, -4.83020E-03, -4.84735E-03, -4.88496E-03, -4.94228E-03, -5.01783E-03, -5.10954E-03, -5.21480E-03, -5.33068E-03, -5.45404E-03, -5.58168E-03, -5.71049E-03, -5.83758E-03, -5.96030E-03, -6.07639E-03, -6.18395E-03, -6.28147E-03, -6.36781E-03, -6.44220E-03, -6.50420E-03, -6.55364E-03, -6.59060E-03, -6.61536E-03, -6.62837E-03, -6.63021E-03, -6.62155E-03, -6.60310E-03, -6.57564E-03, -6.53994E-03, -6.49681E-03, -6.44700E-03, -6.39127E-03, -6.33033E-03, -6.26486E-03, -6.19549E-03, -6.12282E-03,
 -5.65418E-03, -5.70339E-03, -5.74843E-03, -5.78877E-03, -5.82387E-03, -5.85318E-03, -5.87613E-03, -5.89218E-03, -5.90081E-03, -5.90151E-03, -5.89386E-03, -5.87752E-03, -5.85223E-03, -5.81787E-03, -5.77451E-03, -5.72237E-03, -5.66191E-03, -5.59386E-03, -5.51919E-03, -5.43917E-03, -5.35536E-03, -5.26961E-03, -5.18400E-03, -5.10086E-03, -5.02263E-03, -4.95182E-03, -4.89090E-03, -4.84216E-03, -4.80763E-03, -4.78896E-03, -4.78729E-03, -4.80321E-03, -4.83669E-03, -4.88711E-03, -4.95327E-03, -5.03343E-03, -5.12548E-03, -5.22696E-03, -5.33525E-03, -5.44767E-03, -5.56157E-03, -5.67445E-03, -5.78401E-03, -5.88826E-03, -5.98547E-03, -6.07425E-03, -6.15352E-03, -6.22249E-03, -6.28069E-03, -6.32786E-03, -6.36397E-03, -6.38919E-03, -6.40383E-03, -6.40832E-03, -6.40320E-03, -6.38906E-03, -6.36653E-03, -6.33630E-03, -6.29902E-03, -6.25538E-03, -6.20604E-03, -6.15164E-03, -6.09278E-03, -6.03004E-03, -5.96397E-03,
 -5.51096E-03, -5.55541E-03, -5.59585E-03, -5.63179E-03, -5.66277E-03, -5.68830E-03, -5.70791E-03, -5.72113E-03, -5.72753E-03, -5.72672E-03, -5.71837E-03, -5.70221E-03, -5.67811E-03, -5.64602E-03, -5.60607E-03, -5.55854E-03, -5.50392E-03, -5.44290E-03, -5.37641E-03, -5.30562E-03, -5.23193E-03, -5.15696E-03, -5.08256E-03, -5.01069E-03, -4.94344E-03, -4.88293E-03, -4.83122E-03, -4.79020E-03, -4.76154E-03, -4.74659E-03, -4.74628E-03, -4.76107E-03, -4.79094E-03, -4.83538E-03, -4.89338E-03, -4.96352E-03, -5.04405E-03, -5.13292E-03, -5.22796E-03, -5.32689E-03, -5.42747E-03, -5.52754E-03, -5.62513E-03, -5.71846E-03, -5.80598E-03, -5.88643E-03, -5.95880E-03, -6.02231E-03, -6.07646E-03, -6.12094E-03, -6.15564E-03, -6.18065E-03, -6.19615E-03, -6.20247E-03, -6.20002E-03, -6.18929E-03, -6.17080E-03, -6.14511E-03, -6.11281E-03, -6.07448E-03, -6.03070E-03, -5.98204E-03, -5.92903E-03, -5.87222E-03, -5.81208E-03,
 -5.37485E-03, -5.41513E-03, -5.45157E-03, -5.48374E-03, -5.51124E-03, -5.53364E-03, -5.55054E-03, -5.56157E-03, -5.56635E-03, -5.56459E-03, -5.55604E-03, -5.54052E-03, -5.51794E-03, -5.48835E-03, -5.45191E-03, -5.40894E-03, -5.35993E-03, -5.30554E-03, -5.24663E-03, -5.18429E-03, -5.11974E-03, -5.05444E-03, -4.98996E-03, -4.92800E-03, -4.87035E-03, -4.81877E-03, -4.77499E-03, -4.74058E-03, -4.71692E-03, -4.70510E-03, -4.70588E-03, -4.71965E-03, -4.74636E-03, -4.78559E-03, -4.83651E-03, -4.89796E-03, -4.96846E-03, -5.04633E-03, -5.12973E-03, -5.21675E-03, -5.30549E-03, -5.39409E-03, -5.48084E-03, -5.56418E-03, -5.64274E-03, -5.71536E-03, -5.78111E-03, -5.83924E-03, -5.88924E-03, -5.93078E-03, -5.96370E-03, -5.98799E-03, -6.00376E-03, -6.01124E-03, -6.01076E-03, -6.00269E-03, -5.98746E-03, -5.96556E-03, -5.93747E-03, -5.90369E-03, -5.86473E-03, -5.82110E-03, -5.77327E-03, -5.72172E-03, -5.66690E-03,
 -5.24549E-03, -5.28213E-03, -5.31511E-03, -5.34406E-03, -5.36862E-03, -5.38844E-03, -5.40318E-03, -5.41252E-03, -5.41618E-03, -5.41392E-03, -5.40555E-03, -5.39097E-03, -5.37014E-03, -5.34317E-03, -5.31023E-03, -5.27167E-03, -5.22796E-03, -5.17975E-03, -5.12781E-03, -5.07313E-03, -5.01680E-03, -4.96009E-03, -4.90438E-03, -4.85112E-03, -4.80181E-03, -4.75796E-03, -4.72099E-03, -4.69223E-03, -4.67281E-03, -4.66361E-03, -4.66528E-03, -4.67809E-03, -4.70204E-03, -4.73675E-03, -4.78154E-03, -4.83543E-03, -4.89722E-03, -4.96548E-03, -5.03869E-03, -5.11522E-03, -5.19346E-03, -5.27183E-03, -5.34883E-03, -5.42310E-03, -5.49342E-03, -5.55876E-03, -5.61824E-03, -5.67118E-03, -5.71706E-03, -5.75554E-03, -5.78642E-03, -5.80962E-03, -5.82521E-03, -5.83334E-03, -5.83424E-03, -5.82822E-03, -5.81562E-03, -5.79683E-03, -5.77228E-03, -5.74240E-03, -5.70762E-03, -5.66839E-03, -5.62513E-03, -5.57826E-03, -5.52820E-03,
 -5.12253E-03, -5.15599E-03, -5.18598E-03, -5.21218E-03, -5.23428E-03, -5.25199E-03, -5.26502E-03, -5.27310E-03, -5.27602E-03, -5.27359E-03, -5.26569E-03, -5.25226E-03, -5.23332E-03, -5.20898E-03, -5.17946E-03, -5.14510E-03, -5.10636E-03, -5.06384E-03, -5.01826E-03, -4.97048E-03, -4.92150E-03, -4.87241E-03, -4.82440E-03, -4.77873E-03, -4.73667E-03, -4.69949E-03, -4.66838E-03, -4.64443E-03, -4.62859E-03, -4.62160E-03, -4.62395E-03, -4.63590E-03, -4.65742E-03, -4.68819E-03, -4.72765E-03, -4.77500E-03, -4.82921E-03, -4.88910E-03, -4.95338E-03, -5.02070E-03, -5.08966E-03, -5.15892E-03, -5.22718E-03, -5.29326E-03, -5.35607E-03, -5.41468E-03, -5.46830E-03, -5.51630E-03, -5.55816E-03, -5.59355E-03, -5.62224E-03, -5.64412E-03, -5.65919E-03, -5.66756E-03, -5.66938E-03, -5.66489E-03, -5.65438E-03, -5.63816E-03, -5.61658E-03, -5.59002E-03, -5.55885E-03, -5.52346E-03, -5.48423E-03, -5.44152E-03, -5.39571E-03,
 -5.00562E-03, -5.03630E-03, -5.06371E-03, -5.08757E-03, -5.10762E-03, -5.12360E-03, -5.13528E-03, -5.14246E-03, -5.14495E-03, -5.14262E-03, -5.13539E-03, -5.12324E-03, -5.10622E-03, -5.08448E-03, -5.05824E-03, -5.02783E-03, -4.99370E-03, -4.95638E-03, -4.91655E-03, -4.87498E-03, -4.83253E-03, -4.79017E-03, -4.74893E-03, -4.70988E-03, -4.67410E-03, -4.64265E-03, -4.61656E-03, -4.59672E-03, -4.58391E-03, -4.57875E-03, -4.58164E-03, -4.59279E-03, -4.61217E-03, -4.63952E-03, -4.67435E-03, -4.71601E-03, -4.76363E-03, -4.81622E-03, -4.87270E-03, -4.93192E-03, -4.99270E-03, -5.05387E-03, -5.11433E-03, -5.17303E-03, -5.22902E-03, -5.28147E-03, -5.32966E-03, -5.37300E-03, -5.41101E-03, -5.44335E-03, -5.46978E-03, -5.49018E-03, -5.50450E-03, -5.51279E-03, -5.51516E-03, -5.51180E-03, -5.50292E-03, -5.48880E-03, -5.46971E-03, -5.44598E-03, -5.41792E-03, -5.38588E-03, -5.35019E-03, -5.31118E-03, -5.26916E-03,
 -4.89441E-03, -4.92266E-03, -4.94784E-03, -4.96971E-03, -4.98805E-03, -5.00264E-03, -5.01329E-03, -5.01982E-03, -5.02212E-03, -5.02008E-03, -5.01365E-03, -5.00286E-03, -4.98777E-03, -4.96854E-03, -4.94540E-03, -4.91868E-03, -4.88877E-03, -4.85619E-03, -4.82154E-03, -4.78551E-03, -4.74886E-03, -4.71242E-03, -4.67710E-03, -4.64380E-03, -4.61346E-03, -4.58696E-03, -4.56516E-03, -4.54881E-03, -4.53857E-03, -4.53493E-03, -4.53824E-03, -4.54865E-03, -4.56615E-03, -4.59050E-03, -4.62131E-03, -4.65802E-03, -4.69990E-03, -4.74614E-03, -4.79580E-03, -4.84791E-03, -4.90147E-03, -4.95548E-03, -5.00899E-03, -5.06107E-03, -5.11090E-03, -5.15773E-03, -5.20091E-03, -5.23990E-03, -5.27425E-03, -5.30364E-03, -5.32782E-03, -5.34664E-03, -5.36004E-03, -5.36802E-03, -5.37067E-03, -5.36810E-03, -5.36049E-03, -5.34806E-03, -5.33105E-03, -5.30972E-03, -5.28435E-03, -5.25523E-03, -5.22265E-03, -5.18691E-03, -5.14829E-03,
 -4.78855E-03, -4.81469E-03, -4.83796E-03, -4.85814E-03, -4.87505E-03, -4.88852E-03, -4.89837E-03, -4.90449E-03, -4.90678E-03, -4.90516E-03, -4.89962E-03, -4.89021E-03, -4.87700E-03, -4.86017E-03, -4.83993E-03, -4.81660E-03, -4.79056E-03, -4.76227E-03, -4.73227E-03, -4.70116E-03, -4.66964E-03, -4.63841E-03, -4.60826E-03, -4.57996E-03, -4.55431E-03, -4.53207E-03, -4.51394E-03, -4.50057E-03, -4.49249E-03, -4.49011E-03, -4.49373E-03, -4.50347E-03, -4.51930E-03, -4.54103E-03, -4.56834E-03, -4.60074E-03, -4.63763E-03, -4.67831E-03, -4.72201E-03, -4.76789E-03, -4.81509E-03, -4.86277E-03, -4.91009E-03, -4.95625E-03, -5.00052E-03, -5.04225E-03, -5.08084E-03, -5.11581E-03, -5.14673E-03, -5.17330E-03, -5.19527E-03, -5.21248E-03, -5.22485E-03, -5.23236E-03, -5.23504E-03, -5.23300E-03, -5.22637E-03, -5.21531E-03, -5.20002E-03, -5.18073E-03, -5.15767E-03, -5.13109E-03, -5.10125E-03, -5.06841E-03, -5.03281E-03,
 -4.68773E-03, -4.71203E-03, -4.73364E-03, -4.75239E-03, -4.76812E-03, -4.78068E-03, -4.78995E-03, -4.79582E-03, -4.79823E-03, -4.79713E-03, -4.79252E-03, -4.78447E-03, -4.77308E-03, -4.75850E-03, -4.74096E-03, -4.72075E-03, -4.69822E-03, -4.67378E-03, -4.64793E-03, -4.62121E-03, -4.59420E-03, -4.56754E-03, -4.54190E-03, -4.51794E-03, -4.49635E-03, -4.47776E-03, -4.46278E-03, -4.45193E-03, -4.44567E-03, -4.44435E-03, -4.44819E-03, -4.45730E-03, -4.47166E-03, -4.49110E-03, -4.51535E-03, -4.54399E-03, -4.57653E-03, -4.61237E-03, -4.65084E-03, -4.69125E-03, -4.73286E-03, -4.77494E-03, -4.81676E-03, -4.85764E-03, -4.89692E-03, -4.93403E-03, -4.96844E-03, -4.99969E-03, -5.02742E-03, -5.05132E-03, -5.07115E-03, -5.08676E-03, -5.09804E-03, -5.10496E-03, -5.10752E-03, -5.10580E-03, -5.09989E-03, -5.08992E-03, -5.07606E-03, -5.05850E-03, -5.03743E-03, -5.01307E-03, -4.98563E-03, -4.95536E-03, -4.92246E-03,
 -4.59162E-03, -4.61431E-03, -4.63450E-03, -4.65204E-03, -4.66679E-03, -4.67864E-03, -4.68748E-03, -4.69323E-03, -4.69585E-03, -4.69532E-03, -4.69167E-03, -4.68494E-03, -4.67527E-03, -4.66279E-03, -4.64774E-03, -4.63037E-03, -4.61100E-03, -4.59003E-03, -4.56788E-03, -4.54503E-03, -4.52200E-03, -4.49934E-03, -4.47763E-03, -4.45744E-03, -4.43935E-03, -4.42390E-03, -4.41160E-03, -4.40290E-03, -4.39818E-03, -4.39772E-03, -4.40171E-03, -4.41025E-03, -4.42330E-03, -4.44073E-03, -4.46230E-03, -4.48767E-03, -4.51641E-03, -4.54801E-03, -4.58192E-03, -4.61753E-03, -4.65421E-03, -4.69134E-03, -4.72829E-03, -4.76445E-03, -4.79926E-03, -4.83220E-03, -4.86280E-03, -4.89066E-03, -4.91543E-03, -4.93683E-03, -4.95462E-03, -4.96866E-03, -4.97883E-03, -4.98508E-03, -4.98740E-03, -4.98583E-03, -4.98045E-03, -4.97135E-03, -4.95867E-03, -4.94257E-03, -4.92321E-03, -4.90077E-03, -4.87546E-03, -4.84746E-03, -4.81697E-03,
 -4.49994E-03, -4.52123E-03, -4.54019E-03, -4.55669E-03, -4.57063E-03, -4.58191E-03, -4.59045E-03, -4.59618E-03, -4.59908E-03, -4.59916E-03, -4.59644E-03, -4.59098E-03, -4.58292E-03, -4.57239E-03, -4.55961E-03, -4.54482E-03, -4.52831E-03, -4.51044E-03, -4.49157E-03, -4.47215E-03, -4.45261E-03, -4.43345E-03, -4.41516E-03, -4.39824E-03, -4.38317E-03, -4.37042E-03, -4.36041E-03, -4.35354E-03, -4.35010E-03, -4.35035E-03, -4.35444E-03, -4.36245E-03, -4.37434E-03, -4.39000E-03, -4.40922E-03, -4.43173E-03, -4.45714E-03, -4.48504E-03, -4.51495E-03, -4.54634E-03, -4.57869E-03, -4.61145E-03, -4.64407E-03, -4.67603E-03, -4.70683E-03, -4.73603E-03, -4.76319E-03, -4.78795E-03, -4.80999E-03, -4.82905E-03, -4.84492E-03, -4.85744E-03, -4.86651E-03, -4.87204E-03, -4.87403E-03, -4.87250E-03, -4.86748E-03, -4.85907E-03, -4.84737E-03, -4.83250E-03, -4.81461E-03, -4.79386E-03, -4.77040E-03, -4.74442E-03, -4.71608E-03,
 -4.41240E-03, -4.43246E-03, -4.45036E-03, -4.46598E-03, -4.47925E-03, -4.49008E-03, -4.49841E-03, -4.50420E-03, -4.50743E-03, -4.50811E-03, -4.50629E-03, -4.50204E-03, -4.49548E-03, -4.48675E-03, -4.47603E-03, -4.46357E-03, -4.44963E-03, -4.43451E-03, -4.41856E-03, -4.40215E-03, -4.38569E-03, -4.36959E-03, -4.35427E-03, -4.34017E-03, -4.32771E-03, -4.31727E-03, -4.30923E-03, -4.30390E-03, -4.30155E-03, -4.30238E-03, -4.30652E-03, -4.31403E-03, -4.32489E-03, -4.33899E-03, -4.35616E-03, -4.37615E-03, -4.39866E-03, -4.42332E-03, -4.44971E-03, -4.47740E-03, -4.50593E-03, -4.53483E-03, -4.56361E-03, -4.59184E-03, -4.61907E-03, -4.64489E-03, -4.66893E-03, -4.69087E-03, -4.71042E-03, -4.72732E-03, -4.74139E-03, -4.75247E-03, -4.76044E-03, -4.76525E-03, -4.76685E-03, -4.76525E-03, -4.76048E-03, -4.75261E-03, -4.74171E-03, -4.72788E-03, -4.71126E-03, -4.69197E-03, -4.67015E-03, -4.64596E-03, -4.61955E-03,
 -4.32873E-03, -4.34772E-03, -4.36469E-03, -4.37957E-03, -4.39228E-03, -4.40276E-03, -4.41096E-03, -4.41685E-03, -4.42043E-03, -4.42171E-03, -4.42076E-03, -4.41763E-03, -4.41245E-03, -4.40536E-03, -4.39652E-03, -4.38615E-03, -4.37450E-03, -4.36184E-03, -4.34847E-03, -4.33472E-03, -4.32095E-03, -4.30751E-03, -4.29479E-03, -4.28313E-03, -4.27291E-03, -4.26447E-03, -4.25810E-03, -4.25408E-03, -4.25264E-03, -4.25394E-03, -4.25810E-03, -4.26515E-03, -4.27508E-03, -4.28781E-03, -4.30317E-03, -4.32096E-03, -4.34092E-03, -4.36273E-03, -4.38604E-03, -4.41048E-03, -4.43564E-03, -4.46112E-03, -4.48651E-03, -4.51142E-03, -4.53545E-03, -4.55825E-03, -4.57949E-03, -4.59887E-03, -4.61613E-03, -4.63105E-03, -4.64344E-03, -4.65315E-03, -4.66008E-03, -4.66415E-03, -4.66533E-03, -4.66360E-03, -4.65898E-03, -4.65152E-03, -4.64128E-03, -4.62834E-03, -4.61281E-03, -4.59479E-03, -4.57442E-03, -4.55182E-03, -4.52712E-03,
 -4.24869E-03, -4.26673E-03, -4.28291E-03, -4.29715E-03, -4.30939E-03, -4.31959E-03, -4.32771E-03, -4.33374E-03, -4.33768E-03, -4.33955E-03, -4.33940E-03, -4.33733E-03, -4.33342E-03, -4.32781E-03, -4.32066E-03, -4.31218E-03, -4.30257E-03, -4.29208E-03, -4.28099E-03, -4.26958E-03, -4.25817E-03, -4.24706E-03, -4.23658E-03, -4.22704E-03, -4.21876E-03, -4.21202E-03, -4.20708E-03, -4.20417E-03, -4.20349E-03, -4.20518E-03, -4.20931E-03, -4.21594E-03, -4.22505E-03, -4.23655E-03, -4.25032E-03, -4.26618E-03, -4.28390E-03, -4.30321E-03, -4.32382E-03, -4.34539E-03, -4.36758E-03, -4.39005E-03, -4.41243E-03, -4.43438E-03, -4.45556E-03, -4.47565E-03, -4.49436E-03, -4.51143E-03, -4.52661E-03, -4.53970E-03, -4.55054E-03, -4.55898E-03, -4.56491E-03, -4.56827E-03, -4.56900E-03, -4.56709E-03, -4.56255E-03, -4.55540E-03, -4.54570E-03, -4.53351E-03, -4.51892E-03, -4.50203E-03, -4.48293E-03, -4.46174E-03, -4.43859E-03,
 -4.17205E-03, -4.18925E-03, -4.20473E-03, -4.21842E-03, -4.23027E-03, -4.24026E-03, -4.24834E-03, -4.25453E-03, -4.25881E-03, -4.26124E-03, -4.26186E-03, -4.26074E-03, -4.25799E-03, -4.25373E-03, -4.24811E-03, -4.24130E-03, -4.23351E-03, -4.22495E-03, -4.21587E-03, -4.20651E-03, -4.19716E-03, -4.18808E-03, -4.17955E-03, -4.17184E-03, -4.16523E-03, -4.15995E-03, -4.15623E-03, -4.15427E-03, -4.15422E-03, -4.15620E-03, -4.16030E-03, -4.16654E-03, -4.17490E-03, -4.18532E-03, -4.19769E-03, -4.21184E-03, -4.22760E-03, -4.24471E-03, -4.26294E-03, -4.28198E-03, -4.30156E-03, -4.32136E-03, -4.34107E-03, -4.36040E-03, -4.37903E-03, -4.39670E-03, -4.41314E-03, -4.42812E-03, -4.44141E-03, -4.45284E-03, -4.46224E-03, -4.46949E-03, -4.47449E-03, -4.47715E-03, -4.47743E-03, -4.47531E-03, -4.47079E-03, -4.46388E-03, -4.45462E-03, -4.44307E-03, -4.42930E-03, -4.41339E-03, -4.39542E-03, -4.37549E-03, -4.35371E-03,
