NA,NA,NA,  1.64660E-02,  1.69162E-02,  1.73751E-02,  1.78417E-02,  1.83145E-02,  1.87919E-02,  1.92717E-02,  1.97516E-02,  2.02287E-02,  2.06998E-02,  2.11611E-02,  2.16084E-02,  2.20372E-02,  2.24424E-02,  2.28183E-02,  2.31592E-02,  2.34586E-02,  2.37102E-02,  2.39073E-02,  2.40432E-02,  2.41115E-02,  2.41060E-02,  2.40210E-02,  2.38516E-02,  2.35936E-02,  2.32441E-02,  2.28010E-02,  2.22640E-02,  2.16339E-02,  2.09130E-02,  2.01052E-02,  1.92155E-02,  1.82504E-02,  1.72176E-02,  1.61255E-02,  1.49835E-02,  1.38014E-02,  1.25892E-02,  1.13572E-02,  1.01153E-02,  8.87319E-03,  7.63998E-03,  6.42415E-03,  5.23341E-03,  4.07461E-03,  2.95374E-03,  1.87586E-03,  8.45134E-04, -1.35151E-04, -1.06254E-03, -1.93535E-03, -2.75263E-03, -3.51404E-03, -4.21983E-03, -4.87074E-03, -5.46792E-03, -6.01290E-03, -6.50746E-03, -6.95362E-03, -7.35357E-03, -7.70963E-03, -8.02419E-03, -8.29966E-03, -8.53849E-03, -8.74309E-03, -8.91583E-03, -9.05901E-03, -9.17488E-03,NA,NA,NA,NA,NA,NA,NA,NA,NA,
NA,NA,  1.66125E-02,  1.70908E-02,  1.75814E-02,  1.80834E-02,  1.85959E-02,  1.91174E-02,  1.96463E-02,  2.01805E-02,  2.07175E-02,  2.12544E-02,  2.17876E-02,  2.23133E-02,  2.28269E-02,  2.33233E-02,  2.37967E-02,  2.42410E-02,  2.46494E-02,  2.50147E-02,  2.53294E-02,  2.55856E-02,  2.57755E-02,  2.58913E-02,  2.59257E-02,  2.58716E-02,  2.57229E-02,  2.54745E-02,  2.51223E-02,  2.46640E-02,  2.40986E-02,  2.34269E-02,  2.26513E-02,  2.17761E-02,  2.08074E-02,  1.97526E-02,  1.86205E-02,  1.74214E-02,  1.61659E-02,  1.48656E-02,  1.35324E-02,  1.21781E-02,  1.08142E-02,  9.45197E-03,  8.10177E-03,  6.77327E-03,  5.47516E-03,  4.21508E-03,  2.99962E-03,  1.83428E-03,  7.23478E-04, -3.29376E-04, -1.32185E-03, -2.25238E-03, -3.12024E-03, -3.92540E-03, -4.66845E-03, -5.35053E-03, -5.97323E-03, -6.53850E-03, -7.04858E-03, -7.50593E-03, -7.91318E-03, -8.27306E-03, -8.58836E-03, -8.86187E-03, -9.09639E-03, -9.29465E-03, -9.45932E-03, -9.59299E-03, -9.69813E-03, -9.77712E-03,NA,NA,NA,NA,NA,NA,NA,NA,
NA,  1.67121E-02,  1.72152E-02,  1.77339E-02,  1.82678E-02,  1.88162E-02,  1.93783E-02,  1.99527E-02,  2.05379E-02,  2.11317E-02,  2.17318E-02,  2.23350E-02,  2.29378E-02,  2.35358E-02,  2.41242E-02,  2.46974E-02,  2.52491E-02,  2.57722E-02,  2.62591E-02,  2.67015E-02,  2.70906E-02,  2.74173E-02,  2.76722E-02,  2.78461E-02,  2.79300E-02,  2.79153E-02,  2.77945E-02,  2.75610E-02,  2.72098E-02,  2.67376E-02,  2.61428E-02,  2.54260E-02,  2.45901E-02,  2.36397E-02,  2.25819E-02,  2.14253E-02,  2.01806E-02,  1.88594E-02,  1.74746E-02,  1.60399E-02,  1.45690E-02,  1.30759E-02,  1.15739E-02,  1.00761E-02,  8.59431E-03,  7.13961E-03,  5.72178E-03,  4.34933E-03,  3.02949E-03,  1.76819E-03,  5.70097E-04, -5.61331E-04, -1.62374E-03, -2.61579E-03, -3.53705E-03, -4.38790E-03, -5.16938E-03, -5.88313E-03, -6.53125E-03, -7.11622E-03, -7.64082E-03, -8.10803E-03, -8.52098E-03, -8.88288E-03, -9.19696E-03, -9.46645E-03, -9.69453E-03, -9.88430E-03, -1.00387E-02, -1.01608E-02, -1.02531E-02, -1.03183E-02, -1.03589E-02,NA,NA,NA,NA,NA,NA,NA,
NA,  1.72899E-02,  1.78328E-02,  1.83945E-02,  1.89747E-02,  1.95730E-02,  2.01885E-02,  2.08203E-02,  2.14668E-02,  2.21260E-02,  2.27956E-02,  2.34723E-02,  2.41526E-02,  2.48318E-02,  2.55047E-02,  2.61653E-02,  2.68065E-02,  2.74206E-02,  2.79987E-02,  2.85313E-02,  2.90084E-02,  2.94192E-02,  2.97525E-02,  2.99973E-02,  3.01425E-02,  3.01779E-02,  3.00939E-02,  2.98823E-02,  2.95367E-02,  2.90526E-02,  2.84277E-02,  2.76624E-02,  2.67596E-02,  2.57248E-02,  2.45661E-02,  2.32938E-02,  2.19202E-02,  2.04595E-02,  1.89268E-02,  1.73383E-02,  1.57103E-02,  1.40590E-02,  1.24002E-02,  1.07488E-02,  9.11877E-03,  7.52245E-03,  5.97093E-03,  4.47367E-03,  3.03857E-03,  1.67198E-03,  3.78757E-04, -8.37650E-04, -1.97507E-03, -3.03249E-03, -4.00991E-03, -4.90822E-03, -5.72905E-03, -6.47464E-03, -7.14774E-03, -7.75145E-03, -8.28917E-03, -8.76450E-03, -9.18115E-03, -9.54286E-03, -9.85339E-03, -1.01164E-02, -1.03356E-02, -1.05144E-02, -1.06562E-02, -1.07641E-02, -1.08413E-02, -1.08905E-02, -1.09145E-02, -1.09157E-02,NA,NA,NA,NA,NA,NA,
  1.73161E-02,  1.78792E-02,  1.84642E-02,  1.90715E-02,  1.97011E-02,  2.03527E-02,  2.10258E-02,  2.17196E-02,  2.24328E-02,  2.31636E-02,  2.39096E-02,  2.46677E-02,  2.54343E-02,  2.62045E-02,  2.69728E-02,  2.77327E-02,  2.84765E-02,  2.91953E-02,  2.98795E-02,  3.05180E-02,  3.10990E-02,  3.16101E-02,  3.20379E-02,  3.23691E-02,  3.25904E-02,  3.26889E-02,  3.26530E-02,  3.24724E-02,  3.21385E-02,  3.16456E-02,  3.09904E-02,  3.01728E-02,  2.91958E-02,  2.80659E-02,  2.67923E-02,  2.53875E-02,  2.38661E-02,  2.22450E-02,  2.05423E-02,  1.87771E-02,  1.69689E-02,  1.51367E-02,  1.32992E-02,  1.14737E-02,  9.67599E-03,  7.92042E-03,  6.21938E-03,  4.58335E-03,  3.02092E-03,  1.53883E-03,  1.42037E-04, -1.16613E-03, -2.38380E-03, -3.51044E-03, -4.54663E-03, -5.49393E-03, -6.35469E-03, -7.13190E-03, -7.82908E-03, -8.45008E-03, -8.99905E-03, -9.48028E-03, -9.89815E-03, -1.02570E-02, -1.05612E-02, -1.08150E-02, -1.10225E-02, -1.11875E-02, -1.13138E-02, -1.14050E-02, -1.14644E-02, -1.14951E-02, -1.15000E-02, -1.14819E-02, -1.14432E-02, -1.13863E-02,NA,NA,NA,NA,
  1.78749E-02,  1.84788E-02,  1.91082E-02,  1.97637E-02,  2.04457E-02,  2.11542E-02,  2.18891E-02,  2.26498E-02,  2.34353E-02,  2.42441E-02,  2.50740E-02,  2.59221E-02,  2.67846E-02,  2.76567E-02,  2.85326E-02,  2.94053E-02,  3.02664E-02,  3.11061E-02,  3.19135E-02,  3.26761E-02,  3.33801E-02,  3.40109E-02,  3.45527E-02,  3.49894E-02,  3.53047E-02,  3.54831E-02,  3.55097E-02,  3.53714E-02,  3.50576E-02,  3.45603E-02,  3.38750E-02,  3.30010E-02,  3.19415E-02,  3.07038E-02,  2.92990E-02,  2.77417E-02,  2.60498E-02,  2.42432E-02,  2.23440E-02,  2.03750E-02,  1.83593E-02,  1.63197E-02,  1.42778E-02,  1.22538E-02,  1.02663E-02,  8.33129E-03,  6.46279E-03,  4.67236E-03,  2.96925E-03,  1.36052E-03, -1.48892E-04, -1.55592E-03, -2.85919E-03, -4.05880E-03, -5.15613E-03, -6.15356E-03, -7.05437E-03, -7.86247E-03, -8.58228E-03, -9.21857E-03, -9.77633E-03, -1.02607E-02, -1.06768E-02, -1.10296E-02, -1.13243E-02, -1.15655E-02, -1.17579E-02, -1.19059E-02, -1.20137E-02, -1.20851E-02, -1.21238E-02, -1.21332E-02, -1.21165E-02, -1.20766E-02, -1.20161E-02, -1.19375E-02,NA,NA,NA,NA,
  1.84406E-02,  1.90870E-02,  1.97630E-02,  2.04693E-02,  2.12068E-02,  2.19759E-02,  2.27768E-02,  2.36095E-02,  2.44732E-02,  2.53669E-02,  2.62887E-02,  2.72359E-02,  2.82048E-02,  2.91909E-02,  3.01879E-02,  3.11885E-02,  3.21837E-02,  3.31629E-02,  3.41136E-02,  3.50217E-02,  3.58713E-02,  3.66451E-02,  3.73245E-02,  3.78900E-02,  3.83219E-02,  3.86007E-02,  3.87080E-02,  3.86271E-02,  3.83442E-02,  3.78488E-02,  3.71347E-02,  3.62001E-02,  3.50484E-02,  3.36881E-02,  3.21322E-02,  3.03986E-02,  2.85085E-02,  2.64866E-02,  2.43591E-02,  2.21537E-02,  1.98980E-02,  1.76192E-02,  1.53427E-02,  1.30923E-02,  1.08892E-02,  8.75165E-03,  6.69539E-03,  4.73308E-03,  2.87458E-03,  1.12712E-03, -5.04525E-04, -2.01777E-03, -3.41196E-03, -4.68809E-03, -5.84852E-03, -6.89674E-03, -7.83713E-03, -8.67472E-03, -9.41505E-03, -1.00639E-02, -1.06274E-02, -1.11114E-02, -1.15220E-02, -1.18651E-02, -1.21464E-02, -1.23712E-02, -1.25449E-02, -1.26723E-02, -1.27580E-02, -1.28062E-02, -1.28211E-02, -1.28062E-02, -1.27650E-02, -1.27006E-02, -1.26158E-02, -1.25133E-02, -1.23953E-02,NA,NA,NA,
  1.90115E-02,  1.97022E-02,  2.04267E-02,  2.11864E-02,  2.19823E-02,  2.28156E-02,  2.36869E-02,  2.45966E-02,  2.55447E-02,  2.65304E-02,  2.75525E-02,  2.86087E-02,  2.96955E-02,  3.08086E-02,  3.19418E-02,  3.30874E-02,  3.42359E-02,  3.53757E-02,  3.64930E-02,  3.75718E-02,  3.85938E-02,  3.95388E-02,  4.03845E-02,  4.11077E-02,  4.16839E-02,  4.20892E-02,  4.23003E-02,NA,NA,NA,NA,NA,NA,NA,NA,NA,  3.12871E-02,  2.90132E-02,  2.66190E-02,  2.41380E-02,  2.16036E-02,  1.90479E-02,  1.65014E-02,  1.39916E-02,  1.15430E-02,  9.17657E-03,  6.90960E-03,  4.75590E-03,  2.72584E-03,  8.26652E-04, -9.37333E-04, -2.56429E-03, -4.05456E-03, -5.41034E-03, -6.63529E-03, -7.73426E-03, -8.71299E-03, -9.57789E-03, -1.03358E-02, -1.09937E-02, -1.15589E-02, -1.20384E-02, -1.24392E-02, -1.27681E-02, -1.30316E-02, -1.32357E-02, -1.33864E-02, -1.34891E-02, -1.35488E-02, -1.35702E-02, -1.35577E-02, -1.35152E-02, -1.34464E-02, -1.33546E-02, -1.32429E-02, -1.31138E-02, -1.29700E-02, -1.28136E-02,NA,NA,
  1.95857E-02,  2.03222E-02,  2.10972E-02,  2.19125E-02,  2.27698E-02,  2.36708E-02,  2.46167E-02,  2.56087E-02,  2.66472E-02,  2.77325E-02,  2.88637E-02,  3.00392E-02,  3.12563E-02,  3.25107E-02,  3.37966E-02,  3.51063E-02,  3.64298E-02,  3.77546E-02,  3.90655E-02,  4.03446E-02,  4.15710E-02,  4.27209E-02,  4.37681E-02,NA,NA,NA,NA,NA,NA,NA,NA,NA,NA,NA,NA,NA,NA,NA,NA,  2.63569E-02,  2.34969E-02,  2.06195E-02,  1.77609E-02,  1.49532E-02,  1.22247E-02,  9.59907E-03,  7.09547E-03,  4.72873E-03,  2.50949E-03,  4.44690E-04, -1.46211E-03, -3.21022E-03, -4.80139E-03, -6.23935E-03, -7.52945E-03, -8.67823E-03, -9.69311E-03, -1.05821E-02, -1.13536E-02, -1.20162E-02, -1.25782E-02, -1.30481E-02, -1.34339E-02, -1.37435E-02, -1.39840E-02, -1.41625E-02, -1.42854E-02, -1.43587E-02, -1.43881E-02, -1.43785E-02, -1.43348E-02, -1.42611E-02, -1.41614E-02, -1.40392E-02, -1.38976E-02, -1.37394E-02, -1.35673E-02, -1.33835E-02, -1.31901E-02,NA,
  2.01609E-02,  2.09446E-02,  2.17718E-02,  2.26449E-02,  2.35663E-02,  2.45383E-02,  2.55630E-02,  2.66423E-02,  2.77776E-02,  2.89699E-02,  3.02194E-02,  3.15252E-02,  3.28855E-02,  3.42968E-02,  3.57536E-02,  3.72486E-02,  3.87714E-02,  4.03090E-02,  4.18449E-02,  4.33592E-02,  4.48279E-02,NA,NA,NA,NA,NA,NA,NA,NA,NA,NA,NA,NA,NA,NA,NA,NA,NA,NA,NA,NA,  2.23487E-02,  1.91280E-02,  1.59772E-02,  1.29289E-02,  1.00095E-02,  7.24013E-03,  4.63640E-03,  2.20891E-03, -3.61241E-05, -2.09638E-03, -3.97281E-03, -5.66904E-03, -7.19085E-03, -8.54569E-03, -9.74218E-03, -1.07898E-02, -1.16985E-02, -1.24785E-02, -1.31400E-02, -1.36930E-02, -1.41472E-02, -1.45119E-02, -1.47960E-02, -1.50078E-02, -1.51549E-02, -1.52446E-02, -1.52836E-02, -1.52778E-02, -1.52328E-02, -1.51536E-02, -1.50449E-02, -1.49106E-02, -1.47546E-02, -1.45801E-02, -1.43901E-02, -1.41872E-02, -1.39737E-02, -1.37518E-02, -1.35232E-02,
  2.07348E-02,  2.15668E-02,  2.24477E-02,  2.33805E-02,  2.43684E-02,  2.54145E-02,  2.65219E-02,  2.76934E-02,  2.89315E-02,  3.02384E-02,  3.16154E-02,  3.30630E-02,  3.45803E-02,  3.61649E-02,  3.78125E-02,  3.95160E-02,  4.12655E-02,  4.30475E-02,  4.48447E-02,NA,NA,NA,NA,NA,NA,NA,NA,NA,NA,NA,NA,NA,NA,NA,NA,NA,NA,NA,NA,NA,NA,NA,NA,  1.70618E-02,  1.36472E-02,  1.03947E-02,  7.32693E-03,  4.45993E-03,  1.80378E-03, -6.36628E-04, -2.86087E-03, -4.87216E-03, -6.67664E-03, -8.28273E-03, -9.70048E-03, -1.09411E-02, -1.20166E-02, -1.29391E-02, -1.37211E-02, -1.43745E-02, -1.49113E-02, -1.53426E-02, -1.56791E-02, -1.59308E-02, -1.61070E-02, -1.62165E-02, -1.62670E-02, -1.62658E-02, -1.62195E-02, -1.61342E-02, -1.60151E-02, -1.58670E-02, -1.56944E-02, -1.55011E-02, -1.52905E-02, -1.50657E-02, -1.48293E-02, -1.45837E-02, -1.43311E-02, -1.40732E-02,
  2.13048E-02,  2.21859E-02,  2.31216E-02,  2.41156E-02,  2.51721E-02,  2.62951E-02,  2.74886E-02,  2.87569E-02,  3.01038E-02,  3.15326E-02,  3.30464E-02,  3.46472E-02,  3.63358E-02,  3.81113E-02,  3.99707E-02,  4.19083E-02,  4.39150E-02,  4.59773E-02,NA,NA,NA,NA,NA,NA,NA,NA,NA,NA,NA,NA,NA,NA,NA,NA,NA,NA,NA,NA,NA,NA,NA,NA,NA,NA,  1.43674E-02,  1.07370E-02,  7.33448E-03,  4.17566E-03,  1.26934E-03, -1.38178E-03, -3.77999E-03, -5.93162E-03, -7.84612E-03, -9.53523E-03, -1.10123E-02, -1.22917E-02, -1.33883E-02, -1.43170E-02, -1.50927E-02, -1.57296E-02, -1.62415E-02, -1.66413E-02, -1.69413E-02, -1.71527E-02, -1.72859E-02, -1.73504E-02, -1.73549E-02, -1.73074E-02, -1.72149E-02, -1.70838E-02, -1.69198E-02, -1.67281E-02, -1.65130E-02, -1.62786E-02, -1.60286E-02, -1.57659E-02, -1.54932E-02, -1.52131E-02, -1.49275E-02, -1.46383E-02,
  2.18681E-02,  2.27987E-02,  2.37899E-02,  2.48463E-02,  2.59730E-02,  2.71750E-02,  2.84578E-02,  2.98270E-02,  3.12878E-02,  3.28457E-02,  3.45053E-02,  3.62708E-02,  3.81451E-02,  4.01296E-02,  4.22235E-02,  4.44228E-02,  4.67200E-02,NA,NA,NA,NA,NA,NA,NA,NA,NA,NA,NA,NA,NA,NA,NA,NA,NA,NA,NA,NA,NA,NA,NA,NA,NA,NA,NA,NA,NA,  7.23543E-03,  3.75417E-03,  5.75431E-04, -2.30138E-03, -4.88244E-03, -7.17824E-03, -9.20250E-03, -1.09712E-02, -1.25017E-02, -1.38121E-02, -1.49209E-02, -1.58461E-02, -1.66053E-02, -1.72154E-02, -1.76922E-02, -1.80507E-02, -1.83046E-02, -1.84665E-02, -1.85480E-02, -1.85597E-02, -1.85109E-02, -1.84101E-02, -1.82651E-02, -1.80825E-02, -1.78684E-02, -1.76280E-02, -1.73662E-02, -1.70869E-02, -1.67939E-02, -1.64901E-02, -1.61784E-02, -1.58611E-02, -1.55403E-02, -1.52178E-02,
  2.24216E-02,  2.34019E-02,  2.44488E-02,  2.55682E-02,  2.67660E-02,  2.80487E-02,  2.94232E-02,  3.08966E-02,  3.24761E-02,  3.41692E-02,  3.59831E-02,  3.79244E-02,  3.99989E-02,  4.22108E-02,  4.45624E-02,  4.70528E-02,NA,NA,NA,NA,NA,NA,NA,NA,NA,NA,NA,NA,NA,NA,NA,NA,NA,NA,NA,NA,NA,NA,NA,NA,NA,NA,NA,NA,NA,NA,NA,  3.15903E-03, -3.14439E-04, -3.43087E-03, -6.20177E-03, -8.64316E-03, -1.07742E-02, -1.26162E-02, -1.41913E-02, -1.55224E-02, -1.66317E-02, -1.75412E-02, -1.82715E-02, -1.88425E-02, -1.92723E-02, -1.95778E-02, -1.97747E-02, -1.98768E-02, -1.98971E-02, -1.98470E-02, -1.97366E-02, -1.95752E-02, -1.93708E-02, -1.91305E-02, -1.88607E-02, -1.85668E-02, -1.82536E-02, -1.79254E-02, -1.75856E-02, -1.72376E-02, -1.68839E-02, -1.65269E-02, -1.61686E-02, -1.58106E-02,
  2.29623E-02,  2.39917E-02,  2.50942E-02,  2.62765E-02,  2.75458E-02,  2.89101E-02,  3.03777E-02,  3.19577E-02,  3.36597E-02,  3.54934E-02,  3.74690E-02,  3.95963E-02,  4.18846E-02,  4.43423E-02,  4.69755E-02,NA,NA,NA,NA,NA,NA,NA,NA,NA,NA,NA,NA,NA,NA,NA,NA,NA,NA,NA,NA,NA,NA,NA,NA,NA,NA,NA,NA,NA,NA,NA,NA,NA,NA,NA, -7.77706E-03, -1.03621E-02, -1.25934E-02, -1.44986E-02, -1.61061E-02, -1.74439E-02, -1.85391E-02, -1.94178E-02, -2.01043E-02, -2.06215E-02, -2.09902E-02, -2.12296E-02, -2.13570E-02, -2.13879E-02, -2.13363E-02, -2.12146E-02, -2.10338E-02, -2.08036E-02, -2.05325E-02, -2.02280E-02, -1.98965E-02, -1.95437E-02, -1.91745E-02, -1.87930E-02, -1.84029E-02, -1.80072E-02, -1.76086E-02, -1.72092E-02, -1.68111E-02, -1.64156E-02,
  2.34868E-02,  2.45644E-02,  2.57216E-02,  2.69661E-02,  2.83065E-02,  2.97523E-02,  3.13136E-02,  3.30016E-02,  3.48284E-02,  3.68067E-02,  3.89500E-02,  4.12721E-02,  4.37869E-02,  4.65074E-02,NA,NA,NA,NA,NA,NA,NA,NA,NA,NA,NA,NA,NA,NA,NA,NA,NA,NA,NA,NA,NA,NA,NA,NA,NA,NA,NA,NA,NA,NA,NA,NA,NA,NA,NA,NA,NA,NA, -1.46958E-02, -1.66499E-02, -1.82730E-02, -1.95996E-02, -2.06624E-02, -2.14919E-02, -2.21168E-02, -2.25631E-02, -2.28546E-02, -2.30127E-02, -2.30565E-02, -2.30032E-02, -2.28680E-02, -2.26641E-02, -2.24032E-02, -2.20955E-02, -2.17500E-02, -2.13743E-02, -2.09750E-02, -2.05578E-02, -2.01277E-02, -1.96886E-02, -1.92443E-02, -1.87976E-02, -1.83511E-02, -1.79068E-02, -1.74664E-02, -1.70315E-02,
  2.39920E-02,  2.51163E-02,  2.63266E-02,  2.76319E-02,  2.90420E-02,  3.05681E-02,  3.22223E-02,  3.40182E-02,  3.59706E-02,  3.80958E-02,  4.04110E-02,  4.29347E-02,  4.56863E-02,NA,NA,NA,NA,NA,NA,NA,NA,NA,NA,NA,NA,NA,NA,NA,NA,NA,NA,NA,NA,NA,NA,NA,NA,NA,NA,NA,NA,NA,NA,NA,NA,NA,NA,NA,NA,NA,NA,NA,NA,NA, -2.07210E-02, -2.20138E-02, -2.30215E-02, -2.37799E-02, -2.43220E-02, -2.46775E-02, -2.48732E-02, -2.49328E-02, -2.48775E-02, -2.47258E-02, -2.44941E-02, -2.41963E-02, -2.38450E-02, -2.34507E-02, -2.30225E-02, -2.25683E-02, -2.20948E-02, -2.16075E-02, -2.11115E-02, -2.06105E-02, -2.01081E-02, -1.96070E-02, -1.91096E-02, -1.86178E-02, -1.81331E-02, -1.76567E-02,
  2.44746E-02,  2.56434E-02,  2.69046E-02,  2.82683E-02,  2.97458E-02,  3.13498E-02,  3.30949E-02,  3.49969E-02,  3.70739E-02,  3.93458E-02,  4.18345E-02,  4.45640E-02,  4.75599E-02,NA,NA,NA,NA,NA,NA,NA,NA,NA,NA,NA,NA,NA,NA,NA,NA,NA,NA,NA,NA,NA,NA,NA,NA,NA,NA,NA,NA,NA,NA,NA,NA,NA,NA,NA,NA,NA,NA,NA,NA,NA,NA,NA, -2.56367E-02, -2.62978E-02, -2.67325E-02, -2.69743E-02, -2.70531E-02, -2.69952E-02, -2.68233E-02, -2.65576E-02, -2.62154E-02, -2.58114E-02, -2.53587E-02, -2.48679E-02, -2.43485E-02, -2.38083E-02, -2.32539E-02, -2.26908E-02, -2.21238E-02, -2.15565E-02, -2.09922E-02, -2.04334E-02, -1.98823E-02, -1.93404E-02, -1.88092E-02, -1.82895E-02,
  2.49313E-02,  2.61421E-02,  2.74512E-02,  2.88701E-02,  3.04114E-02,  3.20898E-02,  3.39219E-02,  3.59264E-02,  3.81246E-02,  4.05406E-02,  4.32013E-02,  4.61369E-02,NA,NA,NA,NA,NA,NA,NA,NA,NA,NA,NA,NA,NA,NA,NA,NA,NA,NA,NA,NA,NA,NA,NA,NA,NA,NA,NA,NA,NA,NA,NA,NA,NA,NA,NA,NA,NA,NA,NA,NA,NA,NA,NA,NA,NA, -2.90610E-02, -2.93598E-02, -2.94619E-02, -2.94002E-02, -2.92033E-02, -2.88960E-02, -2.84993E-02, -2.80316E-02, -2.75083E-02, -2.69424E-02, -2.63451E-02, -2.57256E-02, -2.50917E-02, -2.44497E-02, -2.38050E-02, -2.31619E-02, -2.25240E-02, -2.18941E-02, -2.12744E-02, -2.06667E-02, -2.00724E-02, -1.94926E-02, -1.89278E-02,
  2.53594E-02,  2.66087E-02,  2.79620E-02,  2.94319E-02,  3.10325E-02,  3.27802E-02,  3.46939E-02,  3.67951E-02,  3.91086E-02,  4.16628E-02,  4.44903E-02,  4.76279E-02,NA,NA,NA,NA,NA,NA,NA,NA,NA,NA,NA,NA,NA,NA,NA,NA,NA,NA,NA,NA,NA,NA,NA,NA,NA,NA,NA,NA,NA,NA,NA,NA,NA,NA,NA,NA,NA,NA,NA,NA,NA,NA,NA,NA,NA,NA, -3.22140E-02, -3.21470E-02, -3.19186E-02, -3.15594E-02, -3.10959E-02, -3.05502E-02, -2.99411E-02, -2.92845E-02, -2.85936E-02, -2.78793E-02, -2.71506E-02, -2.64152E-02, -2.56789E-02, -2.49468E-02, -2.42227E-02, -2.35099E-02, -2.28107E-02, -2.21270E-02, -2.14602E-02, -2.08112E-02, -2.01809E-02, -1.95695E-02,
  2.57560E-02,  2.70400E-02,  2.84331E-02,  2.99489E-02,  3.16030E-02,  3.34135E-02,  3.54015E-02,  3.75914E-02,  4.00114E-02,  4.26946E-02,  4.56792E-02,NA,NA,NA,NA,NA,NA,NA,NA,NA,NA,NA,NA,NA,NA,NA,NA,NA,NA,NA,NA,NA,NA,NA,NA,NA,NA,NA,NA,NA,NA,NA,NA,NA,NA,NA,NA,NA,NA,NA,NA,NA,NA,NA,NA,NA,NA,NA,NA, -3.50344E-02, -3.46103E-02, -3.40636E-02, -3.34217E-02, -3.27077E-02, -3.19406E-02, -3.11364E-02, -3.03080E-02, -2.94660E-02, -2.86192E-02, -2.77744E-02, -2.69373E-02, -2.61121E-02, -2.53023E-02, -2.45105E-02, -2.37386E-02, -2.29880E-02, -2.22597E-02, -2.15541E-02, -2.08715E-02, -2.02121E-02,
  2.61190E-02,  2.74331E-02,  2.88608E-02,  3.04166E-02,  3.21173E-02,  3.39828E-02,  3.60360E-02,  3.83041E-02,  4.08190E-02,  4.36181E-02,  4.67455E-02,NA,NA,NA,NA,NA,NA,NA,NA,NA,NA,NA,NA,NA,NA,NA,NA,NA,NA,NA,NA,NA,NA,NA,NA,NA,NA,NA,NA,NA,NA,NA,NA,NA,NA,NA,NA,NA,NA,NA,NA,NA,NA,NA,NA,NA,NA,NA,NA,NA, -3.74746E-02, -3.67132E-02, -3.58697E-02, -3.49673E-02, -3.40250E-02, -3.30585E-02, -3.20801E-02, -3.10999E-02, -3.01259E-02, -2.91643E-02, -2.82198E-02, -2.72963E-02, -2.63963E-02, -2.55218E-02, -2.46740E-02, -2.38539E-02, -2.30618E-02, -2.22978E-02, -2.15616E-02, -2.08530E-02,
  2.64465E-02,  2.77859E-02,  2.92424E-02,  3.08314E-02,  3.25708E-02,  3.44819E-02,  3.65895E-02,  3.89233E-02,  4.15183E-02,  4.44162E-02,  4.76670E-02,NA,NA,NA,NA,NA,NA,NA,NA,NA,NA,NA,NA,NA,NA,NA,NA,NA,NA,NA,NA,NA,NA,NA,NA,NA,NA,NA,NA,NA,NA,NA,NA,NA,NA,NA,NA,NA,NA,NA,NA,NA,NA,NA,NA,NA,NA,NA,NA,NA,NA, -3.95029E-02, -3.84333E-02, -3.73219E-02, -3.61870E-02, -3.50434E-02, -3.39027E-02, -3.27740E-02, -3.16641E-02, -3.05784E-02, -2.95207E-02, -2.84938E-02, -2.74994E-02, -2.65388E-02, -2.56125E-02, -2.47206E-02, -2.38630E-02, -2.30390E-02, -2.22480E-02, -2.14892E-02,
  2.67372E-02,  2.80966E-02,  2.95757E-02,  3.11905E-02,  3.29598E-02,  3.49060E-02,  3.70556E-02,  3.94402E-02,  4.20977E-02,  4.50738E-02,NA,NA,NA,NA,NA,NA,NA,NA,NA,NA,NA,NA,NA,NA,NA,NA,NA,NA,NA,NA,NA,NA,NA,NA,NA,NA,NA,NA,NA,NA,NA,NA,NA,NA,NA,NA,NA,NA,NA,NA,NA,NA,NA,NA,NA,NA,NA,NA,NA,NA,NA,NA, -4.11032E-02, -3.97619E-02, -3.84171E-02, -3.70821E-02, -3.57671E-02, -3.44799E-02, -3.32261E-02, -3.20096E-02, -3.08331E-02, -2.96983E-02, -2.86060E-02, -2.75564E-02, -2.65492E-02, -2.55837E-02, -2.46590E-02, -2.37740E-02, -2.29274E-02, -2.21177E-02,
  2.69906E-02,  2.83644E-02,  2.98595E-02,  3.14921E-02,  3.32819E-02,  3.52518E-02,  3.74296E-02,  3.98484E-02,  4.25484E-02,  4.55783E-02,NA,NA,NA,NA,NA,NA,NA,NA,NA,NA,NA,NA,NA,NA,NA,NA,NA,NA,NA,NA,NA,NA,NA,NA,NA,NA,NA,NA,NA,NA,NA,NA,NA,NA,NA,NA,NA,NA,NA,NA,NA,NA,NA,NA,NA,NA,NA,NA,NA,NA,NA,NA,NA, -4.22748E-02, -4.07032E-02, -3.91630E-02, -3.76625E-02, -3.62077E-02, -3.48025E-02, -3.34494E-02, -3.21494E-02, -3.09030E-02, -2.97097E-02, -2.85688E-02, -2.74788E-02, -2.64384E-02, -2.54457E-02, -2.44989E-02, -2.35961E-02, -2.27353E-02,
  2.72068E-02,  2.85894E-02,  3.00936E-02,  3.17360E-02,  3.35362E-02,  3.55178E-02,  3.77092E-02,  4.01443E-02,  4.28647E-02,  4.59213E-02,NA,NA,NA,NA,NA,NA,NA,NA,NA,NA,NA,NA,NA,NA,NA,NA,NA,NA,NA,NA,NA,NA,NA,NA,NA,NA,NA,NA,NA,NA,NA,NA,NA,NA,NA,NA,NA,NA,NA,NA,NA,NA,NA,NA,NA,NA,NA,NA,NA,NA,NA,NA,NA, -4.48447E-02, -4.30306E-02, -4.12725E-02, -3.95765E-02, -3.79461E-02, -3.63832E-02, -3.48883E-02, -3.34609E-02, -3.20999E-02, -3.08035E-02, -2.95696E-02, -2.83957E-02, -2.72795E-02, -2.62183E-02, -2.52094E-02, -2.42504E-02, -2.33387E-02,
  2.73865E-02,  2.87723E-02,  3.02790E-02,  3.19229E-02,  3.37237E-02,  3.57048E-02,  3.78945E-02,  4.03272E-02,  4.30448E-02,  4.60992E-02,NA,NA,NA,NA,NA,NA,NA,NA,NA,NA,NA,NA,NA,NA,NA,NA,NA,NA,NA,NA,NA,NA,NA,NA,NA,NA,NA,NA,NA,NA,NA,NA,NA,NA,NA,NA,NA,NA,NA,NA,NA,NA,NA,NA,NA,NA,NA,NA,NA,NA,NA,NA,NA,NA, -4.53817E-02, -4.33948E-02, -4.14945E-02, -3.96819E-02, -3.79562E-02, -3.63159E-02, -3.47584E-02, -3.32808E-02, -3.18799E-02, -3.05521E-02, -2.92939E-02, -2.81017E-02, -2.69720E-02, -2.59013E-02, -2.48865E-02, -2.39241E-02,
  2.75314E-02,  2.89151E-02,  3.04178E-02,  3.20553E-02,  3.38469E-02,  3.58155E-02,  3.79887E-02,  4.04003E-02,  4.30917E-02,  4.61140E-02,NA,NA,NA,NA,NA,NA,NA,NA,NA,NA,NA,NA,NA,NA,NA,NA,NA,NA,NA,NA,NA,NA,NA,NA,NA,NA,NA,NA,NA,NA,NA,NA,NA,NA,NA,NA,NA,NA,NA,NA,NA,NA,NA,NA,NA,NA,NA,NA,NA,NA,NA,NA,NA,NA, -4.77364E-02, -4.55116E-02, -4.34005E-02, -4.14008E-02, -3.95089E-02, -3.77207E-02, -3.60316E-02, -3.44366E-02, -3.29307E-02, -3.15091E-02, -3.01668E-02, -2.88992E-02, -2.77017E-02, -2.65701E-02, -2.55002E-02, -2.44882E-02,
  2.76437E-02,  2.90205E-02,  3.05132E-02,  3.21371E-02,  3.39104E-02,  3.58552E-02,  3.79977E-02,  4.03705E-02,  4.30130E-02,  4.59745E-02,NA,NA,NA,NA,NA,NA,NA,NA,NA,NA,NA,NA,NA,NA,NA,NA,NA,NA,NA,NA,NA,NA,NA,NA,NA,NA,NA,NA,NA,NA,NA,NA,NA,NA,NA,NA,NA,NA,NA,NA,NA,NA,NA,NA,NA,NA,NA,NA,NA,NA,NA,NA,NA,NA,NA, -4.76027E-02, -4.52765E-02, -4.30869E-02, -4.10273E-02, -3.90906E-02, -3.72697E-02, -3.55577E-02, -3.39477E-02, -3.24333E-02, -3.10081E-02, -2.96664E-02, -2.84024E-02, -2.72111E-02, -2.60876E-02, -2.50272E-02,
  2.77264E-02,  2.90920E-02,  3.05695E-02,  3.21733E-02,  3.39205E-02,  3.58314E-02,  3.79307E-02,  4.02484E-02,  4.28214E-02,  4.56955E-02,NA,NA,NA,NA,NA,NA,NA,NA,NA,NA,NA,NA,NA,NA,NA,NA,NA,NA,NA,NA,NA,NA,NA,NA,NA,NA,NA,NA,NA,NA,NA,NA,NA,NA,NA,NA,NA,NA,NA,NA,NA,NA,NA,NA,NA,NA,NA,NA,NA,NA,NA,NA,NA,NA,NA, -4.96460E-02, -4.71032E-02, -4.47235E-02, -4.24966E-02, -4.04125E-02, -3.84615E-02, -3.66343E-02, -3.49222E-02, -3.33170E-02, -3.18110E-02, -3.03971E-02, -2.90688E-02, -2.78197E-02, -2.66444E-02, -2.55376E-02,
  2.77831E-02,  2.91340E-02,  3.05921E-02,  3.21705E-02,  3.38848E-02,  3.57536E-02,  3.77992E-02,  4.00485E-02,  4.25346E-02,  4.52986E-02,NA,NA,NA,NA,NA,NA,NA,NA,NA,NA,NA,NA,NA,NA,NA,NA,NA,NA,NA,NA,NA,NA,NA,NA,NA,NA,NA,NA,NA,NA,NA,NA,NA,NA,NA,NA,NA,NA,NA,NA,NA,NA,NA,NA,NA,NA,NA,NA,NA,NA,NA,NA,NA,NA,NA,NA, -4.88600E-02, -4.62927E-02, -4.39015E-02, -4.16731E-02, -3.95952E-02, -3.76561E-02, -3.58451E-02, -3.41524E-02, -3.25686E-02, -3.10856E-02, -2.96955E-02, -2.83914E-02, -2.71667E-02, -2.60156E-02,
  2.78178E-02,  2.91514E-02,  3.05869E-02,  3.21361E-02,  3.38127E-02,  3.56333E-02,  3.76172E-02,  3.97879E-02,  4.21740E-02,  4.48106E-02,NA,NA,NA,NA,NA,NA,NA,NA,NA,NA,NA,NA,NA,NA,NA,NA,NA,NA,NA,NA,NA,NA,NA,NA,NA,NA,NA,NA,NA,NA,NA,NA,NA,NA,NA,NA,NA,NA,NA,NA,NA,NA,NA,NA,NA,NA,NA,NA,NA,NA,NA,NA,NA,NA,NA,NA, -5.05255E-02, -4.77760E-02, -4.52260E-02, -4.28588E-02, -4.06592E-02, -3.86131E-02, -3.67079E-02, -3.49318E-02, -3.32744E-02, -3.17259E-02, -3.02776E-02, -2.89216E-02, -2.76505E-02, -2.64579E-02,
  2.78347E-02,  2.91495E-02,  3.05605E-02,  3.20781E-02,  3.37142E-02,  3.54828E-02,  3.74004E-02,  3.94865E-02,  4.17645E-02,  4.42628E-02,NA,NA,NA,NA,NA,NA,NA,NA,NA,NA,NA,NA,NA,NA,NA,NA,NA,NA,NA,NA,NA,NA,NA,NA,NA,NA,NA,NA,NA,NA,NA,NA,NA,NA,NA,NA,NA,NA,NA,NA,NA,NA,NA,NA,NA,NA,NA,NA,NA,NA,NA,NA,NA,NA,NA,NA, -5.20780E-02, -4.91551E-02, -4.64545E-02, -4.39560E-02, -4.16417E-02, -3.94952E-02, -3.75016E-02, -3.56478E-02, -3.39216E-02, -3.23123E-02, -3.08100E-02, -2.94059E-02, -2.80920E-02, -2.68610E-02,
  2.78383E-02,  2.91337E-02,  3.05197E-02,  3.20051E-02,  3.35999E-02,  3.53156E-02,  3.71656E-02,  3.91652E-02,  4.13326E-02,  4.36892E-02,NA,NA,NA,NA,NA,NA,NA,NA,NA,NA,NA,NA,NA,NA,NA,NA,NA,NA,NA,NA,NA,NA,NA,NA,NA,NA,NA,NA,NA,NA,NA,NA,NA,NA,NA,NA,NA,NA,NA,NA,NA,NA,NA,NA,NA,NA,NA,NA,NA,NA,NA,NA,NA,NA,NA,NA,NA, -5.04116E-02, -4.75713E-02, -4.49515E-02, -4.25315E-02, -4.02926E-02, -3.82181E-02, -3.62931E-02, -3.45042E-02, -3.28394E-02, -3.12880E-02, -2.98403E-02, -2.84875E-02, -2.72218E-02,
  2.78330E-02,  2.91096E-02,  3.04714E-02,  3.19256E-02,  3.34804E-02,  3.51450E-02,  3.69295E-02,  3.88454E-02,  4.09056E-02,  4.31247E-02,NA,NA,NA,NA,NA,NA,NA,NA,NA,NA,NA,NA,NA,NA,NA,NA,NA,NA,NA,NA,NA,NA,NA,NA,NA,NA,NA,NA,NA,NA,NA,NA,NA,NA,NA,NA,NA,NA,NA,NA,NA,NA,NA,NA,NA,NA,NA,NA,NA,NA,NA,NA,NA,NA,NA,NA,NA, -5.15281E-02, -4.85617E-02, -4.58327E-02, -4.33179E-02, -4.09963E-02, -3.88495E-02, -3.68610E-02, -3.50163E-02, -3.33023E-02, -3.17073E-02, -3.02209E-02, -2.88338E-02, -2.75375E-02,
  2.78229E-02,  2.90824E-02,  3.04219E-02,  3.18476E-02,  3.33659E-02,  3.49838E-02,  3.67085E-02,  3.85479E-02,  4.05099E-02,  4.26030E-02,  4.48354E-02,NA,NA,NA,NA,NA,NA,NA,NA,NA,NA,NA,NA,NA,NA,NA,NA,NA,NA,NA,NA,NA,NA,NA,NA,NA,NA,NA,NA,NA,NA,NA,NA,NA,NA,NA,NA,NA,NA,NA,NA,NA,NA,NA,NA,NA,NA,NA,NA,NA,NA,NA,NA,NA,NA,NA,NA, -5.24882E-02, -4.94119E-02, -4.65882E-02, -4.39910E-02, -4.15979E-02, -3.93886E-02, -3.73455E-02, -3.54527E-02, -3.36964E-02, -3.20640E-02, -3.05445E-02, -2.91279E-02, -2.78054E-02,
  2.78118E-02,  2.90565E-02,  3.03772E-02,  3.17785E-02,  3.32657E-02,  3.48436E-02,  3.65172E-02,  3.82912E-02,  4.01694E-02,  4.21547E-02,  4.42486E-02,NA,NA,NA,NA,NA,NA,NA,NA,NA,NA,NA,NA,NA,NA,NA,NA,NA,NA,NA,NA,NA,NA,NA,NA,NA,NA,NA,NA,NA,NA,NA,NA,NA,NA,NA,NA,NA,NA,NA,NA,NA,NA,NA,NA,NA,NA,NA,NA,NA,NA,NA,NA,NA,NA,NA,NA, -5.32774E-02, -5.01100E-02, -4.72075E-02, -4.45424E-02, -4.20901E-02, -3.98293E-02, -3.77411E-02, -3.58088E-02, -3.40177E-02, -3.23546E-02, -3.08079E-02, -2.93672E-02, -2.80233E-02,
  2.78028E-02,  2.90362E-02,  3.03421E-02,  3.17245E-02,  3.31874E-02,  3.47343E-02,  3.63682E-02,  3.80913E-02,  3.99043E-02,  4.18059E-02,  4.37922E-02,NA,NA,NA,NA,NA,NA,NA,NA,NA,NA,NA,NA,NA,NA,NA,NA,NA,NA,NA,NA,NA,NA,NA,NA,NA,NA,NA,NA,NA,NA,NA,NA,NA,NA,NA,NA,NA,NA,NA,NA,NA,NA,NA,NA,NA,NA,NA,NA,NA,NA,NA,NA,NA,NA,NA,NA, -5.38835E-02, -5.06455E-02, -4.76823E-02, -4.49646E-02, -4.24667E-02, -4.01663E-02, -3.80434E-02, -3.60808E-02, -3.42629E-02, -3.25763E-02, -3.10088E-02, -2.95496E-02, -2.81893E-02,
  2.77984E-02,  2.90243E-02,  3.03204E-02,  3.16904E-02,  3.31372E-02,  3.46636E-02,  3.62711E-02,  3.79604E-02,  3.97301E-02,  4.15764E-02,  4.34915E-02,  4.54628E-02,NA,NA,NA,NA,NA,NA,NA,NA,NA,NA,NA,NA,NA,NA,NA,NA,NA,NA,NA,NA,NA,NA,NA,NA,NA,NA,NA,NA,NA,NA,NA,NA,NA,NA,NA,NA,NA,NA,NA,NA,NA,NA,NA,NA,NA,NA,NA,NA,NA,NA,NA,NA,NA,NA,NA, -5.42968E-02, -5.10104E-02, -4.80056E-02, -4.52520E-02, -4.27231E-02, -4.03955E-02, -3.82490E-02, -3.62656E-02, -3.44296E-02, -3.27269E-02, -3.11452E-02, -2.96735E-02, -2.83020E-02,
  2.78002E-02,  2.90228E-02,  3.03148E-02,  3.16793E-02,  3.31191E-02,  3.46363E-02,  3.62321E-02,  3.79064E-02,  3.96570E-02,  4.14787E-02,  4.33626E-02,  4.52941E-02,  4.72509E-02,NA,NA,NA,NA,NA,NA,NA,NA,NA,NA,NA,NA,NA,NA,NA,NA,NA,NA,NA,NA,NA,NA,NA,NA,NA,NA,NA,NA,NA,NA,NA,NA,NA,NA,NA,NA,NA,NA,NA,NA,NA,NA,NA,NA,NA,NA,NA,NA,NA,NA,NA,NA,NA,NA, -5.45107E-02, -5.11993E-02, -4.81730E-02, -4.54008E-02, -4.28558E-02, -4.05142E-02, -3.83555E-02, -3.63614E-02, -3.45160E-02, -3.28050E-02, -3.12160E-02, -2.97378E-02, -2.83605E-02,
  2.78089E-02,  2.90328E-02,  3.03263E-02,  3.16926E-02,  3.31346E-02,  3.46546E-02,  3.62540E-02,  3.79327E-02,  3.96889E-02,  4.15180E-02,  4.34116E-02,  4.53561E-02,NA,NA,NA,NA,NA,NA,NA,NA,NA,NA,NA,NA,NA,NA,NA,NA,NA,NA,NA,NA,NA,NA,NA,NA,NA,NA,NA,NA,NA,NA,NA,NA,NA,NA,NA,NA,NA,NA,NA,NA,NA,NA,NA,NA,NA,NA,NA,NA,NA,NA,NA,NA,NA,NA,NA, -5.45217E-02, -5.12092E-02, -4.81820E-02, -4.54090E-02, -4.28632E-02, -4.05210E-02, -3.83617E-02, -3.63671E-02, -3.45212E-02, -3.28098E-02, -3.12204E-02, -2.97418E-02, -2.83642E-02,
  2.78243E-02,  2.90539E-02,  3.03545E-02,  3.17299E-02,  3.31834E-02,  3.47178E-02,  3.63356E-02,  3.80378E-02,  3.98240E-02,  4.16916E-02,  4.36349E-02,  4.56436E-02,NA,NA,NA,NA,NA,NA,NA,NA,NA,NA,NA,NA,NA,NA,NA,NA,NA,NA,NA,NA,NA,NA,NA,NA,NA,NA,NA,NA,NA,NA,NA,NA,NA,NA,NA,NA,NA,NA,NA,NA,NA,NA,NA,NA,NA,NA,NA,NA,NA,NA,NA,NA,NA,NA,NA, -5.43297E-02, -5.10401E-02, -4.80326E-02, -4.52765E-02, -4.27453E-02, -4.04158E-02, -3.82675E-02, -3.62826E-02, -3.44451E-02, -3.27412E-02, -3.11583E-02, -2.96856E-02, -2.83131E-02,
  2.78453E-02,  2.90847E-02,  3.03978E-02,  3.17889E-02,  3.32624E-02,  3.48223E-02,  3.64724E-02,  3.82157E-02,  4.00545E-02,  4.19894E-02,  4.40191E-02,NA,NA,NA,NA,NA,NA,NA,NA,NA,NA,NA,NA,NA,NA,NA,NA,NA,NA,NA,NA,NA,NA,NA,NA,NA,NA,NA,NA,NA,NA,NA,NA,NA,NA,NA,NA,NA,NA,NA,NA,NA,NA,NA,NA,NA,NA,NA,NA,NA,NA,NA,NA,NA,NA,NA,NA, -5.39381E-02, -5.06948E-02, -4.77269E-02, -4.50051E-02, -4.25036E-02, -4.01999E-02, -3.80741E-02, -3.61089E-02, -3.42887E-02, -3.25999E-02, -3.10305E-02, -2.95697E-02, -2.82077E-02,
  2.78699E-02,  2.91227E-02,  3.04529E-02,  3.18658E-02,  3.33668E-02,  3.49618E-02,  3.66564E-02,  3.84564E-02,  4.03675E-02,  4.23947E-02,  4.45426E-02,NA,NA,NA,NA,NA,NA,NA,NA,NA,NA,NA,NA,NA,NA,NA,NA,NA,NA,NA,NA,NA,NA,NA,NA,NA,NA,NA,NA,NA,NA,NA,NA,NA,NA,NA,NA,NA,NA,NA,NA,NA,NA,NA,NA,NA,NA,NA,NA,NA,NA,NA,NA,NA,NA,NA,NA, -5.33532E-02, -5.01785E-02, -4.72696E-02, -4.45988E-02, -4.21414E-02, -3.98761E-02, -3.77838E-02, -3.58479E-02, -3.40535E-02, -3.23875E-02, -3.08382E-02, -2.93951E-02, -2.80490E-02,
  2.78953E-02,  2.91645E-02,  3.05157E-02,  3.19551E-02,  3.34899E-02,  3.51277E-02,  3.68768E-02,  3.87461E-02,  4.07453E-02,  4.28850E-02,  4.51766E-02,NA,NA,NA,NA,NA,NA,NA,NA,NA,NA,NA,NA,NA,NA,NA,NA,NA,NA,NA,NA,NA,NA,NA,NA,NA,NA,NA,NA,NA,NA,NA,NA,NA,NA,NA,NA,NA,NA,NA,NA,NA,NA,NA,NA,NA,NA,NA,NA,NA,NA,NA,NA,NA,NA,NA,NA, -5.25847E-02, -4.94992E-02, -4.66673E-02, -4.40629E-02, -4.16633E-02, -3.94483E-02, -3.74000E-02, -3.55026E-02, -3.37421E-02, -3.21060E-02, -3.05831E-02, -2.91635E-02, -2.78382E-02,
  2.79182E-02,  2.92060E-02,  3.05808E-02,  3.20503E-02,  3.36234E-02,  3.53098E-02,  3.71205E-02,  3.90680E-02,  4.11668E-02,  4.34332E-02,NA,NA,NA,NA,NA,NA,NA,NA,NA,NA,NA,NA,NA,NA,NA,NA,NA,NA,NA,NA,NA,NA,NA,NA,NA,NA,NA,NA,NA,NA,NA,NA,NA,NA,NA,NA,NA,NA,NA,NA,NA,NA,NA,NA,NA,NA,NA,NA,NA,NA,NA,NA,NA,NA,NA,NA,NA, -5.16446E-02, -4.86671E-02, -4.59283E-02, -4.34047E-02, -4.10753E-02, -3.89216E-02, -3.69269E-02, -3.50767E-02, -3.33576E-02, -3.17582E-02, -3.02677E-02, -2.88769E-02, -2.75773E-02,
  2.79348E-02,  2.92423E-02,  3.06423E-02,  3.21440E-02,  3.37579E-02,  3.54961E-02,  3.73725E-02,  3.94036E-02,  4.16083E-02,  4.40094E-02,NA,NA,NA,NA,NA,NA,NA,NA,NA,NA,NA,NA,NA,NA,NA,NA,NA,NA,NA,NA,NA,NA,NA,NA,NA,NA,NA,NA,NA,NA,NA,NA,NA,NA,NA,NA,NA,NA,NA,NA,NA,NA,NA,NA,NA,NA,NA,NA,NA,NA,NA,NA,NA,NA,NA,NA,NA, -5.05473E-02, -4.76940E-02, -4.50629E-02, -4.26327E-02, -4.03848E-02, -3.83022E-02, -3.63700E-02, -3.45746E-02, -3.29041E-02, -3.13474E-02, -2.98950E-02, -2.85379E-02, -2.72684E-02,
  2.79408E-02,  2.92682E-02,  3.06937E-02,  3.22280E-02,  3.38834E-02,  3.56742E-02,  3.76173E-02,  3.97329E-02,  4.20448E-02,  4.45819E-02,NA,NA,NA,NA,NA,NA,NA,NA,NA,NA,NA,NA,NA,NA,NA,NA,NA,NA,NA,NA,NA,NA,NA,NA,NA,NA,NA,NA,NA,NA,NA,NA,NA,NA,NA,NA,NA,NA,NA,NA,NA,NA,NA,NA,NA,NA,NA,NA,NA,NA,NA,NA,NA,NA,NA,NA, -5.22483E-02, -4.93089E-02, -4.65937E-02, -4.40824E-02, -4.17566E-02, -3.95999E-02, -3.75972E-02, -3.57352E-02, -3.40017E-02, -3.23858E-02, -3.08776E-02, -2.94682E-02, -2.81494E-02, -2.69141E-02,
  2.79318E-02,  2.92783E-02,  3.07284E-02,  3.22941E-02,  3.39895E-02,  3.58311E-02,  3.78387E-02,  4.00359E-02,  4.24510E-02,  4.51189E-02,NA,NA,NA,NA,NA,NA,NA,NA,NA,NA,NA,NA,NA,NA,NA,NA,NA,NA,NA,NA,NA,NA,NA,NA,NA,NA,NA,NA,NA,NA,NA,NA,NA,NA,NA,NA,NA,NA,NA,NA,NA,NA,NA,NA,NA,NA,NA,NA,NA,NA,NA,NA,NA,NA,NA,NA, -5.07145E-02, -4.79469E-02, -4.53808E-02, -4.29994E-02, -4.07870E-02, -3.87297E-02, -3.68143E-02, -3.50292E-02, -3.33637E-02, -3.18079E-02, -3.03531E-02, -2.89911E-02, -2.77147E-02, -2.65172E-02,
  2.79036E-02,  2.92673E-02,  3.07398E-02,  3.23342E-02,  3.40663E-02,  3.59546E-02,  3.80213E-02,  4.02933E-02,  4.28029E-02,  4.55901E-02,NA,NA,NA,NA,NA,NA,NA,NA,NA,NA,NA,NA,NA,NA,NA,NA,NA,NA,NA,NA,NA,NA,NA,NA,NA,NA,NA,NA,NA,NA,NA,NA,NA,NA,NA,NA,NA,NA,NA,NA,NA,NA,NA,NA,NA,NA,NA,NA,NA,NA,NA,NA,NA,NA,NA,NA, -4.90664E-02, -4.64793E-02, -4.40707E-02, -4.18269E-02, -3.97352E-02, -3.77838E-02, -3.59619E-02, -3.42592E-02, -3.26667E-02, -3.11757E-02, -2.97784E-02, -2.84679E-02, -2.72373E-02, -2.60809E-02,
  2.78519E-02,  2.92302E-02,  3.07216E-02,  3.23406E-02,  3.41042E-02,  3.60328E-02,  3.81506E-02,  4.04871E-02,  4.30782E-02,  4.59678E-02,NA,NA,NA,NA,NA,NA,NA,NA,NA,NA,NA,NA,NA,NA,NA,NA,NA,NA,NA,NA,NA,NA,NA,NA,NA,NA,NA,NA,NA,NA,NA,NA,NA,NA,NA,NA,NA,NA,NA,NA,NA,NA,NA,NA,NA,NA,NA,NA,NA,NA,NA,NA,NA,NA,NA, -4.98920E-02, -4.73254E-02, -4.49247E-02, -4.26791E-02, -4.05784E-02, -3.86126E-02, -3.67723E-02, -3.50484E-02, -3.34326E-02, -3.19172E-02, -3.04948E-02, -2.91587E-02, -2.79027E-02, -2.67211E-02, -2.56085E-02,
  2.77731E-02,  2.91621E-02,  3.06681E-02,  3.23063E-02,  3.40948E-02,  3.60554E-02,  3.82139E-02,  4.06019E-02,  4.32577E-02,NA,NA,NA,NA,NA,NA,NA,NA,NA,NA,NA,NA,NA,NA,NA,NA,NA,NA,NA,NA,NA,NA,NA,NA,NA,NA,NA,NA,NA,NA,NA,NA,NA,NA,NA,NA,NA,NA,NA,NA,NA,NA,NA,NA,NA,NA,NA,NA,NA,NA,NA,NA,NA,NA,NA,NA, -4.78643E-02, -4.55130E-02, -4.33012E-02, -4.12218E-02, -3.92676E-02, -3.74311E-02, -3.57052E-02, -3.40827E-02, -3.25571E-02, -3.11219E-02, -2.97710E-02, -2.84989E-02, -2.73001E-02, -2.61699E-02, -2.51034E-02,
  2.76636E-02,  2.90592E-02,  3.05745E-02,  3.22254E-02,  3.40310E-02,  3.60137E-02,  3.82006E-02,  4.06247E-02,  4.33259E-02,  4.63532E-02,NA,NA,NA,NA,NA,NA,NA,NA,NA,NA,NA,NA,NA,NA,NA,NA,NA,NA,NA,NA,NA,NA,NA,NA,NA,NA,NA,NA,NA,NA,NA,NA,NA,NA,NA,NA,NA,NA,NA,NA,NA,NA,NA,NA,NA,NA,NA,NA,NA,NA,NA,NA,NA,NA, -4.80412E-02, -4.57867E-02, -4.36495E-02, -4.16266E-02, -3.97142E-02, -3.79077E-02, -3.62022E-02, -3.45926E-02, -3.30737E-02, -3.16403E-02, -3.02875E-02, -2.90103E-02, -2.78042E-02, -2.66647E-02, -2.55878E-02, -2.45693E-02,
  2.75208E-02,  2.89180E-02,  3.04367E-02,  3.20932E-02,  3.39069E-02,  3.59008E-02,  3.81027E-02,  4.05460E-02,  4.32713E-02,  4.63284E-02,NA,NA,NA,NA,NA,NA,NA,NA,NA,NA,NA,NA,NA,NA,NA,NA,NA,NA,NA,NA,NA,NA,NA,NA,NA,NA,NA,NA,NA,NA,NA,NA,NA,NA,NA,NA,NA,NA,NA,NA,NA,NA,NA,NA,NA,NA,NA,NA,NA,NA,NA,NA,NA,NA, -4.56989E-02, -4.36815E-02, -4.17543E-02, -3.99177E-02, -3.81709E-02, -3.65116E-02, -3.49372E-02, -3.34445E-02, -3.20300E-02, -3.06900E-02, -2.94207E-02, -2.82186E-02, -2.70799E-02, -2.60012E-02, -2.49789E-02, -2.40098E-02,
  2.73426E-02,  2.87361E-02,  3.02519E-02,  3.19062E-02,  3.37186E-02,  3.57122E-02,  3.79147E-02,  4.03595E-02,  4.30869E-02,  4.61463E-02,NA,NA,NA,NA,NA,NA,NA,NA,NA,NA,NA,NA,NA,NA,NA,NA,NA,NA,NA,NA,NA,NA,NA,NA,NA,NA,NA,NA,NA,NA,NA,NA,NA,NA,NA,NA,NA,NA,NA,NA,NA,NA,NA,NA,NA,NA,NA,NA,NA,NA,NA,NA,NA, -4.52072E-02, -4.33579E-02, -4.15687E-02, -3.98452E-02, -3.81904E-02, -3.66058E-02, -3.50915E-02, -3.36469E-02, -3.22703E-02, -3.09599E-02, -2.97134E-02, -2.85282E-02, -2.74017E-02, -2.63312E-02, -2.53139E-02, -2.43472E-02, -2.34285E-02,
  2.71274E-02,  2.85119E-02,  3.00180E-02,  3.16622E-02,  3.34636E-02,  3.54451E-02,  3.76338E-02,  4.00623E-02,  4.27700E-02,  4.58043E-02,NA,NA,NA,NA,NA,NA,NA,NA,NA,NA,NA,NA,NA,NA,NA,NA,NA,NA,NA,NA,NA,NA,NA,NA,NA,NA,NA,NA,NA,NA,NA,NA,NA,NA,NA,NA,NA,NA,NA,NA,NA,NA,NA,NA,NA,NA,NA,NA,NA,NA,NA,NA,NA, -4.26452E-02, -4.10382E-02, -3.94667E-02, -3.79385E-02, -3.64590E-02, -3.50318E-02, -3.36589E-02, -3.23413E-02, -3.10791E-02, -2.98716E-02, -2.87178E-02, -2.76162E-02, -2.65653E-02, -2.55630E-02, -2.46076E-02, -2.36969E-02, -2.28290E-02,
  2.68747E-02,  2.82444E-02,  2.97344E-02,  3.13604E-02,  3.31413E-02,  3.50990E-02,  3.72598E-02,  3.96549E-02,  4.23218E-02,  4.53054E-02,NA,NA,NA,NA,NA,NA,NA,NA,NA,NA,NA,NA,NA,NA,NA,NA,NA,NA,NA,NA,NA,NA,NA,NA,NA,NA,NA,NA,NA,NA,NA,NA,NA,NA,NA,NA,NA,NA,NA,NA,NA,NA,NA,NA,NA,NA,NA,NA,NA,NA,NA,NA, -4.15188E-02, -4.01376E-02, -3.87574E-02, -3.73912E-02, -3.60484E-02, -3.47365E-02, -3.34605E-02, -3.22242E-02, -3.10300E-02, -2.98792E-02, -2.87725E-02, -2.77099E-02, -2.66908E-02, -2.57147E-02, -2.47803E-02, -2.38864E-02, -2.30317E-02, -2.22147E-02,
  2.65843E-02,  2.79340E-02,  2.94012E-02,  3.10014E-02,  3.27524E-02,  3.46754E-02,  3.67950E-02,  3.91407E-02,  4.17474E-02,  4.46569E-02,NA,NA,NA,NA,NA,NA,NA,NA,NA,NA,NA,NA,NA,NA,NA,NA,NA,NA,NA,NA,NA,NA,NA,NA,NA,NA,NA,NA,NA,NA,NA,NA,NA,NA,NA,NA,NA,NA,NA,NA,NA,NA,NA,NA,NA,NA,NA,NA,NA,NA,NA, -3.99648E-02, -3.88508E-02, -3.77001E-02, -3.65305E-02, -3.53560E-02, -3.41877E-02, -3.30344E-02, -3.19025E-02, -3.07970E-02, -2.97215E-02, -2.86785E-02, -2.76696E-02, -2.66959E-02, -2.57577E-02, -2.48550E-02, -2.39875E-02, -2.31546E-02, -2.23555E-02, -2.15892E-02,
  2.62571E-02,  2.75814E-02,  2.90198E-02,  3.05868E-02,  3.22995E-02,  3.41773E-02,  3.62436E-02,  3.85255E-02,  4.10549E-02,  4.38698E-02,  4.70151E-02,NA,NA,NA,NA,NA,NA,NA,NA,NA,NA,NA,NA,NA,NA,NA,NA,NA,NA,NA,NA,NA,NA,NA,NA,NA,NA,NA,NA,NA,NA,NA,NA,NA,NA,NA,NA,NA,NA,NA,NA,NA,NA,NA,NA,NA,NA,NA,NA,NA, -3.79829E-02, -3.71728E-02, -3.62862E-02, -3.53456E-02, -3.43694E-02, -3.33725E-02, -3.23671E-02, -3.13626E-02, -3.03668E-02, -2.93856E-02, -2.84234E-02, -2.74839E-02, -2.65694E-02, -2.56818E-02, -2.48222E-02, -2.39912E-02, -2.31892E-02, -2.24161E-02, -2.16717E-02, -2.09555E-02,
  2.58941E-02,  2.71882E-02,  2.85921E-02,  3.01194E-02,  3.17858E-02,  3.36096E-02,  3.56118E-02,  3.78173E-02,  4.02547E-02,  4.29580E-02,  4.59665E-02,NA,NA,NA,NA,NA,NA,NA,NA,NA,NA,NA,NA,NA,NA,NA,NA,NA,NA,NA,NA,NA,NA,NA,NA,NA,NA,NA,NA,NA,NA,NA,NA,NA,NA,NA,NA,NA,NA,NA,NA,NA,NA,NA,NA,NA,NA,NA,NA, -3.55875E-02, -3.51111E-02, -3.45179E-02, -3.38347E-02, -3.30839E-02, -3.22839E-02, -3.14502E-02, -3.05954E-02, -2.97297E-02, -2.88614E-02, -2.79973E-02, -2.71427E-02, -2.63017E-02, -2.54776E-02, -2.46728E-02, -2.38890E-02, -2.31276E-02, -2.23893E-02, -2.16747E-02, -2.09839E-02, -2.03168E-02,
  2.54973E-02,  2.67568E-02,  2.81211E-02,  2.96027E-02,  3.12161E-02,  3.29779E-02,  3.49070E-02,  3.70257E-02,  3.93593E-02,  4.19373E-02,  4.47939E-02,  4.79685E-02,NA,NA,NA,NA,NA,NA,NA,NA,NA,NA,NA,NA,NA,NA,NA,NA,NA,NA,NA,NA,NA,NA,NA,NA,NA,NA,NA,NA,NA,NA,NA,NA,NA,NA,NA,NA,NA,NA,NA,NA,NA,NA,NA,NA,NA,NA, -3.28087E-02, -3.26865E-02, -3.24089E-02, -3.20059E-02, -3.15030E-02, -3.09221E-02, -3.02815E-02, -2.95965E-02, -2.88799E-02, -2.81425E-02, -2.73930E-02, -2.66386E-02, -2.58852E-02, -2.51376E-02, -2.43994E-02, -2.36736E-02, -2.29626E-02, -2.22682E-02, -2.15915E-02, -2.09336E-02, -2.02950E-02, -1.96760E-02,
  2.50690E-02,  2.62899E-02,  2.76101E-02,  2.90411E-02,  3.05957E-02,  3.22889E-02,  3.41376E-02,  3.61612E-02,  3.83819E-02,  4.08248E-02,  4.35188E-02,  4.64965E-02,NA,NA,NA,NA,NA,NA,NA,NA,NA,NA,NA,NA,NA,NA,NA,NA,NA,NA,NA,NA,NA,NA,NA,NA,NA,NA,NA,NA,NA,NA,NA,NA,NA,NA,NA,NA,NA,NA,NA,NA,NA,NA,NA,NA,NA, -2.96914E-02, -2.99336E-02, -2.99849E-02, -2.98775E-02, -2.96395E-02, -2.92951E-02, -2.88651E-02, -2.83673E-02, -2.78168E-02, -2.72264E-02, -2.66068E-02, -2.59670E-02, -2.53147E-02, -2.46561E-02, -2.39961E-02, -2.33392E-02, -2.26886E-02, -2.20470E-02, -2.14167E-02, -2.07993E-02, -2.01961E-02, -1.96080E-02, -1.90358E-02,
  2.46117E-02,  2.57908E-02,  2.70632E-02,  2.84392E-02,  2.99304E-02,  3.15499E-02,  3.33126E-02,  3.52351E-02,  3.73363E-02,  3.96375E-02,  4.21624E-02,  4.49376E-02,  4.79922E-02,NA,NA,NA,NA,NA,NA,NA,NA,NA,NA,NA,NA,NA,NA,NA,NA,NA,NA,NA,NA,NA,NA,NA,NA,NA,NA,NA,NA,NA,NA,NA,NA,NA,NA,NA,NA,NA,NA,NA,NA,NA,NA,NA, -2.62945E-02, -2.68995E-02, -2.72831E-02, -2.74786E-02, -2.75153E-02, -2.74192E-02, -2.72128E-02, -2.69157E-02, -2.65450E-02, -2.61152E-02, -2.56389E-02, -2.51268E-02, -2.45879E-02, -2.40300E-02, -2.34594E-02, -2.28815E-02, -2.23009E-02, -2.17213E-02, -2.11456E-02, -2.05764E-02, -2.00157E-02, -1.94650E-02, -1.89256E-02, -1.83985E-02,
  2.41284E-02,  2.52629E-02,  2.64846E-02,  2.78024E-02,  2.92266E-02,  3.07686E-02,  3.24412E-02,  3.42586E-02,  3.62365E-02,  3.83925E-02,  4.07456E-02,  4.33170E-02,  4.61289E-02,NA,NA,NA,NA,NA,NA,NA,NA,NA,NA,NA,NA,NA,NA,NA,NA,NA,NA,NA,NA,NA,NA,NA,NA,NA,NA,NA,NA,NA,NA,NA,NA,NA,NA,NA,NA,NA,NA,NA,NA,NA, -2.14526E-02, -2.26882E-02, -2.36424E-02, -2.43513E-02, -2.48478E-02, -2.51614E-02, -2.53186E-02, -2.53431E-02, -2.52558E-02, -2.50748E-02, -2.48163E-02, -2.44942E-02, -2.41206E-02, -2.37059E-02, -2.32591E-02, -2.27878E-02, -2.22987E-02, -2.17971E-02, -2.12879E-02, -2.07749E-02, -2.02614E-02, -1.97502E-02, -1.92434E-02, -1.87429E-02, -1.82501E-02, -1.77664E-02,
  2.36222E-02,  2.47101E-02,  2.58786E-02,  2.71358E-02,  2.84905E-02,  2.99525E-02,  3.15327E-02,  3.32427E-02,  3.50957E-02,  3.71056E-02,  3.92876E-02,  4.16577E-02,  4.42326E-02,  4.70291E-02,NA,NA,NA,NA,NA,NA,NA,NA,NA,NA,NA,NA,NA,NA,NA,NA,NA,NA,NA,NA,NA,NA,NA,NA,NA,NA,NA,NA,NA,NA,NA,NA,NA,NA,NA,NA,NA,NA, -1.54744E-02, -1.73777E-02, -1.89508E-02, -2.02290E-02, -2.12458E-02, -2.20321E-02, -2.26165E-02, -2.30253E-02, -2.32820E-02, -2.34080E-02, -2.34224E-02, -2.33419E-02, -2.31818E-02, -2.29550E-02, -2.26731E-02, -2.23461E-02, -2.19829E-02, -2.15909E-02, -2.11766E-02, -2.07457E-02, -2.03028E-02, -1.98521E-02, -1.93970E-02, -1.89404E-02, -1.84847E-02, -1.80319E-02, -1.75837E-02, -1.71415E-02,
  2.30964E-02,  2.41360E-02,  2.52498E-02,  2.64448E-02,  2.77286E-02,  2.91093E-02,  3.05959E-02,  3.21982E-02,  3.39265E-02,  3.57919E-02,  3.78059E-02,  3.99804E-02,  4.23271E-02,  4.48574E-02,  4.75813E-02,NA,NA,NA,NA,NA,NA,NA,NA,NA,NA,NA,NA,NA,NA,NA,NA,NA,NA,NA,NA,NA,NA,NA,NA,NA,NA,NA,NA,NA,NA,NA,NA,NA,NA,NA, -8.55427E-03, -1.11062E-02, -1.32998E-02, -1.51650E-02, -1.67317E-02, -1.80291E-02, -1.90851E-02, -1.99264E-02, -2.05774E-02, -2.10613E-02, -2.13988E-02, -2.16091E-02, -2.17095E-02, -2.17154E-02, -2.16407E-02, -2.14977E-02, -2.12972E-02, -2.10488E-02, -2.07610E-02, -2.04410E-02, -2.00952E-02, -1.97293E-02, -1.93478E-02, -1.89551E-02, -1.85546E-02, -1.81493E-02, -1.77417E-02, -1.73341E-02, -1.69283E-02, -1.65257E-02,
  2.25541E-02,  2.35445E-02,  2.46027E-02,  2.57347E-02,  2.69469E-02,  2.82460E-02,  2.96394E-02,  3.11348E-02,  3.27405E-02,  3.44647E-02,  3.63160E-02,  3.83028E-02,  4.04328E-02,  4.27128E-02,  4.51480E-02,  4.77412E-02,NA,NA,NA,NA,NA,NA,NA,NA,NA,NA,NA,NA,NA,NA,NA,NA,NA,NA,NA,NA,NA,NA,NA,NA,NA,NA,NA,NA,NA,NA,NA,  2.46803E-03, -1.01978E-03, -4.13413E-03, -6.89106E-03, -9.31022E-03, -1.14136E-02, -1.32246E-02, -1.47670E-02, -1.60648E-02, -1.71411E-02, -1.80185E-02, -1.87180E-02, -1.92595E-02, -1.96615E-02, -1.99409E-02, -2.01133E-02, -2.01926E-02, -2.01916E-02, -2.01217E-02, -1.99930E-02, -1.98145E-02, -1.95943E-02, -1.93394E-02, -1.90560E-02, -1.87495E-02, -1.84247E-02, -1.80856E-02, -1.77358E-02, -1.73785E-02, -1.70162E-02, -1.66511E-02, -1.62854E-02, -1.59204E-02,
  2.19987E-02,  2.29393E-02,  2.39416E-02,  2.50105E-02,  2.61512E-02,  2.73694E-02,  2.86709E-02,  3.00616E-02,  3.15479E-02,  3.31359E-02,  3.48314E-02,  3.66400E-02,  3.85662E-02,  4.06135E-02,  4.27832E-02,  4.50742E-02,  4.74817E-02,NA,NA,NA,NA,NA,NA,NA,NA,NA,NA,NA,NA,NA,NA,NA,NA,NA,NA,NA,NA,NA,NA,NA,NA,NA,NA,NA,NA,  1.05283E-02,  6.68611E-03,  3.16449E-03, -3.51823E-05, -2.91789E-03, -5.49350E-03, -7.77558E-03, -9.78031E-03, -1.15256E-02, -1.30303E-02, -1.43136E-02, -1.53949E-02, -1.62928E-02, -1.70254E-02, -1.76097E-02, -1.80620E-02, -1.83971E-02, -1.86288E-02, -1.87700E-02, -1.88320E-02, -1.88254E-02, -1.87595E-02, -1.86429E-02, -1.84830E-02, -1.82867E-02, -1.80597E-02, -1.78074E-02, -1.75345E-02, -1.72449E-02, -1.69422E-02, -1.66295E-02, -1.63095E-02, -1.59845E-02, -1.56564E-02, -1.53271E-02,
  2.14333E-02,  2.23241E-02,  2.32707E-02,  2.42769E-02,  2.53472E-02,  2.64859E-02,  2.76975E-02,  2.89868E-02,  3.03580E-02,  3.18156E-02,  3.33633E-02,  3.50044E-02,  3.67409E-02,  3.85735E-02,  4.05010E-02,  4.25194E-02,  4.46216E-02,  4.67962E-02,NA,NA,NA,NA,NA,NA,NA,NA,NA,NA,NA,NA,NA,NA,NA,NA,NA,NA,NA,NA,NA,NA,NA,NA,NA,NA,  1.40529E-02,  1.03358E-02,  6.87100E-03,  3.67055E-03,  7.39459E-04, -1.92295E-03, -4.32195E-03, -6.46641E-03, -8.36787E-03, -1.00398E-02, -1.14969E-02, -1.27545E-02, -1.38284E-02, -1.47341E-02, -1.54870E-02, -1.61015E-02, -1.65918E-02, -1.69709E-02, -1.72510E-02, -1.74436E-02, -1.75590E-02, -1.76068E-02, -1.75956E-02, -1.75333E-02, -1.74270E-02, -1.72830E-02, -1.71069E-02, -1.69038E-02, -1.66782E-02, -1.64340E-02, -1.61747E-02, -1.59034E-02, -1.56228E-02, -1.53352E-02, -1.50427E-02, -1.47469E-02,
  2.08608E-02,  2.17023E-02,  2.25938E-02,  2.35384E-02,  2.45397E-02,  2.56010E-02,  2.67257E-02,  2.79172E-02,  2.91786E-02,  3.05126E-02,  3.19212E-02,  3.34060E-02,  3.49670E-02,  3.66030E-02,  3.83109E-02,  4.00851E-02,  4.19169E-02,  4.37939E-02,  4.56995E-02,NA,NA,NA,NA,NA,NA,NA,NA,NA,NA,NA,NA,NA,NA,NA,NA,NA,NA,NA,NA,NA,NA,NA,NA,  1.69058E-02,  1.33903E-02,  1.00594E-02,  6.93333E-03,  4.02524E-03,  1.34250E-03, -1.11264E-03, -3.34210E-03, -5.35115E-03, -7.14771E-03, -8.74164E-03, -1.01442E-02, -1.13677E-02, -1.24246E-02, -1.33280E-02, -1.40905E-02, -1.47247E-02, -1.52425E-02, -1.56554E-02, -1.59742E-02, -1.62090E-02, -1.63691E-02, -1.64633E-02, -1.64993E-02, -1.64845E-02, -1.64254E-02, -1.63279E-02, -1.61975E-02, -1.60388E-02, -1.58562E-02, -1.56535E-02, -1.54342E-02, -1.52012E-02, -1.49571E-02, -1.47044E-02, -1.44450E-02, -1.41808E-02,
  2.02842E-02,  2.10771E-02,  2.19145E-02,  2.27990E-02,  2.37332E-02,  2.47198E-02,  2.57610E-02,  2.68593E-02,  2.80164E-02,  2.92339E-02,  3.05126E-02,  3.18525E-02,  3.32523E-02,  3.47094E-02,  3.62194E-02,  3.77756E-02,  3.93687E-02,  4.09862E-02,  4.26120E-02,  4.42260E-02,  4.58035E-02,NA,NA,NA,NA,NA,NA,NA,NA,NA,NA,NA,NA,NA,NA,NA,NA,NA,NA,NA,NA,  2.24577E-02,  1.91101E-02,  1.58522E-02,  1.27159E-02,  9.72651E-03,  6.90345E-03,  4.26034E-03,  1.80580E-03, -4.55959E-04, -2.52445E-03, -4.40227E-03, -6.09451E-03, -7.60821E-03, -8.95185E-03, -1.01349E-02, -1.11676E-02, -1.20605E-02, -1.28241E-02, -1.34690E-02, -1.40056E-02, -1.44436E-02, -1.47926E-02, -1.50616E-02, -1.52587E-02, -1.53920E-02, -1.54684E-02, -1.54948E-02, -1.54771E-02, -1.54209E-02, -1.53311E-02, -1.52124E-02, -1.50687E-02, -1.49039E-02, -1.47211E-02, -1.45232E-02, -1.43130E-02, -1.40926E-02, -1.38643E-02, -1.36296E-02,
  1.97059E-02,  2.04513E-02,  2.12361E-02,  2.20623E-02,  2.29319E-02,  2.38467E-02,  2.48082E-02,  2.58180E-02,  2.68769E-02,  2.79855E-02,  2.91434E-02,  3.03498E-02,  3.16022E-02,  3.28972E-02,  3.42296E-02,  3.55922E-02,  3.69754E-02,  3.83672E-02,  3.97523E-02,  4.11124E-02,  4.24258E-02,  4.36673E-02,  4.48084E-02,NA,NA,NA,NA,NA,NA,NA,NA,NA,NA,NA,NA,NA,NA,NA,NA,  2.67056E-02,  2.37122E-02,  2.07142E-02,  1.77492E-02,  1.48502E-02,  1.20454E-02,  9.35769E-03,  6.80525E-03,  4.40151E-03,  2.15570E-03,  7.32323E-05, -1.84373E-03, -3.59584E-03, -5.18601E-03, -6.61906E-03, -7.90120E-03, -9.03973E-03, -1.00427E-02, -1.09187E-02, -1.16765E-02, -1.23249E-02, -1.28728E-02, -1.33285E-02, -1.37005E-02, -1.39965E-02, -1.42239E-02, -1.43898E-02, -1.45006E-02, -1.45624E-02, -1.45808E-02, -1.45608E-02, -1.45072E-02, -1.44242E-02, -1.43156E-02, -1.41851E-02, -1.40356E-02, -1.38700E-02, -1.36909E-02, -1.35006E-02, -1.33010E-02,NA,
  1.91286E-02,  1.98277E-02,  2.05616E-02,  2.13316E-02,  2.21392E-02,  2.29854E-02,  2.38714E-02,  2.47977E-02,  2.57646E-02,  2.67717E-02,  2.78181E-02,  2.89019E-02,  3.00203E-02,  3.11691E-02,  3.23426E-02,  3.35336E-02,  3.47328E-02,  3.59285E-02,  3.71069E-02,  3.82514E-02,  3.93430E-02,  4.03600E-02,  4.12785E-02,  4.20728E-02,  4.27158E-02,  4.31803E-02,  4.34398E-02,NA,NA,NA,NA,NA,NA,NA,NA,NA,  3.19349E-02,  2.95398E-02,  2.70250E-02,  2.44275E-02,  2.17836E-02,  1.91279E-02,  1.64920E-02,  1.39044E-02,  1.13897E-02,  8.96845E-03,  6.65741E-03,  4.46944E-03,  2.41388E-03,  4.96834E-04, -1.27845E-03, -2.91119E-03, -4.40271E-03, -5.75605E-03, -6.97563E-03, -8.06698E-03, -9.03639E-03, -9.89073E-03, -1.06372E-02, -1.12832E-02, -1.18362E-02, -1.23034E-02, -1.26919E-02, -1.30088E-02, -1.32605E-02, -1.34533E-02, -1.35930E-02, -1.36851E-02, -1.37347E-02, -1.37465E-02, -1.37248E-02, -1.36736E-02, -1.35966E-02, -1.34969E-02, -1.33778E-02, -1.32417E-02, -1.30912E-02, -1.29286E-02,NA,NA,
  1.85543E-02,  1.92088E-02,  1.98936E-02,  2.06097E-02,  2.13581E-02,  2.21394E-02,  2.29540E-02,  2.38019E-02,  2.46829E-02,  2.55961E-02,  2.65398E-02,  2.75118E-02,  2.85086E-02,  2.95258E-02,  3.05578E-02,  3.15972E-02,  3.26351E-02,  3.36608E-02,  3.46617E-02,  3.56230E-02,  3.65282E-02,  3.73588E-02,  3.80945E-02,  3.87142E-02,  3.91960E-02,  3.95180E-02,  3.96593E-02,  3.96010E-02,  3.93272E-02,  3.88259E-02,  3.80897E-02,  3.71169E-02,  3.59114E-02,  3.44831E-02,  3.28475E-02,  3.10248E-02,  2.90397E-02,  2.69196E-02,  2.46940E-02,  2.23932E-02,  2.00473E-02,  1.76850E-02,  1.53333E-02,  1.30164E-02,  1.07560E-02,  8.57026E-03,  6.47448E-03,  4.48074E-03,  2.59816E-03,  8.33160E-04, -8.10327E-04, -2.33054E-03, -3.72758E-03, -5.00317E-03, -6.16031E-03, -7.20305E-03, -8.13625E-03, -8.96537E-03, -9.69629E-03, -1.03351E-02, -1.08881E-02, -1.13614E-02, -1.17614E-02, -1.20938E-02, -1.23646E-02, -1.25792E-02, -1.27429E-02, -1.28607E-02, -1.29371E-02, -1.29765E-02, -1.29829E-02, -1.29599E-02, -1.29110E-02, -1.28392E-02, -1.27475E-02, -1.26383E-02, -1.25140E-02,NA,NA,NA,
  1.79851E-02,  1.85965E-02,  1.92343E-02,  1.98990E-02,  2.05912E-02,  2.13111E-02,  2.20586E-02,  2.28334E-02,  2.36347E-02,  2.44611E-02,  2.53107E-02,  2.61807E-02,  2.70677E-02,  2.79671E-02,  2.88731E-02,  2.97787E-02,  3.06757E-02,  3.15541E-02,  3.24027E-02,  3.32084E-02,  3.39568E-02,  3.46321E-02,  3.52176E-02,  3.56955E-02,  3.60480E-02,  3.62577E-02,  3.63079E-02,  3.61841E-02,  3.58739E-02,  3.53683E-02,  3.46623E-02,  3.37549E-02,  3.26502E-02,  3.13563E-02,  2.98860E-02,  2.82561E-02,  2.64866E-02,  2.45999E-02,  2.26202E-02,  2.05726E-02,  1.84819E-02,  1.63724E-02,  1.42668E-02,  1.21860E-02,  1.01489E-02,  8.17152E-03,  6.26772E-03,  4.44867E-03,  2.72311E-03,  1.09748E-03, -4.23894E-04, -1.83859E-03, -3.14585E-03, -4.34637E-03, -5.44203E-03, -6.43572E-03, -7.33111E-03, -8.13250E-03, -8.84462E-03, -9.47250E-03, -1.00214E-02, -1.04965E-02, -1.09032E-02, -1.12467E-02, -1.15320E-02, -1.17641E-02, -1.19475E-02, -1.20868E-02, -1.21861E-02, -1.22493E-02, -1.22802E-02, -1.22821E-02, -1.22582E-02, -1.22114E-02, -1.21443E-02, -1.20595E-02,NA,NA,NA,NA,
  1.74226E-02,  1.79928E-02,  1.85857E-02,  1.92016E-02,  1.98407E-02,  2.05028E-02,  2.11875E-02,  2.18942E-02,  2.26217E-02,  2.33683E-02,  2.41318E-02,  2.49095E-02,  2.56975E-02,  2.64913E-02,  2.72855E-02,  2.80733E-02,  2.88472E-02,  2.95981E-02,  3.03159E-02,  3.09893E-02,  3.16057E-02,  3.21518E-02,  3.26134E-02,  3.29759E-02,  3.32248E-02,  3.33459E-02,  3.33261E-02,  3.31540E-02,  3.28200E-02,  3.23175E-02,  3.16430E-02,  3.07962E-02,  2.97808E-02,  2.86039E-02,  2.72762E-02,  2.58115E-02,  2.42263E-02,  2.25391E-02,  2.07699E-02,  1.89395E-02,  1.70686E-02,  1.51776E-02,  1.32860E-02,  1.14118E-02,  9.57105E-03,  7.77828E-03,  6.04579E-03,  4.38383E-03,  2.80063E-03,  1.30250E-03, -1.06079E-04, -1.42227E-03, -2.64470E-03, -3.77330E-03, -4.80909E-03, -5.75403E-03, -6.61083E-03, -7.38282E-03, -8.07377E-03, -8.68779E-03, -9.22924E-03, -9.70256E-03, -1.01123E-02, -1.04629E-02, -1.07589E-02, -1.10044E-02, -1.12038E-02, -1.13609E-02, -1.14795E-02, -1.15632E-02, -1.16153E-02, -1.16391E-02, -1.16373E-02, -1.16128E-02, -1.15680E-02, -1.15052E-02,NA,NA,NA,NA,
  1.68684E-02,  1.73993E-02,  1.79495E-02,  1.85193E-02,  1.91083E-02,  1.97162E-02,  2.03424E-02,  2.09858E-02,  2.16452E-02,  2.23187E-02,  2.30038E-02,  2.36977E-02,  2.43967E-02,  2.50963E-02,  2.57913E-02,  2.64756E-02,  2.71420E-02,  2.77826E-02,  2.83882E-02,  2.89490E-02,  2.94542E-02,  2.98925E-02,  3.02519E-02,  3.05203E-02,  3.06859E-02,  3.07372E-02,  3.06638E-02,  3.04567E-02,  3.01085E-02,  2.96142E-02,  2.89715E-02,  2.81807E-02,  2.72450E-02,  2.61706E-02,  2.49666E-02,  2.36445E-02,  2.22179E-02,  2.07023E-02,  1.91142E-02,  1.74711E-02,  1.57904E-02,  1.40894E-02,  1.23845E-02,  1.06912E-02,  9.02379E-03,  7.39480E-03,  5.81530E-03,  4.29463E-03,  2.84044E-03,  1.45878E-03,  1.54150E-04, -1.07039E-03, -2.21304E-03, -3.27317E-03, -4.25116E-03, -5.14822E-03, -5.96629E-03, -6.70789E-03, -7.37600E-03, -7.97396E-03, -8.50535E-03, -8.97392E-03, -9.38351E-03, -9.73800E-03, -1.00412E-02, -1.02969E-02, -1.05089E-02, -1.06805E-02, -1.08153E-02, -1.09164E-02, -1.09869E-02, -1.10297E-02, -1.10474E-02, -1.10427E-02,NA,NA,NA,NA,NA,NA,
NA,  1.68173E-02,  1.73271E-02,  1.78533E-02,  1.83953E-02,  1.89526E-02,  1.95243E-02,  2.01093E-02,  2.07061E-02,  2.13126E-02,  2.19265E-02,  2.25447E-02,  2.31637E-02,  2.37793E-02,  2.43866E-02,  2.49798E-02,  2.55525E-02,  2.60975E-02,  2.66068E-02,  2.70719E-02,  2.74833E-02,  2.78316E-02,  2.81065E-02,  2.82983E-02,  2.83970E-02,  2.83934E-02,  2.82792E-02,  2.80471E-02,  2.76918E-02,  2.72093E-02,  2.65981E-02,  2.58588E-02,  2.49945E-02,  2.40105E-02,  2.29145E-02,  2.17162E-02,  2.04270E-02,  1.90598E-02,  1.76287E-02,  1.61480E-02,  1.46326E-02,  1.30971E-02,  1.15557E-02,  1.00217E-02,  8.50740E-03,  7.02399E-03,  5.58128E-03,  4.18774E-03,  2.85044E-03,  1.57509E-03,  3.66084E-04, -7.73391E-04, -1.84129E-03, -2.83658E-03, -3.75914E-03, -4.60960E-03, -5.38929E-03, -6.10007E-03, -6.74426E-03, -7.32454E-03, -7.84384E-03, -8.30530E-03, -8.71216E-03, -9.06774E-03, -9.37537E-03, -9.63836E-03, -9.85993E-03, -1.00432E-02, -1.01913E-02, -1.03071E-02, -1.03933E-02, -1.04526E-02, -1.04875E-02,NA,NA,NA,NA,NA,NA,NA,
NA,NA,  1.67196E-02,  1.72048E-02,  1.77028E-02,  1.82129E-02,  1.87342E-02,  1.92652E-02,  1.98045E-02,  2.03499E-02,  2.08991E-02,  2.14491E-02,  2.19965E-02,  2.25373E-02,  2.30669E-02,  2.35801E-02,  2.40710E-02,  2.45334E-02,  2.49600E-02,  2.53435E-02,  2.56759E-02,  2.59489E-02,  2.61541E-02,  2.62832E-02,  2.63282E-02,  2.62816E-02,  2.61366E-02,  2.58876E-02,  2.55303E-02,  2.50619E-02,  2.44814E-02,  2.37897E-02,  2.29895E-02,  2.20856E-02,  2.10844E-02,  1.99943E-02,  1.88248E-02,  1.75868E-02,  1.62921E-02,  1.49530E-02,  1.35819E-02,  1.21914E-02,  1.07936E-02,  9.40007E-03,  8.02150E-03,  6.66771E-03,  5.34748E-03,  4.06842E-03,  2.83704E-03,  1.65867E-03,  5.37547E-04, -5.23144E-04, -1.52120E-03, -2.45533E-03, -3.32501E-03, -4.13046E-03, -4.87250E-03, -5.55246E-03, -6.17211E-03, -6.73358E-03, -7.23925E-03, -7.69173E-03, -8.09375E-03, -8.44813E-03, -8.75776E-03, -9.02550E-03, -9.25420E-03, -9.44665E-03, -9.60556E-03, -9.73354E-03, -9.83310E-03, -9.90664E-03,NA,NA,NA,NA,NA,NA,NA,NA,
NA,NA,NA,  1.65746E-02,  1.70316E-02,  1.74978E-02,  1.79724E-02,  1.84538E-02,  1.89404E-02,  1.94302E-02,  1.99208E-02,  2.04093E-02,  2.08926E-02,  2.13668E-02,  2.18277E-02,  2.22707E-02,  2.26904E-02,  2.30811E-02,  2.34368E-02,  2.37508E-02,  2.40164E-02,  2.42265E-02,  2.43740E-02,  2.44521E-02,  2.44541E-02,  2.43738E-02,  2.42059E-02,  2.39460E-02,  2.35906E-02,  2.31379E-02,  2.25871E-02,  2.19392E-02,  2.11969E-02,  2.03642E-02,  1.94468E-02,  1.84516E-02,  1.73869E-02,  1.62619E-02,  1.50866E-02,  1.38713E-02,  1.26268E-02,  1.13637E-02,  1.00925E-02,  8.82325E-03,  7.56522E-03,  6.32710E-03,  5.11668E-03,  3.94082E-03,  2.80546E-03,  1.71555E-03,  6.75123E-04, -3.12705E-04, -1.24566E-03, -2.12226E-03, -2.94174E-03, -3.70396E-03, -4.40936E-03, -5.05884E-03, -5.65372E-03, -6.19566E-03, -6.68658E-03, -7.12863E-03, -7.52411E-03, -7.87540E-03, -8.18498E-03, -8.45534E-03, -8.68898E-03, -8.88836E-03, -9.05589E-03, -9.19392E-03, -9.30469E-03,NA,NA,NA,NA,NA,NA,NA,NA,NA,
