NA,NA,NA,NA,NA,NA,NA,NA,NA, -2.68208E-02, -2.72698E-02, -2.77248E-02, -2.81855E-02, -2.86513E-02, -2.91217E-02, -2.95963E-02, -3.00743E-02, -3.05552E-02, -3.10383E-02, -3.15230E-02, -3.20085E-02, -3.24942E-02, -3.29792E-02, -3.34630E-02, -3.39447E-02, -3.44235E-02, -3.48988E-02, -3.53697E-02, -3.58353E-02, -3.62948E-02, -3.67474E-02, -3.71920E-02, -3.76276E-02, -3.80531E-02, -3.84674E-02, -3.88690E-02, -3.92566E-02, -3.96288E-02, -3.99839E-02, -4.03204E-02, -4.06365E-02, -4.09305E-02, -4.12008E-02, -4.14456E-02, -4.16635E-02, -4.18528E-02, -4.20124E-02, -4.21410E-02, -4.22378E-02, -4.23019E-02, -4.23331E-02, -4.23309E-02, -4.22956E-02, -4.22274E-02, -4.21268E-02, -4.19947E-02, -4.18320E-02, -4.16398E-02, -4.14195E-02, -4.11726E-02, -4.09006E-02, -4.06051E-02, -4.02879E-02, -3.99508E-02, -3.95954E-02, -3.92234E-02, -3.88367E-02, -3.84369E-02, -3.80257E-02, -3.76044E-02, -3.71748E-02,NA,NA,NA,NA,NA,NA,NA,NA,NA,
NA,NA,NA,NA,NA,NA,NA,NA, -2.66681E-02, -2.71269E-02, -2.75928E-02, -2.80654E-02, -2.85442E-02, -2.90288E-02, -2.95185E-02, -3.00128E-02, -3.05111E-02, -3.10127E-02, -3.15169E-02, -3.20230E-02, -3.25303E-02, -3.30381E-02, -3.35455E-02, -3.40519E-02, -3.45565E-02, -3.50585E-02, -3.55572E-02, -3.60517E-02, -3.65412E-02, -3.70249E-02, -3.75019E-02, -3.79712E-02, -3.84318E-02, -3.88825E-02, -3.93221E-02, -3.97492E-02, -4.01623E-02, -4.05598E-02, -4.09400E-02, -4.13010E-02, -4.16409E-02, -4.19578E-02, -4.22498E-02, -4.25148E-02, -4.27510E-02, -4.29568E-02, -4.31306E-02, -4.32710E-02, -4.33769E-02, -4.34475E-02, -4.34822E-02, -4.34808E-02, -4.34434E-02, -4.33703E-02, -4.32620E-02, -4.31196E-02, -4.29441E-02, -4.27368E-02, -4.24994E-02, -4.22333E-02, -4.19405E-02, -4.16227E-02, -4.12820E-02, -4.09202E-02, -4.05393E-02, -4.01412E-02, -3.97279E-02, -3.93011E-02, -3.88627E-02, -3.84143E-02, -3.79577E-02, -3.74942E-02,NA,NA,NA,NA,NA,NA,NA,NA,
NA,NA,NA,NA,NA,NA,NA, -2.64895E-02, -2.69571E-02, -2.74329E-02, -2.79164E-02, -2.84073E-02, -2.89050E-02, -2.94090E-02, -2.99188E-02, -3.04337E-02, -3.09531E-02, -3.14763E-02, -3.20025E-02, -3.25309E-02, -3.30610E-02, -3.35917E-02, -3.41225E-02, -3.46525E-02, -3.51809E-02, -3.57070E-02, -3.62300E-02, -3.67491E-02, -3.72636E-02, -3.77726E-02, -3.82752E-02, -3.87705E-02, -3.92575E-02, -3.97350E-02, -4.02018E-02, -4.06563E-02, -4.10969E-02, -4.15221E-02, -4.19297E-02, -4.23177E-02, -4.26841E-02, -4.30265E-02, -4.33426E-02, -4.36303E-02, -4.38874E-02, -4.41118E-02, -4.43018E-02, -4.44556E-02, -4.45721E-02, -4.46502E-02, -4.46893E-02, -4.46890E-02, -4.46495E-02, -4.45710E-02, -4.44544E-02, -4.43007E-02, -4.41111E-02, -4.38872E-02, -4.36308E-02, -4.33437E-02, -4.30280E-02, -4.26858E-02, -4.23192E-02, -4.19305E-02, -4.15217E-02, -4.10952E-02, -4.06529E-02, -4.01969E-02, -3.97292E-02, -3.92516E-02, -3.87658E-02, -3.82736E-02, -3.77764E-02,NA,NA,NA,NA,NA,NA,NA,
NA,NA,NA,NA,NA,NA, -2.62853E-02, -2.67606E-02, -2.72450E-02, -2.77383E-02, -2.82401E-02, -2.87499E-02, -2.92672E-02, -2.97916E-02, -3.03223E-02, -3.08587E-02, -3.14000E-02, -3.19456E-02, -3.24947E-02, -3.30465E-02, -3.36001E-02, -3.41548E-02, -3.47098E-02, -3.52642E-02, -3.58174E-02, -3.63684E-02, -3.69167E-02, -3.74614E-02, -3.80018E-02, -3.85371E-02, -3.90665E-02, -3.95892E-02, -4.01040E-02, -4.06099E-02, -4.11056E-02, -4.15896E-02, -4.20601E-02, -4.25153E-02, -4.29531E-02, -4.33710E-02, -4.37667E-02, -4.41376E-02, -4.44811E-02, -4.47945E-02, -4.50752E-02, -4.53209E-02, -4.55294E-02, -4.56988E-02, -4.58275E-02, -4.59144E-02, -4.59586E-02, -4.59599E-02, -4.59182E-02, -4.58341E-02, -4.57083E-02, -4.55421E-02, -4.53370E-02, -4.50947E-02, -4.48174E-02, -4.45071E-02, -4.41661E-02, -4.37970E-02, -4.34020E-02, -4.29838E-02, -4.25447E-02, -4.20871E-02, -4.16133E-02, -4.11257E-02, -4.06262E-02, -4.01171E-02, -3.96000E-02, -3.90769E-02, -3.85493E-02, -3.80188E-02,NA,NA,NA,NA,NA,NA,
NA,NA,NA,NA, -2.55848E-02, -2.60558E-02, -2.65374E-02, -2.70292E-02, -2.75310E-02, -2.80424E-02, -2.85631E-02, -2.90927E-02, -2.96304E-02, -3.01759E-02, -3.07283E-02, -3.12871E-02, -3.18514E-02, -3.24204E-02, -3.29933E-02, -3.35693E-02, -3.41475E-02, -3.47271E-02, -3.53071E-02, -3.58869E-02, -3.64655E-02, -3.70424E-02, -3.76167E-02, -3.81877E-02, -3.87549E-02, -3.93175E-02, -3.98748E-02, -4.04260E-02, -4.09701E-02, -4.15061E-02, -4.20326E-02, -4.25482E-02, -4.30510E-02, -4.35391E-02, -4.40099E-02, -4.44610E-02, -4.48896E-02, -4.52925E-02, -4.56668E-02, -4.60093E-02, -4.63171E-02, -4.65872E-02, -4.68171E-02, -4.70044E-02, -4.71474E-02, -4.72446E-02, -4.72950E-02, -4.72983E-02, -4.72546E-02, -4.71643E-02, -4.70284E-02, -4.68484E-02, -4.66261E-02, -4.63635E-02, -4.60629E-02, -4.57269E-02, -4.53581E-02, -4.49593E-02, -4.45331E-02, -4.40825E-02, -4.36101E-02, -4.31187E-02, -4.26107E-02, -4.20886E-02, -4.15549E-02, -4.10116E-02, -4.04609E-02, -3.99046E-02, -3.93445E-02, -3.87822E-02, -3.82192E-02, -3.76569E-02,NA,NA,NA,NA,
NA,NA,NA,NA, -2.58016E-02, -2.62880E-02, -2.67857E-02, -2.72946E-02, -2.78144E-02, -2.83446E-02, -2.88850E-02, -2.94350E-02, -2.99940E-02, -3.05614E-02, -3.11365E-02, -3.17186E-02, -3.23067E-02, -3.29001E-02, -3.34979E-02, -3.40990E-02, -3.47027E-02, -3.53080E-02, -3.59139E-02, -3.65198E-02, -3.71247E-02, -3.77281E-02, -3.83291E-02, -3.89272E-02, -3.95219E-02, -4.01126E-02, -4.06986E-02, -4.12794E-02, -4.18540E-02, -4.24216E-02, -4.29809E-02, -4.35304E-02, -4.40682E-02, -4.45921E-02, -4.50995E-02, -4.55875E-02, -4.60528E-02, -4.64919E-02, -4.69012E-02, -4.72771E-02, -4.76158E-02, -4.79141E-02, -4.81687E-02, -4.83770E-02, -4.85366E-02, -4.86459E-02, -4.87039E-02, -4.87099E-02, -4.86641E-02, -4.85671E-02, -4.84201E-02, -4.82248E-02, -4.79833E-02, -4.76981E-02, -4.73717E-02, -4.70071E-02, -4.66075E-02, -4.61758E-02, -4.57153E-02, -4.52291E-02, -4.47203E-02, -4.41918E-02, -4.36465E-02, -4.30871E-02, -4.25161E-02, -4.19361E-02, -4.13491E-02, -4.07572E-02, -4.01623E-02, -3.95661E-02, -3.89701E-02, -3.83757E-02,NA,NA,NA,NA,
NA,NA,NA, -2.55233E-02, -2.60131E-02, -2.65153E-02, -2.70297E-02, -2.75562E-02, -2.80945E-02, -2.86442E-02, -2.92049E-02, -2.97761E-02, -3.03572E-02, -3.09475E-02, -3.15462E-02, -3.21526E-02, -3.27656E-02, -3.33843E-02, -3.40079E-02, -3.46352E-02, -3.52652E-02, -3.58971E-02, -3.65298E-02, -3.71624E-02, -3.77943E-02, -3.84246E-02, -3.90529E-02, -3.96786E-02, -4.03013E-02, -4.09205E-02, -4.15359E-02, -4.21471E-02, -4.27535E-02, -4.33542E-02, -4.39481E-02, -4.45338E-02, -4.51094E-02, -4.56725E-02, -4.62203E-02, -4.67493E-02, -4.72560E-02, -4.77362E-02, -4.81855E-02, -4.85996E-02, -4.89742E-02, -4.93051E-02, -4.95886E-02, -4.98213E-02, -5.00005E-02, -5.01242E-02, -5.01911E-02, -5.02006E-02, -5.01528E-02, -5.00485E-02, -4.98892E-02, -4.96769E-02, -4.94140E-02, -4.91034E-02, -4.87482E-02, -4.83519E-02, -4.79179E-02, -4.74499E-02, -4.69515E-02, -4.64261E-02, -4.58772E-02, -4.53082E-02, -4.47223E-02, -4.41223E-02, -4.35111E-02, -4.28912E-02, -4.22652E-02, -4.16350E-02, -4.10029E-02, -4.03704E-02, -3.97393E-02, -3.91110E-02, -3.84868E-02,NA,NA,NA,
NA,NA, -2.52220E-02, -2.57136E-02, -2.62185E-02, -2.67369E-02, -2.72684E-02, -2.78130E-02, -2.83704E-02, -2.89403E-02, -2.95221E-02, -3.01153E-02, -3.07194E-02, -3.13335E-02, -3.19568E-02, -3.25884E-02, -3.32273E-02, -3.38725E-02, -3.45229E-02, -3.51773E-02, -3.58347E-02, -3.64939E-02, -3.71540E-02, -3.78141E-02, -3.84734E-02, -3.91311E-02, -3.97869E-02,NA,NA,NA,NA,NA,NA,NA,NA,NA, -4.61712E-02, -4.67772E-02, -4.73696E-02, -4.79447E-02, -4.84981E-02, -4.90251E-02, -4.95204E-02, -4.99788E-02, -5.03950E-02, -5.07640E-02, -5.10813E-02, -5.13427E-02, -5.15450E-02, -5.16858E-02, -5.17635E-02, -5.17774E-02, -5.17277E-02, -5.16154E-02, -5.14423E-02, -5.12108E-02, -5.09239E-02, -5.05849E-02, -5.01975E-02, -4.97657E-02, -4.92936E-02, -4.87852E-02, -4.82447E-02, -4.76762E-02, -4.70833E-02, -4.64700E-02, -4.58396E-02, -4.51954E-02, -4.45406E-02, -4.38778E-02, -4.32096E-02, -4.25385E-02, -4.18664E-02, -4.11953E-02, -4.05269E-02, -3.98626E-02, -3.92037E-02, -3.85513E-02,NA,NA,
NA, -2.48989E-02, -2.53905E-02, -2.58965E-02, -2.64170E-02, -2.69518E-02, -2.75009E-02, -2.80641E-02, -2.86413E-02, -2.92319E-02, -2.98356E-02, -3.04517E-02, -3.10796E-02, -3.17185E-02, -3.23675E-02, -3.30255E-02, -3.36914E-02, -3.43641E-02, -3.50424E-02, -3.57249E-02, -3.64105E-02, -3.70980E-02, -3.77862E-02,NA,NA,NA,NA,NA,NA,NA,NA,NA,NA,NA,NA,NA,NA,NA,NA, -4.91704E-02, -4.97770E-02, -5.03576E-02, -5.09061E-02, -5.14160E-02, -5.18810E-02, -5.22947E-02, -5.26517E-02, -5.29471E-02, -5.31768E-02, -5.33379E-02, -5.34286E-02, -5.34480E-02, -5.33965E-02, -5.32754E-02, -5.30868E-02, -5.28337E-02, -5.25196E-02, -5.21486E-02, -5.17250E-02, -5.12534E-02, -5.07387E-02, -5.01854E-02, -4.95984E-02, -4.89821E-02, -4.83409E-02, -4.76789E-02, -4.70000E-02, -4.63077E-02, -4.56055E-02, -4.48963E-02, -4.41829E-02, -4.34677E-02, -4.27529E-02, -4.20406E-02, -4.13324E-02, -4.06299E-02, -3.99344E-02, -3.92470E-02, -3.85687E-02,NA,
 -2.45552E-02, -2.50453E-02, -2.55506E-02, -2.60712E-02, -2.66074E-02, -2.71590E-02, -2.77261E-02, -2.83085E-02, -2.89060E-02, -2.95181E-02, -3.01444E-02, -3.07843E-02, -3.14371E-02, -3.21018E-02, -3.27775E-02, -3.34630E-02, -3.41571E-02, -3.48585E-02, -3.55658E-02, -3.62775E-02, -3.69922E-02,NA,NA,NA,NA,NA,NA,NA,NA,NA,NA,NA,NA,NA,NA,NA,NA,NA,NA,NA,NA, -5.17316E-02, -5.23420E-02, -5.29123E-02, -5.34345E-02, -5.39012E-02, -5.43054E-02, -5.46411E-02, -5.49034E-02, -5.50887E-02, -5.51950E-02, -5.52213E-02, -5.51681E-02, -5.50371E-02, -5.48309E-02, -5.45533E-02, -5.42084E-02, -5.38011E-02, -5.33366E-02, -5.28204E-02, -5.22578E-02, -5.16545E-02, -5.10157E-02, -5.03466E-02, -4.96521E-02, -4.89368E-02, -4.82048E-02, -4.74603E-02, -4.67067E-02, -4.59473E-02, -4.51851E-02, -4.44226E-02, -4.36623E-02, -4.29060E-02, -4.21557E-02, -4.14127E-02, -4.06786E-02, -3.99542E-02, -3.92407E-02, -3.85388E-02,
 -2.46794E-02, -2.51821E-02, -2.57011E-02, -2.62366E-02, -2.67887E-02, -2.73575E-02, -2.79430E-02, -2.85450E-02, -2.91633E-02, -2.97977E-02, -3.04474E-02, -3.11120E-02, -3.17906E-02, -3.24823E-02, -3.31859E-02, -3.39002E-02, -3.46238E-02, -3.53551E-02, -3.60926E-02,NA,NA,NA,NA,NA,NA,NA,NA,NA,NA,NA,NA,NA,NA,NA,NA,NA,NA,NA,NA,NA,NA,NA,NA, -5.44678E-02, -5.50581E-02, -5.55878E-02, -5.60482E-02, -5.64321E-02, -5.67333E-02, -5.69477E-02, -5.70727E-02, -5.71074E-02, -5.70525E-02, -5.69102E-02, -5.66839E-02, -5.63782E-02, -5.59981E-02, -5.55496E-02, -5.50388E-02, -5.44722E-02, -5.38560E-02, -5.31967E-02, -5.25003E-02, -5.17727E-02, -5.10194E-02, -5.02454E-02, -4.94555E-02, -4.86540E-02, -4.78447E-02, -4.70311E-02, -4.62164E-02, -4.54033E-02, -4.45941E-02, -4.37911E-02, -4.29960E-02, -4.22103E-02, -4.14353E-02, -4.06722E-02, -3.99218E-02, -3.91849E-02,
 -2.47931E-02, -2.53084E-02, -2.58411E-02, -2.63915E-02, -2.69597E-02, -2.75459E-02, -2.81501E-02, -2.87723E-02, -2.94122E-02, -3.00694E-02, -3.07434E-02, -3.14337E-02, -3.21392E-02, -3.28590E-02, -3.35918E-02, -3.43362E-02, -3.50906E-02, -3.58532E-02,NA,NA,NA,NA,NA,NA,NA,NA,NA,NA,NA,NA,NA,NA,NA,NA,NA,NA,NA,NA,NA,NA,NA,NA,NA,NA, -5.67536E-02, -5.73588E-02, -5.78868E-02, -5.83285E-02, -5.86765E-02, -5.89257E-02, -5.90731E-02, -5.91179E-02, -5.90612E-02, -5.89059E-02, -5.86564E-02, -5.83182E-02, -5.78978E-02, -5.74021E-02, -5.68386E-02, -5.62149E-02, -5.55383E-02, -5.48163E-02, -5.40557E-02, -5.32632E-02, -5.24450E-02, -5.16066E-02, -5.07532E-02, -4.98896E-02, -4.90199E-02, -4.81478E-02, -4.72766E-02, -4.64092E-02, -4.55481E-02, -4.46953E-02, -4.38527E-02, -4.30218E-02, -4.22039E-02, -4.14000E-02, -4.06110E-02, -3.98375E-02,
 -2.48951E-02, -2.54229E-02, -2.59693E-02, -2.65346E-02, -2.71191E-02, -2.77230E-02, -2.83463E-02, -2.89890E-02, -2.96510E-02, -3.03318E-02, -3.10310E-02, -3.17479E-02, -3.24815E-02, -3.32306E-02, -3.39940E-02, -3.47700E-02, -3.55567E-02,NA,NA,NA,NA,NA,NA,NA,NA,NA,NA,NA,NA,NA,NA,NA,NA,NA,NA,NA,NA,NA,NA,NA,NA,NA,NA,NA,NA,NA, -5.98286E-02, -6.03400E-02, -6.07443E-02, -6.10352E-02, -6.12095E-02, -6.12663E-02, -6.12075E-02, -6.10369E-02, -6.07602E-02, -6.03843E-02, -5.99171E-02, -5.93673E-02, -5.87436E-02, -5.80550E-02, -5.73103E-02, -5.65178E-02, -5.56855E-02, -5.48209E-02, -5.39309E-02, -5.30217E-02, -5.20990E-02, -5.11678E-02, -5.02326E-02, -4.92974E-02, -4.83655E-02, -4.74400E-02, -4.65233E-02, -4.56177E-02, -4.47248E-02, -4.38463E-02, -4.29833E-02, -4.21367E-02, -4.13073E-02, -4.04957E-02,
 -2.49842E-02, -2.55245E-02, -2.60845E-02, -2.66647E-02, -2.72656E-02, -2.78872E-02, -2.85299E-02, -2.91936E-02, -2.98782E-02, -3.05834E-02, -3.13086E-02, -3.20531E-02, -3.28160E-02, -3.35959E-02, -3.43913E-02, -3.52005E-02,NA,NA,NA,NA,NA,NA,NA,NA,NA,NA,NA,NA,NA,NA,NA,NA,NA,NA,NA,NA,NA,NA,NA,NA,NA,NA,NA,NA,NA,NA,NA, -6.24780E-02, -6.29502E-02, -6.32913E-02, -6.34975E-02, -6.35684E-02, -6.35067E-02, -6.33178E-02, -6.30088E-02, -6.25887E-02, -6.20672E-02, -6.14547E-02, -6.07619E-02, -5.99995E-02, -5.91775E-02, -5.83057E-02, -5.73933E-02, -5.64485E-02, -5.54792E-02, -5.44921E-02, -5.34935E-02, -5.24887E-02, -5.14826E-02, -5.04793E-02, -4.94823E-02, -4.84947E-02, -4.75189E-02, -4.65572E-02, -4.56113E-02, -4.46826E-02, -4.37721E-02, -4.28809E-02, -4.20094E-02, -4.11582E-02,
 -2.50594E-02, -2.56118E-02, -2.61852E-02, -2.67803E-02, -2.73974E-02, -2.80370E-02, -2.86993E-02, -2.93843E-02, -3.00921E-02, -3.08223E-02, -3.15744E-02, -3.23477E-02, -3.31410E-02, -3.39532E-02, -3.47823E-02,NA,NA,NA,NA,NA,NA,NA,NA,NA,NA,NA,NA,NA,NA,NA,NA,NA,NA,NA,NA,NA,NA,NA,NA,NA,NA,NA,NA,NA,NA,NA,NA,NA,NA,NA, -6.59555E-02, -6.60426E-02, -6.59768E-02, -6.57653E-02, -6.54176E-02, -6.49451E-02, -6.43598E-02, -6.36746E-02, -6.29023E-02, -6.20553E-02, -6.11457E-02, -6.01846E-02, -5.91824E-02, -5.81485E-02, -5.70915E-02, -5.60188E-02, -5.49372E-02, -5.38524E-02, -5.27696E-02, -5.16929E-02, -5.06261E-02, -4.95721E-02, -4.85336E-02, -4.75126E-02, -4.65107E-02, -4.55292E-02, -4.45691E-02, -4.36312E-02, -4.27160E-02, -4.18236E-02,
 -2.51193E-02, -2.56834E-02, -2.62700E-02, -2.68797E-02, -2.75131E-02, -2.81706E-02, -2.88526E-02, -2.95593E-02, -3.02907E-02, -3.10466E-02, -3.18264E-02, -3.26295E-02, -3.34548E-02, -3.43007E-02,NA,NA,NA,NA,NA,NA,NA,NA,NA,NA,NA,NA,NA,NA,NA,NA,NA,NA,NA,NA,NA,NA,NA,NA,NA,NA,NA,NA,NA,NA,NA,NA,NA,NA,NA,NA,NA,NA, -6.86384E-02, -6.83986E-02, -6.80040E-02, -6.74688E-02, -6.68084E-02, -6.60383E-02, -6.51739E-02, -6.42301E-02, -6.32208E-02, -6.21588E-02, -6.10561E-02, -5.99230E-02, -5.87690E-02, -5.76023E-02, -5.64300E-02, -5.52584E-02, -5.40926E-02, -5.29371E-02, -5.17955E-02, -5.06709E-02, -4.95658E-02, -4.84820E-02, -4.74212E-02, -4.63844E-02, -4.53725E-02, -4.43861E-02, -4.34254E-02, -4.24905E-02,
 -2.51625E-02, -2.57380E-02, -2.63373E-02, -2.69613E-02, -2.76107E-02, -2.82860E-02, -2.89878E-02, -2.97164E-02, -3.04718E-02, -3.12540E-02, -3.20624E-02, -3.28965E-02, -3.37550E-02,NA,NA,NA,NA,NA,NA,NA,NA,NA,NA,NA,NA,NA,NA,NA,NA,NA,NA,NA,NA,NA,NA,NA,NA,NA,NA,NA,NA,NA,NA,NA,NA,NA,NA,NA,NA,NA,NA,NA,NA,NA, -7.07877E-02, -7.01770E-02, -6.94273E-02, -6.85576E-02, -6.75864E-02, -6.65312E-02, -6.54084E-02, -6.42326E-02, -6.30172E-02, -6.17737E-02, -6.05126E-02, -5.92426E-02, -5.79715E-02, -5.67055E-02, -5.54503E-02, -5.42101E-02, -5.29887E-02, -5.17891E-02, -5.06134E-02, -4.94636E-02, -4.83410E-02, -4.72464E-02, -4.61805E-02, -4.51436E-02, -4.41358E-02, -4.31571E-02,
 -2.51876E-02, -2.57738E-02, -2.63854E-02, -2.70232E-02, -2.76883E-02, -2.83812E-02, -2.91027E-02, -2.98532E-02, -3.06329E-02, -3.14419E-02, -3.22799E-02, -3.31460E-02, -3.40393E-02,NA,NA,NA,NA,NA,NA,NA,NA,NA,NA,NA,NA,NA,NA,NA,NA,NA,NA,NA,NA,NA,NA,NA,NA,NA,NA,NA,NA,NA,NA,NA,NA,NA,NA,NA,NA,NA,NA,NA,NA,NA,NA,NA, -7.22322E-02, -7.12451E-02, -7.01496E-02, -6.89664E-02, -6.77141E-02, -6.64096E-02, -6.50679E-02, -6.37017E-02, -6.23223E-02, -6.09392E-02, -5.95603E-02, -5.81923E-02, -5.68407E-02, -5.55099E-02, -5.42035E-02, -5.29243E-02, -5.16743E-02, -5.04550E-02, -4.92676E-02, -4.81127E-02, -4.69907E-02, -4.59016E-02, -4.48453E-02, -4.38214E-02,
 -2.51931E-02, -2.57893E-02, -2.64124E-02, -2.70635E-02, -2.77437E-02, -2.84539E-02, -2.91948E-02, -2.99672E-02, -3.07714E-02, -3.16077E-02, -3.24758E-02, -3.33751E-02,NA,NA,NA,NA,NA,NA,NA,NA,NA,NA,NA,NA,NA,NA,NA,NA,NA,NA,NA,NA,NA,NA,NA,NA,NA,NA,NA,NA,NA,NA,NA,NA,NA,NA,NA,NA,NA,NA,NA,NA,NA,NA,NA,NA,NA, -7.41141E-02, -7.28736E-02, -7.15426E-02, -7.01427E-02, -6.86928E-02, -6.72096E-02, -6.57072E-02, -6.41975E-02, -6.26905E-02, -6.11945E-02, -5.97163E-02, -5.82613E-02, -5.68338E-02, -5.54371E-02, -5.40737E-02, -5.27454E-02, -5.14534E-02, -5.01985E-02, -4.89809E-02, -4.78008E-02, -4.66579E-02, -4.55517E-02, -4.44816E-02,
 -2.51774E-02, -2.57827E-02, -2.64165E-02, -2.70801E-02, -2.77747E-02, -2.85015E-02, -2.92614E-02, -3.00555E-02, -3.08842E-02, -3.17480E-02, -3.26469E-02, -3.35804E-02,NA,NA,NA,NA,NA,NA,NA,NA,NA,NA,NA,NA,NA,NA,NA,NA,NA,NA,NA,NA,NA,NA,NA,NA,NA,NA,NA,NA,NA,NA,NA,NA,NA,NA,NA,NA,NA,NA,NA,NA,NA,NA,NA,NA,NA,NA, -7.57678E-02, -7.42664E-02, -7.26981E-02, -7.10842E-02, -6.94428E-02, -6.77893E-02, -6.61363E-02, -6.44941E-02, -6.28712E-02, -6.12743E-02, -5.97086E-02, -5.81781E-02, -5.66858E-02, -5.52338E-02, -5.38235E-02, -5.24556E-02, -5.11305E-02, -4.98481E-02, -4.86081E-02, -4.74098E-02, -4.62525E-02, -4.51352E-02,
 -2.51388E-02, -2.57521E-02, -2.63956E-02, -2.70707E-02, -2.77788E-02, -2.85214E-02, -2.92997E-02, -3.01149E-02, -3.09679E-02, -3.18593E-02, -3.27894E-02,NA,NA,NA,NA,NA,NA,NA,NA,NA,NA,NA,NA,NA,NA,NA,NA,NA,NA,NA,NA,NA,NA,NA,NA,NA,NA,NA,NA,NA,NA,NA,NA,NA,NA,NA,NA,NA,NA,NA,NA,NA,NA,NA,NA,NA,NA,NA,NA, -7.71431E-02, -7.53830E-02, -7.35842E-02, -7.17664E-02, -6.99458E-02, -6.81356E-02, -6.63464E-02, -6.45865E-02, -6.28622E-02, -6.11785E-02, -5.95388E-02, -5.79457E-02, -5.64007E-02, -5.49047E-02, -5.34579E-02, -5.20602E-02, -5.07110E-02, -4.94095E-02, -4.81546E-02, -4.69451E-02, -4.57798E-02,
 -2.50756E-02, -2.56958E-02, -2.63476E-02, -2.70329E-02, -2.77534E-02, -2.85107E-02, -2.93064E-02, -3.01420E-02, -3.10187E-02, -3.19376E-02, -3.28991E-02,NA,NA,NA,NA,NA,NA,NA,NA,NA,NA,NA,NA,NA,NA,NA,NA,NA,NA,NA,NA,NA,NA,NA,NA,NA,NA,NA,NA,NA,NA,NA,NA,NA,NA,NA,NA,NA,NA,NA,NA,NA,NA,NA,NA,NA,NA,NA,NA,NA, -7.81981E-02, -7.61915E-02, -7.41775E-02, -7.21729E-02, -7.01911E-02, -6.82425E-02, -6.63350E-02, -6.44747E-02, -6.26656E-02, -6.09108E-02, -5.92119E-02, -5.75698E-02, -5.59848E-02, -5.44564E-02, -5.29838E-02, -5.15661E-02, -5.02017E-02, -4.88891E-02, -4.76267E-02, -4.64128E-02,
 -2.49862E-02, -2.56116E-02, -2.62704E-02, -2.69644E-02, -2.76957E-02, -2.84663E-02, -2.92781E-02, -3.01330E-02, -3.10325E-02, -3.19782E-02, -3.29710E-02,NA,NA,NA,NA,NA,NA,NA,NA,NA,NA,NA,NA,NA,NA,NA,NA,NA,NA,NA,NA,NA,NA,NA,NA,NA,NA,NA,NA,NA,NA,NA,NA,NA,NA,NA,NA,NA,NA,NA,NA,NA,NA,NA,NA,NA,NA,NA,NA,NA,NA, -7.89026E-02, -7.66711E-02, -7.44646E-02, -7.22961E-02, -7.01756E-02, -6.81103E-02, -6.61053E-02, -6.41639E-02, -6.22880E-02, -6.04786E-02, -5.87357E-02, -5.70587E-02, -5.54463E-02, -5.38971E-02, -5.24093E-02, -5.09810E-02, -4.96100E-02, -4.82942E-02, -4.70314E-02,
 -2.48688E-02, -2.54977E-02, -2.61615E-02, -2.68624E-02, -2.76027E-02, -2.83849E-02, -2.92111E-02, -3.00837E-02, -3.10048E-02, -3.19763E-02,NA,NA,NA,NA,NA,NA,NA,NA,NA,NA,NA,NA,NA,NA,NA,NA,NA,NA,NA,NA,NA,NA,NA,NA,NA,NA,NA,NA,NA,NA,NA,NA,NA,NA,NA,NA,NA,NA,NA,NA,NA,NA,NA,NA,NA,NA,NA,NA,NA,NA,NA,NA, -7.92396E-02, -7.68127E-02, -7.44424E-02, -7.21375E-02, -6.99042E-02, -6.77462E-02, -6.56658E-02, -6.36637E-02, -6.17396E-02, -5.98926E-02, -5.81209E-02, -5.64227E-02, -5.47954E-02, -5.32366E-02, -5.17437E-02, -5.03139E-02, -4.89444E-02, -4.76327E-02,
 -2.47215E-02, -2.53519E-02, -2.60187E-02, -2.67243E-02, -2.74715E-02, -2.82630E-02, -2.91015E-02, -2.99898E-02, -3.09306E-02, -3.19264E-02,NA,NA,NA,NA,NA,NA,NA,NA,NA,NA,NA,NA,NA,NA,NA,NA,NA,NA,NA,NA,NA,NA,NA,NA,NA,NA,NA,NA,NA,NA,NA,NA,NA,NA,NA,NA,NA,NA,NA,NA,NA,NA,NA,NA,NA,NA,NA,NA,NA,NA,NA,NA,NA, -7.92064E-02, -7.66192E-02, -7.41179E-02, -7.17069E-02, -6.93884E-02, -6.71630E-02, -6.50299E-02, -6.29876E-02, -6.10337E-02, -5.91655E-02, -5.73800E-02, -5.56737E-02, -5.40433E-02, -5.24855E-02, -5.09968E-02, -4.95739E-02, -4.82135E-02,
 -2.45427E-02, -2.51723E-02, -2.58396E-02, -2.65475E-02, -2.72989E-02, -2.80971E-02, -2.89452E-02, -2.98466E-02, -3.08046E-02, -3.18224E-02,NA,NA,NA,NA,NA,NA,NA,NA,NA,NA,NA,NA,NA,NA,NA,NA,NA,NA,NA,NA,NA,NA,NA,NA,NA,NA,NA,NA,NA,NA,NA,NA,NA,NA,NA,NA,NA,NA,NA,NA,NA,NA,NA,NA,NA,NA,NA,NA,NA,NA,NA,NA,NA, -8.16316E-02, -7.88133E-02, -7.61043E-02, -7.35069E-02, -7.10211E-02, -6.86456E-02, -6.63778E-02, -6.42145E-02, -6.21519E-02, -6.01859E-02, -5.83122E-02, -5.65266E-02, -5.48247E-02, -5.32022E-02, -5.16550E-02, -5.01791E-02, -4.87707E-02,
 -2.43307E-02, -2.49569E-02, -2.56220E-02, -2.63292E-02, -2.70818E-02, -2.78834E-02, -2.87379E-02, -2.96491E-02, -3.06210E-02, -3.16577E-02,NA,NA,NA,NA,NA,NA,NA,NA,NA,NA,NA,NA,NA,NA,NA,NA,NA,NA,NA,NA,NA,NA,NA,NA,NA,NA,NA,NA,NA,NA,NA,NA,NA,NA,NA,NA,NA,NA,NA,NA,NA,NA,NA,NA,NA,NA,NA,NA,NA,NA,NA,NA,NA,NA, -8.10087E-02, -7.80821E-02, -7.52909E-02, -7.26324E-02, -7.01028E-02, -6.76976E-02, -6.54115E-02, -6.32391E-02, -6.11749E-02, -5.92132E-02, -5.73485E-02, -5.55755E-02, -5.38890E-02, -5.22842E-02, -5.07564E-02, -4.93010E-02,
 -2.40840E-02, -2.47038E-02, -2.53635E-02, -2.60666E-02, -2.68168E-02, -2.76182E-02, -2.84752E-02, -2.93921E-02, -3.03739E-02, -3.14254E-02,NA,NA,NA,NA,NA,NA,NA,NA,NA,NA,NA,NA,NA,NA,NA,NA,NA,NA,NA,NA,NA,NA,NA,NA,NA,NA,NA,NA,NA,NA,NA,NA,NA,NA,NA,NA,NA,NA,NA,NA,NA,NA,NA,NA,NA,NA,NA,NA,NA,NA,NA,NA,NA,NA, -8.31866E-02, -8.00345E-02, -7.70437E-02, -7.42086E-02, -7.15226E-02, -6.89786E-02, -6.65692E-02, -6.42871E-02, -6.21250E-02, -6.00760E-02, -5.81334E-02, -5.62905E-02, -5.45415E-02, -5.28804E-02, -5.13019E-02, -4.98010E-02,
 -2.38010E-02, -2.44112E-02, -2.50620E-02, -2.57572E-02, -2.65010E-02, -2.72978E-02, -2.81525E-02, -2.90704E-02, -3.00569E-02, -3.11181E-02,NA,NA,NA,NA,NA,NA,NA,NA,NA,NA,NA,NA,NA,NA,NA,NA,NA,NA,NA,NA,NA,NA,NA,NA,NA,NA,NA,NA,NA,NA,NA,NA,NA,NA,NA,NA,NA,NA,NA,NA,NA,NA,NA,NA,NA,NA,NA,NA,NA,NA,NA,NA,NA,NA,NA, -8.19423E-02, -7.87486E-02, -7.57351E-02, -7.28919E-02, -7.02093E-02, -6.76773E-02, -6.52867E-02, -6.30285E-02, -6.08939E-02, -5.88751E-02, -5.69644E-02, -5.51546E-02, -5.34392E-02, -5.18120E-02, -5.02673E-02,
 -2.34804E-02, -2.40775E-02, -2.47155E-02, -2.53986E-02, -2.61313E-02, -2.69184E-02, -2.77655E-02, -2.86785E-02, -2.96638E-02, -3.07283E-02,NA,NA,NA,NA,NA,NA,NA,NA,NA,NA,NA,NA,NA,NA,NA,NA,NA,NA,NA,NA,NA,NA,NA,NA,NA,NA,NA,NA,NA,NA,NA,NA,NA,NA,NA,NA,NA,NA,NA,NA,NA,NA,NA,NA,NA,NA,NA,NA,NA,NA,NA,NA,NA,NA,NA, -8.37847E-02, -8.03873E-02, -7.71959E-02, -7.41969E-02, -7.13775E-02, -6.87254E-02, -6.62289E-02, -6.38771E-02, -6.16598E-02, -5.95675E-02, -5.75915E-02, -5.57236E-02, -5.39564E-02, -5.22829E-02, -5.06966E-02,
 -2.31213E-02, -2.37013E-02, -2.43223E-02, -2.49886E-02, -2.57049E-02, -2.64767E-02, -2.73100E-02, -2.82114E-02, -2.91882E-02, -3.02482E-02,NA,NA,NA,NA,NA,NA,NA,NA,NA,NA,NA,NA,NA,NA,NA,NA,NA,NA,NA,NA,NA,NA,NA,NA,NA,NA,NA,NA,NA,NA,NA,NA,NA,NA,NA,NA,NA,NA,NA,NA,NA,NA,NA,NA,NA,NA,NA,NA,NA,NA,NA,NA,NA,NA,NA,NA, -8.19403E-02, -7.85741E-02, -7.54230E-02, -7.24709E-02, -6.97025E-02, -6.71041E-02, -6.46626E-02, -6.23663E-02, -6.02043E-02, -5.81665E-02, -5.62437E-02, -5.44277E-02, -5.27107E-02, -5.10856E-02,
 -2.27228E-02, -2.32816E-02, -2.38809E-02, -2.45251E-02, -2.52195E-02, -2.59696E-02, -2.67821E-02, -2.76641E-02, -2.86238E-02, -2.96702E-02,NA,NA,NA,NA,NA,NA,NA,NA,NA,NA,NA,NA,NA,NA,NA,NA,NA,NA,NA,NA,NA,NA,NA,NA,NA,NA,NA,NA,NA,NA,NA,NA,NA,NA,NA,NA,NA,NA,NA,NA,NA,NA,NA,NA,NA,NA,NA,NA,NA,NA,NA,NA,NA,NA,NA,NA, -8.33871E-02, -7.98523E-02, -7.65553E-02, -7.34764E-02, -7.05977E-02, -6.79028E-02, -6.53770E-02, -6.30065E-02, -6.07792E-02, -5.86839E-02, -5.67102E-02, -5.48491E-02, -5.30920E-02, -5.14312E-02,
 -2.22844E-02, -2.28176E-02, -2.33902E-02, -2.40069E-02, -2.46729E-02, -2.53944E-02, -2.61782E-02, -2.70321E-02, -2.79651E-02, -2.89871E-02,NA,NA,NA,NA,NA,NA,NA,NA,NA,NA,NA,NA,NA,NA,NA,NA,NA,NA,NA,NA,NA,NA,NA,NA,NA,NA,NA,NA,NA,NA,NA,NA,NA,NA,NA,NA,NA,NA,NA,NA,NA,NA,NA,NA,NA,NA,NA,NA,NA,NA,NA,NA,NA,NA,NA,NA, -8.47069E-02, -8.10130E-02, -7.75788E-02, -7.43814E-02, -7.14000E-02, -6.86158E-02, -6.60120E-02, -6.35735E-02, -6.12864E-02, -5.91385E-02, -5.71186E-02, -5.52166E-02, -5.34232E-02, -5.17304E-02,
 -2.18061E-02, -2.23091E-02, -2.28497E-02, -2.34328E-02, -2.40638E-02, -2.47490E-02, -2.54955E-02, -2.63116E-02, -2.72069E-02, -2.81922E-02,NA,NA,NA,NA,NA,NA,NA,NA,NA,NA,NA,NA,NA,NA,NA,NA,NA,NA,NA,NA,NA,NA,NA,NA,NA,NA,NA,NA,NA,NA,NA,NA,NA,NA,NA,NA,NA,NA,NA,NA,NA,NA,NA,NA,NA,NA,NA,NA,NA,NA,NA,NA,NA,NA,NA,NA,NA, -8.20387E-02, -7.84790E-02, -7.51736E-02, -7.20989E-02, -6.92340E-02, -6.65602E-02, -6.40606E-02, -6.17202E-02, -5.95256E-02, -5.74646E-02, -5.55265E-02, -5.37013E-02, -5.19803E-02,
 -2.12882E-02, -2.17560E-02, -2.22593E-02, -2.28026E-02, -2.33914E-02, -2.40320E-02, -2.47319E-02, -2.54996E-02, -2.63451E-02, -2.72799E-02,NA,NA,NA,NA,NA,NA,NA,NA,NA,NA,NA,NA,NA,NA,NA,NA,NA,NA,NA,NA,NA,NA,NA,NA,NA,NA,NA,NA,NA,NA,NA,NA,NA,NA,NA,NA,NA,NA,NA,NA,NA,NA,NA,NA,NA,NA,NA,NA,NA,NA,NA,NA,NA,NA,NA,NA,NA, -8.29130E-02, -7.92419E-02, -7.58412E-02, -7.26846E-02, -6.97492E-02, -6.70143E-02, -6.44617E-02, -6.20753E-02, -5.98405E-02, -5.77445E-02, -5.57755E-02, -5.39233E-02, -5.21784E-02,
 -2.07315E-02, -2.11593E-02, -2.16195E-02, -2.21164E-02, -2.26556E-02, -2.32431E-02, -2.38865E-02, -2.45943E-02, -2.53767E-02, -2.62458E-02, -2.72157E-02,NA,NA,NA,NA,NA,NA,NA,NA,NA,NA,NA,NA,NA,NA,NA,NA,NA,NA,NA,NA,NA,NA,NA,NA,NA,NA,NA,NA,NA,NA,NA,NA,NA,NA,NA,NA,NA,NA,NA,NA,NA,NA,NA,NA,NA,NA,NA,NA,NA,NA,NA,NA,NA,NA,NA,NA, -8.36204E-02, -7.98548E-02, -7.63735E-02, -7.31481E-02, -7.01536E-02, -6.73679E-02, -6.47714E-02, -6.23471E-02, -6.00793E-02, -5.79546E-02, -5.59607E-02, -5.40866E-02, -5.23226E-02,
 -2.01372E-02, -2.05201E-02, -2.09315E-02, -2.13755E-02, -2.18573E-02, -2.23828E-02, -2.29592E-02, -2.35950E-02, -2.43004E-02, -2.50874E-02, -2.59705E-02,NA,NA,NA,NA,NA,NA,NA,NA,NA,NA,NA,NA,NA,NA,NA,NA,NA,NA,NA,NA,NA,NA,NA,NA,NA,NA,NA,NA,NA,NA,NA,NA,NA,NA,NA,NA,NA,NA,NA,NA,NA,NA,NA,NA,NA,NA,NA,NA,NA,NA,NA,NA,NA,NA,NA,NA, -8.41476E-02, -8.03065E-02, -7.67613E-02, -7.34816E-02, -7.04407E-02, -6.76154E-02, -6.49851E-02, -6.25315E-02, -6.02387E-02, -5.80923E-02, -5.60795E-02, -5.41891E-02, -5.24109E-02,
 -1.95074E-02, -1.98405E-02, -2.01973E-02, -2.05817E-02, -2.09984E-02, -2.14528E-02, -2.19516E-02, -2.25029E-02, -2.31164E-02, -2.38040E-02, -2.45799E-02,NA,NA,NA,NA,NA,NA,NA,NA,NA,NA,NA,NA,NA,NA,NA,NA,NA,NA,NA,NA,NA,NA,NA,NA,NA,NA,NA,NA,NA,NA,NA,NA,NA,NA,NA,NA,NA,NA,NA,NA,NA,NA,NA,NA,NA,NA,NA,NA,NA,NA,NA,NA,NA,NA,NA,NA, -8.44833E-02, -8.05877E-02, -7.69968E-02, -7.36786E-02, -7.06053E-02, -6.77525E-02, -6.50988E-02, -6.26255E-02, -6.03158E-02, -5.81550E-02, -5.61300E-02, -5.42291E-02, -5.24420E-02,
 -1.88444E-02, -1.91229E-02, -1.94197E-02, -1.97380E-02, -2.00819E-02, -2.04561E-02, -2.08666E-02, -2.13206E-02, -2.18272E-02, -2.23974E-02, -2.30447E-02, -2.37859E-02,NA,NA,NA,NA,NA,NA,NA,NA,NA,NA,NA,NA,NA,NA,NA,NA,NA,NA,NA,NA,NA,NA,NA,NA,NA,NA,NA,NA,NA,NA,NA,NA,NA,NA,NA,NA,NA,NA,NA,NA,NA,NA,NA,NA,NA,NA,NA,NA,NA,NA,NA,NA,NA,NA,NA, -8.46188E-02, -8.06913E-02, -7.70741E-02, -7.37343E-02, -7.06431E-02, -6.77756E-02, -6.51099E-02, -6.26265E-02, -6.03086E-02, -5.81411E-02, -5.61107E-02, -5.42054E-02, -5.24146E-02,
 -1.81513E-02, -1.83707E-02, -1.86022E-02, -1.88483E-02, -1.91119E-02, -1.93971E-02, -1.97088E-02, -2.00530E-02, -2.04376E-02, -2.08722E-02, -2.13690E-02, -2.19434E-02, -2.26148E-02,NA,NA,NA,NA,NA,NA,NA,NA,NA,NA,NA,NA,NA,NA,NA,NA,NA,NA,NA,NA,NA,NA,NA,NA,NA,NA,NA,NA,NA,NA,NA,NA,NA,NA,NA,NA,NA,NA,NA,NA,NA,NA,NA,NA,NA,NA,NA,NA,NA,NA,NA,NA,NA,NA, -8.45487E-02, -8.06129E-02, -7.69897E-02, -7.36457E-02, -7.05518E-02, -6.76828E-02, -6.50164E-02, -6.25332E-02, -6.02160E-02, -5.80496E-02, -5.60207E-02, -5.41172E-02, -5.23284E-02,
 -1.74316E-02, -1.75880E-02, -1.77493E-02, -1.79172E-02, -1.80938E-02, -1.82817E-02, -1.84845E-02, -1.87068E-02, -1.89547E-02, -1.92359E-02, -1.95606E-02, -1.99418E-02,NA,NA,NA,NA,NA,NA,NA,NA,NA,NA,NA,NA,NA,NA,NA,NA,NA,NA,NA,NA,NA,NA,NA,NA,NA,NA,NA,NA,NA,NA,NA,NA,NA,NA,NA,NA,NA,NA,NA,NA,NA,NA,NA,NA,NA,NA,NA,NA,NA,NA,NA,NA,NA,NA,NA, -8.42706E-02, -8.03505E-02, -7.67419E-02, -7.34115E-02, -7.03303E-02, -6.74731E-02, -6.48179E-02, -6.23450E-02, -6.00375E-02, -5.78803E-02, -5.58598E-02, -5.39643E-02, -5.21830E-02,
 -1.66896E-02, -1.67792E-02, -1.68662E-02, -1.69508E-02, -1.70340E-02, -1.71170E-02, -1.72018E-02, -1.72910E-02, -1.73884E-02, -1.74994E-02, -1.76311E-02, -1.77934E-02,NA,NA,NA,NA,NA,NA,NA,NA,NA,NA,NA,NA,NA,NA,NA,NA,NA,NA,NA,NA,NA,NA,NA,NA,NA,NA,NA,NA,NA,NA,NA,NA,NA,NA,NA,NA,NA,NA,NA,NA,NA,NA,NA,NA,NA,NA,NA,NA,NA,NA,NA,NA,NA,NA,NA, -8.37855E-02, -7.99050E-02, -7.63315E-02, -7.30324E-02, -6.99793E-02, -6.71473E-02, -6.45147E-02, -6.20625E-02, -5.97736E-02, -5.76334E-02, -5.56285E-02, -5.37472E-02, -5.19789E-02,
 -1.59298E-02, -1.59498E-02, -1.59587E-02, -1.59557E-02, -1.59402E-02, -1.59118E-02, -1.58704E-02, -1.58165E-02, -1.57512E-02, -1.56765E-02, -1.55961E-02,NA,NA,NA,NA,NA,NA,NA,NA,NA,NA,NA,NA,NA,NA,NA,NA,NA,NA,NA,NA,NA,NA,NA,NA,NA,NA,NA,NA,NA,NA,NA,NA,NA,NA,NA,NA,NA,NA,NA,NA,NA,NA,NA,NA,NA,NA,NA,NA,NA,NA,NA,NA,NA,NA,NA,NA, -8.30977E-02, -7.92800E-02, -7.57616E-02, -7.25111E-02, -6.95010E-02, -6.67072E-02, -6.41087E-02, -6.16870E-02, -5.94257E-02, -5.73102E-02, -5.53276E-02, -5.34666E-02, -5.17169E-02,
 -1.51575E-02, -1.51056E-02, -1.50337E-02, -1.49396E-02, -1.48211E-02, -1.46760E-02, -1.45019E-02, -1.42966E-02, -1.40581E-02, -1.37846E-02, -1.34753E-02,NA,NA,NA,NA,NA,NA,NA,NA,NA,NA,NA,NA,NA,NA,NA,NA,NA,NA,NA,NA,NA,NA,NA,NA,NA,NA,NA,NA,NA,NA,NA,NA,NA,NA,NA,NA,NA,NA,NA,NA,NA,NA,NA,NA,NA,NA,NA,NA,NA,NA,NA,NA,NA,NA,NA,NA, -8.22145E-02, -7.84817E-02, -7.50374E-02, -7.18519E-02, -6.88991E-02, -6.61561E-02, -6.36026E-02, -6.12211E-02, -5.89957E-02, -5.69124E-02, -5.49589E-02, -5.31242E-02, -5.13981E-02,
 -1.43782E-02, -1.42529E-02, -1.40984E-02, -1.39108E-02, -1.36865E-02, -1.34208E-02, -1.31092E-02, -1.27463E-02, -1.23265E-02, -1.18439E-02, -1.12924E-02,NA,NA,NA,NA,NA,NA,NA,NA,NA,NA,NA,NA,NA,NA,NA,NA,NA,NA,NA,NA,NA,NA,NA,NA,NA,NA,NA,NA,NA,NA,NA,NA,NA,NA,NA,NA,NA,NA,NA,NA,NA,NA,NA,NA,NA,NA,NA,NA,NA,NA,NA,NA,NA,NA,NA,NA, -8.11462E-02, -7.75186E-02, -7.41662E-02, -7.10611E-02, -6.81790E-02, -6.54984E-02, -6.30003E-02, -6.06680E-02, -5.84865E-02, -5.64427E-02, -5.45246E-02, -5.27216E-02, -5.10244E-02,
 -1.35977E-02, -1.33985E-02, -1.31605E-02, -1.28784E-02, -1.25466E-02, -1.21584E-02, -1.17065E-02, -1.11822E-02, -1.05761E-02, -9.87752E-03,NA,NA,NA,NA,NA,NA,NA,NA,NA,NA,NA,NA,NA,NA,NA,NA,NA,NA,NA,NA,NA,NA,NA,NA,NA,NA,NA,NA,NA,NA,NA,NA,NA,NA,NA,NA,NA,NA,NA,NA,NA,NA,NA,NA,NA,NA,NA,NA,NA,NA,NA,NA,NA,NA,NA,NA,NA, -7.99056E-02, -7.64016E-02, -7.31569E-02, -7.01461E-02, -6.73470E-02, -6.47397E-02, -6.23065E-02, -6.00319E-02, -5.79019E-02, -5.59040E-02, -5.40272E-02, -5.22615E-02, -5.05978E-02,
 -1.28221E-02, -1.25493E-02, -1.22281E-02, -1.18518E-02, -1.14126E-02, -1.09017E-02, -1.03089E-02, -9.62219E-03, -8.82803E-03, -7.91058E-03,NA,NA,NA,NA,NA,NA,NA,NA,NA,NA,NA,NA,NA,NA,NA,NA,NA,NA,NA,NA,NA,NA,NA,NA,NA,NA,NA,NA,NA,NA,NA,NA,NA,NA,NA,NA,NA,NA,NA,NA,NA,NA,NA,NA,NA,NA,NA,NA,NA,NA,NA,NA,NA,NA,NA,NA,NA, -7.85077E-02, -7.51431E-02, -7.20201E-02, -6.91161E-02, -6.64109E-02, -6.38865E-02, -6.15269E-02, -5.93176E-02, -5.72459E-02, -5.53002E-02, -5.34702E-02, -5.17465E-02, -5.01208E-02,
 -1.20575E-02, -1.17125E-02, -1.13096E-02, -1.08406E-02, -1.02957E-02, -9.66396E-03, -8.93215E-03, -8.08502E-03, -7.10463E-03, -5.96990E-03,NA,NA,NA,NA,NA,NA,NA,NA,NA,NA,NA,NA,NA,NA,NA,NA,NA,NA,NA,NA,NA,NA,NA,NA,NA,NA,NA,NA,NA,NA,NA,NA,NA,NA,NA,NA,NA,NA,NA,NA,NA,NA,NA,NA,NA,NA,NA,NA,NA,NA,NA,NA,NA,NA,NA,NA, -8.04253E-02, -7.69688E-02, -7.37570E-02, -7.07677E-02, -6.79811E-02, -6.53793E-02, -6.29464E-02, -6.06678E-02, -5.85307E-02, -5.65234E-02, -5.46353E-02, -5.28570E-02, -5.11799E-02, -4.95961E-02,
 -1.13100E-02, -1.08950E-02, -1.04131E-02, -9.85434E-03, -9.20732E-03, -8.45856E-03, -7.59224E-03, -6.58968E-03, -5.42870E-03, -4.08299E-03,NA,NA,NA,NA,NA,NA,NA,NA,NA,NA,NA,NA,NA,NA,NA,NA,NA,NA,NA,NA,NA,NA,NA,NA,NA,NA,NA,NA,NA,NA,NA,NA,NA,NA,NA,NA,NA,NA,NA,NA,NA,NA,NA,NA,NA,NA,NA,NA,NA,NA,NA,NA,NA,NA,NA,NA, -7.85763E-02, -7.53067E-02, -7.22583E-02, -6.94124E-02, -6.67519E-02, -6.42615E-02, -6.19272E-02, -5.97363E-02, -5.76772E-02, -5.57396E-02, -5.39140E-02, -5.21918E-02, -5.05652E-02, -4.90270E-02,
 -1.05854E-02, -1.01038E-02, -9.54659E-03, -8.90254E-03, -8.15842E-03, -7.29864E-03, -6.30475E-03, -5.15486E-03, -3.82279E-03, -2.27718E-03,NA,NA,NA,NA,NA,NA,NA,NA,NA,NA,NA,NA,NA,NA,NA,NA,NA,NA,NA,NA,NA,NA,NA,NA,NA,NA,NA,NA,NA,NA,NA,NA,NA,NA,NA,NA,NA,NA,NA,NA,NA,NA,NA,NA,NA,NA,NA,NA,NA,NA,NA,NA,NA,NA,NA,NA, -7.66138E-02, -7.35397E-02, -7.06627E-02, -6.79676E-02, -6.54401E-02, -6.30675E-02, -6.08376E-02, -5.87397E-02, -5.67636E-02, -5.49002E-02, -5.31412E-02, -5.14789E-02, -4.99062E-02, -4.84168E-02,
 -9.88942E-03, -9.34531E-03, -8.71772E-03, -7.99406E-03, -7.15954E-03, -6.19662E-03, -5.08451E-03, -3.79837E-03, -2.30839E-03, -5.78649E-04,NA,NA,NA,NA,NA,NA,NA,NA,NA,NA,NA,NA,NA,NA,NA,NA,NA,NA,NA,NA,NA,NA,NA,NA,NA,NA,NA,NA,NA,NA,NA,NA,NA,NA,NA,NA,NA,NA,NA,NA,NA,NA,NA,NA,NA,NA,NA,NA,NA,NA,NA,NA,NA,NA,NA, -7.76186E-02, -7.45597E-02, -7.16863E-02, -6.89860E-02, -6.64468E-02, -6.40574E-02, -6.18073E-02, -5.96864E-02, -5.76856E-02, -5.57965E-02, -5.40110E-02, -5.23220E-02, -5.07227E-02, -4.92069E-02, -4.77690E-02,
 -9.22718E-03, -8.62558E-03, -7.93346E-03, -7.13709E-03, -6.22031E-03, -5.16393E-03, -3.94510E-03, -2.53650E-03, -9.05188E-04,NA,NA,NA,NA,NA,NA,NA,NA,NA,NA,NA,NA,NA,NA,NA,NA,NA,NA,NA,NA,NA,NA,NA,NA,NA,NA,NA,NA,NA,NA,NA,NA,NA,NA,NA,NA,NA,NA,NA,NA,NA,NA,NA,NA,NA,NA,NA,NA,NA,NA,NA,NA,NA,NA,NA,NA, -7.52636E-02, -7.24350E-02, -6.97648E-02, -6.72440E-02, -6.48639E-02, -6.26157E-02, -6.04913E-02, -5.84826E-02, -5.65821E-02, -5.47828E-02, -5.30781E-02, -5.14618E-02, -4.99280E-02, -4.84715E-02, -4.70872E-02,
 -8.60334E-03, -7.94997E-03, -7.20003E-03, -6.33890E-03, -5.34926E-03, -4.21060E-03, -2.89846E-03, -1.38349E-03,  3.69668E-04,  2.40393E-03,NA,NA,NA,NA,NA,NA,NA,NA,NA,NA,NA,NA,NA,NA,NA,NA,NA,NA,NA,NA,NA,NA,NA,NA,NA,NA,NA,NA,NA,NA,NA,NA,NA,NA,NA,NA,NA,NA,NA,NA,NA,NA,NA,NA,NA,NA,NA,NA,NA,NA,NA,NA,NA,NA, -7.55969E-02, -7.28600E-02, -7.02603E-02, -6.77928E-02, -6.54521E-02, -6.32321E-02, -6.11267E-02, -5.91297E-02, -5.72351E-02, -5.54369E-02, -5.37295E-02, -5.21075E-02, -5.05658E-02, -4.90996E-02, -4.77042E-02, -4.63753E-02,
 -8.02191E-03, -7.32308E-03, -6.52277E-03, -5.60562E-03, -4.55354E-03, -3.34503E-03, -1.95445E-03, -3.51064E-04,  1.50219E-03,  3.65031E-03,NA,NA,NA,NA,NA,NA,NA,NA,NA,NA,NA,NA,NA,NA,NA,NA,NA,NA,NA,NA,NA,NA,NA,NA,NA,NA,NA,NA,NA,NA,NA,NA,NA,NA,NA,NA,NA,NA,NA,NA,NA,NA,NA,NA,NA,NA,NA,NA,NA,NA,NA,NA,NA,NA, -7.29140E-02, -7.04297E-02, -6.80547E-02, -6.57874E-02, -6.36252E-02, -6.15646E-02, -5.96018E-02, -5.77326E-02, -5.59527E-02, -5.42578E-02, -5.26434E-02, -5.11054E-02, -4.96397E-02, -4.82422E-02, -4.69092E-02, -4.56370E-02,
 -7.48623E-03, -6.74870E-03, -5.90595E-03, -4.94220E-03, -3.83882E-03, -2.57373E-03, -1.12064E-03,  5.51957E-04,  2.48201E-03,  4.71555E-03,NA,NA,NA,NA,NA,NA,NA,NA,NA,NA,NA,NA,NA,NA,NA,NA,NA,NA,NA,NA,NA,NA,NA,NA,NA,NA,NA,NA,NA,NA,NA,NA,NA,NA,NA,NA,NA,NA,NA,NA,NA,NA,NA,NA,NA,NA,NA,NA,NA,NA,NA,NA,NA, -7.25538E-02, -7.02332E-02, -6.79930E-02, -6.58362E-02, -6.37643E-02, -6.17771E-02, -5.98735E-02, -5.80519E-02, -5.63096E-02, -5.46441E-02, -5.30524E-02, -5.15313E-02, -5.00777E-02, -4.86885E-02, -4.73605E-02, -4.60907E-02, -4.48762E-02,
 -6.99884E-03, -6.22968E-03, -5.35279E-03, -4.35220E-03, -3.20909E-03, -1.90122E-03, -4.02107E-04,  1.31986E-03,  3.30268E-03,  5.59235E-03,NA,NA,NA,NA,NA,NA,NA,NA,NA,NA,NA,NA,NA,NA,NA,NA,NA,NA,NA,NA,NA,NA,NA,NA,NA,NA,NA,NA,NA,NA,NA,NA,NA,NA,NA,NA,NA,NA,NA,NA,NA,NA,NA,NA,NA,NA,NA,NA,NA,NA,NA,NA,NA, -6.96362E-02, -6.75749E-02, -6.55679E-02, -6.36209E-02, -6.17378E-02, -5.99207E-02, -5.81705E-02, -5.64872E-02, -5.48699E-02, -5.33174E-02, -5.18280E-02, -5.03996E-02, -4.90303E-02, -4.77176E-02, -4.64593E-02, -4.52531E-02, -4.40966E-02,
 -6.56153E-03, -5.76793E-03, -4.86534E-03, -3.83782E-03, -2.66671E-03, -1.32993E-03,  1.98627E-04,  1.95009E-03,  3.96174E-03,  6.27846E-03,NA,NA,NA,NA,NA,NA,NA,NA,NA,NA,NA,NA,NA,NA,NA,NA,NA,NA,NA,NA,NA,NA,NA,NA,NA,NA,NA,NA,NA,NA,NA,NA,NA,NA,NA,NA,NA,NA,NA,NA,NA,NA,NA,NA,NA,NA,NA,NA,NA,NA,NA,NA, -6.86119E-02, -6.67740E-02, -6.49566E-02, -6.31704E-02, -6.14234E-02, -5.97212E-02, -5.80679E-02, -5.64661E-02, -5.49172E-02, -5.34219E-02, -5.19802E-02, -5.05914E-02, -4.92546E-02, -4.79686E-02, -4.67320E-02, -4.55431E-02, -4.44002E-02, -4.33018E-02,
 -6.17529E-03, -5.36445E-03, -4.44453E-03, -3.39991E-03, -2.21233E-03, -8.60290E-04,  6.81543E-04,  2.44323E-03,  4.46058E-03,  6.77649E-03,NA,NA,NA,NA,NA,NA,NA,NA,NA,NA,NA,NA,NA,NA,NA,NA,NA,NA,NA,NA,NA,NA,NA,NA,NA,NA,NA,NA,NA,NA,NA,NA,NA,NA,NA,NA,NA,NA,NA,NA,NA,NA,NA,NA,NA,NA,NA,NA,NA,NA,NA, -6.71439E-02, -6.55721E-02, -6.39833E-02, -6.23933E-02, -6.08145E-02, -5.92562E-02, -5.77260E-02, -5.62292E-02, -5.47699E-02, -5.33507E-02, -5.19736E-02, -5.06396E-02, -4.93491E-02, -4.81020E-02, -4.68980E-02, -4.57363E-02, -4.46160E-02, -4.35361E-02, -4.24953E-02,
 -5.84035E-03, -5.01929E-03, -4.09020E-03, -3.03798E-03, -1.84504E-03, -4.90785E-04,  1.04896E-03,  2.80269E-03,  4.80414E-03,  7.09347E-03,  9.71866E-03,NA,NA,NA,NA,NA,NA,NA,NA,NA,NA,NA,NA,NA,NA,NA,NA,NA,NA,NA,NA,NA,NA,NA,NA,NA,NA,NA,NA,NA,NA,NA,NA,NA,NA,NA,NA,NA,NA,NA,NA,NA,NA,NA,NA,NA,NA,NA,NA,NA, -6.52282E-02, -6.39611E-02, -6.26372E-02, -6.12771E-02, -5.98974E-02, -5.85116E-02, -5.71304E-02, -5.57623E-02, -5.44140E-02, -5.30904E-02, -5.17956E-02, -5.05322E-02, -4.93023E-02, -4.81071E-02, -4.69473E-02, -4.58234E-02, -4.47351E-02, -4.36823E-02, -4.26644E-02, -4.16806E-02,
 -5.55622E-03, -4.73166E-03, -3.80118E-03, -2.75036E-03, -1.56250E-03, -2.18177E-04,  1.30528E-03,  3.03443E-03,  5.00046E-03,  7.24018E-03,  9.79718E-03,NA,NA,NA,NA,NA,NA,NA,NA,NA,NA,NA,NA,NA,NA,NA,NA,NA,NA,NA,NA,NA,NA,NA,NA,NA,NA,NA,NA,NA,NA,NA,NA,NA,NA,NA,NA,NA,NA,NA,NA,NA,NA,NA,NA,NA,NA,NA,NA, -6.28748E-02, -6.19450E-02, -6.09176E-02, -5.98175E-02, -5.86656E-02, -5.74789E-02, -5.62716E-02, -5.50551E-02, -5.38388E-02, -5.26303E-02, -5.14354E-02, -5.02588E-02, -4.91041E-02, -4.79741E-02, -4.68708E-02, -4.57956E-02, -4.47493E-02, -4.37327E-02, -4.27458E-02, -4.17886E-02, -4.08608E-02,
 -5.32173E-03, -4.50001E-03, -3.57538E-03, -2.53427E-03, -1.36108E-03, -3.77259E-05,  1.45670E-03,  3.14652E-03,  5.06005E-03,  7.23038E-03,  9.69624E-03,  1.25031E-02,NA,NA,NA,NA,NA,NA,NA,NA,NA,NA,NA,NA,NA,NA,NA,NA,NA,NA,NA,NA,NA,NA,NA,NA,NA,NA,NA,NA,NA,NA,NA,NA,NA,NA,NA,NA,NA,NA,NA,NA,NA,NA,NA,NA,NA,NA, -6.01085E-02, -5.95405E-02, -5.88348E-02, -5.80199E-02, -5.71203E-02, -5.61564E-02, -5.51455E-02, -5.41020E-02, -5.30378E-02, -5.19628E-02, -5.08850E-02, -4.98111E-02, -4.87463E-02, -4.76950E-02, -4.66604E-02, -4.56451E-02, -4.46512E-02, -4.36801E-02, -4.27328E-02, -4.18099E-02, -4.09120E-02, -4.00390E-02,
 -5.13513E-03, -4.32207E-03, -3.40991E-03, -2.38605E-03, -1.23609E-03,  5.65367E-05,  1.51083E-03,  3.14868E-03,  4.99533E-03,  7.07996E-03,  9.43628E-03,  1.21033E-02,NA,NA,NA,NA,NA,NA,NA,NA,NA,NA,NA,NA,NA,NA,NA,NA,NA,NA,NA,NA,NA,NA,NA,NA,NA,NA,NA,NA,NA,NA,NA,NA,NA,NA,NA,NA,NA,NA,NA,NA,NA,NA,NA,NA,NA, -5.69693E-02, -5.67778E-02, -5.64108E-02, -5.58996E-02, -5.52716E-02, -5.45501E-02, -5.37549E-02, -5.29030E-02, -5.20089E-02, -5.10845E-02, -5.01400E-02, -4.91839E-02, -4.82232E-02, -4.72635E-02, -4.63098E-02, -4.53657E-02, -4.44345E-02, -4.35184E-02, -4.26194E-02, -4.17389E-02, -4.08781E-02, -4.00376E-02, -3.92179E-02,
 -4.99417E-03, -4.19502E-03, -3.30125E-03, -2.30128E-03, -1.18201E-03,  7.15164E-05,  1.47630E-03,  3.05173E-03,  4.81993E-03,  6.80612E-03,  9.03903E-03,  1.15514E-02,  1.43803E-02,NA,NA,NA,NA,NA,NA,NA,NA,NA,NA,NA,NA,NA,NA,NA,NA,NA,NA,NA,NA,NA,NA,NA,NA,NA,NA,NA,NA,NA,NA,NA,NA,NA,NA,NA,NA,NA,NA,NA,NA,NA,NA,NA, -5.35110E-02, -5.36997E-02, -5.36791E-02, -5.34825E-02, -5.31389E-02, -5.26738E-02, -5.21092E-02, -5.14643E-02, -5.07553E-02, -4.99965E-02, -4.91997E-02, -4.83752E-02, -4.75316E-02, -4.66761E-02, -4.58148E-02, -4.49528E-02, -4.40943E-02, -4.32426E-02, -4.24007E-02, -4.15706E-02, -4.07543E-02, -3.99531E-02, -3.91682E-02, -3.84001E-02,
 -4.89616E-03, -4.11558E-03, -3.24534E-03, -2.27498E-03, -1.19271E-03,  1.47688E-05,  1.36245E-03,  2.86723E-03,  4.54814E-03,  6.42656E-03,  8.52648E-03,  1.08747E-02,  1.35009E-02,NA,NA,NA,NA,NA,NA,NA,NA,NA,NA,NA,NA,NA,NA,NA,NA,NA,NA,NA,NA,NA,NA,NA,NA,NA,NA,NA,NA,NA,NA,NA,NA,NA,NA,NA,NA,NA,NA,NA,NA,NA, -4.89651E-02, -4.98002E-02, -5.03607E-02, -5.06841E-02, -5.08040E-02, -5.07503E-02, -5.05496E-02, -5.02254E-02, -4.97982E-02, -4.92861E-02, -4.87047E-02, -4.80677E-02, -4.73867E-02, -4.66718E-02, -4.59316E-02, -4.51735E-02, -4.44038E-02, -4.36276E-02, -4.28494E-02, -4.20729E-02, -4.13012E-02, -4.05368E-02, -3.97818E-02, -3.90379E-02, -3.83062E-02, -3.75881E-02,
 -4.83812E-03, -4.08011E-03, -3.23779E-03, -2.30180E-03, -1.26168E-03, -1.05776E-04,  1.17894E-03,  2.60695E-03,  4.19433E-03,  5.95887E-03,  7.92013E-03,  1.00995E-02,  1.25201E-02,  1.52067E-02,NA,NA,NA,NA,NA,NA,NA,NA,NA,NA,NA,NA,NA,NA,NA,NA,NA,NA,NA,NA,NA,NA,NA,NA,NA,NA,NA,NA,NA,NA,NA,NA,NA,NA,NA,NA,NA,NA, -4.31687E-02, -4.47066E-02, -4.59126E-02, -4.68251E-02, -4.74797E-02, -4.79089E-02, -4.81425E-02, -4.82072E-02, -4.81271E-02, -4.79236E-02, -4.76157E-02, -4.72202E-02, -4.67520E-02, -4.62240E-02, -4.56475E-02, -4.50322E-02, -4.43867E-02, -4.37183E-02, -4.30333E-02, -4.23370E-02, -4.16340E-02, -4.09282E-02, -4.02228E-02, -3.95206E-02, -3.88239E-02, -3.81346E-02, -3.74541E-02, -3.67838E-02,
 -4.81681E-03, -4.08473E-03, -3.27393E-03, -2.37614E-03, -1.38222E-03, -2.82060E-04,  9.35458E-04,  2.28254E-03,  3.77253E-03,  5.41991E-03,  7.24026E-03,  9.25020E-03,  1.14671E-02,  1.39089E-02,  1.65933E-02,NA,NA,NA,NA,NA,NA,NA,NA,NA,NA,NA,NA,NA,NA,NA,NA,NA,NA,NA,NA,NA,NA,NA,NA,NA,NA,NA,NA,NA,NA,NA,NA,NA,NA,NA, -3.62768E-02, -3.85217E-02, -4.03947E-02, -4.19308E-02, -4.31641E-02, -4.41268E-02, -4.48491E-02, -4.53593E-02, -4.56833E-02, -4.58448E-02, -4.58653E-02, -4.57643E-02, -4.55591E-02, -4.52654E-02, -4.48970E-02, -4.44660E-02, -4.39832E-02, -4.34581E-02, -4.28988E-02, -4.23126E-02, -4.17056E-02, -4.10834E-02, -4.04504E-02, -3.98107E-02, -3.91677E-02, -3.85242E-02, -3.78828E-02, -3.72453E-02, -3.66137E-02, -3.59892E-02,
 -4.82888E-03, -4.12545E-03, -3.34903E-03, -2.49238E-03, -1.54761E-03, -5.06115E-04,  6.41470E-04,  1.90525E-03,  3.29608E-03,  4.82547E-03,  6.50552E-03,  8.34873E-03,  1.03677E-02,  1.25745E-02,  1.49806E-02,  1.75954E-02,NA,NA,NA,NA,NA,NA,NA,NA,NA,NA,NA,NA,NA,NA,NA,NA,NA,NA,NA,NA,NA,NA,NA,NA,NA,NA,NA,NA,NA,NA,NA, -2.52919E-02, -2.85877E-02, -3.14753E-02, -3.39788E-02, -3.61244E-02, -3.79398E-02, -3.94530E-02, -4.06914E-02, -4.16819E-02, -4.24501E-02, -4.30200E-02, -4.34143E-02, -4.36536E-02, -4.37571E-02, -4.37423E-02, -4.36250E-02, -4.34194E-02, -4.31384E-02, -4.27932E-02, -4.23941E-02, -4.19500E-02, -4.14689E-02, -4.09576E-02, -4.04224E-02, -3.98684E-02, -3.93005E-02, -3.87224E-02, -3.81378E-02, -3.75495E-02, -3.69602E-02, -3.63720E-02, -3.57867E-02, -3.52060E-02,
 -4.87088E-03, -4.19823E-03, -3.45832E-03, -2.64492E-03, -1.75130E-03, -7.70236E-04,  3.06015E-04,  1.48567E-03,  2.77734E-03,  4.18997E-03,  5.73265E-03,  7.41439E-03,  9.24378E-03,  1.12286E-02,  1.33749E-02,  1.56868E-02,  1.81647E-02,NA,NA,NA,NA,NA,NA,NA,NA,NA,NA,NA,NA,NA,NA,NA,NA,NA,NA,NA,NA,NA,NA,NA,NA,NA,NA,NA,NA, -1.67840E-02, -2.05392E-02, -2.39282E-02, -2.69572E-02, -2.96380E-02, -3.19869E-02, -3.40230E-02, -3.57671E-02, -3.72412E-02, -3.84675E-02, -3.94680E-02, -4.02639E-02, -4.08758E-02, -4.13230E-02, -4.16237E-02, -4.17948E-02, -4.18518E-02, -4.18089E-02, -4.16791E-02, -4.14740E-02, -4.12044E-02, -4.08796E-02, -4.05081E-02, -4.00974E-02, -3.96543E-02, -3.91846E-02, -3.86935E-02, -3.81855E-02, -3.76647E-02, -3.71346E-02, -3.65980E-02, -3.60578E-02, -3.55161E-02, -3.49748E-02, -3.44356E-02,
 -4.93938E-03, -4.29907E-03, -3.59715E-03, -2.82834E-03, -1.98699E-03, -1.06712E-03, -6.24483E-05,  1.03355E-03,  2.22757E-03,  3.52631E-03,  4.93633E-03,  6.46377E-03,  8.11403E-03,  9.89131E-03,  1.17980E-02,  1.38341E-02,  1.59961E-02,  1.82759E-02,NA,NA,NA,NA,NA,NA,NA,NA,NA,NA,NA,NA,NA,NA,NA,NA,NA,NA,NA,NA,NA,NA,NA,NA,NA,NA, -1.26727E-02, -1.63495E-02, -1.97303E-02, -2.28085E-02, -2.55845E-02, -2.80641E-02, -3.02578E-02, -3.21789E-02, -3.38427E-02, -3.52663E-02, -3.64672E-02, -3.74633E-02, -3.82723E-02, -3.89114E-02, -3.93971E-02, -3.97451E-02, -3.99702E-02, -4.00862E-02, -4.01058E-02, -4.00406E-02, -3.99013E-02, -3.96977E-02, -3.94385E-02, -3.91317E-02, -3.87844E-02, -3.84028E-02, -3.79928E-02, -3.75592E-02, -3.71065E-02, -3.66387E-02, -3.61592E-02, -3.56711E-02, -3.51768E-02, -3.46788E-02, -3.41791E-02, -3.36794E-02,
 -5.03102E-03, -4.42408E-03, -3.76105E-03, -3.03750E-03, -2.24875E-03, -1.38997E-03, -4.56146E-04,  5.57769E-04,  1.65680E-03,  2.84577E-03,  4.12915E-03,  5.51077E-03,  6.99351E-03,  8.57888E-03,  1.02665E-02,  1.20536E-02,  1.39340E-02,  1.58977E-02,  1.79293E-02,NA,NA,NA,NA,NA,NA,NA,NA,NA,NA,NA,NA,NA,NA,NA,NA,NA,NA,NA,NA,NA,NA,NA,NA, -9.26179E-03, -1.27681E-02, -1.60511E-02, -1.90937E-02, -2.18862E-02, -2.44252E-02, -2.67125E-02, -2.87538E-02, -3.05580E-02, -3.21363E-02, -3.35014E-02, -3.46672E-02, -3.56479E-02, -3.64581E-02, -3.71122E-02, -3.76242E-02, -3.80075E-02, -3.82750E-02, -3.84388E-02, -3.85102E-02, -3.84997E-02, -3.84169E-02, -3.82707E-02, -3.80693E-02, -3.78199E-02, -3.75291E-02, -3.72031E-02, -3.68472E-02, -3.64661E-02, -3.60642E-02, -3.56453E-02, -3.52127E-02, -3.47695E-02, -3.43183E-02, -3.38614E-02, -3.34008E-02, -3.29383E-02,
 -5.14253E-03, -4.56954E-03, -3.94577E-03, -3.26754E-03, -2.53109E-03, -1.73255E-03, -8.68049E-04,  6.62032E-05,  1.07382E-03,  2.15809E-03,  3.32176E-03,  4.56684E-03,  5.89427E-03,  7.30361E-03,  8.79251E-03,  1.03563E-02,  1.19874E-02,  1.36746E-02,  1.54025E-02,  1.71506E-02,  1.88932E-02,NA,NA,NA,NA,NA,NA,NA,NA,NA,NA,NA,NA,NA,NA,NA,NA,NA,NA,NA,NA, -3.15435E-03, -6.54076E-03, -9.80617E-03, -1.29182E-02, -1.58523E-02, -1.85909E-02, -2.11228E-02, -2.34421E-02, -2.55476E-02, -2.74419E-02, -2.91303E-02, -3.06205E-02, -3.19222E-02, -3.30458E-02, -3.40028E-02, -3.48050E-02, -3.54642E-02, -3.59923E-02, -3.64008E-02, -3.67007E-02, -3.69027E-02, -3.70167E-02, -3.70520E-02, -3.70174E-02, -3.69208E-02, -3.67698E-02, -3.65710E-02, -3.63308E-02, -3.60546E-02, -3.57475E-02, -3.54142E-02, -3.50587E-02, -3.46847E-02, -3.42955E-02, -3.38941E-02, -3.34830E-02, -3.30645E-02, -3.26406E-02, -3.22133E-02,
 -5.27083E-03, -4.73194E-03, -4.14732E-03, -3.51400E-03, -2.82897E-03, -2.08923E-03, -1.29190E-03, -4.34228E-04,  4.86217E-04,  1.47145E-03,  2.52289E-03,  3.64112E-03,  4.82564E-03,  6.07458E-03,  7.38431E-03,  8.74903E-03,  1.01604E-02,  1.16068E-02,  1.30735E-02,  1.45413E-02,  1.59871E-02,  1.73832E-02,  1.86974E-02,NA,NA,NA,NA,NA,NA,NA,NA,NA,NA,NA,NA,NA,NA,NA,NA,  1.61315E-03, -1.43412E-03, -4.46702E-03, -7.44459E-03, -1.03318E-02, -1.30996E-02, -1.57253E-02, -1.81918E-02, -2.04872E-02, -2.26043E-02, -2.45398E-02, -2.62938E-02, -2.78693E-02, -2.92714E-02, -3.05068E-02, -3.15836E-02, -3.25107E-02, -3.32976E-02, -3.39541E-02, -3.44900E-02, -3.49152E-02, -3.52391E-02, -3.54708E-02, -3.56193E-02, -3.56927E-02, -3.56988E-02, -3.56449E-02, -3.55377E-02, -3.53835E-02, -3.51879E-02, -3.49563E-02, -3.46932E-02, -3.44032E-02, -3.40900E-02, -3.37572E-02, -3.34080E-02, -3.30452E-02, -3.26714E-02, -3.22888E-02, -3.18994E-02,NA,
 -5.41299E-03, -4.90801E-03, -4.36206E-03, -3.77279E-03, -3.13785E-03, -2.45502E-03, -1.72220E-03, -9.37556E-04, -9.95985E-05,  7.92676E-04,  1.73963E-03,  2.74077E-03,  3.79459E-03,  4.89821E-03,  6.04719E-03,  7.23516E-03,  8.45347E-03,  9.69092E-03,  1.09334E-02,  1.21636E-02,  1.33610E-02,  1.45017E-02,  1.55586E-02,  1.65020E-02,  1.73004E-02,  1.79211E-02,  1.83322E-02,NA,NA,NA,NA,NA,NA,NA,NA,NA,  7.31663E-03,  4.88024E-03,  2.32488E-03, -3.07152E-04, -2.97485E-03, -5.63992E-03, -8.26775E-03, -1.08281E-02, -1.32954E-02, -1.56489E-02, -1.78724E-02, -1.99541E-02, -2.18860E-02, -2.36636E-02, -2.52854E-02, -2.67524E-02, -2.80676E-02, -2.92358E-02, -3.02629E-02, -3.11557E-02, -3.19220E-02, -3.25695E-02, -3.31066E-02, -3.35414E-02, -3.38820E-02, -3.41364E-02, -3.43123E-02, -3.44169E-02, -3.44572E-02, -3.44397E-02, -3.43704E-02, -3.42552E-02, -3.40991E-02, -3.39071E-02, -3.36836E-02, -3.34326E-02, -3.31579E-02, -3.28628E-02, -3.25503E-02, -3.22232E-02, -3.18839E-02, -3.15347E-02,NA,NA,
 -5.56630E-03, -5.09472E-03, -4.58664E-03, -4.04022E-03, -3.45371E-03, -2.82551E-03, -2.15421E-03, -1.43871E-03, -6.78283E-04,  1.27278E-04,  9.77532E-04,  1.87122E-03,  2.80609E-03,  3.77867E-03,  4.78405E-03,  5.81563E-03,  6.86491E-03,  7.92122E-03,  8.97155E-03,  1.00004E-02,  1.09897E-02,  1.19191E-02,  1.27657E-02,  1.35052E-02,  1.41119E-02,  1.45600E-02,  1.48244E-02,  1.48820E-02,  1.47132E-02,  1.43026E-02,  1.36408E-02,  1.27245E-02,  1.15579E-02,  1.01517E-02,  8.52360E-03,  6.69707E-03,  4.70037E-03,  2.56523E-03,  3.25361E-04, -1.98492E-03, -4.33198E-03, -6.68396E-03, -9.01164E-03, -1.12890E-02, -1.34937E-02, -1.56070E-02, -1.76139E-02, -1.95029E-02, -2.12660E-02, -2.28978E-02, -2.43957E-02, -2.57595E-02, -2.69905E-02, -2.80918E-02, -2.90677E-02, -2.99235E-02, -3.06651E-02, -3.12989E-02, -3.18317E-02, -3.22704E-02, -3.26218E-02, -3.28928E-02, -3.30900E-02, -3.32199E-02, -3.32886E-02, -3.33018E-02, -3.32652E-02, -3.31838E-02, -3.30625E-02, -3.29057E-02, -3.27176E-02, -3.25018E-02, -3.22620E-02, -3.20012E-02, -3.17223E-02, -3.14281E-02, -3.11207E-02,NA,NA,NA,
 -5.72826E-03, -5.28934E-03, -4.81804E-03, -4.31301E-03, -3.77298E-03, -3.19688E-03, -2.58388E-03, -1.93345E-03, -1.24547E-03, -5.20358E-04,  2.40867E-04,  1.03640E-03,  1.86350E-03,  2.71835E-03,  3.59585E-03,  4.48947E-03,  5.39103E-03,  6.29061E-03,  7.17638E-03,  8.03458E-03,  8.84953E-03,  9.60375E-03,  1.02782E-02,  1.08527E-02,  1.13065E-02,  1.16190E-02,  1.17704E-02,  1.17429E-02,  1.15214E-02,  1.10946E-02,  1.04557E-02,  9.60291E-03,  8.53997E-03,  7.27605E-03,  5.82548E-03,  4.20722E-03,  2.44404E-03,  5.61528E-04, -1.41298E-03, -3.45143E-03, -5.52610E-03, -7.61040E-03, -9.67962E-03, -1.17115E-02, -1.36863E-02, -1.55876E-02, -1.74015E-02, -1.91173E-02, -2.07269E-02, -2.22246E-02, -2.36073E-02, -2.48735E-02, -2.60237E-02, -2.70595E-02, -2.79839E-02, -2.88010E-02, -2.95152E-02, -3.01317E-02, -3.06560E-02, -3.10938E-02, -3.14511E-02, -3.17335E-02, -3.19469E-02, -3.20969E-02, -3.21888E-02, -3.22280E-02, -3.22192E-02, -3.21672E-02, -3.20763E-02, -3.19506E-02, -3.17939E-02, -3.16098E-02, -3.14015E-02, -3.11719E-02, -3.09238E-02, -3.06597E-02,NA,NA,NA,NA,
 -5.89660E-03, -5.48938E-03, -5.05359E-03, -4.58828E-03, -4.09259E-03, -3.56589E-03, -3.00781E-03, -2.41829E-03, -1.79768E-03, -1.14684E-03, -4.67232E-04,  2.38986E-04,  9.68798E-04,  1.71822E-03,  2.48217E-03,  3.25432E-03,  4.02701E-03,  4.79110E-03,  5.53600E-03,  6.24955E-03,  6.91820E-03,  7.52706E-03,  8.06019E-03,  8.50095E-03,  8.83246E-03,  9.03816E-03,  9.10246E-03,  9.01146E-03,  8.75361E-03,  8.32045E-03,  7.70713E-03,  6.91283E-03,  5.94103E-03,  4.79948E-03,  3.49999E-03,  2.05805E-03,  4.92175E-04, -1.17680E-03, -2.92650E-03, -4.73386E-03, -6.57588E-03, -8.43029E-03, -1.02762E-02, -1.20944E-02, -1.38678E-02, -1.55818E-02, -1.72238E-02, -1.87839E-02, -2.02543E-02, -2.16293E-02, -2.29051E-02, -2.40799E-02, -2.51530E-02, -2.61254E-02, -2.69989E-02, -2.77764E-02, -2.84614E-02, -2.90579E-02, -2.95705E-02, -3.00038E-02, -3.03628E-02, -3.06524E-02, -3.08775E-02, -3.10432E-02, -3.11540E-02, -3.12146E-02, -3.12295E-02, -3.12027E-02, -3.11384E-02, -3.10401E-02, -3.09114E-02, -3.07556E-02, -3.05757E-02, -3.03744E-02, -3.01543E-02, -2.99179E-02,NA,NA,NA,NA,
 -6.06927E-03, -5.69263E-03, -5.29092E-03, -4.86350E-03, -4.40988E-03, -3.92978E-03, -3.42319E-03, -2.89043E-03, -2.33219E-03, -1.74966E-03, -1.14458E-03, -5.19344E-04,  1.22902E-04,  7.78162E-04,  1.44149E-03,  2.10690E-03,  2.76727E-03,  3.41435E-03,  4.03865E-03,  4.62955E-03,  5.17534E-03,  5.66337E-03,  6.08030E-03,  6.41239E-03,  6.64585E-03,  6.76737E-03,  6.76457E-03,  6.62655E-03,  6.34445E-03,  5.91190E-03,  5.32551E-03,  4.58507E-03,  3.69381E-03,  2.65833E-03,  1.48848E-03,  1.97018E-04, -1.20085E-03, -2.68800E-03, -4.24599E-03, -5.85573E-03, -7.49801E-03, -9.15414E-03, -1.08063E-02, -1.24381E-02, -1.40347E-02, -1.55831E-02, -1.70720E-02, -1.84923E-02, -1.98366E-02, -2.10993E-02, -2.22765E-02, -2.33658E-02, -2.43661E-02, -2.52776E-02, -2.61014E-02, -2.68393E-02, -2.74941E-02, -2.80689E-02, -2.85672E-02, -2.89931E-02, -2.93504E-02, -2.96436E-02, -2.98768E-02, -3.00542E-02, -3.01801E-02, -3.02584E-02, -3.02932E-02, -3.02881E-02, -3.02467E-02, -3.01725E-02, -3.00686E-02, -2.99381E-02, -2.97836E-02, -2.96079E-02,NA,NA,NA,NA,NA,NA,
NA, -5.89715E-03, -5.52797E-03, -5.13653E-03, -4.72263E-03, -4.28629E-03, -3.82777E-03, -3.34767E-03, -2.84694E-03, -2.32701E-03, -1.78978E-03, -1.23776E-03, -6.74128E-04, -1.02788E-04,  4.71539E-04,  1.04326E-03,  1.60586E-03,  2.15189E-03,  2.67297E-03,  3.15981E-03,  3.60233E-03,  3.98981E-03,  4.31105E-03,  4.55469E-03,  4.70945E-03,  4.76459E-03,  4.71023E-03,  4.53780E-03,  4.24047E-03,  3.81346E-03,  3.25439E-03,  2.56352E-03,  1.74379E-03,  8.00897E-04, -2.56903E-04, -1.41900E-03, -2.67279E-03, -4.00408E-03, -5.39758E-03, -6.83736E-03, -8.30733E-03, -9.79169E-03, -1.12753E-02, -1.27441E-02, -1.41850E-02, -1.55867E-02, -1.69391E-02, -1.82338E-02, -1.94640E-02, -2.06242E-02, -2.17106E-02, -2.27205E-02, -2.36524E-02, -2.45059E-02, -2.52815E-02, -2.59804E-02, -2.66045E-02, -2.71563E-02, -2.76387E-02, -2.80547E-02, -2.84079E-02, -2.87017E-02, -2.89398E-02, -2.91258E-02, -2.92634E-02, -2.93561E-02, -2.94074E-02, -2.94207E-02, -2.93992E-02, -2.93460E-02, -2.92640E-02, -2.91559E-02, -2.90244E-02,NA,NA,NA,NA,NA,NA,NA,
NA,NA, -5.76295E-03, -5.40553E-03, -5.02898E-03, -4.63355E-03, -4.21974E-03, -3.78833E-03, -3.34047E-03, -2.87772E-03, -2.40208E-03, -1.91610E-03, -1.42289E-03, -9.26206E-04, -4.30489E-04,  5.90958E-05,  5.36631E-04,  9.95449E-04,  1.42815E-03,  1.82666E-03,  2.18232E-03,  2.48601E-03,  2.72836E-03,  2.89994E-03,  2.99151E-03,  2.99435E-03,  2.90058E-03,  2.70343E-03,  2.39760E-03,  1.97952E-03,  1.44759E-03,  8.02314E-04,  4.64204E-05, -8.15184E-04, -1.77550E-03, -2.82564E-03, -3.95507E-03, -5.15194E-03, -6.40349E-03, -7.69634E-03, -9.01695E-03, -1.03519E-02, -1.16883E-02, -1.30140E-02, -1.43176E-02, -1.55892E-02, -1.68198E-02, -1.80017E-02, -1.91287E-02, -2.01956E-02, -2.11985E-02, -2.21347E-02, -2.30025E-02, -2.38010E-02, -2.45303E-02, -2.51911E-02, -2.57847E-02, -2.63129E-02, -2.67781E-02, -2.71826E-02, -2.75295E-02, -2.78215E-02, -2.80619E-02, -2.82537E-02, -2.84002E-02, -2.85044E-02, -2.85694E-02, -2.85982E-02, -2.85938E-02, -2.85589E-02, -2.84961E-02, -2.84079E-02,NA,NA,NA,NA,NA,NA,NA,NA,
NA,NA,NA, -5.66895E-03, -5.32739E-03, -4.97010E-03, -4.59772E-03, -4.21119E-03, -3.81179E-03, -3.40113E-03, -2.98127E-03, -2.55472E-03, -2.12448E-03, -1.69411E-03, -1.26774E-03, -8.50105E-04, -4.46542E-04, -6.29919E-05,  2.94040E-04,  6.17539E-04,  9.00071E-04,  1.13390E-03,  1.31116E-03,  1.42399E-03,  1.46484E-03,  1.42660E-03,  1.30295E-03,  1.08853E-03,  7.79229E-04,  3.72392E-04, -1.33027E-04, -7.36333E-04, -1.43504E-03, -2.22488E-03, -3.09988E-03, -4.05253E-03, -5.07398E-03, -6.15427E-03, -7.28266E-03, -8.44787E-03, -9.63844E-03, -1.08429E-02, -1.20503E-02, -1.32501E-02, -1.44324E-02, -1.55883E-02, -1.67101E-02, -1.77906E-02, -1.88242E-02, -1.98061E-02, -2.07324E-02, -2.16005E-02, -2.24085E-02, -2.31552E-02, -2.38403E-02, -2.44641E-02, -2.50276E-02, -2.55320E-02, -2.59792E-02, -2.63710E-02, -2.67099E-02, -2.69982E-02, -2.72387E-02, -2.74341E-02, -2.75870E-02, -2.77001E-02, -2.77763E-02, -2.78182E-02, -2.78283E-02, -2.78092E-02, -2.77632E-02,NA,NA,NA,NA,NA,NA,NA,NA,NA,
