NA,NA,NA, -4.82861E-02, -4.92974E-02, -5.03444E-02, -5.14265E-02, -5.25427E-02, -5.36911E-02, -5.48695E-02, -5.60743E-02, -5.73012E-02, -5.85449E-02, -5.97986E-02, -6.10545E-02, -6.23033E-02, -6.35346E-02, -6.47365E-02, -6.58962E-02, -6.69997E-02, -6.80329E-02, -6.89811E-02, -6.98301E-02, -7.05668E-02, -7.11793E-02, -7.16584E-02, -7.19971E-02, -7.21922E-02, -7.22440E-02, -7.21565E-02, -7.19379E-02, -7.15995E-02, -7.11560E-02, -7.06244E-02, -7.00233E-02, -6.93720E-02, -6.86897E-02, -6.79946E-02, -6.73034E-02, -6.66303E-02, -6.59873E-02, -6.53833E-02, -6.48245E-02, -6.43145E-02, -6.38544E-02, -6.34430E-02, -6.30773E-02, -6.27531E-02, -6.24649E-02, -6.22067E-02, -6.19721E-02, -6.17545E-02, -6.15477E-02, -6.13456E-02, -6.11427E-02, -6.09343E-02, -6.07159E-02, -6.04841E-02, -6.02359E-02, -5.99690E-02, -5.96818E-02, -5.93731E-02, -5.90425E-02, -5.86896E-02, -5.83149E-02, -5.79188E-02, -5.75021E-02, -5.70660E-02, -5.66115E-02, -5.61401E-02, -5.56532E-02,NA,NA,NA,NA,NA,NA,NA,NA,NA,
NA,NA, -4.79081E-02, -4.89364E-02, -5.00060E-02, -5.11170E-02, -5.22695E-02, -5.34627E-02, -5.46951E-02, -5.59646E-02, -5.72680E-02, -5.86008E-02, -5.99574E-02, -6.13309E-02, -6.27125E-02, -6.40920E-02, -6.54574E-02, -6.67952E-02, -6.80903E-02, -6.93260E-02, -7.04853E-02, -7.15501E-02, -7.25028E-02, -7.33268E-02, -7.40071E-02, -7.45313E-02, -7.48905E-02, -7.50798E-02, -7.50991E-02, -7.49531E-02, -7.46516E-02, -7.42090E-02, -7.36434E-02, -7.29762E-02, -7.22308E-02, -7.14315E-02, -7.06020E-02, -6.97650E-02, -6.89407E-02, -6.81463E-02, -6.73959E-02, -6.66997E-02, -6.60644E-02, -6.54934E-02, -6.49869E-02, -6.45427E-02, -6.41562E-02, -6.38213E-02, -6.35310E-02, -6.32771E-02, -6.30517E-02, -6.28466E-02, -6.26539E-02, -6.24666E-02, -6.22779E-02, -6.20823E-02, -6.18746E-02, -6.16510E-02, -6.14081E-02, -6.11434E-02, -6.08552E-02, -6.05425E-02, -6.02046E-02, -5.98417E-02, -5.94542E-02, -5.90428E-02, -5.86087E-02, -5.81531E-02, -5.76775E-02, -5.71835E-02, -5.66727E-02, -5.61469E-02,NA,NA,NA,NA,NA,NA,NA,NA,
NA, -4.74608E-02, -4.84981E-02, -4.95815E-02, -5.07122E-02, -5.18911E-02, -5.31184E-02, -5.43941E-02, -5.57173E-02, -5.70861E-02, -5.84975E-02, -5.99475E-02, -6.14302E-02, -6.29383E-02, -6.44625E-02, -6.59916E-02, -6.75119E-02, -6.90079E-02, -7.04619E-02, -7.18543E-02, -7.31641E-02, -7.43694E-02, -7.54481E-02, -7.63791E-02, -7.71431E-02, -7.77237E-02, -7.81091E-02, -7.82922E-02, -7.82722E-02, -7.80544E-02, -7.76508E-02, -7.70792E-02, -7.63626E-02, -7.55282E-02, -7.46054E-02, -7.36247E-02, -7.26161E-02, -7.16076E-02, -7.06239E-02, -6.96859E-02, -6.88100E-02, -6.80078E-02, -6.72865E-02, -6.66487E-02, -6.60937E-02, -6.56172E-02, -6.52128E-02, -6.48721E-02, -6.45854E-02, -6.43427E-02, -6.41336E-02, -6.39480E-02, -6.37763E-02, -6.36101E-02, -6.34413E-02, -6.32635E-02, -6.30708E-02, -6.28588E-02, -6.26238E-02, -6.23633E-02, -6.20754E-02, -6.17592E-02, -6.14142E-02, -6.10409E-02, -6.06398E-02, -6.02120E-02, -5.97589E-02, -5.92822E-02, -5.87836E-02, -5.82651E-02, -5.77285E-02, -5.71759E-02, -5.66091E-02,NA,NA,NA,NA,NA,NA,NA,
NA, -4.79888E-02, -4.90772E-02, -5.02177E-02, -5.14122E-02, -5.26623E-02, -5.39690E-02, -5.53330E-02, -5.67538E-02, -5.82304E-02, -5.97603E-02, -6.13396E-02, -6.29628E-02, -6.46224E-02, -6.63085E-02, -6.80088E-02, -6.97083E-02, -7.13891E-02, -7.30305E-02, -7.46093E-02, -7.61001E-02, -7.74758E-02, -7.87088E-02, -7.97722E-02, -8.06409E-02, -8.12934E-02, -8.17133E-02, -8.18907E-02, -8.18235E-02, -8.15176E-02, -8.09877E-02, -8.02561E-02, -7.93521E-02, -7.83102E-02, -7.71680E-02, -7.59643E-02, -7.47368E-02, -7.35202E-02, -7.23452E-02, -7.12369E-02, -7.02144E-02, -6.92908E-02, -6.84731E-02, -6.77632E-02, -6.71583E-02, -6.66519E-02, -6.62345E-02, -6.58947E-02, -6.56200E-02, -6.53972E-02, -6.52135E-02, -6.50563E-02, -6.49142E-02, -6.47767E-02, -6.46348E-02, -6.44806E-02, -6.43078E-02, -6.41114E-02, -6.38873E-02, -6.36330E-02, -6.33467E-02, -6.30276E-02, -6.26755E-02, -6.22910E-02, -6.18753E-02, -6.14297E-02, -6.09560E-02, -6.04562E-02, -5.99325E-02, -5.93872E-02, -5.88225E-02, -5.82407E-02, -5.76440E-02, -5.70347E-02,NA,NA,NA,NA,NA,NA,
 -4.74162E-02, -4.85006E-02, -4.96411E-02, -5.08404E-02, -5.21012E-02, -5.34258E-02, -5.48163E-02, -5.62740E-02, -5.77997E-02, -5.93929E-02, -6.10521E-02, -6.27741E-02, -6.45536E-02, -6.63834E-02, -6.82532E-02, -7.01500E-02, -7.20569E-02, -7.39540E-02, -7.58171E-02, -7.76188E-02, -7.93283E-02, -8.09122E-02, -8.23359E-02, -8.35647E-02, -8.45661E-02, -8.53113E-02, -8.57780E-02, -8.59518E-02, -8.58284E-02, -8.54145E-02, -8.47278E-02, -8.37968E-02, -8.26589E-02, -8.13584E-02, -7.99437E-02, -7.84641E-02, -7.69677E-02, -7.54981E-02, -7.40929E-02, -7.27823E-02, -7.15886E-02, -7.05261E-02, -6.96015E-02, -6.88148E-02, -6.81605E-02, -6.76285E-02, -6.72056E-02, -6.68765E-02, -6.66247E-02, -6.64336E-02, -6.62869E-02, -6.61694E-02, -6.60671E-02, -6.59678E-02, -6.58608E-02, -6.57372E-02, -6.55900E-02, -6.54135E-02, -6.52036E-02, -6.49578E-02, -6.46743E-02, -6.43527E-02, -6.39932E-02, -6.35968E-02, -6.31650E-02, -6.26998E-02, -6.22034E-02, -6.16783E-02, -6.11270E-02, -6.05524E-02, -5.99569E-02, -5.93433E-02, -5.87141E-02, -5.80718E-02, -5.74187E-02, -5.67569E-02,NA,NA,NA,NA,
 -4.78611E-02, -4.89920E-02, -5.01853E-02, -5.14447E-02, -5.27737E-02, -5.41759E-02, -5.56541E-02, -5.72111E-02, -5.88486E-02, -6.05675E-02, -6.23674E-02, -6.42460E-02, -6.61991E-02, -6.82198E-02, -7.02980E-02, -7.24198E-02, -7.45674E-02, -7.67181E-02, -7.88444E-02, -8.09137E-02, -8.28889E-02, -8.47289E-02, -8.63900E-02, -8.78278E-02, -8.89993E-02, -8.98660E-02, -9.03971E-02, -9.05717E-02, -9.03824E-02, -8.98359E-02, -8.89541E-02, -8.77732E-02, -8.63416E-02, -8.47167E-02, -8.29612E-02, -8.11389E-02, -7.93108E-02, -7.75320E-02, -7.58490E-02, -7.42980E-02, -7.29047E-02, -7.16843E-02, -7.06422E-02, -6.97755E-02, -6.90747E-02, -6.85248E-02, -6.81076E-02, -6.78026E-02, -6.75884E-02, -6.74439E-02, -6.73489E-02, -6.72849E-02, -6.72352E-02, -6.71852E-02, -6.71227E-02, -6.70378E-02, -6.69225E-02, -6.67709E-02, -6.65788E-02, -6.63436E-02, -6.60642E-02, -6.57403E-02, -6.53728E-02, -6.49632E-02, -6.45136E-02, -6.40266E-02, -6.35050E-02, -6.29518E-02, -6.23701E-02, -6.17632E-02, -6.11340E-02, -6.04857E-02, -5.98210E-02, -5.91429E-02, -5.84538E-02, -5.77563E-02,NA,NA,NA,NA,
 -4.82810E-02, -4.94582E-02, -5.07046E-02, -5.20249E-02, -5.34237E-02, -5.49057E-02, -5.64752E-02, -5.81364E-02, -5.98926E-02, -6.17462E-02, -6.36983E-02, -6.57484E-02, -6.78935E-02, -7.01278E-02, -7.24417E-02, -7.48214E-02, -7.72480E-02, -7.96965E-02, -8.21356E-02, -8.45274E-02, -8.68271E-02, -8.89842E-02, -9.09434E-02, -9.26474E-02, -9.40396E-02, -9.50678E-02, -9.56890E-02, -9.58733E-02, -9.56075E-02, -9.48981E-02, -9.37723E-02, -9.22763E-02, -9.04733E-02, -8.84387E-02, -8.62544E-02, -8.40035E-02, -8.17643E-02, -7.96065E-02, -7.75875E-02, -7.57507E-02, -7.41253E-02, -7.27264E-02, -7.15571E-02, -7.06099E-02, -6.98693E-02, -6.93138E-02, -6.89183E-02, -6.86556E-02, -6.84983E-02, -6.84197E-02, -6.83949E-02, -6.84014E-02, -6.84194E-02, -6.84321E-02, -6.84254E-02, -6.83882E-02, -6.83120E-02, -6.81906E-02, -6.80200E-02, -6.77978E-02, -6.75233E-02, -6.71971E-02, -6.68205E-02, -6.63960E-02, -6.59263E-02, -6.54148E-02, -6.48649E-02, -6.42804E-02, -6.36650E-02, -6.30223E-02, -6.23560E-02, -6.16696E-02, -6.09663E-02, -6.02492E-02, -5.95213E-02, -5.87851E-02, -5.80432E-02,NA,NA,NA,
 -4.86717E-02, -4.98943E-02, -5.11933E-02, -5.25746E-02, -5.40439E-02, -5.56075E-02, -5.72712E-02, -5.90410E-02, -6.09220E-02, -6.29189E-02, -6.50349E-02, -6.72715E-02, -6.96280E-02, -7.21003E-02, -7.46803E-02, -7.73548E-02, -8.01046E-02, -8.29029E-02, -8.57147E-02, -8.84961E-02, -9.11938E-02, -9.37456E-02, -9.60819E-02, -9.81284E-02, -9.98099E-02, -1.01056E-01, -1.01805E-01,NA,NA,NA,NA,NA,NA,NA,NA,NA, -8.43211E-02, -8.16969E-02, -7.92708E-02, -7.70945E-02, -7.52002E-02, -7.36018E-02, -7.22978E-02, -7.12737E-02, -7.05055E-02, -6.99628E-02, -6.96114E-02, -6.94156E-02, -6.93403E-02, -6.93520E-02, -6.94203E-02, -6.95181E-02, -6.96222E-02, -6.97131E-02, -6.97751E-02, -6.97960E-02, -6.97668E-02, -6.96814E-02, -6.95359E-02, -6.93287E-02, -6.90597E-02, -6.87305E-02, -6.83433E-02, -6.79015E-02, -6.74088E-02, -6.68694E-02, -6.62876E-02, -6.56680E-02, -6.50149E-02, -6.43326E-02, -6.36254E-02, -6.28971E-02, -6.21515E-02, -6.13921E-02, -6.06219E-02, -5.98440E-02, -5.90611E-02, -5.82754E-02,NA,NA,
 -4.90282E-02, -5.02948E-02, -5.16454E-02, -5.30868E-02, -5.46266E-02, -5.62724E-02, -5.80323E-02, -5.99140E-02, -6.19253E-02, -6.40733E-02, -6.63642E-02, -6.88024E-02, -7.13902E-02, -7.41263E-02, -7.70053E-02, -8.00158E-02, -8.31392E-02, -8.63480E-02, -8.96040E-02, -9.28573E-02, -9.60447E-02, -9.90906E-02, -1.01907E-01,NA,NA,NA,NA,NA,NA,NA,NA,NA,NA,NA,NA,NA,NA,NA,NA, -7.82662E-02, -7.60624E-02, -7.42443E-02, -7.28022E-02, -7.17113E-02, -7.09358E-02, -7.04329E-02, -7.01566E-02, -7.00602E-02, -7.00992E-02, -7.02320E-02, -7.04216E-02, -7.06359E-02, -7.08477E-02, -7.10349E-02, -7.11803E-02, -7.12708E-02, -7.12971E-02, -7.12534E-02, -7.11367E-02, -7.09461E-02, -7.06827E-02, -7.03492E-02, -6.99491E-02, -6.94868E-02, -6.89674E-02, -6.83960E-02, -6.77780E-02, -6.71187E-02, -6.64233E-02, -6.56970E-02, -6.49444E-02, -6.41701E-02, -6.33782E-02, -6.25725E-02, -6.17566E-02, -6.09336E-02, -6.01065E-02, -5.92777E-02, -5.84496E-02,NA,
 -4.93456E-02, -5.06540E-02, -5.20540E-02, -5.35540E-02, -5.51630E-02, -5.68907E-02, -5.87472E-02, -6.07429E-02, -6.28885E-02, -6.51943E-02, -6.76701E-02, -7.03242E-02, -7.31631E-02, -7.61898E-02, -7.94028E-02, -8.27943E-02, -8.63482E-02, -9.00377E-02, -9.38227E-02, -9.76478E-02, -1.01440E-01,NA,NA,NA,NA,NA,NA,NA,NA,NA,NA,NA,NA,NA,NA,NA,NA,NA,NA,NA,NA, -7.45677E-02, -7.29915E-02, -7.18540E-02, -7.11026E-02, -7.06780E-02, -7.05187E-02, -7.05646E-02, -7.07592E-02, -7.10515E-02, -7.13969E-02, -7.17576E-02, -7.21025E-02, -7.24070E-02, -7.26522E-02, -7.28247E-02, -7.29154E-02, -7.29194E-02, -7.28345E-02, -7.26615E-02, -7.24029E-02, -7.20629E-02, -7.16465E-02, -7.11598E-02, -7.06089E-02, -7.00004E-02, -6.93409E-02, -6.86367E-02, -6.78939E-02, -6.71183E-02, -6.63155E-02, -6.54904E-02, -6.46477E-02, -6.37916E-02, -6.29260E-02, -6.20543E-02, -6.11796E-02, -6.03047E-02, -5.94318E-02, -5.85632E-02,
 -4.96187E-02, -5.09658E-02, -5.24122E-02, -5.39679E-02, -5.56437E-02, -5.74513E-02, -5.94035E-02, -6.15136E-02, -6.37956E-02, -6.62639E-02, -6.89328E-02, -7.18156E-02, -7.49244E-02, -7.82682E-02, -8.18514E-02, -8.56723E-02, -8.97195E-02, -9.39698E-02, -9.83834E-02,NA,NA,NA,NA,NA,NA,NA,NA,NA,NA,NA,NA,NA,NA,NA,NA,NA,NA,NA,NA,NA,NA,NA,NA, -7.16170E-02, -7.09367E-02, -7.06443E-02, -7.06585E-02, -7.09022E-02, -7.13047E-02, -7.18040E-02, -7.23469E-02, -7.28896E-02, -7.33970E-02, -7.38421E-02, -7.42053E-02, -7.44730E-02, -7.46373E-02, -7.46942E-02, -7.46437E-02, -7.44883E-02, -7.42325E-02, -7.38825E-02, -7.34454E-02, -7.29287E-02, -7.23406E-02, -7.16890E-02, -7.09818E-02, -7.02264E-02, -6.94301E-02, -6.85995E-02, -6.77408E-02, -6.68597E-02, -6.59612E-02, -6.50502E-02, -6.41306E-02, -6.32063E-02, -6.22805E-02, -6.13561E-02, -6.04355E-02, -5.95209E-02,
 -4.98423E-02, -5.12241E-02, -5.27128E-02, -5.43199E-02, -5.60584E-02, -5.79424E-02, -5.99873E-02, -6.22098E-02, -6.46281E-02, -6.72611E-02, -7.01285E-02, -7.32503E-02, -7.66456E-02, -8.03313E-02, -8.43208E-02, -8.86211E-02, -9.32296E-02, -9.81301E-02,NA,NA,NA,NA,NA,NA,NA,NA,NA,NA,NA,NA,NA,NA,NA,NA,NA,NA,NA,NA,NA,NA,NA,NA,NA,NA, -7.03561E-02, -7.02703E-02, -7.05329E-02, -7.10457E-02, -7.17217E-02, -7.24859E-02, -7.32761E-02, -7.40423E-02, -7.47457E-02, -7.53577E-02, -7.58583E-02, -7.62349E-02, -7.64813E-02, -7.65959E-02, -7.65810E-02, -7.64417E-02, -7.61852E-02, -7.58203E-02, -7.53563E-02, -7.48030E-02, -7.41705E-02, -7.34684E-02, -7.27061E-02, -7.18924E-02, -7.10356E-02, -7.01433E-02, -6.92225E-02, -6.82795E-02, -6.73199E-02, -6.63489E-02, -6.53708E-02, -6.43896E-02, -6.34088E-02, -6.24314E-02, -6.14600E-02, -6.04967E-02,
 -5.00113E-02, -5.14226E-02, -5.29481E-02, -5.46011E-02, -5.63967E-02, -5.83513E-02, -6.04836E-02, -6.28140E-02, -6.53652E-02, -6.81616E-02, -7.12295E-02, -7.45965E-02, -7.82909E-02, -8.23402E-02, -8.67695E-02, -9.15989E-02, -9.68392E-02,NA,NA,NA,NA,NA,NA,NA,NA,NA,NA,NA,NA,NA,NA,NA,NA,NA,NA,NA,NA,NA,NA,NA,NA,NA,NA,NA,NA,NA, -7.00960E-02, -7.09688E-02, -7.19993E-02, -7.30985E-02, -7.41949E-02, -7.52324E-02, -7.61694E-02, -7.69765E-02, -7.76348E-02, -7.81339E-02, -7.84703E-02, -7.86456E-02, -7.86657E-02, -7.85392E-02, -7.82766E-02, -7.78897E-02, -7.73909E-02, -7.67925E-02, -7.61067E-02, -7.53453E-02, -7.45192E-02, -7.36389E-02, -7.27137E-02, -7.17523E-02, -7.07625E-02, -6.97511E-02, -6.87245E-02, -6.76880E-02, -6.66464E-02, -6.56039E-02, -6.45642E-02, -6.35302E-02, -6.25046E-02, -6.14896E-02,
 -5.01205E-02, -5.15551E-02, -5.31107E-02, -5.48025E-02, -5.66474E-02, -5.86648E-02, -6.08764E-02, -6.33070E-02, -6.59840E-02, -6.89382E-02, -7.22035E-02, -7.58166E-02, -7.98169E-02, -8.42454E-02, -8.91428E-02, -9.45470E-02,NA,NA,NA,NA,NA,NA,NA,NA,NA,NA,NA,NA,NA,NA,NA,NA,NA,NA,NA,NA,NA,NA,NA,NA,NA,NA,NA,NA,NA,NA,NA, -7.06487E-02, -7.21328E-02, -7.36507E-02, -7.51214E-02, -7.64842E-02, -7.76960E-02, -7.87283E-02, -7.95648E-02, -8.01988E-02, -8.06311E-02, -8.08680E-02, -8.09201E-02, -8.08004E-02, -8.05237E-02, -8.01055E-02, -7.95616E-02, -7.89074E-02, -7.81578E-02, -7.73266E-02, -7.64268E-02, -7.54702E-02, -7.44677E-02, -7.34288E-02, -7.23622E-02, -7.12755E-02, -7.01753E-02, -6.90675E-02, -6.79572E-02, -6.68487E-02, -6.57456E-02, -6.46512E-02, -6.35681E-02, -6.24985E-02,
 -5.01652E-02, -5.16158E-02, -5.31935E-02, -5.49151E-02, -5.67997E-02, -5.88694E-02, -6.11494E-02, -6.36686E-02, -6.64601E-02, -6.95612E-02, -7.30145E-02, -7.68673E-02, -8.11723E-02, -8.59867E-02, -9.13711E-02,NA,NA,NA,NA,NA,NA,NA,NA,NA,NA,NA,NA,NA,NA,NA,NA,NA,NA,NA,NA,NA,NA,NA,NA,NA,NA,NA,NA,NA,NA,NA,NA,NA,NA,NA, -7.60845E-02, -7.78326E-02, -7.93632E-02, -8.06512E-02, -8.16852E-02, -8.24643E-02, -8.29956E-02, -8.32919E-02, -8.33696E-02, -8.32474E-02, -8.29454E-02, -8.24835E-02, -8.18817E-02, -8.11587E-02, -8.03324E-02, -7.94192E-02, -7.84340E-02, -7.73903E-02, -7.63003E-02, -7.51746E-02, -7.40228E-02, -7.28530E-02, -7.16723E-02, -7.04871E-02, -6.93024E-02, -6.81228E-02, -6.69521E-02, -6.57934E-02, -6.46493E-02, -6.35219E-02,
 -5.01413E-02, -5.15994E-02, -5.31897E-02, -5.49304E-02, -5.68429E-02, -5.89519E-02, -6.12859E-02, -6.38783E-02, -6.67677E-02, -6.99988E-02, -7.36233E-02, -7.77005E-02, -8.22981E-02, -8.74926E-02,NA,NA,NA,NA,NA,NA,NA,NA,NA,NA,NA,NA,NA,NA,NA,NA,NA,NA,NA,NA,NA,NA,NA,NA,NA,NA,NA,NA,NA,NA,NA,NA,NA,NA,NA,NA,NA,NA, -8.12196E-02, -8.27928E-02, -8.40410E-02, -8.49719E-02, -8.56013E-02, -8.59501E-02, -8.60425E-02, -8.59045E-02, -8.55620E-02, -8.50406E-02, -8.43648E-02, -8.35573E-02, -8.26392E-02, -8.16296E-02, -8.05456E-02, -7.94025E-02, -7.82137E-02, -7.69910E-02, -7.57447E-02, -7.44835E-02, -7.32150E-02, -7.19456E-02, -7.06808E-02, -6.94250E-02, -6.81820E-02, -6.69549E-02, -6.57463E-02, -6.45581E-02,
 -5.00450E-02, -5.15012E-02, -5.30933E-02, -5.48409E-02, -5.67673E-02, -5.88997E-02, -6.12699E-02, -6.39156E-02, -6.68810E-02, -7.02182E-02, -7.39885E-02, -7.82638E-02, -8.31286E-02,NA,NA,NA,NA,NA,NA,NA,NA,NA,NA,NA,NA,NA,NA,NA,NA,NA,NA,NA,NA,NA,NA,NA,NA,NA,NA,NA,NA,NA,NA,NA,NA,NA,NA,NA,NA,NA,NA,NA,NA,NA, -8.66868E-02, -8.77705E-02, -8.84908E-02, -8.88796E-02, -8.89704E-02, -8.87978E-02, -8.83951E-02, -8.77942E-02, -8.70247E-02, -8.61139E-02, -8.50863E-02, -8.39638E-02, -8.27659E-02, -8.15095E-02, -8.02095E-02, -7.88786E-02, -7.75278E-02, -7.61663E-02, -7.48021E-02, -7.34416E-02, -7.20905E-02, -7.07531E-02, -6.94333E-02, -6.81338E-02, -6.68571E-02, -6.56050E-02,
 -4.98737E-02, -5.13175E-02, -5.28993E-02, -5.46399E-02, -5.65642E-02, -5.87015E-02, -6.10868E-02, -6.37615E-02, -6.67752E-02, -7.01871E-02, -7.40681E-02, -7.85030E-02, -8.35938E-02,NA,NA,NA,NA,NA,NA,NA,NA,NA,NA,NA,NA,NA,NA,NA,NA,NA,NA,NA,NA,NA,NA,NA,NA,NA,NA,NA,NA,NA,NA,NA,NA,NA,NA,NA,NA,NA,NA,NA,NA,NA,NA,NA, -9.17131E-02, -9.21215E-02, -9.21875E-02, -9.19553E-02, -9.14672E-02, -9.07619E-02, -8.98752E-02, -8.88387E-02, -8.76810E-02, -8.64269E-02, -8.50980E-02, -8.37131E-02, -8.22882E-02, -8.08370E-02, -7.93710E-02, -7.78998E-02, -7.64316E-02, -7.49729E-02, -7.35292E-02, -7.21049E-02, -7.07034E-02, -6.93275E-02, -6.79792E-02, -6.66602E-02,
 -4.96257E-02, -5.10459E-02, -5.26042E-02, -5.43225E-02, -5.62267E-02, -5.83481E-02, -6.07238E-02, -6.33989E-02, -6.64275E-02, -6.98752E-02, -7.38218E-02, -7.83646E-02,NA,NA,NA,NA,NA,NA,NA,NA,NA,NA,NA,NA,NA,NA,NA,NA,NA,NA,NA,NA,NA,NA,NA,NA,NA,NA,NA,NA,NA,NA,NA,NA,NA,NA,NA,NA,NA,NA,NA,NA,NA,NA,NA,NA,NA, -9.57208E-02, -9.57300E-02, -9.54061E-02, -9.48009E-02, -9.39612E-02, -9.29290E-02, -9.17410E-02, -9.04297E-02, -8.90227E-02, -8.75439E-02, -8.60137E-02, -8.44491E-02, -8.28646E-02, -8.12721E-02, -7.96814E-02, -7.81007E-02, -7.65364E-02, -7.49939E-02, -7.34771E-02, -7.19893E-02, -7.05329E-02, -6.91098E-02, -6.77210E-02,
 -4.93006E-02, -5.06852E-02, -5.22061E-02, -5.38855E-02, -5.57502E-02, -5.78325E-02, -6.01714E-02, -6.28142E-02, -6.58189E-02, -6.92563E-02, -7.32137E-02, -7.77991E-02,NA,NA,NA,NA,NA,NA,NA,NA,NA,NA,NA,NA,NA,NA,NA,NA,NA,NA,NA,NA,NA,NA,NA,NA,NA,NA,NA,NA,NA,NA,NA,NA,NA,NA,NA,NA,NA,NA,NA,NA,NA,NA,NA,NA,NA,NA, -9.96358E-02, -9.91793E-02, -9.84182E-02, -9.74081E-02, -9.61975E-02, -9.48283E-02, -9.33367E-02, -9.17532E-02, -9.01038E-02, -8.84101E-02, -8.66901E-02, -8.49587E-02, -8.32279E-02, -8.15076E-02, -7.98057E-02, -7.81283E-02, -7.64805E-02, -7.48659E-02, -7.32873E-02, -7.17467E-02, -7.02453E-02, -6.87841E-02,
 -4.88992E-02, -5.02361E-02, -5.17050E-02, -5.33282E-02, -5.51327E-02, -5.71512E-02, -5.94235E-02, -6.19984E-02, -6.49360E-02, -6.83106E-02, -7.22150E-02,NA,NA,NA,NA,NA,NA,NA,NA,NA,NA,NA,NA,NA,NA,NA,NA,NA,NA,NA,NA,NA,NA,NA,NA,NA,NA,NA,NA,NA,NA,NA,NA,NA,NA,NA,NA,NA,NA,NA,NA,NA,NA,NA,NA,NA,NA,NA,NA, -1.03303E-01, -1.02340E-01, -1.01117E-01, -9.96897E-02, -9.81056E-02, -9.64041E-02, -9.46184E-02, -9.27760E-02, -9.08995E-02, -8.90075E-02, -8.71148E-02, -8.52336E-02, -8.33734E-02, -8.15415E-02, -7.97438E-02, -7.79846E-02, -7.62670E-02, -7.45932E-02, -7.29646E-02, -7.13821E-02, -6.98459E-02,
 -4.84240E-02, -4.97007E-02, -5.11030E-02, -5.26524E-02, -5.43755E-02, -5.63046E-02, -5.84791E-02, -6.09481E-02, -6.37720E-02, -6.70266E-02, -7.08071E-02,NA,NA,NA,NA,NA,NA,NA,NA,NA,NA,NA,NA,NA,NA,NA,NA,NA,NA,NA,NA,NA,NA,NA,NA,NA,NA,NA,NA,NA,NA,NA,NA,NA,NA,NA,NA,NA,NA,NA,NA,NA,NA,NA,NA,NA,NA,NA,NA,NA, -1.06582E-01, -1.05098E-01, -1.03411E-01, -1.01575E-01, -9.96311E-02, -9.76153E-02, -9.55560E-02, -9.34765E-02, -9.13952E-02, -8.93269E-02, -8.72831E-02, -8.52726E-02, -8.33023E-02, -8.13771E-02, -7.95005E-02, -7.76750E-02, -7.59020E-02, -7.41823E-02, -7.25159E-02, -7.09025E-02,
 -4.78788E-02, -4.90834E-02, -5.04045E-02, -5.18627E-02, -5.34831E-02, -5.52969E-02, -5.73421E-02, -5.96662E-02, -6.23284E-02, -6.54030E-02, -6.89845E-02,NA,NA,NA,NA,NA,NA,NA,NA,NA,NA,NA,NA,NA,NA,NA,NA,NA,NA,NA,NA,NA,NA,NA,NA,NA,NA,NA,NA,NA,NA,NA,NA,NA,NA,NA,NA,NA,NA,NA,NA,NA,NA,NA,NA,NA,NA,NA,NA,NA,NA, -1.09358E-01, -1.07364E-01, -1.05234E-01, -1.03013E-01, -1.00738E-01, -9.84366E-02, -9.61332E-02, -9.38452E-02, -9.15868E-02, -8.93683E-02, -8.71977E-02, -8.50808E-02, -8.30213E-02, -8.10219E-02, -7.90840E-02, -7.72082E-02, -7.53944E-02, -7.36418E-02, -7.19495E-02,
 -4.72692E-02, -4.83903E-02, -4.96164E-02, -5.09665E-02, -5.24639E-02, -5.41373E-02, -5.60223E-02, -5.81632E-02, -6.06157E-02, -6.34503E-02,NA,NA,NA,NA,NA,NA,NA,NA,NA,NA,NA,NA,NA,NA,NA,NA,NA,NA,NA,NA,NA,NA,NA,NA,NA,NA,NA,NA,NA,NA,NA,NA,NA,NA,NA,NA,NA,NA,NA,NA,NA,NA,NA,NA,NA,NA,NA,NA,NA,NA,NA,NA, -1.11543E-01, -1.09076E-01, -1.06541E-01, -1.03975E-01, -1.01407E-01, -9.88587E-02, -9.63469E-02, -9.38842E-02, -9.14795E-02, -8.91395E-02, -8.68682E-02, -8.46684E-02, -8.25413E-02, -8.04872E-02, -7.85056E-02, -7.65953E-02, -7.47548E-02, -7.29822E-02,
 -4.66024E-02, -4.76295E-02, -4.87479E-02, -4.99744E-02, -5.13297E-02, -5.28393E-02, -5.45349E-02, -5.64565E-02, -5.86541E-02, -6.11912E-02,NA,NA,NA,NA,NA,NA,NA,NA,NA,NA,NA,NA,NA,NA,NA,NA,NA,NA,NA,NA,NA,NA,NA,NA,NA,NA,NA,NA,NA,NA,NA,NA,NA,NA,NA,NA,NA,NA,NA,NA,NA,NA,NA,NA,NA,NA,NA,NA,NA,NA,NA,NA,NA, -1.13086E-01, -1.10200E-01, -1.07313E-01, -1.04453E-01, -1.01639E-01, -9.88869E-02, -9.62066E-02, -9.36051E-02, -9.10871E-02, -8.86549E-02, -8.63095E-02, -8.40506E-02, -8.18771E-02, -7.97872E-02, -7.77788E-02, -7.58491E-02, -7.39954E-02,
 -4.58868E-02, -4.68108E-02, -4.78103E-02, -4.88996E-02, -5.00959E-02, -5.14208E-02, -5.29013E-02, -5.45711E-02, -5.64728E-02, -5.86609E-02,NA,NA,NA,NA,NA,NA,NA,NA,NA,NA,NA,NA,NA,NA,NA,NA,NA,NA,NA,NA,NA,NA,NA,NA,NA,NA,NA,NA,NA,NA,NA,NA,NA,NA,NA,NA,NA,NA,NA,NA,NA,NA,NA,NA,NA,NA,NA,NA,NA,NA,NA,NA,NA, -1.17245E-01, -1.13970E-01, -1.10732E-01, -1.07555E-01, -1.04457E-01, -1.01449E-01, -9.85391E-02, -9.57314E-02, -9.30282E-02, -9.04295E-02, -8.79343E-02, -8.55405E-02, -8.32454E-02, -8.10458E-02, -7.89382E-02, -7.69188E-02, -7.49838E-02,
 -4.51325E-02, -4.59457E-02, -4.68172E-02, -4.77578E-02, -4.87811E-02, -4.99039E-02, -5.11474E-02, -5.25382E-02, -5.41100E-02, -5.59055E-02,NA,NA,NA,NA,NA,NA,NA,NA,NA,NA,NA,NA,NA,NA,NA,NA,NA,NA,NA,NA,NA,NA,NA,NA,NA,NA,NA,NA,NA,NA,NA,NA,NA,NA,NA,NA,NA,NA,NA,NA,NA,NA,NA,NA,NA,NA,NA,NA,NA,NA,NA,NA,NA,NA, -1.17824E-01, -1.14206E-01, -1.10691E-01, -1.07291E-01, -1.04014E-01, -1.00864E-01, -9.78430E-02, -9.49488E-02, -9.21795E-02, -8.95317E-02, -8.70011E-02, -8.45833E-02, -8.22734E-02, -8.00664E-02, -7.79574E-02, -7.59416E-02,
 -4.43503E-02, -4.50472E-02, -4.57836E-02, -4.65669E-02, -4.74064E-02, -4.83139E-02, -4.93039E-02, -5.03950E-02, -5.16106E-02, -5.29806E-02,NA,NA,NA,NA,NA,NA,NA,NA,NA,NA,NA,NA,NA,NA,NA,NA,NA,NA,NA,NA,NA,NA,NA,NA,NA,NA,NA,NA,NA,NA,NA,NA,NA,NA,NA,NA,NA,NA,NA,NA,NA,NA,NA,NA,NA,NA,NA,NA,NA,NA,NA,NA,NA,NA, -1.21728E-01, -1.17705E-01, -1.13832E-01, -1.10116E-01, -1.06560E-01, -1.03163E-01, -9.99223E-02, -9.68337E-02, -9.38915E-02, -9.10897E-02, -8.84218E-02, -8.58812E-02, -8.34614E-02, -8.11560E-02, -7.89585E-02, -7.68630E-02,
 -4.35521E-02, -4.41291E-02, -4.47259E-02, -4.53464E-02, -4.59953E-02, -4.66787E-02, -4.74043E-02, -4.81822E-02, -4.90249E-02, -4.99484E-02,NA,NA,NA,NA,NA,NA,NA,NA,NA,NA,NA,NA,NA,NA,NA,NA,NA,NA,NA,NA,NA,NA,NA,NA,NA,NA,NA,NA,NA,NA,NA,NA,NA,NA,NA,NA,NA,NA,NA,NA,NA,NA,NA,NA,NA,NA,NA,NA,NA,NA,NA,NA,NA,NA,NA, -1.21193E-01, -1.16947E-01, -1.12905E-01, -1.09062E-01, -1.05413E-01, -1.01951E-01, -9.86660E-02, -9.55507E-02, -9.25954E-02, -8.97912E-02, -8.71293E-02, -8.46014E-02, -8.21992E-02, -7.99151E-02, -7.77419E-02,
 -4.27504E-02, -4.32061E-02, -4.36617E-02, -4.41170E-02, -4.45723E-02, -4.50279E-02, -4.54846E-02, -4.59435E-02, -4.64063E-02, -4.68749E-02,NA,NA,NA,NA,NA,NA,NA,NA,NA,NA,NA,NA,NA,NA,NA,NA,NA,NA,NA,NA,NA,NA,NA,NA,NA,NA,NA,NA,NA,NA,NA,NA,NA,NA,NA,NA,NA,NA,NA,NA,NA,NA,NA,NA,NA,NA,NA,NA,NA,NA,NA,NA,NA,NA,NA, -1.24628E-01, -1.20000E-01, -1.15626E-01, -1.11493E-01, -1.07591E-01, -1.03907E-01, -1.00428E-01, -9.71417E-02, -9.40354E-02, -9.10976E-02, -8.83174E-02, -8.56842E-02, -8.31882E-02, -8.08204E-02, -7.85723E-02,
 -4.19579E-02, -4.22933E-02, -4.26086E-02, -4.28999E-02, -4.31627E-02, -4.33918E-02, -4.35811E-02, -4.37232E-02, -4.38090E-02, -4.38270E-02,NA,NA,NA,NA,NA,NA,NA,NA,NA,NA,NA,NA,NA,NA,NA,NA,NA,NA,NA,NA,NA,NA,NA,NA,NA,NA,NA,NA,NA,NA,NA,NA,NA,NA,NA,NA,NA,NA,NA,NA,NA,NA,NA,NA,NA,NA,NA,NA,NA,NA,NA,NA,NA,NA,NA,NA, -1.22951E-01, -1.18245E-01, -1.13825E-01, -1.09673E-01, -1.05771E-01, -1.02102E-01, -9.86487E-02, -9.53960E-02, -9.23292E-02, -8.94350E-02, -8.67008E-02, -8.41152E-02, -8.16675E-02, -7.93481E-02,
 -4.11874E-02, -4.14057E-02, -4.15844E-02, -4.17160E-02, -4.17916E-02, -4.18005E-02, -4.17301E-02, -4.15649E-02, -4.12859E-02, -4.08692E-02,NA,NA,NA,NA,NA,NA,NA,NA,NA,NA,NA,NA,NA,NA,NA,NA,NA,NA,NA,NA,NA,NA,NA,NA,NA,NA,NA,NA,NA,NA,NA,NA,NA,NA,NA,NA,NA,NA,NA,NA,NA,NA,NA,NA,NA,NA,NA,NA,NA,NA,NA,NA,NA,NA,NA,NA, -1.25758E-01, -1.20726E-01, -1.16026E-01, -1.11632E-01, -1.07520E-01, -1.03668E-01, -1.00056E-01, -9.66633E-02, -9.34740E-02, -9.04719E-02, -8.76424E-02, -8.49723E-02, -8.24496E-02, -8.00634E-02,
 -4.04512E-02, -4.05579E-02, -4.06064E-02, -4.05858E-02, -4.04832E-02, -4.02828E-02, -3.99660E-02, -3.95100E-02, -3.88868E-02, -3.80617E-02,NA,NA,NA,NA,NA,NA,NA,NA,NA,NA,NA,NA,NA,NA,NA,NA,NA,NA,NA,NA,NA,NA,NA,NA,NA,NA,NA,NA,NA,NA,NA,NA,NA,NA,NA,NA,NA,NA,NA,NA,NA,NA,NA,NA,NA,NA,NA,NA,NA,NA,NA,NA,NA,NA,NA,NA, -1.28377E-01, -1.23033E-01, -1.18066E-01, -1.13442E-01, -1.09132E-01, -1.05108E-01, -1.01346E-01, -9.78238E-02, -9.45204E-02, -9.14180E-02, -8.85002E-02, -8.57521E-02, -8.31603E-02, -8.07125E-02,
 -3.97612E-02, -3.97637E-02, -3.96909E-02, -3.95287E-02, -3.92603E-02, -3.88657E-02, -3.83209E-02, -3.75965E-02, -3.66569E-02, -3.54584E-02,NA,NA,NA,NA,NA,NA,NA,NA,NA,NA,NA,NA,NA,NA,NA,NA,NA,NA,NA,NA,NA,NA,NA,NA,NA,NA,NA,NA,NA,NA,NA,NA,NA,NA,NA,NA,NA,NA,NA,NA,NA,NA,NA,NA,NA,NA,NA,NA,NA,NA,NA,NA,NA,NA,NA,NA,NA, -1.25129E-01, -1.19914E-01, -1.15078E-01, -1.10585E-01, -1.06404E-01, -1.02506E-01, -9.88643E-02, -9.54572E-02, -9.22639E-02, -8.92662E-02, -8.64476E-02, -8.37934E-02, -8.12903E-02,
 -3.91284E-02, -3.90361E-02, -3.88529E-02, -3.85621E-02, -3.81437E-02, -3.75737E-02, -3.68234E-02, -3.58582E-02, -3.46360E-02, -3.31057E-02,NA,NA,NA,NA,NA,NA,NA,NA,NA,NA,NA,NA,NA,NA,NA,NA,NA,NA,NA,NA,NA,NA,NA,NA,NA,NA,NA,NA,NA,NA,NA,NA,NA,NA,NA,NA,NA,NA,NA,NA,NA,NA,NA,NA,NA,NA,NA,NA,NA,NA,NA,NA,NA,NA,NA,NA,NA, -1.26979E-01, -1.21541E-01, -1.16516E-01, -1.11860E-01, -1.07539E-01, -1.03519E-01, -9.97727E-02, -9.62740E-02, -9.30006E-02, -8.99326E-02, -8.70521E-02, -8.43432E-02, -8.17917E-02,
 -3.85625E-02, -3.83864E-02, -3.81059E-02, -3.77020E-02, -3.71518E-02, -3.64281E-02, -3.54985E-02, -3.43240E-02, -3.28574E-02, -3.10419E-02, -2.88083E-02,NA,NA,NA,NA,NA,NA,NA,NA,NA,NA,NA,NA,NA,NA,NA,NA,NA,NA,NA,NA,NA,NA,NA,NA,NA,NA,NA,NA,NA,NA,NA,NA,NA,NA,NA,NA,NA,NA,NA,NA,NA,NA,NA,NA,NA,NA,NA,NA,NA,NA,NA,NA,NA,NA,NA,NA, -1.28550E-01, -1.22921E-01, -1.17732E-01, -1.12938E-01, -1.08497E-01, -1.04374E-01, -1.00538E-01, -9.69616E-02, -9.36203E-02, -9.04928E-02, -8.75600E-02, -8.48049E-02, -8.22125E-02,
 -3.80721E-02, -3.78247E-02, -3.74616E-02, -3.69617E-02, -3.63001E-02, -3.54471E-02, -3.43672E-02, -3.30179E-02, -3.13484E-02, -2.92976E-02, -2.67919E-02,NA,NA,NA,NA,NA,NA,NA,NA,NA,NA,NA,NA,NA,NA,NA,NA,NA,NA,NA,NA,NA,NA,NA,NA,NA,NA,NA,NA,NA,NA,NA,NA,NA,NA,NA,NA,NA,NA,NA,NA,NA,NA,NA,NA,NA,NA,NA,NA,NA,NA,NA,NA,NA,NA,NA,NA, -1.29813E-01, -1.24029E-01, -1.18709E-01, -1.13802E-01, -1.09265E-01, -1.05059E-01, -1.01151E-01, -9.75119E-02, -9.41162E-02, -9.09409E-02, -8.79662E-02, -8.51741E-02, -8.25490E-02,
 -3.76645E-02, -3.73593E-02, -3.69294E-02, -3.63524E-02, -3.56016E-02, -3.46454E-02, -3.34460E-02, -3.19587E-02, -3.01299E-02, -2.78958E-02, -2.51798E-02,NA,NA,NA,NA,NA,NA,NA,NA,NA,NA,NA,NA,NA,NA,NA,NA,NA,NA,NA,NA,NA,NA,NA,NA,NA,NA,NA,NA,NA,NA,NA,NA,NA,NA,NA,NA,NA,NA,NA,NA,NA,NA,NA,NA,NA,NA,NA,NA,NA,NA,NA,NA,NA,NA,NA,NA, -1.30745E-01, -1.24847E-01, -1.19429E-01, -1.14440E-01, -1.09831E-01, -1.05564E-01, -1.01603E-01, -9.79186E-02, -9.44828E-02, -9.12724E-02, -8.82668E-02, -8.54475E-02, -8.27983E-02,
 -3.73453E-02, -3.69967E-02, -3.65170E-02, -3.58827E-02, -3.50660E-02, -3.40340E-02, -3.27475E-02, -3.11603E-02, -2.92171E-02, -2.68524E-02, -2.39883E-02, -2.05319E-02,NA,NA,NA,NA,NA,NA,NA,NA,NA,NA,NA,NA,NA,NA,NA,NA,NA,NA,NA,NA,NA,NA,NA,NA,NA,NA,NA,NA,NA,NA,NA,NA,NA,NA,NA,NA,NA,NA,NA,NA,NA,NA,NA,NA,NA,NA,NA,NA,NA,NA,NA,NA,NA,NA,NA, -1.31328E-01, -1.25359E-01, -1.19882E-01, -1.14841E-01, -1.10189E-01, -1.05884E-01, -1.01890E-01, -9.81768E-02, -9.47160E-02, -9.14838E-02, -8.84589E-02, -8.56226E-02, -8.29582E-02,
 -3.71185E-02, -3.67415E-02, -3.62295E-02, -3.55585E-02, -3.47000E-02, -3.36204E-02, -3.22800E-02, -3.06316E-02, -2.86195E-02, -2.61774E-02, -2.32268E-02, -1.96750E-02, -1.54124E-02,NA,NA,NA,NA,NA,NA,NA,NA,NA,NA,NA,NA,NA,NA,NA,NA,NA,NA,NA,NA,NA,NA,NA,NA,NA,NA,NA,NA,NA,NA,NA,NA,NA,NA,NA,NA,NA,NA,NA,NA,NA,NA,NA,NA,NA,NA,NA,NA,NA,NA,NA,NA,NA,NA, -1.31552E-01, -1.25558E-01, -1.20060E-01, -1.15000E-01, -1.10332E-01, -1.06013E-01, -1.02008E-01, -9.82837E-02, -9.48135E-02, -9.15730E-02, -8.85407E-02, -8.56978E-02, -8.30275E-02,
 -3.69864E-02, -3.65964E-02, -3.60700E-02, -3.53831E-02, -3.45072E-02, -3.34087E-02, -3.20477E-02, -3.03772E-02, -2.83415E-02, -2.58747E-02, -2.28987E-02, -1.93216E-02,NA,NA,NA,NA,NA,NA,NA,NA,NA,NA,NA,NA,NA,NA,NA,NA,NA,NA,NA,NA,NA,NA,NA,NA,NA,NA,NA,NA,NA,NA,NA,NA,NA,NA,NA,NA,NA,NA,NA,NA,NA,NA,NA,NA,NA,NA,NA,NA,NA,NA,NA,NA,NA,NA,NA, -1.31413E-01, -1.25441E-01, -1.19960E-01, -1.14916E-01, -1.10260E-01, -1.05952E-01, -1.01955E-01, -9.82384E-02, -9.47745E-02, -9.15393E-02, -8.85115E-02, -8.56725E-02, -8.30056E-02,
 -3.69498E-02, -3.65620E-02, -3.60391E-02, -3.53573E-02, -3.44884E-02, -3.33993E-02, -3.20509E-02, -3.03970E-02, -2.83827E-02, -2.59432E-02, -2.30020E-02, -1.94684E-02,NA,NA,NA,NA,NA,NA,NA,NA,NA,NA,NA,NA,NA,NA,NA,NA,NA,NA,NA,NA,NA,NA,NA,NA,NA,NA,NA,NA,NA,NA,NA,NA,NA,NA,NA,NA,NA,NA,NA,NA,NA,NA,NA,NA,NA,NA,NA,NA,NA,NA,NA,NA,NA,NA,NA, -1.30915E-01, -1.25010E-01, -1.19586E-01, -1.14590E-01, -1.09974E-01, -1.05701E-01, -1.01733E-01, -9.80418E-02, -9.45997E-02, -9.13834E-02, -8.83721E-02, -8.55474E-02, -8.28930E-02,
 -3.70077E-02, -3.66373E-02, -3.61354E-02, -3.54791E-02, -3.46411E-02, -3.35895E-02, -3.22863E-02, -3.06868E-02, -2.87379E-02, -2.63770E-02, -2.35295E-02,NA,NA,NA,NA,NA,NA,NA,NA,NA,NA,NA,NA,NA,NA,NA,NA,NA,NA,NA,NA,NA,NA,NA,NA,NA,NA,NA,NA,NA,NA,NA,NA,NA,NA,NA,NA,NA,NA,NA,NA,NA,NA,NA,NA,NA,NA,NA,NA,NA,NA,NA,NA,NA,NA,NA,NA, -1.30070E-01, -1.24276E-01, -1.18945E-01, -1.14028E-01, -1.09480E-01, -1.05264E-01, -1.01346E-01, -9.76970E-02, -9.42918E-02, -9.11075E-02, -8.81241E-02, -8.53239E-02, -8.26910E-02,
 -3.71576E-02, -3.68191E-02, -3.63553E-02, -3.57443E-02, -3.49603E-02, -3.39730E-02, -3.27465E-02, -3.12381E-02, -2.93975E-02, -2.71649E-02, -2.44689E-02,NA,NA,NA,NA,NA,NA,NA,NA,NA,NA,NA,NA,NA,NA,NA,NA,NA,NA,NA,NA,NA,NA,NA,NA,NA,NA,NA,NA,NA,NA,NA,NA,NA,NA,NA,NA,NA,NA,NA,NA,NA,NA,NA,NA,NA,NA,NA,NA,NA,NA,NA,NA,NA,NA,NA,NA, -1.28896E-01, -1.23253E-01, -1.18050E-01, -1.13241E-01, -1.08785E-01, -1.04648E-01, -1.00798E-01, -9.72086E-02, -9.38546E-02, -9.07149E-02, -8.77705E-02, -8.50045E-02, -8.24016E-02,
 -3.73953E-02, -3.71026E-02, -3.66929E-02, -3.61460E-02, -3.54380E-02, -3.45406E-02, -3.34206E-02, -3.20384E-02, -3.03470E-02, -2.82905E-02, -2.58021E-02,NA,NA,NA,NA,NA,NA,NA,NA,NA,NA,NA,NA,NA,NA,NA,NA,NA,NA,NA,NA,NA,NA,NA,NA,NA,NA,NA,NA,NA,NA,NA,NA,NA,NA,NA,NA,NA,NA,NA,NA,NA,NA,NA,NA,NA,NA,NA,NA,NA,NA,NA,NA,NA,NA,NA,NA, -1.27418E-01, -1.21961E-01, -1.16916E-01, -1.12241E-01, -1.07901E-01, -1.03863E-01, -1.00099E-01, -9.65832E-02, -9.32937E-02, -9.02103E-02, -8.73152E-02, -8.45925E-02, -8.20279E-02,
 -3.77153E-02, -3.74811E-02, -3.71405E-02, -3.66751E-02, -3.60634E-02, -3.52798E-02, -3.42942E-02, -3.30709E-02, -3.15673E-02, -2.97324E-02,NA,NA,NA,NA,NA,NA,NA,NA,NA,NA,NA,NA,NA,NA,NA,NA,NA,NA,NA,NA,NA,NA,NA,NA,NA,NA,NA,NA,NA,NA,NA,NA,NA,NA,NA,NA,NA,NA,NA,NA,NA,NA,NA,NA,NA,NA,NA,NA,NA,NA,NA,NA,NA,NA,NA,NA,NA, -1.25665E-01, -1.20424E-01, -1.15563E-01, -1.11046E-01, -1.06841E-01, -1.02920E-01, -9.92566E-02, -9.58287E-02, -9.26157E-02, -8.95993E-02, -8.67630E-02, -8.40921E-02, -8.15732E-02,
 -3.81105E-02, -3.79466E-02, -3.76886E-02, -3.73205E-02, -3.68234E-02, -3.61751E-02, -3.53494E-02, -3.43149E-02, -3.30344E-02, -3.14633E-02,NA,NA,NA,NA,NA,NA,NA,NA,NA,NA,NA,NA,NA,NA,NA,NA,NA,NA,NA,NA,NA,NA,NA,NA,NA,NA,NA,NA,NA,NA,NA,NA,NA,NA,NA,NA,NA,NA,NA,NA,NA,NA,NA,NA,NA,NA,NA,NA,NA,NA,NA,NA,NA,NA,NA,NA,NA, -1.23668E-01, -1.18668E-01, -1.14013E-01, -1.09673E-01, -1.05621E-01, -1.01831E-01, -9.82825E-02, -9.49544E-02, -9.18286E-02, -8.88887E-02, -8.61198E-02, -8.35083E-02, -8.10420E-02,
 -3.85729E-02, -3.84893E-02, -3.83258E-02, -3.80687E-02, -3.77025E-02, -3.72084E-02, -3.65648E-02, -3.57455E-02, -3.47196E-02, -3.34500E-02,NA,NA,NA,NA,NA,NA,NA,NA,NA,NA,NA,NA,NA,NA,NA,NA,NA,NA,NA,NA,NA,NA,NA,NA,NA,NA,NA,NA,NA,NA,NA,NA,NA,NA,NA,NA,NA,NA,NA,NA,NA,NA,NA,NA,NA,NA,NA,NA,NA,NA,NA,NA,NA,NA,NA,NA, -1.26538E-01, -1.21463E-01, -1.16723E-01, -1.12291E-01, -1.08143E-01, -1.04256E-01, -1.00611E-01, -9.71885E-02, -9.39704E-02, -9.09411E-02, -8.80860E-02, -8.53918E-02, -8.28465E-02, -8.04390E-02,
 -3.90933E-02, -3.90987E-02, -3.90395E-02, -3.89050E-02, -3.86831E-02, -3.83591E-02, -3.79162E-02, -3.73344E-02, -3.65897E-02, -3.56537E-02,NA,NA,NA,NA,NA,NA,NA,NA,NA,NA,NA,NA,NA,NA,NA,NA,NA,NA,NA,NA,NA,NA,NA,NA,NA,NA,NA,NA,NA,NA,NA,NA,NA,NA,NA,NA,NA,NA,NA,NA,NA,NA,NA,NA,NA,NA,NA,NA,NA,NA,NA,NA,NA,NA,NA,NA, -1.23845E-01, -1.19087E-01, -1.14618E-01, -1.10421E-01, -1.06476E-01, -1.02767E-01, -9.92758E-02, -9.59877E-02, -9.28878E-02, -8.99625E-02, -8.71991E-02, -8.45861E-02, -8.21128E-02, -7.97693E-02,
 -3.96615E-02, -3.97627E-02, -3.98157E-02, -3.98130E-02, -3.97459E-02, -3.96043E-02, -3.93768E-02, -3.90498E-02, -3.86073E-02, -3.80303E-02,NA,NA,NA,NA,NA,NA,NA,NA,NA,NA,NA,NA,NA,NA,NA,NA,NA,NA,NA,NA,NA,NA,NA,NA,NA,NA,NA,NA,NA,NA,NA,NA,NA,NA,NA,NA,NA,NA,NA,NA,NA,NA,NA,NA,NA,NA,NA,NA,NA,NA,NA,NA,NA,NA,NA,NA, -1.21011E-01, -1.16574E-01, -1.12384E-01, -1.08428E-01, -1.04695E-01, -1.01169E-01, -9.78398E-02, -9.46933E-02, -9.17180E-02, -8.89026E-02, -8.62366E-02, -8.37100E-02, -8.13136E-02, -7.90386E-02,
 -4.02669E-02, -4.04688E-02, -4.06397E-02, -4.07751E-02, -4.08702E-02, -4.09197E-02, -4.09177E-02, -4.08574E-02, -4.07314E-02, -4.05311E-02,NA,NA,NA,NA,NA,NA,NA,NA,NA,NA,NA,NA,NA,NA,NA,NA,NA,NA,NA,NA,NA,NA,NA,NA,NA,NA,NA,NA,NA,NA,NA,NA,NA,NA,NA,NA,NA,NA,NA,NA,NA,NA,NA,NA,NA,NA,NA,NA,NA,NA,NA,NA,NA,NA,NA, -1.22401E-01, -1.18075E-01, -1.13960E-01, -1.10050E-01, -1.06340E-01, -1.02820E-01, -9.94833E-02, -9.63192E-02, -9.33188E-02, -9.04726E-02, -8.77717E-02, -8.52073E-02, -8.27711E-02, -8.04554E-02, -7.82525E-02,
 -4.08984E-02, -4.12040E-02, -4.14960E-02, -4.17732E-02, -4.20347E-02, -4.22798E-02, -4.25084E-02, -4.27209E-02, -4.29186E-02,NA,NA,NA,NA,NA,NA,NA,NA,NA,NA,NA,NA,NA,NA,NA,NA,NA,NA,NA,NA,NA,NA,NA,NA,NA,NA,NA,NA,NA,NA,NA,NA,NA,NA,NA,NA,NA,NA,NA,NA,NA,NA,NA,NA,NA,NA,NA,NA,NA,NA,NA,NA,NA,NA,NA,NA, -1.19042E-01, -1.15077E-01, -1.11277E-01, -1.07644E-01, -1.04178E-01, -1.00873E-01, -9.77260E-02, -9.47296E-02, -9.18777E-02, -8.91634E-02, -8.65797E-02, -8.41199E-02, -8.17771E-02, -7.95449E-02, -7.74171E-02,
 -4.15447E-02, -4.19551E-02, -4.23691E-02, -4.27890E-02, -4.32174E-02, -4.36586E-02, -4.41181E-02, -4.46033E-02, -4.51244E-02, -4.56946E-02,NA,NA,NA,NA,NA,NA,NA,NA,NA,NA,NA,NA,NA,NA,NA,NA,NA,NA,NA,NA,NA,NA,NA,NA,NA,NA,NA,NA,NA,NA,NA,NA,NA,NA,NA,NA,NA,NA,NA,NA,NA,NA,NA,NA,NA,NA,NA,NA,NA,NA,NA,NA,NA,NA, -1.19406E-01, -1.15670E-01, -1.12050E-01, -1.08556E-01, -1.05194E-01, -1.01966E-01, -9.88741E-02, -9.59149E-02, -9.30859E-02, -9.03830E-02, -8.78016E-02, -8.53367E-02, -8.29832E-02, -8.07357E-02, -7.85890E-02, -7.65382E-02,
 -4.21946E-02, -4.27088E-02, -4.32436E-02, -4.38040E-02, -4.43968E-02, -4.50304E-02, -4.57160E-02, -4.64677E-02, -4.73041E-02, -4.82490E-02,NA,NA,NA,NA,NA,NA,NA,NA,NA,NA,NA,NA,NA,NA,NA,NA,NA,NA,NA,NA,NA,NA,NA,NA,NA,NA,NA,NA,NA,NA,NA,NA,NA,NA,NA,NA,NA,NA,NA,NA,NA,NA,NA,NA,NA,NA,NA,NA,NA,NA,NA,NA,NA,NA, -1.15688E-01, -1.12319E-01, -1.09026E-01, -1.05823E-01, -1.02721E-01, -9.97258E-02, -9.68405E-02, -9.40661E-02, -9.14023E-02, -8.88473E-02, -8.63984E-02, -8.40523E-02, -8.18056E-02, -7.96543E-02, -7.75943E-02, -7.56216E-02,
 -4.28372E-02, -4.34524E-02, -4.41044E-02, -4.48009E-02, -4.55521E-02, -4.63706E-02, -4.72726E-02, -4.82786E-02, -4.94149E-02, -5.07150E-02,NA,NA,NA,NA,NA,NA,NA,NA,NA,NA,NA,NA,NA,NA,NA,NA,NA,NA,NA,NA,NA,NA,NA,NA,NA,NA,NA,NA,NA,NA,NA,NA,NA,NA,NA,NA,NA,NA,NA,NA,NA,NA,NA,NA,NA,NA,NA,NA,NA,NA,NA,NA,NA, -1.15098E-01, -1.12049E-01, -1.09019E-01, -1.06031E-01, -1.03103E-01, -1.00248E-01, -9.74751E-02, -9.47894E-02, -9.21945E-02, -8.96920E-02, -8.72821E-02, -8.49639E-02, -8.27358E-02, -8.05954E-02, -7.85402E-02, -7.65671E-02, -7.46733E-02,
 -4.34622E-02, -4.41740E-02, -4.49374E-02, -4.57629E-02, -4.66637E-02, -4.76560E-02, -4.87605E-02, -5.00032E-02, -5.14171E-02, -5.30442E-02,NA,NA,NA,NA,NA,NA,NA,NA,NA,NA,NA,NA,NA,NA,NA,NA,NA,NA,NA,NA,NA,NA,NA,NA,NA,NA,NA,NA,NA,NA,NA,NA,NA,NA,NA,NA,NA,NA,NA,NA,NA,NA,NA,NA,NA,NA,NA,NA,NA,NA,NA,NA,NA, -1.11222E-01, -1.08513E-01, -1.05793E-01, -1.03087E-01, -1.00416E-01, -9.77934E-02, -9.52309E-02, -9.27358E-02, -9.03134E-02, -8.79669E-02, -8.56983E-02, -8.35080E-02, -8.13956E-02, -7.93603E-02, -7.74003E-02, -7.55138E-02, -7.36986E-02,
 -4.40601E-02, -4.48624E-02, -4.57299E-02, -4.66752E-02, -4.77140E-02, -4.88658E-02, -5.01550E-02, -5.16121E-02, -5.32756E-02, -5.51944E-02,NA,NA,NA,NA,NA,NA,NA,NA,NA,NA,NA,NA,NA,NA,NA,NA,NA,NA,NA,NA,NA,NA,NA,NA,NA,NA,NA,NA,NA,NA,NA,NA,NA,NA,NA,NA,NA,NA,NA,NA,NA,NA,NA,NA,NA,NA,NA,NA,NA,NA,NA,NA, -1.09846E-01, -1.07505E-01, -1.05099E-01, -1.02659E-01, -1.00212E-01, -9.77774E-02, -9.53719E-02, -9.30073E-02, -9.06927E-02, -8.84348E-02, -8.62381E-02, -8.41057E-02, -8.20394E-02, -8.00399E-02, -7.81074E-02, -7.62411E-02, -7.44401E-02, -7.27028E-02,
 -4.46222E-02, -4.55078E-02, -4.64703E-02, -4.75243E-02, -4.86876E-02, -4.99821E-02, -5.14351E-02, -5.30806E-02, -5.49612E-02, -5.71305E-02,NA,NA,NA,NA,NA,NA,NA,NA,NA,NA,NA,NA,NA,NA,NA,NA,NA,NA,NA,NA,NA,NA,NA,NA,NA,NA,NA,NA,NA,NA,NA,NA,NA,NA,NA,NA,NA,NA,NA,NA,NA,NA,NA,NA,NA,NA,NA,NA,NA,NA,NA, -1.07954E-01, -1.06016E-01, -1.03959E-01, -1.01821E-01, -9.96320E-02, -9.74188E-02, -9.52015E-02, -9.29965E-02, -9.08164E-02, -8.86714E-02, -8.65690E-02, -8.45149E-02, -8.25130E-02, -8.05661E-02, -7.86760E-02, -7.68435E-02, -7.50687E-02, -7.33515E-02, -7.16910E-02,
 -4.51411E-02, -4.61016E-02, -4.71490E-02, -4.82993E-02, -4.95717E-02, -5.09902E-02, -5.25839E-02, -5.43891E-02, -5.64510E-02, -5.88261E-02, -6.15858E-02,NA,NA,NA,NA,NA,NA,NA,NA,NA,NA,NA,NA,NA,NA,NA,NA,NA,NA,NA,NA,NA,NA,NA,NA,NA,NA,NA,NA,NA,NA,NA,NA,NA,NA,NA,NA,NA,NA,NA,NA,NA,NA,NA,NA,NA,NA,NA,NA,NA, -1.05606E-01, -1.04088E-01, -1.02402E-01, -1.00590E-01, -9.86863E-02, -9.67211E-02, -9.47185E-02, -9.26984E-02, -9.06773E-02, -8.86681E-02, -8.66813E-02, -8.47250E-02, -8.28056E-02, -8.09279E-02, -7.90954E-02, -7.73103E-02, -7.55745E-02, -7.38886E-02, -7.22531E-02, -7.06678E-02,
 -4.56105E-02, -4.66366E-02, -4.77579E-02, -4.89910E-02, -5.03563E-02, -5.18787E-02, -5.35886E-02, -5.55234E-02, -5.77293E-02, -6.02639E-02, -6.31989E-02,NA,NA,NA,NA,NA,NA,NA,NA,NA,NA,NA,NA,NA,NA,NA,NA,NA,NA,NA,NA,NA,NA,NA,NA,NA,NA,NA,NA,NA,NA,NA,NA,NA,NA,NA,NA,NA,NA,NA,NA,NA,NA,NA,NA,NA,NA,NA,NA, -1.02888E-01, -1.01786E-01, -1.00477E-01, -9.90018E-02, -9.73991E-02, -9.57002E-02, -9.39321E-02, -9.21175E-02, -9.02756E-02, -8.84221E-02, -8.65700E-02, -8.47298E-02, -8.29100E-02, -8.11174E-02, -7.93571E-02, -7.76333E-02, -7.59488E-02, -7.43058E-02, -7.27058E-02, -7.11495E-02, -6.96374E-02,
 -4.60254E-02, -4.71075E-02, -4.82909E-02, -4.95929E-02, -5.10341E-02, -5.26400E-02, -5.44412E-02, -5.64751E-02, -5.87877E-02, -6.14354E-02, -6.44885E-02, -6.80342E-02,NA,NA,NA,NA,NA,NA,NA,NA,NA,NA,NA,NA,NA,NA,NA,NA,NA,NA,NA,NA,NA,NA,NA,NA,NA,NA,NA,NA,NA,NA,NA,NA,NA,NA,NA,NA,NA,NA,NA,NA,NA,NA,NA,NA,NA,NA, -9.99092E-02, -9.91970E-02, -9.82502E-02, -9.71090E-02, -9.58100E-02, -9.43853E-02, -9.28630E-02, -9.12676E-02, -8.96200E-02, -8.79379E-02, -8.62364E-02, -8.45280E-02, -8.28231E-02, -8.11301E-02, -7.94559E-02, -7.78062E-02, -7.61853E-02, -7.45964E-02, -7.30423E-02, -7.15247E-02, -7.00449E-02, -6.86036E-02,
 -4.63820E-02, -4.75102E-02, -4.87440E-02, -5.01006E-02, -5.16009E-02, -5.32699E-02, -5.51378E-02, -5.72410E-02, -5.96239E-02, -6.23408E-02, -6.54579E-02, -6.90569E-02,NA,NA,NA,NA,NA,NA,NA,NA,NA,NA,NA,NA,NA,NA,NA,NA,NA,NA,NA,NA,NA,NA,NA,NA,NA,NA,NA,NA,NA,NA,NA,NA,NA,NA,NA,NA,NA,NA,NA,NA,NA,NA,NA,NA,NA, -9.67903E-02, -9.64214E-02, -9.58054E-02, -9.49778E-02, -9.39717E-02, -9.28176E-02, -9.15430E-02, -9.01725E-02, -8.87278E-02, -8.72276E-02, -8.56884E-02, -8.41240E-02, -8.25464E-02, -8.09656E-02, -7.93898E-02, -7.78260E-02, -7.62798E-02, -7.47558E-02, -7.32577E-02, -7.17881E-02, -7.03493E-02, -6.89430E-02, -6.75701E-02,
 -4.66779E-02, -4.78423E-02, -4.91147E-02, -5.05121E-02, -5.20549E-02, -5.37673E-02, -5.56783E-02, -5.78227E-02, -6.02423E-02, -6.29876E-02, -6.61197E-02, -6.97127E-02, -7.38570E-02,NA,NA,NA,NA,NA,NA,NA,NA,NA,NA,NA,NA,NA,NA,NA,NA,NA,NA,NA,NA,NA,NA,NA,NA,NA,NA,NA,NA,NA,NA,NA,NA,NA,NA,NA,NA,NA,NA,NA,NA,NA,NA,NA, -9.36592E-02, -9.35685E-02, -9.32348E-02, -9.26854E-02, -9.19480E-02, -9.10490E-02, -9.00137E-02, -8.88652E-02, -8.76244E-02, -8.63105E-02, -8.49401E-02, -8.35279E-02, -8.20868E-02, -8.06279E-02, -7.91605E-02, -7.76927E-02, -7.62313E-02, -7.47817E-02, -7.33488E-02, -7.19361E-02, -7.05468E-02, -6.91832E-02, -6.78471E-02, -6.65399E-02,
 -4.69117E-02, -4.81027E-02, -4.94024E-02, -5.08272E-02, -5.23967E-02, -5.41340E-02, -5.60663E-02, -5.82261E-02, -6.06518E-02, -6.33895E-02, -6.64938E-02, -7.00304E-02, -7.40776E-02,NA,NA,NA,NA,NA,NA,NA,NA,NA,NA,NA,NA,NA,NA,NA,NA,NA,NA,NA,NA,NA,NA,NA,NA,NA,NA,NA,NA,NA,NA,NA,NA,NA,NA,NA,NA,NA,NA,NA,NA,NA, -9.02927E-02, -9.06387E-02, -9.07481E-02, -9.06342E-02, -9.03148E-02, -8.98094E-02, -8.91390E-02, -8.83245E-02, -8.73861E-02, -8.63429E-02, -8.52128E-02, -8.40121E-02, -8.27556E-02, -8.14562E-02, -8.01256E-02, -7.87739E-02, -7.74100E-02, -7.60414E-02, -7.46745E-02, -7.33149E-02, -7.19671E-02, -7.06348E-02, -6.93213E-02, -6.80291E-02, -6.67600E-02, -6.55158E-02,
 -4.70834E-02, -4.82917E-02, -4.96079E-02, -5.10477E-02, -5.26294E-02, -5.43746E-02, -5.63085E-02, -5.84606E-02, -6.08657E-02, -6.35647E-02, -6.66056E-02, -7.00447E-02, -7.39482E-02, -7.83933E-02,NA,NA,NA,NA,NA,NA,NA,NA,NA,NA,NA,NA,NA,NA,NA,NA,NA,NA,NA,NA,NA,NA,NA,NA,NA,NA,NA,NA,NA,NA,NA,NA,NA,NA,NA,NA,NA,NA, -8.68306E-02, -8.74239E-02, -8.78369E-02, -8.80611E-02, -8.80962E-02, -8.79487E-02, -8.76291E-02, -8.71511E-02, -8.65299E-02, -8.57814E-02, -8.49218E-02, -8.39666E-02, -8.29307E-02, -8.18280E-02, -8.06711E-02, -7.94716E-02, -7.82399E-02, -7.69850E-02, -7.57152E-02, -7.44374E-02, -7.31578E-02, -7.18815E-02, -7.06131E-02, -6.93564E-02, -6.81143E-02, -6.68896E-02, -6.56843E-02, -6.45001E-02,
 -4.71937E-02, -4.84106E-02, -4.97334E-02, -5.11767E-02, -5.27575E-02, -5.44955E-02, -5.64136E-02, -5.85382E-02, -6.09001E-02, -6.35349E-02, -6.64837E-02, -6.97938E-02, -7.35194E-02, -7.77221E-02, -8.24714E-02,NA,NA,NA,NA,NA,NA,NA,NA,NA,NA,NA,NA,NA,NA,NA,NA,NA,NA,NA,NA,NA,NA,NA,NA,NA,NA,NA,NA,NA,NA,NA,NA,NA,NA,NA, -8.38995E-02, -8.44623E-02, -8.49539E-02, -8.53384E-02, -8.55922E-02, -8.57024E-02, -8.56638E-02, -8.54773E-02, -8.51485E-02, -8.46859E-02, -8.41002E-02, -8.34034E-02, -8.26079E-02, -8.17262E-02, -8.07705E-02, -7.97524E-02, -7.86829E-02, -7.75718E-02, -7.64283E-02, -7.52607E-02, -7.40763E-02, -7.28816E-02, -7.16822E-02, -7.04832E-02, -6.92888E-02, -6.81026E-02, -6.69277E-02, -6.57668E-02, -6.46219E-02, -6.34950E-02,
 -4.72443E-02, -4.84620E-02, -4.97823E-02, -5.12188E-02, -5.27870E-02, -5.45046E-02, -5.63920E-02, -5.84726E-02, -6.07730E-02, -6.33234E-02, -6.61584E-02, -6.93166E-02, -7.28413E-02, -7.67802E-02, -8.11850E-02, -8.61102E-02,NA,NA,NA,NA,NA,NA,NA,NA,NA,NA,NA,NA,NA,NA,NA,NA,NA,NA,NA,NA,NA,NA,NA,NA,NA,NA,NA,NA,NA,NA,NA, -8.20667E-02, -8.21208E-02, -8.23313E-02, -8.26199E-02, -8.29246E-02, -8.31974E-02, -8.34033E-02, -8.35176E-02, -8.35248E-02, -8.34165E-02, -8.31898E-02, -8.28465E-02, -8.23912E-02, -8.18311E-02, -8.11748E-02, -8.04317E-02, -7.96115E-02, -7.87243E-02, -7.77795E-02, -7.67864E-02, -7.57535E-02, -7.46890E-02, -7.35999E-02, -7.24930E-02, -7.13742E-02, -7.02486E-02, -6.91209E-02, -6.79952E-02, -6.68750E-02, -6.57631E-02, -6.46623E-02, -6.35747E-02, -6.25021E-02,
 -4.72377E-02, -4.84489E-02, -4.97588E-02, -5.11795E-02, -5.27250E-02, -5.44111E-02, -5.62556E-02, -5.82787E-02, -6.05031E-02, -6.29541E-02, -6.56598E-02, -6.86512E-02, -7.19618E-02, -7.56274E-02, -7.96846E-02, -8.41701E-02, -8.91175E-02,NA,NA,NA,NA,NA,NA,NA,NA,NA,NA,NA,NA,NA,NA,NA,NA,NA,NA,NA,NA,NA,NA,NA,NA,NA,NA,NA,NA, -8.27014E-02, -8.19397E-02, -8.15070E-02, -8.13127E-02, -8.12782E-02, -8.13371E-02, -8.14350E-02, -8.15287E-02, -8.15851E-02, -8.15800E-02, -8.14969E-02, -8.13252E-02, -8.10599E-02, -8.06999E-02, -8.02469E-02, -7.97053E-02, -7.90810E-02, -7.83809E-02, -7.76126E-02, -7.67840E-02, -7.59028E-02, -7.49769E-02, -7.40134E-02, -7.30193E-02, -7.20011E-02, -7.09645E-02, -6.99149E-02, -6.88571E-02, -6.77953E-02, -6.67334E-02, -6.56746E-02, -6.46218E-02, -6.35776E-02, -6.25440E-02, -6.15229E-02,
 -4.71767E-02, -4.83752E-02, -4.96676E-02, -5.10648E-02, -5.25792E-02, -5.42246E-02, -5.60164E-02, -5.79717E-02, -6.01095E-02, -6.24505E-02, -6.50172E-02, -6.78336E-02, -7.09250E-02, -7.43168E-02, -7.80341E-02, -8.20994E-02, -8.65305E-02, -9.13368E-02,NA,NA,NA,NA,NA,NA,NA,NA,NA,NA,NA,NA,NA,NA,NA,NA,NA,NA,NA,NA,NA,NA,NA,NA,NA,NA, -8.34540E-02, -8.22081E-02, -8.13295E-02, -8.07409E-02, -8.03709E-02, -8.01553E-02, -8.00387E-02, -7.99744E-02, -7.99242E-02, -7.98582E-02, -7.97532E-02, -7.95928E-02, -7.93657E-02, -7.90653E-02, -7.86884E-02, -7.82349E-02, -7.77071E-02, -7.71085E-02, -7.64443E-02, -7.57200E-02, -7.49418E-02, -7.41162E-02, -7.32493E-02, -7.23475E-02, -7.14166E-02, -7.04621E-02, -6.94893E-02, -6.85029E-02, -6.75073E-02, -6.65064E-02, -6.55036E-02, -6.45021E-02, -6.35046E-02, -6.25136E-02, -6.15310E-02, -6.05587E-02,
 -4.70648E-02, -4.82451E-02, -4.95141E-02, -5.08814E-02, -5.23578E-02, -5.39552E-02, -5.56867E-02, -5.75667E-02, -5.96106E-02, -6.18351E-02, -6.42576E-02, -6.68964E-02, -6.97696E-02, -7.28946E-02, -7.62871E-02, -7.99591E-02, -8.39171E-02, -8.81589E-02, -9.26702E-02,NA,NA,NA,NA,NA,NA,NA,NA,NA,NA,NA,NA,NA,NA,NA,NA,NA,NA,NA,NA,NA,NA,NA,NA, -8.42755E-02, -8.26635E-02, -8.14192E-02, -8.04843E-02, -7.98004E-02, -7.93116E-02, -7.89664E-02, -7.87192E-02, -7.85305E-02, -7.83675E-02, -7.82033E-02, -7.80168E-02, -7.77921E-02, -7.75179E-02, -7.71868E-02, -7.67946E-02, -7.63396E-02, -7.58224E-02, -7.52451E-02, -7.46111E-02, -7.39246E-02, -7.31904E-02, -7.24133E-02, -7.15988E-02, -7.07519E-02, -6.98776E-02, -6.89808E-02, -6.80659E-02, -6.71373E-02, -6.61988E-02, -6.52540E-02, -6.43061E-02, -6.33579E-02, -6.24122E-02, -6.14710E-02, -6.05365E-02, -5.96103E-02,
 -4.69057E-02, -4.80632E-02, -4.93038E-02, -5.06360E-02, -5.20690E-02, -5.36129E-02, -5.52788E-02, -5.70783E-02, -5.90239E-02, -6.11286E-02, -6.34057E-02, -6.58685E-02, -6.85293E-02, -7.13993E-02, -7.44869E-02, -7.77967E-02, -8.13273E-02, -8.50692E-02, -8.90024E-02, -9.30925E-02, -9.72885E-02,NA,NA,NA,NA,NA,NA,NA,NA,NA,NA,NA,NA,NA,NA,NA,NA,NA,NA,NA,NA, -8.71526E-02, -8.49493E-02, -8.31092E-02, -8.16047E-02, -8.03993E-02, -7.94513E-02, -7.87170E-02, -7.81532E-02, -7.77193E-02, -7.73781E-02, -7.70968E-02, -7.68473E-02, -7.66063E-02, -7.63549E-02, -7.60782E-02, -7.57655E-02, -7.54088E-02, -7.50035E-02, -7.45471E-02, -7.40388E-02, -7.34797E-02, -7.28719E-02, -7.22182E-02, -7.15224E-02, -7.07884E-02, -7.00204E-02, -6.92226E-02, -6.83993E-02, -6.75546E-02, -6.66926E-02, -6.58168E-02, -6.49308E-02, -6.40378E-02, -6.31407E-02, -6.22422E-02, -6.13447E-02, -6.04504E-02, -5.95611E-02, -5.86785E-02,
 -4.67033E-02, -4.78343E-02, -4.90425E-02, -5.03355E-02, -5.17209E-02, -5.32075E-02, -5.48040E-02, -5.65201E-02, -5.83654E-02, -6.03499E-02, -6.24834E-02, -6.47749E-02, -6.72325E-02, -6.98624E-02, -7.26678E-02, -7.56478E-02, -7.87963E-02, -8.20996E-02, -8.55348E-02, -8.90679E-02, -9.26515E-02, -9.62236E-02, -9.97069E-02,NA,NA,NA,NA,NA,NA,NA,NA,NA,NA,NA,NA,NA,NA,NA,NA, -9.00071E-02, -8.75223E-02, -8.53092E-02, -8.33799E-02, -8.17309E-02, -8.03468E-02, -7.92037E-02, -7.82722E-02, -7.75201E-02, -7.69147E-02, -7.64239E-02, -7.60180E-02, -7.56701E-02, -7.53566E-02, -7.50573E-02, -7.47557E-02, -7.44383E-02, -7.40950E-02, -7.37181E-02, -7.33027E-02, -7.28457E-02, -7.23456E-02, -7.18026E-02, -7.12178E-02, -7.05932E-02, -6.99315E-02, -6.92357E-02, -6.85093E-02, -6.77557E-02, -6.69785E-02, -6.61812E-02, -6.53672E-02, -6.45398E-02, -6.37021E-02, -6.28570E-02, -6.20071E-02, -6.11548E-02, -6.03025E-02, -5.94520E-02, -5.86053E-02,NA,
 -4.64617E-02, -4.75629E-02, -4.87358E-02, -4.99864E-02, -5.13215E-02, -5.27480E-02, -5.42733E-02, -5.59046E-02, -5.76497E-02, -5.95157E-02, -6.15095E-02, -6.36370E-02, -6.59028E-02, -6.83093E-02, -7.08560E-02, -7.35388E-02, -7.63482E-02, -7.92687E-02, -8.22769E-02, -8.53407E-02, -8.84178E-02, -9.14551E-02, -9.43892E-02, -9.71474E-02, -9.96503E-02, -1.01817E-01, -1.03568E-01,NA,NA,NA,NA,NA,NA,NA,NA,NA, -9.44160E-02, -9.19778E-02, -8.95985E-02, -8.73403E-02, -8.52493E-02, -8.33553E-02, -8.16733E-02, -8.02061E-02, -7.89461E-02, -7.78785E-02, -7.69830E-02, -7.62364E-02, -7.56139E-02, -7.50909E-02, -7.46436E-02, -7.42502E-02, -7.38911E-02, -7.35492E-02, -7.32102E-02, -7.28622E-02, -7.24958E-02, -7.21039E-02, -7.16815E-02, -7.12252E-02, -7.07332E-02, -7.02050E-02, -6.96410E-02, -6.90425E-02, -6.84114E-02, -6.77500E-02, -6.70611E-02, -6.63474E-02, -6.56120E-02, -6.48578E-02, -6.40878E-02, -6.33049E-02, -6.25117E-02, -6.17108E-02, -6.09047E-02, -6.00955E-02, -5.92853E-02, -5.84761E-02,NA,NA,
 -4.61847E-02, -4.72539E-02, -4.83890E-02, -4.95953E-02, -5.08782E-02, -5.22433E-02, -5.36965E-02, -5.52434E-02, -5.68897E-02, -5.86405E-02, -6.05003E-02, -6.24725E-02, -6.45590E-02, -6.67596E-02, -6.90713E-02, -7.14877E-02, -7.39978E-02, -7.65856E-02, -7.92286E-02, -8.18972E-02, -8.45547E-02, -8.71562E-02, -8.96500E-02, -9.19785E-02, -9.40804E-02, -9.58943E-02, -9.73628E-02, -9.84370E-02, -9.90814E-02, -9.92776E-02, -9.90274E-02, -9.83527E-02, -9.72950E-02, -9.59117E-02, -9.42711E-02, -9.24475E-02, -9.05153E-02, -8.85447E-02, -8.65973E-02, -8.47243E-02, -8.29649E-02, -8.13463E-02, -7.98846E-02, -7.85858E-02, -7.74478E-02, -7.64619E-02, -7.56146E-02, -7.48893E-02, -7.42678E-02, -7.37310E-02, -7.32603E-02, -7.28383E-02, -7.24487E-02, -7.20774E-02, -7.17120E-02, -7.13421E-02, -7.09594E-02, -7.05573E-02, -7.01310E-02, -6.96772E-02, -6.91936E-02, -6.86795E-02, -6.81347E-02, -6.75600E-02, -6.69566E-02, -6.63264E-02, -6.56715E-02, -6.49942E-02, -6.42968E-02, -6.35821E-02, -6.28524E-02, -6.21103E-02, -6.13582E-02, -6.05983E-02, -5.98328E-02, -5.90638E-02, -5.82931E-02,NA,NA,NA,
 -4.58762E-02, -4.69117E-02, -4.80076E-02, -4.91682E-02, -5.03979E-02, -5.17012E-02, -5.30827E-02, -5.45466E-02, -5.60969E-02, -5.77369E-02, -5.94695E-02, -6.12959E-02, -6.32162E-02, -6.52283E-02, -6.73277E-02, -6.95066E-02, -7.17536E-02, -7.40529E-02, -7.63835E-02, -7.87192E-02, -8.10282E-02, -8.32730E-02, -8.54115E-02, -8.73980E-02, -8.91851E-02, -9.07260E-02, -9.19782E-02, -9.29060E-02, -9.34842E-02, -9.37005E-02, -9.35570E-02, -9.30710E-02, -9.22736E-02, -9.12078E-02, -8.99251E-02, -8.84815E-02, -8.69342E-02, -8.53375E-02, -8.37407E-02, -8.21853E-02, -8.07044E-02, -7.93224E-02, -7.80548E-02, -7.69095E-02, -7.58876E-02, -7.49848E-02, -7.41925E-02, -7.34990E-02, -7.28910E-02, -7.23542E-02, -7.18741E-02, -7.14367E-02, -7.10289E-02, -7.06388E-02, -7.02562E-02, -6.98720E-02, -6.94790E-02, -6.90711E-02, -6.86440E-02, -6.81943E-02, -6.77198E-02, -6.72194E-02, -6.66926E-02, -6.61399E-02, -6.55621E-02, -6.49604E-02, -6.43366E-02, -6.36924E-02, -6.30300E-02, -6.23514E-02, -6.16589E-02, -6.09545E-02, -6.02403E-02, -5.95184E-02, -5.87908E-02, -5.80593E-02,NA,NA,NA,NA,
 -4.55402E-02, -4.65408E-02, -4.75964E-02, -4.87106E-02, -4.98870E-02, -5.11290E-02, -5.24400E-02, -5.38230E-02, -5.52809E-02, -5.68155E-02, -5.84281E-02, -6.01188E-02, -6.18860E-02, -6.37266E-02, -6.56350E-02, -6.76030E-02, -6.96191E-02, -7.16683E-02, -7.37318E-02, -7.57864E-02, -7.78049E-02, -7.97562E-02, -8.16060E-02, -8.33180E-02, -8.48551E-02, -8.61818E-02, -8.72659E-02, -8.80813E-02, -8.86096E-02, -8.88424E-02, -8.87822E-02, -8.84425E-02, -8.78469E-02, -8.70281E-02, -8.60252E-02, -8.48809E-02, -8.36394E-02, -8.23434E-02, -8.10318E-02, -7.97386E-02, -7.84917E-02, -7.73121E-02, -7.62145E-02, -7.52073E-02, -7.42938E-02, -7.34723E-02, -7.27378E-02, -7.20826E-02, -7.14968E-02, -7.09699E-02, -7.04907E-02, -7.00482E-02, -6.96317E-02, -6.92318E-02, -6.88395E-02, -6.84475E-02, -6.80492E-02, -6.76395E-02, -6.72142E-02, -6.67703E-02, -6.63056E-02, -6.58189E-02, -6.53094E-02, -6.47774E-02, -6.42232E-02, -6.36479E-02, -6.30527E-02, -6.24391E-02, -6.18088E-02, -6.11635E-02, -6.05052E-02, -5.98357E-02, -5.91567E-02, -5.84702E-02, -5.77778E-02, -5.70813E-02,NA,NA,NA,NA,
 -4.51801E-02, -4.61451E-02, -4.71601E-02, -4.82279E-02, -4.93513E-02, -5.05330E-02, -5.17754E-02, -5.30805E-02, -5.44501E-02, -5.58850E-02, -5.73855E-02, -5.89503E-02, -6.05773E-02, -6.22624E-02, -6.39996E-02, -6.57805E-02, -6.75942E-02, -6.94268E-02, -7.12615E-02, -7.30781E-02, -7.48534E-02, -7.65618E-02, -7.81753E-02, -7.96649E-02, -8.10016E-02, -8.21579E-02, -8.31094E-02, -8.38365E-02, -8.43260E-02, -8.45719E-02, -8.45767E-02, -8.43509E-02, -8.39129E-02, -8.32875E-02, -8.25048E-02, -8.15979E-02, -8.06009E-02, -7.95475E-02, -7.84689E-02, -7.73927E-02, -7.63421E-02, -7.53354E-02, -7.43858E-02, -7.35019E-02, -7.26878E-02, -7.19440E-02, -7.12678E-02, -7.06541E-02, -7.00962E-02, -6.95862E-02, -6.91155E-02, -6.86756E-02, -6.82582E-02, -6.78552E-02, -6.74596E-02, -6.70650E-02, -6.66658E-02, -6.62576E-02, -6.58367E-02, -6.54001E-02, -6.49460E-02, -6.44730E-02, -6.39803E-02, -6.34679E-02, -6.29359E-02, -6.23851E-02, -6.18165E-02, -6.12311E-02, -6.06305E-02, -6.00161E-02, -5.93895E-02, -5.87523E-02, -5.81061E-02, -5.74524E-02,NA,NA,NA,NA,NA,NA,
NA, -4.57284E-02, -4.67028E-02, -4.77247E-02, -4.87961E-02, -4.99190E-02, -5.10951E-02, -5.23257E-02, -5.36116E-02, -5.49528E-02, -5.63488E-02, -5.77977E-02, -5.92966E-02, -6.08412E-02, -6.24251E-02, -6.40403E-02, -6.56766E-02, -6.73214E-02, -6.89596E-02, -7.05740E-02, -7.21450E-02, -7.36512E-02, -7.50698E-02, -7.63776E-02, -7.75517E-02, -7.85707E-02, -7.94160E-02, -8.00726E-02, -8.05309E-02, -8.07866E-02, -8.08420E-02, -8.07053E-02, -8.03909E-02, -7.99179E-02, -7.93097E-02, -7.85920E-02, -7.77915E-02, -7.69348E-02, -7.60471E-02, -7.51508E-02, -7.42651E-02, -7.34059E-02, -7.25849E-02, -7.18102E-02, -7.10865E-02, -7.04155E-02, -6.97961E-02, -6.92254E-02, -6.86985E-02, -6.82100E-02, -6.77533E-02, -6.73219E-02, -6.69092E-02, -6.65088E-02, -6.61147E-02, -6.57218E-02, -6.53254E-02, -6.49216E-02, -6.45071E-02, -6.40794E-02, -6.36366E-02, -6.31775E-02, -6.27012E-02, -6.22075E-02, -6.16965E-02, -6.11687E-02, -6.06248E-02, -6.00658E-02, -5.94928E-02, -5.89070E-02, -5.83099E-02, -5.77027E-02, -5.70870E-02,NA,NA,NA,NA,NA,NA,NA,
NA,NA, -4.62286E-02, -4.72052E-02, -4.82260E-02, -4.92921E-02, -5.04046E-02, -5.15642E-02, -5.27711E-02, -5.40247E-02, -5.53238E-02, -5.66662E-02, -5.80485E-02, -5.94662E-02, -6.09132E-02, -6.23817E-02, -6.38624E-02, -6.53440E-02, -6.68132E-02, -6.82552E-02, -6.96536E-02, -7.09903E-02, -7.22471E-02, -7.34049E-02, -7.44458E-02, -7.53529E-02, -7.61117E-02, -7.67110E-02, -7.71433E-02, -7.74058E-02, -7.75003E-02, -7.74335E-02, -7.72164E-02, -7.68642E-02, -7.63950E-02, -7.58288E-02, -7.51870E-02, -7.44905E-02, -7.37597E-02, -7.30128E-02, -7.22659E-02, -7.15325E-02, -7.08228E-02, -7.01445E-02, -6.95024E-02, -6.88987E-02, -6.83337E-02, -6.78056E-02, -6.73115E-02, -6.68474E-02, -6.64085E-02, -6.59897E-02, -6.55860E-02, -6.51923E-02, -6.48038E-02, -6.44161E-02, -6.40254E-02, -6.36283E-02, -6.32221E-02, -6.28044E-02, -6.23736E-02, -6.19285E-02, -6.14684E-02, -6.09928E-02, -6.05018E-02, -5.99956E-02, -5.94750E-02, -5.89406E-02, -5.83933E-02, -5.78343E-02, -5.72646E-02, -5.66855E-02,NA,NA,NA,NA,NA,NA,NA,NA,
NA,NA,NA, -4.66734E-02, -4.76450E-02, -4.86565E-02, -4.97084E-02, -5.08008E-02, -5.19335E-02, -5.31055E-02, -5.43151E-02, -5.55598E-02, -5.68361E-02, -5.81395E-02, -5.94641E-02, -6.08027E-02, -6.21467E-02, -6.34862E-02, -6.48096E-02, -6.61040E-02, -6.73557E-02, -6.85497E-02, -6.96708E-02, -7.07039E-02, -7.16345E-02, -7.24492E-02, -7.31368E-02, -7.36885E-02, -7.40987E-02, -7.43653E-02, -7.44899E-02, -7.44778E-02, -7.43377E-02, -7.40815E-02, -7.37235E-02, -7.32794E-02, -7.27661E-02, -7.22006E-02, -7.15991E-02, -7.09767E-02, -7.03467E-02, -6.97206E-02, -6.91073E-02, -6.85138E-02, -6.79447E-02, -6.74028E-02, -6.68888E-02, -6.64023E-02, -6.59413E-02, -6.55032E-02, -6.50844E-02, -6.46813E-02, -6.42898E-02, -6.39060E-02, -6.35260E-02, -6.31463E-02, -6.27636E-02, -6.23752E-02, -6.19786E-02, -6.15720E-02, -6.11538E-02, -6.07229E-02, -6.02786E-02, -5.98206E-02, -5.93487E-02, -5.88631E-02, -5.83644E-02, -5.78531E-02, -5.73299E-02, -5.67959E-02, -5.62519E-02,NA,NA,NA,NA,NA,NA,NA,NA,NA,
