NA,NA,NA,NA,NA,NA,NA,NA,NA, -1.48511E-02, -1.44064E-02, -1.39159E-02, -1.33778E-02, -1.27908E-02, -1.21536E-02, -1.14655E-02, -1.07262E-02, -9.93602E-03, -9.09598E-03, -8.20775E-03, -7.27392E-03, -6.29802E-03, -5.28458E-03, -4.23926E-03, -3.16882E-03, -2.08122E-03, -9.85533E-04,  1.08026E-04,  1.18826E-03,  2.24309E-03,  3.25982E-03,  4.22516E-03,  5.12592E-03,  5.94894E-03,  6.68150E-03,  7.31203E-03,  7.83009E-03,  8.22673E-03,  8.49515E-03,  8.63060E-03,  8.63060E-03,  8.49515E-03,  8.22673E-03,  7.83009E-03,  7.31203E-03,  6.68150E-03,  5.94894E-03,  5.12592E-03,  4.22516E-03,  3.25983E-03,  2.24309E-03,  1.18826E-03,  1.08028E-04, -9.85532E-04, -2.08121E-03, -3.16882E-03, -4.23926E-03, -5.28458E-03, -6.29802E-03, -7.27392E-03, -8.20775E-03, -9.09597E-03, -9.93602E-03, -1.07262E-02, -1.14654E-02, -1.21536E-02, -1.27908E-02, -1.33778E-02, -1.39159E-02, -1.44064E-02, -1.48511E-02,NA,NA,NA,NA,NA,NA,NA,NA,NA,
NA,NA,NA,NA,NA,NA,NA,NA, -1.57333E-02, -1.53212E-02, -1.48613E-02, -1.43511E-02, -1.37885E-02, -1.31716E-02, -1.24988E-02, -1.17687E-02, -1.09808E-02, -1.01350E-02, -9.23171E-03, -8.27254E-03, -7.25987E-03, -6.19717E-03, -5.08911E-03, -3.94163E-03, -2.76200E-03, -1.55892E-03, -3.42454E-04,  8.75899E-04,  2.08362E-03,  3.26667E-03,  4.41039E-03,  5.49951E-03,  6.51834E-03,  7.45143E-03,  8.28374E-03,  9.00137E-03,  9.59189E-03,  1.00446E-02,  1.03511E-02,  1.05059E-02,  1.05059E-02,  1.03511E-02,  1.00446E-02,  9.59189E-03,  9.00137E-03,  8.28374E-03,  7.45143E-03,  6.51834E-03,  5.49951E-03,  4.41039E-03,  3.26667E-03,  2.08362E-03,  8.75901E-04, -3.42452E-04, -1.55892E-03, -2.76200E-03, -3.94163E-03, -5.08911E-03, -6.19717E-03, -7.25986E-03, -8.27254E-03, -9.23171E-03, -1.01350E-02, -1.09808E-02, -1.17687E-02, -1.24988E-02, -1.31716E-02, -1.37885E-02, -1.43511E-02, -1.48613E-02, -1.53212E-02, -1.57333E-02,NA,NA,NA,NA,NA,NA,NA,NA,
NA,NA,NA,NA,NA,NA,NA, -1.66347E-02, -1.62620E-02, -1.58402E-02, -1.53665E-02, -1.48379E-02, -1.42516E-02, -1.36053E-02, -1.28967E-02, -1.21239E-02, -1.12858E-02, -1.03817E-02, -9.41181E-03, -8.37710E-03, -7.27974E-03, -6.12306E-03, -4.91175E-03, -3.65201E-03, -2.35157E-03, -1.01988E-03,  3.31938E-04,  1.69111E-03,  3.04309E-03,  4.37226E-03,  5.66153E-03,  6.89289E-03,  8.04810E-03,  9.10874E-03,  1.00571E-02,  1.08764E-02,  1.15516E-02,  1.20698E-02,  1.24212E-02,  1.25986E-02,  1.25986E-02,  1.24212E-02,  1.20698E-02,  1.15516E-02,  1.08764E-02,  1.00571E-02,  9.10874E-03,  8.04811E-03,  6.89289E-03,  5.66153E-03,  4.37226E-03,  3.04309E-03,  1.69111E-03,  3.31940E-04, -1.01988E-03, -2.35156E-03, -3.65200E-03, -4.91175E-03, -6.12306E-03, -7.27974E-03, -8.37710E-03, -9.41180E-03, -1.03817E-02, -1.12858E-02, -1.21239E-02, -1.28966E-02, -1.36053E-02, -1.42516E-02, -1.48379E-02, -1.53665E-02, -1.58402E-02, -1.62620E-02, -1.66347E-02,NA,NA,NA,NA,NA,NA,NA,
NA,NA,NA,NA,NA,NA, -1.75454E-02, -1.72184E-02, -1.68422E-02, -1.64130E-02, -1.59275E-02, -1.53821E-02, -1.47736E-02, -1.40987E-02, -1.33546E-02, -1.25388E-02, -1.16494E-02, -1.06849E-02, -9.64505E-03, -8.53026E-03, -7.34228E-03, -6.08412E-03, -4.76041E-03, -3.37747E-03, -1.94348E-03, -4.68606E-04,  1.03490E-03,  2.55280E-03,  4.06874E-03,  5.56461E-03,  7.02070E-03,  8.41614E-03,  9.72928E-03,  1.09383E-02,  1.20220E-02,  1.29602E-02,  1.37348E-02,  1.43303E-02,  1.47344E-02,  1.49386E-02,  1.49386E-02,  1.47344E-02,  1.43303E-02,  1.37348E-02,  1.29602E-02,  1.20220E-02,  1.09383E-02,  9.72928E-03,  8.41614E-03,  7.02070E-03,  5.56461E-03,  4.06874E-03,  2.55280E-03,  1.03491E-03, -4.68604E-04, -1.94347E-03, -3.37747E-03, -4.76041E-03, -6.08411E-03, -7.34227E-03, -8.53026E-03, -9.64504E-03, -1.06849E-02, -1.16494E-02, -1.25388E-02, -1.33546E-02, -1.40987E-02, -1.47736E-02, -1.53821E-02, -1.59275E-02, -1.64130E-02, -1.68421E-02, -1.72184E-02, -1.75454E-02,NA,NA,NA,NA,NA,NA,
NA,NA,NA,NA, -1.86861E-02, -1.84555E-02, -1.81800E-02, -1.78556E-02, -1.74786E-02, -1.70448E-02, -1.65501E-02, -1.59904E-02, -1.53615E-02, -1.46596E-02, -1.38810E-02, -1.30223E-02, -1.20808E-02, -1.10543E-02, -9.94158E-03, -8.74239E-03, -7.45783E-03, -6.09049E-03, -4.64475E-03, -3.12688E-03, -1.54543E-03,  8.87334E-05,  1.76233E-03,  3.45929E-03,  5.16137E-03,  6.84776E-03,  8.49574E-03,  1.00807E-02,  1.15772E-02,  1.29594E-02,  1.42015E-02,  1.52795E-02,  1.61712E-02,  1.68579E-02,  1.73244E-02,  1.75602E-02,  1.75602E-02,  1.73244E-02,  1.68579E-02,  1.61712E-02,  1.52795E-02,  1.42015E-02,  1.29594E-02,  1.15772E-02,  1.00807E-02,  8.49574E-03,  6.84776E-03,  5.16137E-03,  3.45929E-03,  1.76233E-03,  8.87353E-05, -1.54543E-03, -3.12687E-03, -4.64474E-03, -6.09049E-03, -7.45782E-03, -8.74238E-03, -9.94157E-03, -1.10543E-02, -1.20808E-02, -1.30223E-02, -1.38810E-02, -1.46596E-02, -1.53615E-02, -1.59904E-02, -1.65501E-02, -1.70448E-02, -1.74786E-02, -1.78556E-02, -1.81799E-02, -1.84555E-02, -1.86861E-02,NA,NA,NA,NA,
NA,NA,NA,NA, -1.93550E-02, -1.91356E-02, -1.88689E-02, -1.85507E-02, -1.81763E-02, -1.77413E-02, -1.72406E-02, -1.66695E-02, -1.60230E-02, -1.52964E-02, -1.44849E-02, -1.35843E-02, -1.25908E-02, -1.15011E-02, -1.03131E-02, -9.02549E-03, -7.63860E-03, -6.15430E-03, -4.57646E-03, -2.91122E-03, -1.16723E-03,  6.44003E-04,  2.50804E-03,  4.40719E-03,  6.32087E-03,  8.22535E-03,  1.00942E-02,  1.18987E-02,  1.36088E-02,  1.51934E-02,  1.66217E-02,  1.78646E-02,  1.88949E-02,  1.96896E-02,  2.02302E-02,  2.05038E-02,  2.05038E-02,  2.02302E-02,  1.96896E-02,  1.88949E-02,  1.78646E-02,  1.66217E-02,  1.51934E-02,  1.36088E-02,  1.18987E-02,  1.00942E-02,  8.22535E-03,  6.32087E-03,  4.40719E-03,  2.50804E-03,  6.44005E-04, -1.16722E-03, -2.91121E-03, -4.57646E-03, -6.15430E-03, -7.63860E-03, -9.02549E-03, -1.03131E-02, -1.15011E-02, -1.25908E-02, -1.35843E-02, -1.44849E-02, -1.52964E-02, -1.60230E-02, -1.66695E-02, -1.72406E-02, -1.77412E-02, -1.81763E-02, -1.85507E-02, -1.88689E-02, -1.91356E-02, -1.93550E-02,NA,NA,NA,NA,
NA,NA,NA, -2.02341E-02, -2.00745E-02, -1.98701E-02, -1.96162E-02, -1.93080E-02, -1.89405E-02, -1.85082E-02, -1.80056E-02, -1.74269E-02, -1.67664E-02, -1.60181E-02, -1.51764E-02, -1.42357E-02, -1.31910E-02, -1.20379E-02, -1.07729E-02, -9.39353E-03, -7.89891E-03, -6.28995E-03, -4.56975E-03, -2.74400E-03, -8.21299E-04,  1.18645E-03,  3.26362E-03,  5.39090E-03,  7.54522E-03,  9.69942E-03,  1.18230E-02,  1.38825E-02,  1.58418E-02,  1.76642E-02,  1.93122E-02,  2.07503E-02,  2.19453E-02,  2.28687E-02,  2.34977E-02,  2.38164E-02,  2.38164E-02,  2.34977E-02,  2.28687E-02,  2.19453E-02,  2.07503E-02,  1.93122E-02,  1.76642E-02,  1.58418E-02,  1.38825E-02,  1.18230E-02,  9.69942E-03,  7.54522E-03,  5.39091E-03,  3.26362E-03,  1.18645E-03, -8.21297E-04, -2.74400E-03, -4.56975E-03, -6.28995E-03, -7.89891E-03, -9.39352E-03, -1.07729E-02, -1.20379E-02, -1.31910E-02, -1.42357E-02, -1.51763E-02, -1.60181E-02, -1.67664E-02, -1.74269E-02, -1.80056E-02, -1.85082E-02, -1.89405E-02, -1.93080E-02, -1.96162E-02, -1.98701E-02, -2.00745E-02, -2.02341E-02,NA,NA,NA,
NA,NA, -2.10833E-02, -2.09864E-02, -2.08476E-02, -2.06625E-02, -2.04259E-02, -2.01324E-02, -1.97764E-02, -1.93518E-02, -1.88520E-02, -1.82705E-02, -1.76004E-02, -1.68347E-02, -1.59664E-02, -1.49886E-02, -1.38948E-02, -1.26791E-02, -1.13363E-02, -9.86257E-03, -8.25545E-03, -6.51448E-03, -4.64165E-03, -2.64178E-03, -5.23155E-04,  1.70207E-03,  4.01758E-03,  6.40225E-03,  8.83030E-03,  1.12709E-02,  1.36888E-02,  1.60447E-02,  1.82960E-02,  2.03982E-02,  2.23062E-02,  2.39763E-02,  2.53680E-02,  2.64455E-02,  2.71807E-02,  2.75534E-02,  2.75534E-02,  2.71807E-02,  2.64455E-02,  2.53680E-02,  2.39763E-02,  2.23062E-02,  2.03982E-02,  1.82960E-02,  1.60447E-02,  1.36888E-02,  1.12709E-02,  8.83030E-03,  6.40225E-03,  4.01758E-03,  1.70207E-03, -5.23153E-04, -2.64178E-03, -4.64164E-03, -6.51448E-03, -8.25544E-03, -9.86257E-03, -1.13363E-02, -1.26791E-02, -1.38948E-02, -1.49886E-02, -1.59664E-02, -1.68347E-02, -1.76004E-02, -1.82705E-02, -1.88520E-02, -1.93518E-02, -1.97764E-02, -2.01324E-02, -2.04259E-02, -2.06625E-02, -2.08476E-02, -2.09864E-02, -2.10833E-02,NA,NA,
NA, -2.18941E-02, -2.18613E-02, -2.17905E-02, -2.16772E-02, -2.15161E-02, -2.13019E-02, -2.10286E-02, -2.06896E-02, -2.02783E-02, -1.97872E-02, -1.92087E-02, -1.85347E-02, -1.77570E-02, -1.68670E-02, -1.58563E-02, -1.47167E-02, -1.34405E-02, -1.20205E-02, -1.04510E-02, -8.72758E-03, -6.84795E-03, -4.81247E-03, -2.62471E-03, -2.92122E-04,  2.17343E-03,  4.75485E-03,  7.42955E-03,  1.01687E-02,  1.29378E-02,  1.56962E-02,  1.83975E-02,  2.09914E-02,  2.34242E-02,  2.56412E-02,  2.75885E-02,  2.92158E-02,  3.04789E-02,  3.13420E-02,  3.17801E-02,  3.17801E-02,  3.13420E-02,  3.04789E-02,  2.92158E-02,  2.75885E-02,  2.56412E-02,  2.34242E-02,  2.09914E-02,  1.83975E-02,  1.56962E-02,  1.29378E-02,  1.01687E-02,  7.42955E-03,  4.75485E-03,  2.17343E-03, -2.92121E-04, -2.62471E-03, -4.81247E-03, -6.84795E-03, -8.72758E-03, -1.04510E-02, -1.20205E-02, -1.34405E-02, -1.47167E-02, -1.58563E-02, -1.68670E-02, -1.77570E-02, -1.85347E-02, -1.92087E-02, -1.97872E-02, -2.02783E-02, -2.06896E-02, -2.10285E-02, -2.13019E-02, -2.15161E-02, -2.16771E-02, -2.17905E-02, -2.18613E-02, -2.18941E-02,NA,
 -2.26587E-02, -2.26905E-02, -2.26887E-02, -2.26488E-02, -2.25658E-02, -2.24343E-02, -2.22482E-02, -2.20011E-02, -2.16857E-02, -2.12943E-02, -2.08187E-02, -2.02502E-02, -1.95792E-02, -1.87962E-02, -1.78909E-02, -1.68533E-02, -1.56729E-02, -1.43399E-02, -1.28450E-02, -1.11798E-02, -9.33765E-03, -7.31379E-03, -5.10637E-03, -2.71704E-03, -1.51869E-04,  2.57803E-03,  5.45544E-03,  8.45624E-03,  1.15493E-02,  1.46952E-02,  1.78475E-02,  2.09522E-02,  2.39493E-02,  2.67738E-02,NA,NA,NA,NA,NA,NA,NA,NA,NA,NA,NA,NA,  2.67738E-02,  2.39493E-02,  2.09522E-02,  1.78475E-02,  1.46952E-02,  1.15493E-02,  8.45624E-03,  5.45544E-03,  2.57803E-03, -1.51867E-04, -2.71704E-03, -5.10637E-03, -7.31379E-03, -9.33765E-03, -1.11798E-02, -1.28450E-02, -1.43399E-02, -1.56729E-02, -1.68533E-02, -1.78909E-02, -1.87962E-02, -1.95792E-02, -2.02501E-02, -2.08187E-02, -2.12943E-02, -2.16856E-02, -2.20011E-02, -2.22482E-02, -2.24343E-02, -2.25658E-02, -2.26488E-02, -2.26886E-02, -2.26905E-02, -2.26587E-02,
 -2.34660E-02, -2.35330E-02, -2.35670E-02, -2.35631E-02, -2.35161E-02, -2.34202E-02, -2.32687E-02, -2.30546E-02, -2.27699E-02, -2.24062E-02, -2.19542E-02, -2.14038E-02, -2.07443E-02, -1.99643E-02, -1.90520E-02, -1.79951E-02, -1.67809E-02, -1.53970E-02, -1.38314E-02, -1.20727E-02, -1.01112E-02, -7.93920E-03, -5.55177E-03, -2.94790E-03, -1.31382E-04,  2.88800E-03,  6.09363E-03,  9.46060E-03,  1.29550E-02,  1.65332E-02,  2.01419E-02,  2.37180E-02,NA,NA,NA,NA,NA,NA,NA,NA,NA,NA,NA,NA,NA,NA,NA,NA,  2.37180E-02,  2.01419E-02,  1.65332E-02,  1.29550E-02,  9.46060E-03,  6.09363E-03,  2.88801E-03, -1.31380E-04, -2.94790E-03, -5.55176E-03, -7.93920E-03, -1.01112E-02, -1.20727E-02, -1.38314E-02, -1.53970E-02, -1.67809E-02, -1.79951E-02, -1.90520E-02, -1.99643E-02, -2.07443E-02, -2.14038E-02, -2.19542E-02, -2.24062E-02, -2.27699E-02, -2.30546E-02, -2.32687E-02, -2.34202E-02, -2.35161E-02, -2.35631E-02, -2.35670E-02, -2.35330E-02, -2.34660E-02,
 -2.43159E-02, -2.44227E-02, -2.44976E-02, -2.45353E-02, -2.45304E-02, -2.44766E-02, -2.43669E-02, -2.41935E-02, -2.39478E-02, -2.36206E-02, -2.32013E-02, -2.26787E-02, -2.20406E-02, -2.12739E-02, -2.03647E-02, -1.92983E-02, -1.80596E-02, -1.66332E-02, -1.50036E-02, -1.31562E-02, -1.10774E-02, -8.75552E-03, -6.18193E-03, -3.35189E-03, -2.65983E-04,  3.06871E-03,  6.63674E-03,  1.04132E-02,  1.43621E-02,  1.84356E-02,NA,NA,NA,NA,NA,NA,NA,NA,NA,NA,NA,NA,NA,NA,NA,NA,NA,NA,NA,NA,  1.84356E-02,  1.43621E-02,  1.04132E-02,  6.63674E-03,  3.06872E-03, -2.65982E-04, -3.35189E-03, -6.18193E-03, -8.75552E-03, -1.10774E-02, -1.31562E-02, -1.50036E-02, -1.66332E-02, -1.80596E-02, -1.92983E-02, -2.03647E-02, -2.12739E-02, -2.20406E-02, -2.26787E-02, -2.32013E-02, -2.36206E-02, -2.39478E-02, -2.41935E-02, -2.43668E-02, -2.44766E-02, -2.45304E-02, -2.45353E-02, -2.44976E-02, -2.44227E-02, -2.43159E-02,
 -2.52086E-02, -2.53603E-02, -2.54814E-02, -2.55668E-02, -2.56105E-02, -2.56060E-02, -2.55459E-02, -2.54218E-02, -2.52244E-02, -2.49434E-02, -2.45675E-02, -2.40839E-02, -2.34790E-02, -2.27377E-02, -2.18439E-02, -2.07805E-02, -1.95293E-02, -1.80715E-02, -1.63879E-02, -1.44597E-02, -1.22687E-02, -9.79850E-03, -7.03542E-03, -3.96985E-03, -5.97702E-04,  3.07754E-03,  7.04347E-03,  1.12760E-02,NA,NA,NA,NA,NA,NA,NA,NA,NA,NA,NA,NA,NA,NA,NA,NA,NA,NA,NA,NA,NA,NA,NA,NA,  1.12760E-02,  7.04347E-03,  3.07754E-03, -5.97701E-04, -3.96984E-03, -7.03542E-03, -9.79850E-03, -1.22687E-02, -1.44597E-02, -1.63879E-02, -1.80715E-02, -1.95293E-02, -2.07805E-02, -2.18439E-02, -2.27377E-02, -2.34790E-02, -2.40839E-02, -2.45675E-02, -2.49434E-02, -2.52244E-02, -2.54218E-02, -2.55459E-02, -2.56060E-02, -2.56105E-02, -2.55668E-02, -2.54814E-02, -2.53603E-02, -2.52086E-02,
 -2.61443E-02, -2.63460E-02, -2.65191E-02, -2.66585E-02, -2.67579E-02, -2.68106E-02, -2.68086E-02, -2.67431E-02, -2.66042E-02, -2.63807E-02, -2.60600E-02, -2.56283E-02, -2.50701E-02, -2.43685E-02, -2.35051E-02, -2.24597E-02, -2.12111E-02, -1.97366E-02, -1.80127E-02, -1.60155E-02, -1.37216E-02, -1.11085E-02, -8.15646E-03, -4.84939E-03, -1.17709E-03,  2.86286E-03,  7.26220E-03,NA,NA,NA,NA,NA,NA,NA,NA,NA,NA,NA,NA,NA,NA,NA,NA,NA,NA,NA,NA,NA,NA,NA,NA,NA,NA,  7.26220E-03,  2.86286E-03, -1.17709E-03, -4.84939E-03, -8.15646E-03, -1.11085E-02, -1.37216E-02, -1.60155E-02, -1.80126E-02, -1.97366E-02, -2.12111E-02, -2.24597E-02, -2.35051E-02, -2.43685E-02, -2.50701E-02, -2.56283E-02, -2.60600E-02, -2.63807E-02, -2.66042E-02, -2.67431E-02, -2.68086E-02, -2.68106E-02, -2.67579E-02, -2.66585E-02, -2.65191E-02, -2.63459E-02, -2.61443E-02,
 -2.71224E-02, -2.73795E-02, -2.76108E-02, -2.78109E-02, -2.79735E-02, -2.80917E-02, -2.81571E-02, -2.81605E-02, -2.80913E-02, -2.79375E-02, -2.76855E-02, -2.73202E-02, -2.68244E-02, -2.61791E-02, -2.53635E-02, -2.43545E-02, -2.31270E-02, -2.16543E-02, -1.99080E-02, -1.78585E-02, -1.54758E-02, -1.27306E-02, -9.59521E-03, -6.04550E-03, -2.06302E-03,  2.36238E-03,NA,NA,NA,NA,NA,NA,NA,NA,NA,NA,NA,NA,NA,NA,NA,NA,NA,NA,NA,NA,NA,NA,NA,NA,NA,NA,NA,NA,  2.36238E-03, -2.06302E-03, -6.04550E-03, -9.59521E-03, -1.27306E-02, -1.54758E-02, -1.78585E-02, -1.99080E-02, -2.16543E-02, -2.31270E-02, -2.43545E-02, -2.53635E-02, -2.61791E-02, -2.68244E-02, -2.73201E-02, -2.76855E-02, -2.79374E-02, -2.80913E-02, -2.81605E-02, -2.81571E-02, -2.80917E-02, -2.79735E-02, -2.78109E-02, -2.76108E-02, -2.73795E-02, -2.71224E-02,
 -2.81421E-02, -2.84602E-02, -2.87559E-02, -2.90238E-02, -2.92576E-02, -2.94501E-02, -2.95928E-02, -2.96761E-02, -2.96888E-02, -2.96182E-02, -2.94498E-02, -2.91671E-02, -2.87514E-02, -2.81816E-02, -2.74342E-02, -2.64830E-02, -2.52993E-02, -2.38514E-02, -2.21055E-02, -2.00257E-02, -1.75746E-02, -1.47143E-02, -1.14077E-02, -7.62078E-03, -3.32434E-03,NA,NA,NA,NA,NA,NA,NA,NA,NA,NA,NA,NA,NA,NA,NA,NA,NA,NA,NA,NA,NA,NA,NA,NA,NA,NA,NA,NA,NA,NA, -3.32434E-03, -7.62078E-03, -1.14077E-02, -1.47143E-02, -1.75746E-02, -2.00257E-02, -2.21055E-02, -2.38514E-02, -2.52993E-02, -2.64830E-02, -2.74342E-02, -2.81816E-02, -2.87514E-02, -2.91671E-02, -2.94498E-02, -2.96182E-02, -2.96887E-02, -2.96760E-02, -2.95928E-02, -2.94501E-02, -2.92576E-02, -2.90238E-02, -2.87559E-02, -2.84602E-02, -2.81421E-02,
 -2.92021E-02, -2.95869E-02, -2.99535E-02, -3.02965E-02, -3.06097E-02, -3.08858E-02, -3.11163E-02, -3.12911E-02, -3.13989E-02, -3.14262E-02, -3.13576E-02, -3.11755E-02, -3.08597E-02, -3.03870E-02, -2.97312E-02, -2.88631E-02, -2.77496E-02, -2.63544E-02, -2.46376E-02, -2.25559E-02, -2.00635E-02, -1.71128E-02, -1.36556E-02, -9.64530E-03,NA,NA,NA,NA,NA,NA,NA,NA,NA,NA,NA,NA,NA,NA,NA,NA,NA,NA,NA,NA,NA,NA,NA,NA,NA,NA,NA,NA,NA,NA,NA,NA, -9.64530E-03, -1.36556E-02, -1.71128E-02, -2.00635E-02, -2.25559E-02, -2.46376E-02, -2.63544E-02, -2.77496E-02, -2.88631E-02, -2.97312E-02, -3.03869E-02, -3.08597E-02, -3.11755E-02, -3.13576E-02, -3.14262E-02, -3.13989E-02, -3.12911E-02, -3.11163E-02, -3.08858E-02, -3.06097E-02, -3.02965E-02, -2.99535E-02, -2.95869E-02, -2.92021E-02,
 -3.03003E-02, -3.07577E-02, -3.12017E-02, -3.16273E-02, -3.20285E-02, -3.23978E-02, -3.27270E-02, -3.30058E-02, -3.32225E-02, -3.33634E-02, -3.34123E-02, -3.33505E-02, -3.31563E-02, -3.28048E-02, -3.22673E-02, -3.15110E-02, -3.04990E-02, -2.91895E-02, -2.75362E-02, -2.54881E-02, -2.29899E-02, -1.99826E-02, -1.64052E-02,NA,NA,NA,NA,NA,NA,NA,NA,NA,NA,NA,NA,NA,NA,NA,NA,NA,NA,NA,NA,NA,NA,NA,NA,NA,NA,NA,NA,NA,NA,NA,NA,NA,NA, -1.64052E-02, -1.99826E-02, -2.29899E-02, -2.54881E-02, -2.75362E-02, -2.91895E-02, -3.04990E-02, -3.15110E-02, -3.22672E-02, -3.28048E-02, -3.31563E-02, -3.33505E-02, -3.34123E-02, -3.33634E-02, -3.32225E-02, -3.30058E-02, -3.27270E-02, -3.23978E-02, -3.20284E-02, -3.16273E-02, -3.12017E-02, -3.07576E-02, -3.03003E-02,
 -3.14343E-02, -3.19699E-02, -3.24980E-02, -3.30138E-02, -3.35115E-02, -3.39841E-02, -3.44232E-02, -3.48188E-02, -3.51592E-02, -3.54302E-02, -3.56153E-02, -3.56950E-02, -3.56463E-02, -3.54426E-02, -3.50528E-02, -3.44410E-02, -3.35660E-02, -3.23808E-02, -3.08323E-02, -2.88610E-02, -2.64012E-02, -2.33815E-02, -1.97257E-02,NA,NA,NA,NA,NA,NA,NA,NA,NA,NA,NA,NA,NA,NA,NA,NA,NA,NA,NA,NA,NA,NA,NA,NA,NA,NA,NA,NA,NA,NA,NA,NA,NA,NA, -1.97257E-02, -2.33815E-02, -2.64012E-02, -2.88610E-02, -3.08323E-02, -3.23808E-02, -3.35660E-02, -3.44410E-02, -3.50527E-02, -3.54426E-02, -3.56463E-02, -3.56950E-02, -3.56153E-02, -3.54302E-02, -3.51592E-02, -3.48188E-02, -3.44231E-02, -3.39841E-02, -3.35115E-02, -3.30138E-02, -3.24980E-02, -3.19699E-02, -3.14343E-02,
 -3.26008E-02, -3.32204E-02, -3.38391E-02, -3.44526E-02, -3.50555E-02, -3.56412E-02, -3.62018E-02, -3.67275E-02, -3.72066E-02, -3.76251E-02, -3.79662E-02, -3.82098E-02, -3.83322E-02, -3.83051E-02, -3.80954E-02, -3.76642E-02, -3.69664E-02, -3.59496E-02, -3.45537E-02, -3.27105E-02, -3.03431E-02, -2.73664E-02,NA,NA,NA,NA,NA,NA,NA,NA,NA,NA,NA,NA,NA,NA,NA,NA,NA,NA,NA,NA,NA,NA,NA,NA,NA,NA,NA,NA,NA,NA,NA,NA,NA,NA,NA,NA, -2.73664E-02, -3.03431E-02, -3.27105E-02, -3.45537E-02, -3.59496E-02, -3.69664E-02, -3.76642E-02, -3.80954E-02, -3.83051E-02, -3.83322E-02, -3.82098E-02, -3.79662E-02, -3.76251E-02, -3.72066E-02, -3.67274E-02, -3.62017E-02, -3.56412E-02, -3.50554E-02, -3.44525E-02, -3.38390E-02, -3.32203E-02, -3.26008E-02,
 -3.37961E-02, -3.45050E-02, -3.52206E-02, -3.59391E-02, -3.66558E-02, -3.73646E-02, -3.80581E-02, -3.87272E-02, -3.93605E-02, -3.99443E-02, -4.04619E-02, -4.08930E-02, -4.12133E-02, -4.13936E-02, -4.13990E-02, -4.11880E-02, -4.07117E-02, -3.99127E-02, -3.87240E-02, -3.70684E-02, -3.48573E-02,NA,NA,NA,NA,NA,NA,NA,NA,NA,NA,NA,NA,NA,NA,NA,NA,NA,NA,NA,NA,NA,NA,NA,NA,NA,NA,NA,NA,NA,NA,NA,NA,NA,NA,NA,NA,NA,NA, -3.48574E-02, -3.70684E-02, -3.87240E-02, -3.99127E-02, -4.07117E-02, -4.11880E-02, -4.13990E-02, -4.13936E-02, -4.12133E-02, -4.08930E-02, -4.04618E-02, -3.99443E-02, -3.93605E-02, -3.87272E-02, -3.80581E-02, -3.73646E-02, -3.66558E-02, -3.59391E-02, -3.52206E-02, -3.45050E-02, -3.37961E-02,
 -3.50156E-02, -3.58189E-02, -3.66374E-02, -3.74681E-02, -3.83068E-02, -3.91483E-02, -3.99861E-02, -4.08117E-02, -4.16146E-02, -4.23816E-02, -4.30964E-02, -4.37393E-02, -4.42855E-02, -4.47055E-02, -4.49630E-02, -4.50145E-02, -4.48078E-02, -4.42809E-02, -4.33602E-02, -4.19595E-02,NA,NA,NA,NA,NA,NA,NA,NA,NA,NA,NA,NA,NA,NA,NA,NA,NA,NA,NA,NA,NA,NA,NA,NA,NA,NA,NA,NA,NA,NA,NA,NA,NA,NA,NA,NA,NA,NA,NA,NA, -4.19595E-02, -4.33602E-02, -4.42809E-02, -4.48078E-02, -4.50145E-02, -4.49630E-02, -4.47055E-02, -4.42855E-02, -4.37392E-02, -4.30964E-02, -4.23815E-02, -4.16145E-02, -4.08117E-02, -3.99861E-02, -3.91483E-02, -3.83068E-02, -3.74680E-02, -3.66374E-02, -3.58189E-02, -3.50155E-02,
 -3.62540E-02, -3.71565E-02, -3.80835E-02, -3.90328E-02, -4.00013E-02, -4.09848E-02, -4.19777E-02, -4.29726E-02, -4.39600E-02, -4.49280E-02, -4.58609E-02, -4.67399E-02, -4.75404E-02, -4.82332E-02, -4.87812E-02, -4.91397E-02, -4.92538E-02, -4.90574E-02, -4.84708E-02,NA,NA,NA,NA,NA,NA,NA,NA,NA,NA,NA,NA,NA,NA,NA,NA,NA,NA,NA,NA,NA,NA,NA,NA,NA,NA,NA,NA,NA,NA,NA,NA,NA,NA,NA,NA,NA,NA,NA,NA,NA,NA, -4.84708E-02, -4.90574E-02, -4.92538E-02, -4.91397E-02, -4.87812E-02, -4.82331E-02, -4.75404E-02, -4.67398E-02, -4.58609E-02, -4.49280E-02, -4.39600E-02, -4.29726E-02, -4.19777E-02, -4.09848E-02, -4.00013E-02, -3.90328E-02, -3.80835E-02, -3.71565E-02, -3.62540E-02,
 -3.75056E-02, -3.85114E-02, -3.95518E-02, -4.06257E-02, -4.17310E-02, -4.28650E-02, -4.40231E-02, -4.51993E-02, -4.63858E-02, -4.75717E-02, -4.87430E-02, -4.98818E-02, -5.09651E-02, -5.19638E-02, -5.28415E-02, -5.35525E-02, -5.40403E-02, -5.42357E-02,NA,NA,NA,NA,NA,NA,NA,NA,NA,NA,NA,NA,NA,NA,NA,NA,NA,NA,NA,NA,NA,NA,NA,NA,NA,NA,NA,NA,NA,NA,NA,NA,NA,NA,NA,NA,NA,NA,NA,NA,NA,NA,NA,NA, -5.42357E-02, -5.40403E-02, -5.35525E-02, -5.28415E-02, -5.19638E-02, -5.09651E-02, -4.98818E-02, -4.87430E-02, -4.75717E-02, -4.63858E-02, -4.51993E-02, -4.40231E-02, -4.28649E-02, -4.17310E-02, -4.06256E-02, -3.95518E-02, -3.85114E-02, -3.75056E-02,
 -3.87638E-02, -3.98763E-02, -4.10343E-02, -4.22379E-02, -4.34864E-02, -4.47783E-02, -4.61107E-02, -4.74794E-02, -4.88780E-02, -5.02978E-02, -5.17266E-02, -5.31482E-02, -5.45415E-02, -5.58788E-02, -5.71246E-02, -5.82337E-02, -5.91490E-02,NA,NA,NA,NA,NA,NA,NA,NA,NA,NA,NA,NA,NA,NA,NA,NA,NA,NA,NA,NA,NA,NA,NA,NA,NA,NA,NA,NA,NA,NA,NA,NA,NA,NA,NA,NA,NA,NA,NA,NA,NA,NA,NA,NA,NA,NA, -5.91490E-02, -5.82337E-02, -5.71246E-02, -5.58788E-02, -5.45415E-02, -5.31482E-02, -5.17266E-02, -5.02978E-02, -4.88780E-02, -4.74794E-02, -4.61107E-02, -4.47782E-02, -4.34863E-02, -4.22378E-02, -4.10343E-02, -3.98763E-02, -3.87638E-02,
 -4.00214E-02, -4.12432E-02, -4.25222E-02, -4.38596E-02, -4.52563E-02, -4.67126E-02, -4.82271E-02, -4.97979E-02, -5.14204E-02, -5.30884E-02, -5.47920E-02, -5.65175E-02, -5.82463E-02, -5.99529E-02, -6.16039E-02, -6.31553E-02, -6.45506E-02,NA,NA,NA,NA,NA,NA,NA,NA,NA,NA,NA,NA,NA,NA,NA,NA,NA,NA,NA,NA,NA,NA,NA,NA,NA,NA,NA,NA,NA,NA,NA,NA,NA,NA,NA,NA,NA,NA,NA,NA,NA,NA,NA,NA,NA,NA, -6.45506E-02, -6.31553E-02, -6.16039E-02, -5.99528E-02, -5.82463E-02, -5.65175E-02, -5.47920E-02, -5.30884E-02, -5.14204E-02, -4.97978E-02, -4.82271E-02, -4.67126E-02, -4.52563E-02, -4.38596E-02, -4.25222E-02, -4.12432E-02, -4.00214E-02,
 -4.12707E-02, -4.26037E-02, -4.40059E-02, -4.54801E-02, -4.70289E-02, -4.86543E-02, -5.03573E-02, -5.21377E-02, -5.39940E-02, -5.59222E-02, -5.79157E-02, -5.99637E-02, -6.20508E-02, -6.41546E-02, -6.62447E-02, -6.82799E-02,NA,NA,NA,NA,NA,NA,NA,NA,NA,NA,NA,NA,NA,NA,NA,NA,NA,NA,NA,NA,NA,NA,NA,NA,NA,NA,NA,NA,NA,NA,NA,NA,NA,NA,NA,NA,NA,NA,NA,NA,NA,NA,NA,NA,NA,NA,NA,NA, -6.82799E-02, -6.62447E-02, -6.41546E-02, -6.20507E-02, -5.99637E-02, -5.79157E-02, -5.59222E-02, -5.39940E-02, -5.21377E-02, -5.03572E-02, -4.86543E-02, -4.70289E-02, -4.54800E-02, -4.40059E-02, -4.26036E-02, -4.12707E-02,
 -4.25036E-02, -4.39484E-02, -4.54750E-02, -4.70877E-02, -4.87910E-02, -5.05888E-02, -5.24844E-02, -5.44802E-02, -5.65775E-02, -5.87754E-02, -6.10707E-02, -6.34564E-02, -6.59208E-02, -6.84459E-02, -7.10049E-02, -7.35605E-02,NA,NA,NA,NA,NA,NA,NA,NA,NA,NA,NA,NA,NA,NA,NA,NA,NA,NA,NA,NA,NA,NA,NA,NA,NA,NA,NA,NA,NA,NA,NA,NA,NA,NA,NA,NA,NA,NA,NA,NA,NA,NA,NA,NA,NA,NA,NA,NA, -7.35605E-02, -7.10049E-02, -6.84459E-02, -6.59208E-02, -6.34564E-02, -6.10707E-02, -5.87754E-02, -5.65774E-02, -5.44802E-02, -5.24844E-02, -5.05888E-02, -4.87910E-02, -4.70877E-02, -4.54749E-02, -4.39484E-02, -4.25036E-02,
 -4.37116E-02, -4.52677E-02, -4.69185E-02, -4.86700E-02, -5.05285E-02, -5.25000E-02, -5.45903E-02, -5.68047E-02, -5.91474E-02, -6.16213E-02, -6.42267E-02, -6.69612E-02, -6.98175E-02, -7.27823E-02, -7.58342E-02,NA,NA,NA,NA,NA,NA,NA,NA,NA,NA,NA,NA,NA,NA,NA,NA,NA,NA,NA,NA,NA,NA,NA,NA,NA,NA,NA,NA,NA,NA,NA,NA,NA,NA,NA,NA,NA,NA,NA,NA,NA,NA,NA,NA,NA,NA,NA,NA,NA,NA, -7.58342E-02, -7.27822E-02, -6.98174E-02, -6.69611E-02, -6.42267E-02, -6.16212E-02, -5.91474E-02, -5.68047E-02, -5.45902E-02, -5.24999E-02, -5.05284E-02, -4.86700E-02, -4.69185E-02, -4.52677E-02, -4.37116E-02,
 -4.48859E-02, -4.65519E-02, -4.83254E-02, -5.02142E-02, -5.22267E-02, -5.43710E-02, -5.66558E-02, -5.90891E-02, -6.16787E-02, -6.44308E-02, -6.73506E-02, -7.04398E-02, -7.36968E-02, -7.71138E-02, -8.06753E-02,NA,NA,NA,NA,NA,NA,NA,NA,NA,NA,NA,NA,NA,NA,NA,NA,NA,NA,NA,NA,NA,NA,NA,NA,NA,NA,NA,NA,NA,NA,NA,NA,NA,NA,NA,NA,NA,NA,NA,NA,NA,NA,NA,NA,NA,NA,NA,NA,NA,NA, -8.06753E-02, -7.71138E-02, -7.36968E-02, -7.04398E-02, -6.73505E-02, -6.44308E-02, -6.16786E-02, -5.90891E-02, -5.66558E-02, -5.43710E-02, -5.22266E-02, -5.02141E-02, -4.83253E-02, -4.65518E-02, -4.48858E-02,
 -4.60175E-02, -4.77904E-02, -4.96837E-02, -5.17069E-02, -5.38703E-02, -5.61846E-02, -5.86609E-02, -6.13104E-02, -6.41444E-02, -6.71733E-02, -7.04065E-02, -7.38512E-02, -7.75112E-02, -8.13853E-02,NA,NA,NA,NA,NA,NA,NA,NA,NA,NA,NA,NA,NA,NA,NA,NA,NA,NA,NA,NA,NA,NA,NA,NA,NA,NA,NA,NA,NA,NA,NA,NA,NA,NA,NA,NA,NA,NA,NA,NA,NA,NA,NA,NA,NA,NA,NA,NA,NA,NA,NA,NA, -8.13853E-02, -7.75112E-02, -7.38511E-02, -7.04064E-02, -6.71732E-02, -6.41443E-02, -6.13103E-02, -5.86608E-02, -5.61845E-02, -5.38703E-02, -5.17069E-02, -4.96836E-02, -4.77904E-02, -4.60174E-02,
 -4.70976E-02, -4.89735E-02, -5.09821E-02, -5.31349E-02, -5.54441E-02, -5.79229E-02, -6.05850E-02, -6.34448E-02, -6.65171E-02, -6.98167E-02, -7.33574E-02, -7.71521E-02, -8.12105E-02, -8.55381E-02,NA,NA,NA,NA,NA,NA,NA,NA,NA,NA,NA,NA,NA,NA,NA,NA,NA,NA,NA,NA,NA,NA,NA,NA,NA,NA,NA,NA,NA,NA,NA,NA,NA,NA,NA,NA,NA,NA,NA,NA,NA,NA,NA,NA,NA,NA,NA,NA,NA,NA,NA,NA, -8.55380E-02, -8.12104E-02, -7.71521E-02, -7.33574E-02, -6.98167E-02, -6.65171E-02, -6.34448E-02, -6.05850E-02, -5.79228E-02, -5.54441E-02, -5.31349E-02, -5.09820E-02, -4.89735E-02, -4.70976E-02,
 -4.81177E-02, -5.00909E-02, -5.22090E-02, -5.44849E-02, -5.69328E-02, -5.95682E-02, -6.24077E-02, -6.54686E-02, -6.87692E-02, -7.23286E-02, -7.61655E-02, -8.02980E-02, -8.47421E-02, -8.95107E-02,NA,NA,NA,NA,NA,NA,NA,NA,NA,NA,NA,NA,NA,NA,NA,NA,NA,NA,NA,NA,NA,NA,NA,NA,NA,NA,NA,NA,NA,NA,NA,NA,NA,NA,NA,NA,NA,NA,NA,NA,NA,NA,NA,NA,NA,NA,NA,NA,NA,NA,NA,NA, -8.95106E-02, -8.47421E-02, -8.02979E-02, -7.61654E-02, -7.23286E-02, -6.87692E-02, -6.54686E-02, -6.24076E-02, -5.95682E-02, -5.69328E-02, -5.44848E-02, -5.22090E-02, -5.00909E-02, -4.81177E-02,
 -4.90692E-02, -5.11333E-02, -5.33533E-02, -5.57441E-02, -5.83217E-02, -6.11036E-02, -6.41089E-02, -6.73582E-02, -7.08733E-02, -7.46770E-02, -7.87928E-02, -8.32445E-02, -8.80539E-02,NA,NA,NA,NA,NA,NA,NA,NA,NA,NA,NA,NA,NA,NA,NA,NA,NA,NA,NA,NA,NA,NA,NA,NA,NA,NA,NA,NA,NA,NA,NA,NA,NA,NA,NA,NA,NA,NA,NA,NA,NA,NA,NA,NA,NA,NA,NA,NA,NA,NA,NA,NA,NA,NA, -8.80539E-02, -8.32444E-02, -7.87928E-02, -7.46770E-02, -7.08732E-02, -6.73582E-02, -6.41089E-02, -6.11035E-02, -5.83216E-02, -5.57440E-02, -5.33533E-02, -5.11333E-02, -4.90692E-02,
 -4.99442E-02, -5.20915E-02, -5.44048E-02, -5.69004E-02, -5.95965E-02, -6.25124E-02, -6.56697E-02, -6.90916E-02, -7.28031E-02, -7.68310E-02, -8.12033E-02, -8.59483E-02, -9.10946E-02,NA,NA,NA,NA,NA,NA,NA,NA,NA,NA,NA,NA,NA,NA,NA,NA,NA,NA,NA,NA,NA,NA,NA,NA,NA,NA,NA,NA,NA,NA,NA,NA,NA,NA,NA,NA,NA,NA,NA,NA,NA,NA,NA,NA,NA,NA,NA,NA,NA,NA,NA,NA,NA,NA, -9.10946E-02, -8.59483E-02, -8.12032E-02, -7.68310E-02, -7.28031E-02, -6.90915E-02, -6.56697E-02, -6.25124E-02, -5.95965E-02, -5.69004E-02, -5.44047E-02, -5.20914E-02, -4.99442E-02,
 -5.07358E-02, -5.29571E-02, -5.53535E-02, -5.79429E-02, -6.07444E-02, -6.37797E-02, -6.70722E-02, -7.06478E-02, -7.45344E-02, -7.87619E-02, -8.33625E-02, -8.83693E-02, -9.38160E-02,NA,NA,NA,NA,NA,NA,NA,NA,NA,NA,NA,NA,NA,NA,NA,NA,NA,NA,NA,NA,NA,NA,NA,NA,NA,NA,NA,NA,NA,NA,NA,NA,NA,NA,NA,NA,NA,NA,NA,NA,NA,NA,NA,NA,NA,NA,NA,NA,NA,NA,NA,NA,NA,NA, -9.38160E-02, -8.83692E-02, -8.33624E-02, -7.87619E-02, -7.45343E-02, -7.06477E-02, -6.70722E-02, -6.37797E-02, -6.07444E-02, -5.79428E-02, -5.53535E-02, -5.29570E-02, -5.07358E-02,
 -5.14374E-02, -5.37228E-02, -5.61913E-02, -5.88614E-02, -6.17540E-02, -6.48921E-02, -6.83009E-02, -7.20084E-02, -7.60452E-02, -8.04439E-02, -8.52399E-02, -9.04707E-02, -9.61744E-02,NA,NA,NA,NA,NA,NA,NA,NA,NA,NA,NA,NA,NA,NA,NA,NA,NA,NA,NA,NA,NA,NA,NA,NA,NA,NA,NA,NA,NA,NA,NA,NA,NA,NA,NA,NA,NA,NA,NA,NA,NA,NA,NA,NA,NA,NA,NA,NA,NA,NA,NA,NA,NA,NA, -9.61743E-02, -9.04706E-02, -8.52399E-02, -8.04438E-02, -7.60451E-02, -7.20084E-02, -6.83009E-02, -6.48921E-02, -6.17539E-02, -5.88613E-02, -5.61913E-02, -5.37228E-02, -5.14373E-02,
 -5.20433E-02, -5.43823E-02, -5.69105E-02, -5.96475E-02, -6.26154E-02, -6.58380E-02, -6.93423E-02, -7.31578E-02, -7.73169E-02, -8.18548E-02, -8.68096E-02, -9.22214E-02, -9.81325E-02,NA,NA,NA,NA,NA,NA,NA,NA,NA,NA,NA,NA,NA,NA,NA,NA,NA,NA,NA,NA,NA,NA,NA,NA,NA,NA,NA,NA,NA,NA,NA,NA,NA,NA,NA,NA,NA,NA,NA,NA,NA,NA,NA,NA,NA,NA,NA,NA,NA,NA,NA,NA,NA,NA, -9.81325E-02, -9.22213E-02, -8.68095E-02, -8.18548E-02, -7.73169E-02, -7.31577E-02, -6.93423E-02, -6.58379E-02, -6.26153E-02, -5.96475E-02, -5.69104E-02, -5.43822E-02, -5.20433E-02,
 -5.25495E-02, -5.49305E-02, -5.75054E-02, -6.02946E-02, -6.33205E-02, -6.66083E-02, -7.01856E-02, -7.40832E-02, -7.83348E-02, -8.29773E-02, -8.80504E-02, -9.35966E-02, -9.96606E-02,NA,NA,NA,NA,NA,NA,NA,NA,NA,NA,NA,NA,NA,NA,NA,NA,NA,NA,NA,NA,NA,NA,NA,NA,NA,NA,NA,NA,NA,NA,NA,NA,NA,NA,NA,NA,NA,NA,NA,NA,NA,NA,NA,NA,NA,NA,NA,NA,NA,NA,NA,NA,NA,NA, -9.96606E-02, -9.35965E-02, -8.80503E-02, -8.29772E-02, -7.83347E-02, -7.40831E-02, -7.01855E-02, -6.66082E-02, -6.33204E-02, -6.02946E-02, -5.75054E-02, -5.49305E-02, -5.25494E-02,
 -5.29523E-02, -5.53635E-02, -5.79716E-02, -6.07974E-02, -6.38637E-02, -6.71961E-02, -7.08229E-02, -7.47755E-02, -7.90881E-02, -8.37987E-02, -8.89477E-02, -9.45789E-02, -1.00738E-01,NA,NA,NA,NA,NA,NA,NA,NA,NA,NA,NA,NA,NA,NA,NA,NA,NA,NA,NA,NA,NA,NA,NA,NA,NA,NA,NA,NA,NA,NA,NA,NA,NA,NA,NA,NA,NA,NA,NA,NA,NA,NA,NA,NA,NA,NA,NA,NA,NA,NA,NA,NA,NA,NA, -1.00738E-01, -9.45788E-02, -8.89476E-02, -8.37986E-02, -7.90881E-02, -7.47754E-02, -7.08229E-02, -6.71960E-02, -6.38636E-02, -6.07973E-02, -5.79716E-02, -5.53634E-02, -5.29522E-02,
 -5.32495E-02, -5.56788E-02, -5.83063E-02, -6.11529E-02, -6.42414E-02, -6.75976E-02, -7.12497E-02, -7.52294E-02, -7.95709E-02, -8.43119E-02, -8.94933E-02, -9.51585E-02, -1.01353E-01,NA,NA,NA,NA,NA,NA,NA,NA,NA,NA,NA,NA,NA,NA,NA,NA,NA,NA,NA,NA,NA,NA,NA,NA,NA,NA,NA,NA,NA,NA,NA,NA,NA,NA,NA,NA,NA,NA,NA,NA,NA,NA,NA,NA,NA,NA,NA,NA,NA,NA,NA,NA,NA,NA, -1.01353E-01, -9.51584E-02, -8.94932E-02, -8.43119E-02, -7.95709E-02, -7.52293E-02, -7.12497E-02, -6.75975E-02, -6.42413E-02, -6.11529E-02, -5.83063E-02, -5.56788E-02, -5.32495E-02,
 -5.34405E-02, -5.58756E-02, -5.85086E-02, -6.13598E-02, -6.44523E-02, -6.78113E-02, -7.14647E-02, -7.54435E-02, -7.97815E-02, -8.45157E-02, -8.96858E-02, -9.53340E-02, -1.01505E-01,NA,NA,NA,NA,NA,NA,NA,NA,NA,NA,NA,NA,NA,NA,NA,NA,NA,NA,NA,NA,NA,NA,NA,NA,NA,NA,NA,NA,NA,NA,NA,NA,NA,NA,NA,NA,NA,NA,NA,NA,NA,NA,NA,NA,NA,NA,NA,NA,NA,NA,NA,NA,NA,NA, -1.01505E-01, -9.53339E-02, -8.96857E-02, -8.45156E-02, -7.97815E-02, -7.54434E-02, -7.14647E-02, -6.78112E-02, -6.44523E-02, -6.13598E-02, -5.85085E-02, -5.58755E-02, -5.34404E-02,
 -5.35253E-02, -5.59541E-02, -5.85788E-02, -6.14192E-02, -6.44976E-02, -6.78387E-02, -7.14696E-02, -7.54202E-02, -7.97232E-02, -8.44140E-02, -8.95304E-02, -9.51125E-02, -1.01202E-01,NA,NA,NA,NA,NA,NA,NA,NA,NA,NA,NA,NA,NA,NA,NA,NA,NA,NA,NA,NA,NA,NA,NA,NA,NA,NA,NA,NA,NA,NA,NA,NA,NA,NA,NA,NA,NA,NA,NA,NA,NA,NA,NA,NA,NA,NA,NA,NA,NA,NA,NA,NA,NA,NA, -1.01202E-01, -9.51124E-02, -8.95303E-02, -8.44139E-02, -7.97231E-02, -7.54201E-02, -7.14695E-02, -6.78387E-02, -6.44975E-02, -6.14191E-02, -5.85788E-02, -5.59541E-02, -5.35252E-02,
 -5.35054E-02, -5.59163E-02, -5.85192E-02, -6.13335E-02, -6.43806E-02, -6.76839E-02, -7.12695E-02, -7.51658E-02, -7.94036E-02, -8.40161E-02, -8.90387E-02, -9.45082E-02, -1.00462E-01,NA,NA,NA,NA,NA,NA,NA,NA,NA,NA,NA,NA,NA,NA,NA,NA,NA,NA,NA,NA,NA,NA,NA,NA,NA,NA,NA,NA,NA,NA,NA,NA,NA,NA,NA,NA,NA,NA,NA,NA,NA,NA,NA,NA,NA,NA,NA,NA,NA,NA,NA,NA,NA,NA, -1.00462E-01, -9.45081E-02, -8.90386E-02, -8.40160E-02, -7.94035E-02, -7.51658E-02, -7.12694E-02, -6.76838E-02, -6.43805E-02, -6.13334E-02, -5.85192E-02, -5.59162E-02, -5.35053E-02,
 -5.33834E-02, -5.57651E-02, -5.83337E-02, -6.11073E-02, -6.41066E-02, -6.73535E-02, -7.08724E-02, -7.46899E-02, -7.88345E-02, -8.33366E-02, -8.82285E-02, -9.35429E-02, -9.93130E-02,NA,NA,NA,NA,NA,NA,NA,NA,NA,NA,NA,NA,NA,NA,NA,NA,NA,NA,NA,NA,NA,NA,NA,NA,NA,NA,NA,NA,NA,NA,NA,NA,NA,NA,NA,NA,NA,NA,NA,NA,NA,NA,NA,NA,NA,NA,NA,NA,NA,NA,NA,NA,NA,NA, -9.93128E-02, -9.35428E-02, -8.82284E-02, -8.33365E-02, -7.88344E-02, -7.46898E-02, -7.08723E-02, -6.73534E-02, -6.41065E-02, -6.11073E-02, -5.83336E-02, -5.57650E-02, -5.33833E-02,
 -5.31629E-02, -5.55049E-02, -5.80272E-02, -6.07469E-02, -6.36829E-02, -6.68561E-02, -7.02888E-02, -7.40051E-02, -7.80312E-02, -8.23941E-02, -8.71222E-02, -9.22441E-02, -9.77874E-02,NA,NA,NA,NA,NA,NA,NA,NA,NA,NA,NA,NA,NA,NA,NA,NA,NA,NA,NA,NA,NA,NA,NA,NA,NA,NA,NA,NA,NA,NA,NA,NA,NA,NA,NA,NA,NA,NA,NA,NA,NA,NA,NA,NA,NA,NA,NA,NA,NA,NA,NA,NA,NA,NA, -9.77873E-02, -9.22440E-02, -8.71221E-02, -8.23940E-02, -7.80311E-02, -7.40051E-02, -7.02887E-02, -6.68561E-02, -6.36829E-02, -6.07468E-02, -5.80271E-02, -5.55049E-02, -5.31629E-02,
 -5.28488E-02, -5.51413E-02, -5.76062E-02, -6.02597E-02, -6.31190E-02, -6.62028E-02, -6.95317E-02, -7.31271E-02, -7.70123E-02, -8.12107E-02, -8.57468E-02, -9.06442E-02, -9.59250E-02,NA,NA,NA,NA,NA,NA,NA,NA,NA,NA,NA,NA,NA,NA,NA,NA,NA,NA,NA,NA,NA,NA,NA,NA,NA,NA,NA,NA,NA,NA,NA,NA,NA,NA,NA,NA,NA,NA,NA,NA,NA,NA,NA,NA,NA,NA,NA,NA,NA,NA,NA,NA,NA,NA, -9.59249E-02, -9.06441E-02, -8.57467E-02, -8.12106E-02, -7.70122E-02, -7.31270E-02, -6.95316E-02, -6.62027E-02, -6.31189E-02, -6.02596E-02, -5.76062E-02, -5.51412E-02, -5.28487E-02,
 -5.24461E-02, -5.46805E-02, -5.70784E-02, -5.96547E-02, -6.24248E-02, -6.54058E-02, -6.86156E-02, -7.20733E-02, -7.57986E-02, -7.98116E-02, -8.41323E-02, -8.87795E-02, -9.37692E-02, -9.91135E-02,NA,NA,NA,NA,NA,NA,NA,NA,NA,NA,NA,NA,NA,NA,NA,NA,NA,NA,NA,NA,NA,NA,NA,NA,NA,NA,NA,NA,NA,NA,NA,NA,NA,NA,NA,NA,NA,NA,NA,NA,NA,NA,NA,NA,NA,NA,NA,NA,NA,NA,NA,NA, -9.91133E-02, -9.37690E-02, -8.87793E-02, -8.41322E-02, -7.98115E-02, -7.57985E-02, -7.20732E-02, -6.86155E-02, -6.54057E-02, -6.24248E-02, -5.96546E-02, -5.70783E-02, -5.46804E-02, -5.24461E-02,
 -5.19614E-02, -5.41297E-02, -5.64521E-02, -5.89416E-02, -6.16123E-02, -6.44788E-02, -6.75568E-02, -7.08627E-02, -7.44128E-02, -7.82237E-02, -8.23107E-02, -8.66880E-02, -9.13658E-02, -9.63498E-02,NA,NA,NA,NA,NA,NA,NA,NA,NA,NA,NA,NA,NA,NA,NA,NA,NA,NA,NA,NA,NA,NA,NA,NA,NA,NA,NA,NA,NA,NA,NA,NA,NA,NA,NA,NA,NA,NA,NA,NA,NA,NA,NA,NA,NA,NA,NA,NA,NA,NA,NA,NA, -9.63497E-02, -9.13657E-02, -8.66878E-02, -8.23106E-02, -7.82236E-02, -7.44127E-02, -7.08626E-02, -6.75567E-02, -6.44787E-02, -6.16122E-02, -5.89415E-02, -5.64520E-02, -5.41296E-02, -5.19613E-02,
 -5.14010E-02, -5.34967E-02, -5.57363E-02, -5.81313E-02, -6.06937E-02, -6.34364E-02, -6.63725E-02, -6.95156E-02, -7.28788E-02, -7.64749E-02, -8.03153E-02, -8.44092E-02, -8.87615E-02, -9.33721E-02,NA,NA,NA,NA,NA,NA,NA,NA,NA,NA,NA,NA,NA,NA,NA,NA,NA,NA,NA,NA,NA,NA,NA,NA,NA,NA,NA,NA,NA,NA,NA,NA,NA,NA,NA,NA,NA,NA,NA,NA,NA,NA,NA,NA,NA,NA,NA,NA,NA,NA,NA,NA, -9.33720E-02, -8.87614E-02, -8.44090E-02, -8.03152E-02, -7.64748E-02, -7.28787E-02, -6.95155E-02, -6.63724E-02, -6.34363E-02, -6.06936E-02, -5.81312E-02, -5.57362E-02, -5.34966E-02, -5.14009E-02,
 -5.07722E-02, -5.27898E-02, -5.49406E-02, -5.72346E-02, -5.96820E-02, -6.22937E-02, -6.50802E-02, -6.80524E-02, -7.12205E-02, -7.45938E-02, -7.81794E-02, -8.19821E-02, -8.60023E-02, -9.02343E-02, -9.46638E-02,NA,NA,NA,NA,NA,NA,NA,NA,NA,NA,NA,NA,NA,NA,NA,NA,NA,NA,NA,NA,NA,NA,NA,NA,NA,NA,NA,NA,NA,NA,NA,NA,NA,NA,NA,NA,NA,NA,NA,NA,NA,NA,NA,NA,NA,NA,NA,NA,NA,NA, -9.46636E-02, -9.02341E-02, -8.60021E-02, -8.19820E-02, -7.81793E-02, -7.45936E-02, -7.12204E-02, -6.80523E-02, -6.50801E-02, -6.22936E-02, -5.96820E-02, -5.72345E-02, -5.49406E-02, -5.27897E-02, -5.07721E-02,
 -5.00823E-02, -5.20175E-02, -5.40749E-02, -5.62631E-02, -5.85906E-02, -6.10659E-02, -6.36977E-02, -6.64940E-02, -6.94623E-02, -7.26082E-02, -7.59355E-02, -7.94448E-02, -8.31323E-02, -8.69877E-02, -9.09922E-02,NA,NA,NA,NA,NA,NA,NA,NA,NA,NA,NA,NA,NA,NA,NA,NA,NA,NA,NA,NA,NA,NA,NA,NA,NA,NA,NA,NA,NA,NA,NA,NA,NA,NA,NA,NA,NA,NA,NA,NA,NA,NA,NA,NA,NA,NA,NA,NA,NA,NA, -9.09920E-02, -8.69875E-02, -8.31322E-02, -7.94447E-02, -7.59354E-02, -7.26080E-02, -6.94622E-02, -6.64939E-02, -6.36976E-02, -6.10658E-02, -5.85905E-02, -5.62630E-02, -5.40749E-02, -5.20174E-02, -5.00823E-02,
 -4.93390E-02, -5.11884E-02, -5.31492E-02, -5.52281E-02, -5.74322E-02, -5.97682E-02, -6.22425E-02, -6.48605E-02, -6.76271E-02, -7.05450E-02, -7.36147E-02, -7.68333E-02, -8.01931E-02, -8.36802E-02, -8.72720E-02, -9.09353E-02,NA,NA,NA,NA,NA,NA,NA,NA,NA,NA,NA,NA,NA,NA,NA,NA,NA,NA,NA,NA,NA,NA,NA,NA,NA,NA,NA,NA,NA,NA,NA,NA,NA,NA,NA,NA,NA,NA,NA,NA,NA,NA,NA,NA,NA,NA,NA,NA, -9.09350E-02, -8.72718E-02, -8.36800E-02, -8.01929E-02, -7.68331E-02, -7.36145E-02, -7.05449E-02, -6.76270E-02, -6.48604E-02, -6.22424E-02, -5.97681E-02, -5.74321E-02, -5.52280E-02, -5.31491E-02, -5.11883E-02, -4.93389E-02,
 -4.85496E-02, -5.03110E-02, -5.21730E-02, -5.41409E-02, -5.62200E-02, -5.84154E-02, -6.07313E-02, -6.31712E-02, -6.57372E-02, -6.84297E-02, -7.12460E-02, -7.41805E-02, -7.72222E-02, -8.03545E-02, -8.35520E-02, -8.67793E-02,NA,NA,NA,NA,NA,NA,NA,NA,NA,NA,NA,NA,NA,NA,NA,NA,NA,NA,NA,NA,NA,NA,NA,NA,NA,NA,NA,NA,NA,NA,NA,NA,NA,NA,NA,NA,NA,NA,NA,NA,NA,NA,NA,NA,NA,NA,NA,NA, -8.67791E-02, -8.35518E-02, -8.03543E-02, -7.72220E-02, -7.41803E-02, -7.12459E-02, -6.84296E-02, -6.57371E-02, -6.31711E-02, -6.07312E-02, -5.84153E-02, -5.62199E-02, -5.41408E-02, -5.21729E-02, -5.03110E-02, -4.85496E-02,
 -4.77217E-02, -4.93940E-02, -5.11561E-02, -5.30123E-02, -5.49662E-02, -5.70214E-02, -5.91802E-02, -6.14442E-02, -6.38134E-02, -6.62855E-02, -6.88560E-02, -7.15164E-02, -7.42536E-02, -7.70485E-02, -7.98742E-02, -8.26943E-02, -8.54598E-02,NA,NA,NA,NA,NA,NA,NA,NA,NA,NA,NA,NA,NA,NA,NA,NA,NA,NA,NA,NA,NA,NA,NA,NA,NA,NA,NA,NA,NA,NA,NA,NA,NA,NA,NA,NA,NA,NA,NA,NA,NA,NA,NA,NA,NA,NA, -8.54595E-02, -8.26941E-02, -7.98740E-02, -7.70483E-02, -7.42535E-02, -7.15162E-02, -6.88559E-02, -6.62854E-02, -6.38133E-02, -6.14441E-02, -5.91801E-02, -5.70213E-02, -5.49661E-02, -5.30122E-02, -5.11560E-02, -4.93939E-02, -4.77216E-02,
 -4.68624E-02, -4.84452E-02, -5.01076E-02, -5.18526E-02, -5.36827E-02, -5.55995E-02, -5.76042E-02, -5.96964E-02, -6.18744E-02, -6.41340E-02, -6.64684E-02, -6.88676E-02, -7.13165E-02, -7.37946E-02, -7.62742E-02, -7.87185E-02, -8.10799E-02,NA,NA,NA,NA,NA,NA,NA,NA,NA,NA,NA,NA,NA,NA,NA,NA,NA,NA,NA,NA,NA,NA,NA,NA,NA,NA,NA,NA,NA,NA,NA,NA,NA,NA,NA,NA,NA,NA,NA,NA,NA,NA,NA,NA,NA,NA, -8.10796E-02, -7.87183E-02, -7.62740E-02, -7.37944E-02, -7.13163E-02, -6.88674E-02, -6.64683E-02, -6.41338E-02, -6.18743E-02, -5.96963E-02, -5.76041E-02, -5.55994E-02, -5.36826E-02, -5.18525E-02, -5.01076E-02, -4.84451E-02, -4.68623E-02,
 -4.59785E-02, -4.74725E-02, -4.90363E-02, -5.06717E-02, -5.23800E-02, -5.41619E-02, -5.60167E-02, -5.79430E-02, -5.99370E-02, -6.19935E-02, -6.41040E-02, -6.62569E-02, -6.84359E-02, -7.06199E-02, -7.27808E-02, -7.48827E-02, -7.68796E-02, -7.87145E-02,NA,NA,NA,NA,NA,NA,NA,NA,NA,NA,NA,NA,NA,NA,NA,NA,NA,NA,NA,NA,NA,NA,NA,NA,NA,NA,NA,NA,NA,NA,NA,NA,NA,NA,NA,NA,NA,NA,NA,NA,NA,NA,NA,NA, -7.87142E-02, -7.68793E-02, -7.48825E-02, -7.27806E-02, -7.06197E-02, -6.84357E-02, -6.62567E-02, -6.41039E-02, -6.19933E-02, -5.99369E-02, -5.79429E-02, -5.60166E-02, -5.41618E-02, -5.23799E-02, -5.06716E-02, -4.90362E-02, -4.74724E-02, -4.59785E-02,
 -4.50767E-02, -4.64831E-02, -4.79500E-02, -4.94784E-02, -5.10684E-02, -5.27196E-02, -5.44302E-02, -5.61973E-02, -5.80164E-02, -5.98805E-02, -6.17804E-02, -6.37033E-02, -6.56324E-02, -6.75461E-02, -6.94170E-02, -7.12100E-02, -7.28822E-02, -7.43805E-02, -7.56404E-02,NA,NA,NA,NA,NA,NA,NA,NA,NA,NA,NA,NA,NA,NA,NA,NA,NA,NA,NA,NA,NA,NA,NA,NA,NA,NA,NA,NA,NA,NA,NA,NA,NA,NA,NA,NA,NA,NA,NA,NA,NA,NA, -7.56401E-02, -7.43802E-02, -7.28820E-02, -7.12098E-02, -6.94168E-02, -6.75460E-02, -6.56322E-02, -6.37031E-02, -6.17803E-02, -5.98804E-02, -5.80163E-02, -5.61972E-02, -5.44301E-02, -5.27195E-02, -5.10683E-02, -4.94783E-02, -4.79499E-02, -4.64830E-02, -4.50766E-02,
 -4.41629E-02, -4.54836E-02, -4.68563E-02, -4.82809E-02, -4.97568E-02, -5.12824E-02, -5.28553E-02, -5.44714E-02, -5.61251E-02, -5.78089E-02, -5.95124E-02, -6.12226E-02, -6.29222E-02, -6.45900E-02, -6.61993E-02, -6.77170E-02, -6.91030E-02, -7.03087E-02, -7.12761E-02, -7.19368E-02,NA,NA,NA,NA,NA,NA,NA,NA,NA,NA,NA,NA,NA,NA,NA,NA,NA,NA,NA,NA,NA,NA,NA,NA,NA,NA,NA,NA,NA,NA,NA,NA,NA,NA,NA,NA,NA,NA,NA,NA, -7.19365E-02, -7.12758E-02, -7.03085E-02, -6.91028E-02, -6.77168E-02, -6.61991E-02, -6.45898E-02, -6.29220E-02, -6.12224E-02, -5.95123E-02, -5.78087E-02, -5.61250E-02, -5.44713E-02, -5.28552E-02, -5.12823E-02, -4.97567E-02, -4.82808E-02, -4.68562E-02, -4.54836E-02, -4.41628E-02,
 -4.32426E-02, -4.44803E-02, -4.57619E-02, -4.70866E-02, -4.84531E-02, -4.98592E-02, -5.13014E-02, -5.27751E-02, -5.42740E-02, -5.57898E-02, -5.73119E-02, -5.88268E-02, -6.03177E-02, -6.17638E-02, -6.31396E-02, -6.44143E-02, -6.55508E-02, -6.65052E-02, -6.72260E-02, -6.76533E-02, -6.77185E-02,NA,NA,NA,NA,NA,NA,NA,NA,NA,NA,NA,NA,NA,NA,NA,NA,NA,NA,NA,NA,NA,NA,NA,NA,NA,NA,NA,NA,NA,NA,NA,NA,NA,NA,NA,NA,NA,NA, -6.77182E-02, -6.76530E-02, -6.72258E-02, -6.65050E-02, -6.55506E-02, -6.44141E-02, -6.31394E-02, -6.17637E-02, -6.03176E-02, -5.88267E-02, -5.73118E-02, -5.57897E-02, -5.42739E-02, -5.27750E-02, -5.13013E-02, -4.98591E-02, -4.84531E-02, -4.70865E-02, -4.57618E-02, -4.44802E-02, -4.32426E-02,
 -4.23211E-02, -4.34786E-02, -4.46727E-02, -4.59019E-02, -4.71644E-02, -4.84573E-02, -4.97766E-02, -5.11170E-02, -5.24719E-02, -5.38325E-02, -5.51881E-02, -5.65254E-02, -5.78279E-02, -5.90757E-02, -6.02450E-02, -6.13071E-02, -6.22285E-02, -6.29697E-02, -6.34855E-02, -6.37238E-02, -6.36265E-02, -6.31289E-02,NA,NA,NA,NA,NA,NA,NA,NA,NA,NA,NA,NA,NA,NA,NA,NA,NA,NA,NA,NA,NA,NA,NA,NA,NA,NA,NA,NA,NA,NA,NA,NA,NA,NA,NA,NA, -6.31286E-02, -6.36262E-02, -6.37236E-02, -6.34852E-02, -6.29695E-02, -6.22283E-02, -6.13069E-02, -6.02448E-02, -5.90756E-02, -5.78278E-02, -5.65253E-02, -5.51880E-02, -5.38324E-02, -5.24717E-02, -5.11169E-02, -4.97765E-02, -4.84572E-02, -4.71644E-02, -4.59018E-02, -4.46726E-02, -4.34785E-02, -4.23210E-02,
 -4.14028E-02, -4.24835E-02, -4.35939E-02, -4.47325E-02, -4.58967E-02, -4.70831E-02, -4.82873E-02, -4.95039E-02, -5.07256E-02, -5.19439E-02, -5.31479E-02, -5.43247E-02, -5.54584E-02, -5.65304E-02, -5.75185E-02, -5.83965E-02, -5.91342E-02, -5.96968E-02, -6.00446E-02, -6.01332E-02, -5.99133E-02, -5.93317E-02, -5.83316E-02,NA,NA,NA,NA,NA,NA,NA,NA,NA,NA,NA,NA,NA,NA,NA,NA,NA,NA,NA,NA,NA,NA,NA,NA,NA,NA,NA,NA,NA,NA,NA,NA,NA,NA, -5.83313E-02, -5.93314E-02, -5.99131E-02, -6.01329E-02, -6.00444E-02, -5.96966E-02, -5.91340E-02, -5.83963E-02, -5.75183E-02, -5.65303E-02, -5.54583E-02, -5.43245E-02, -5.31478E-02, -5.19438E-02, -5.07255E-02, -4.95038E-02, -4.82872E-02, -4.70830E-02, -4.58966E-02, -4.47324E-02, -4.35939E-02, -4.24834E-02, -4.14028E-02,
 -4.04918E-02, -4.14991E-02, -4.25303E-02, -4.35832E-02, -4.46548E-02, -4.57417E-02, -4.68390E-02, -4.79410E-02, -4.90406E-02, -5.01290E-02, -5.11959E-02, -5.22285E-02, -5.32123E-02, -5.41295E-02, -5.49599E-02, -5.56799E-02, -5.62626E-02, -5.66773E-02, -5.68898E-02, -5.68623E-02, -5.65537E-02, -5.59205E-02, -5.49173E-02,NA,NA,NA,NA,NA,NA,NA,NA,NA,NA,NA,NA,NA,NA,NA,NA,NA,NA,NA,NA,NA,NA,NA,NA,NA,NA,NA,NA,NA,NA,NA,NA,NA,NA, -5.49170E-02, -5.59202E-02, -5.65535E-02, -5.68620E-02, -5.68895E-02, -5.66771E-02, -5.62624E-02, -5.56798E-02, -5.49598E-02, -5.41294E-02, -5.32121E-02, -5.22284E-02, -5.11957E-02, -5.01289E-02, -4.90405E-02, -4.79409E-02, -4.68389E-02, -4.57416E-02, -4.46548E-02, -4.35831E-02, -4.25302E-02, -4.14990E-02, -4.04917E-02,
 -3.95915E-02, -4.05293E-02, -4.14856E-02, -4.24579E-02, -4.34431E-02, -4.44373E-02, -4.54357E-02, -4.64325E-02, -4.74205E-02, -4.83912E-02, -4.93347E-02, -5.02389E-02, -5.10901E-02, -5.18721E-02, -5.25665E-02, -5.31521E-02, -5.36052E-02, -5.38990E-02, -5.40044E-02, -5.38895E-02, -5.35203E-02, -5.28616E-02, -5.18775E-02, -5.05333E-02,NA,NA,NA,NA,NA,NA,NA,NA,NA,NA,NA,NA,NA,NA,NA,NA,NA,NA,NA,NA,NA,NA,NA,NA,NA,NA,NA,NA,NA,NA,NA,NA, -5.05330E-02, -5.18773E-02, -5.28613E-02, -5.35201E-02, -5.38892E-02, -5.40042E-02, -5.38988E-02, -5.36050E-02, -5.31520E-02, -5.25664E-02, -5.18720E-02, -5.10900E-02, -5.02388E-02, -4.93346E-02, -4.83911E-02, -4.74204E-02, -4.64324E-02, -4.54356E-02, -4.44372E-02, -4.34430E-02, -4.24578E-02, -4.14855E-02, -4.05292E-02, -3.95914E-02,
 -3.87050E-02, -3.95771E-02, -4.04630E-02, -4.13599E-02, -4.22646E-02, -4.31731E-02, -4.40806E-02, -4.49811E-02, -4.58677E-02, -4.67324E-02, -4.75655E-02, -4.83559E-02, -4.90908E-02, -4.97555E-02, -5.03333E-02, -5.08056E-02, -5.11515E-02, -5.13480E-02, -5.13704E-02, -5.11919E-02, -5.07850E-02, -5.01213E-02, -4.91729E-02, -4.79136E-02, -4.63207E-02,NA,NA,NA,NA,NA,NA,NA,NA,NA,NA,NA,NA,NA,NA,NA,NA,NA,NA,NA,NA,NA,NA,NA,NA,NA,NA,NA,NA,NA,NA, -4.63205E-02, -4.79134E-02, -4.91726E-02, -5.01210E-02, -5.07848E-02, -5.11917E-02, -5.13702E-02, -5.13479E-02, -5.11513E-02, -5.08055E-02, -5.03332E-02, -4.97553E-02, -4.90906E-02, -4.83558E-02, -4.75654E-02, -4.67323E-02, -4.58676E-02, -4.49810E-02, -4.40805E-02, -4.31730E-02, -4.22646E-02, -4.13598E-02, -4.04629E-02, -3.95771E-02, -3.87050E-02,
 -3.78349E-02, -3.86452E-02, -3.94651E-02, -4.02918E-02, -4.11220E-02, -4.19515E-02, -4.27756E-02, -4.35885E-02, -4.43836E-02, -4.51531E-02, -4.58880E-02, -4.65780E-02, -4.72115E-02, -4.77750E-02, -4.82538E-02, -4.86315E-02, -4.88898E-02, -4.90091E-02, -4.89687E-02, -4.87465E-02, -4.83200E-02, -4.76668E-02, -4.67657E-02, -4.55973E-02, -4.41459E-02, -4.24010E-02,NA,NA,NA,NA,NA,NA,NA,NA,NA,NA,NA,NA,NA,NA,NA,NA,NA,NA,NA,NA,NA,NA,NA,NA,NA,NA,NA,NA, -4.24008E-02, -4.41457E-02, -4.55971E-02, -4.67655E-02, -4.76666E-02, -4.83198E-02, -4.87463E-02, -4.89685E-02, -4.90090E-02, -4.88896E-02, -4.86313E-02, -4.82537E-02, -4.77749E-02, -4.72113E-02, -4.65779E-02, -4.58879E-02, -4.51530E-02, -4.43835E-02, -4.35884E-02, -4.27755E-02, -4.19514E-02, -4.11219E-02, -4.02918E-02, -3.94651E-02, -3.86452E-02, -3.78348E-02,
 -3.69832E-02, -3.77357E-02, -3.84941E-02, -3.92557E-02, -4.00170E-02, -4.07740E-02, -4.15220E-02, -4.22556E-02, -4.29682E-02, -4.36528E-02, -4.43008E-02, -4.49028E-02, -4.54483E-02, -4.59252E-02, -4.63205E-02, -4.66197E-02, -4.68073E-02, -4.68666E-02, -4.67802E-02, -4.65301E-02, -4.60983E-02, -4.54672E-02, -4.46209E-02, -4.35456E-02, -4.22308E-02, -4.06714E-02, -3.88680E-02,NA,NA,NA,NA,NA,NA,NA,NA,NA,NA,NA,NA,NA,NA,NA,NA,NA,NA,NA,NA,NA,NA,NA,NA,NA,NA, -3.88678E-02, -4.06712E-02, -4.22306E-02, -4.35454E-02, -4.46207E-02, -4.54671E-02, -4.60981E-02, -4.65299E-02, -4.67800E-02, -4.68665E-02, -4.68071E-02, -4.66195E-02, -4.63203E-02, -4.59251E-02, -4.54481E-02, -4.49027E-02, -4.43007E-02, -4.36527E-02, -4.29681E-02, -4.22555E-02, -4.15219E-02, -4.07739E-02, -4.00169E-02, -3.92556E-02, -3.84940E-02, -3.77356E-02, -3.69832E-02,
 -3.61517E-02, -3.68501E-02, -3.75514E-02, -3.82527E-02, -3.89507E-02, -3.96415E-02, -4.03204E-02, -4.09823E-02, -4.16212E-02, -4.22301E-02, -4.28016E-02, -4.33268E-02, -4.37964E-02, -4.41995E-02, -4.45248E-02, -4.47598E-02, -4.48911E-02, -4.49046E-02, -4.47861E-02, -4.45208E-02, -4.40944E-02, -4.34937E-02, -4.27066E-02, -4.17236E-02, -4.05387E-02, -3.91500E-02, -3.75614E-02, -3.57835E-02,NA,NA,NA,NA,NA,NA,NA,NA,NA,NA,NA,NA,NA,NA,NA,NA,NA,NA,NA,NA,NA,NA,NA,NA, -3.57833E-02, -3.75613E-02, -3.91498E-02, -4.05385E-02, -4.17235E-02, -4.27064E-02, -4.34935E-02, -4.40943E-02, -4.45206E-02, -4.47859E-02, -4.49045E-02, -4.48909E-02, -4.47597E-02, -4.45247E-02, -4.41994E-02, -4.37962E-02, -4.33267E-02, -4.28015E-02, -4.22300E-02, -4.16211E-02, -4.09822E-02, -4.03204E-02, -3.96414E-02, -3.89507E-02, -3.82527E-02, -3.75513E-02, -3.68500E-02, -3.61516E-02,
 -3.53416E-02, -3.59897E-02, -3.66381E-02, -3.72840E-02, -3.79240E-02, -3.85543E-02, -3.91707E-02, -3.97682E-02, -4.03411E-02, -4.08831E-02, -4.13874E-02, -4.18459E-02, -4.22503E-02, -4.25911E-02, -4.28582E-02, -4.30410E-02, -4.31281E-02, -4.31078E-02, -4.29682E-02, -4.26976E-02, -4.22848E-02, -4.17197E-02, -4.09937E-02, -4.01005E-02, -3.90372E-02, -3.78045E-02, -3.64081E-02, -3.48593E-02, -3.31761E-02, -3.13836E-02,NA,NA,NA,NA,NA,NA,NA,NA,NA,NA,NA,NA,NA,NA,NA,NA,NA,NA,NA,NA, -3.13835E-02, -3.31759E-02, -3.48591E-02, -3.64079E-02, -3.78043E-02, -3.90371E-02, -4.01004E-02, -4.09935E-02, -4.17195E-02, -4.22846E-02, -4.26974E-02, -4.29680E-02, -4.31076E-02, -4.31280E-02, -4.30409E-02, -4.28581E-02, -4.25910E-02, -4.22502E-02, -4.18458E-02, -4.13873E-02, -4.08830E-02, -4.03410E-02, -3.97681E-02, -3.91706E-02, -3.85543E-02, -3.79239E-02, -3.72839E-02, -3.66381E-02, -3.59896E-02, -3.53415E-02,
 -3.45539E-02, -3.51554E-02, -3.57549E-02, -3.63498E-02, -3.69368E-02, -3.75123E-02, -3.80722E-02, -3.86119E-02, -3.91261E-02, -3.96092E-02, -4.00546E-02, -4.04555E-02, -4.08043E-02, -4.10926E-02, -4.13118E-02, -4.14527E-02, -4.15057E-02, -4.14612E-02, -4.13094E-02, -4.10411E-02, -4.06475E-02, -4.01213E-02, -3.94563E-02, -3.86490E-02, -3.76984E-02, -3.66071E-02, -3.53818E-02, -3.40339E-02, -3.25803E-02, -3.10436E-02, -2.94519E-02, -2.78394E-02,NA,NA,NA,NA,NA,NA,NA,NA,NA,NA,NA,NA,NA,NA,NA,NA, -2.78392E-02, -2.94517E-02, -3.10434E-02, -3.25801E-02, -3.40337E-02, -3.53816E-02, -3.66070E-02, -3.76983E-02, -3.86489E-02, -3.94562E-02, -4.01211E-02, -4.06474E-02, -4.10409E-02, -4.13093E-02, -4.14610E-02, -4.15056E-02, -4.14526E-02, -4.13117E-02, -4.10925E-02, -4.08042E-02, -4.04554E-02, -4.00546E-02, -3.96091E-02, -3.91261E-02, -3.86118E-02, -3.80722E-02, -3.75123E-02, -3.69368E-02, -3.63498E-02, -3.57549E-02, -3.51553E-02, -3.45539E-02,
 -3.37894E-02, -3.43477E-02, -3.49022E-02, -3.54504E-02, -3.59891E-02, -3.65149E-02, -3.70240E-02, -3.75120E-02, -3.79742E-02, -3.84053E-02, -3.87996E-02, -3.91508E-02, -3.94522E-02, -3.96967E-02, -3.98766E-02, -3.99843E-02, -4.00117E-02, -3.99508E-02, -3.97938E-02, -3.95333E-02, -3.91629E-02, -3.86770E-02, -3.80718E-02, -3.73453E-02, -3.64983E-02, -3.55344E-02, -3.44608E-02, -3.32886E-02, -3.20335E-02, -3.07153E-02, -2.93584E-02, -2.79918E-02, -2.66477E-02, -2.53610E-02, -2.41685E-02,NA,NA,NA,NA,NA,NA,NA,NA,NA,NA, -2.41684E-02, -2.53609E-02, -2.66476E-02, -2.79917E-02, -2.93583E-02, -3.07151E-02, -3.20334E-02, -3.32885E-02, -3.44607E-02, -3.55343E-02, -3.64982E-02, -3.73452E-02, -3.80716E-02, -3.86769E-02, -3.91628E-02, -3.95332E-02, -3.97936E-02, -3.99506E-02, -4.00116E-02, -3.99842E-02, -3.98765E-02, -3.96966E-02, -3.94521E-02, -3.91507E-02, -3.87995E-02, -3.84052E-02, -3.79741E-02, -3.75119E-02, -3.70239E-02, -3.65148E-02, -3.59890E-02, -3.54503E-02, -3.49022E-02, -3.43476E-02, -3.37893E-02,
NA, -3.35668E-02, -3.40800E-02, -3.45855E-02, -3.50803E-02, -3.55612E-02, -3.60246E-02, -3.64665E-02, -3.68827E-02, -3.72683E-02, -3.76181E-02, -3.79266E-02, -3.81880E-02, -3.83960E-02, -3.85442E-02, -3.86259E-02, -3.86345E-02, -3.85634E-02, -3.84065E-02, -3.81580E-02, -3.78131E-02, -3.73678E-02, -3.68199E-02, -3.61689E-02, -3.54164E-02, -3.45668E-02, -3.36273E-02, -3.26086E-02, -3.15246E-02, -3.03931E-02, -2.92350E-02, -2.80748E-02, -2.69393E-02, -2.58573E-02, -2.48584E-02, -2.39718E-02, -2.32247E-02, -2.26411E-02, -2.22407E-02, -2.20368E-02, -2.20368E-02, -2.22407E-02, -2.26411E-02, -2.32246E-02, -2.39717E-02, -2.48583E-02, -2.58572E-02, -2.69392E-02, -2.80747E-02, -2.92349E-02, -3.03930E-02, -3.15245E-02, -3.26085E-02, -3.36272E-02, -3.45667E-02, -3.54163E-02, -3.61688E-02, -3.68198E-02, -3.73677E-02, -3.78129E-02, -3.81579E-02, -3.84064E-02, -3.85633E-02, -3.86344E-02, -3.86258E-02, -3.85441E-02, -3.83959E-02, -3.81879E-02, -3.79266E-02, -3.76180E-02, -3.72682E-02, -3.68826E-02, -3.64665E-02, -3.60245E-02, -3.55611E-02, -3.50802E-02, -3.45854E-02, -3.40800E-02, -3.35668E-02,NA,
NA,NA, -3.32881E-02, -3.37546E-02, -3.42095E-02, -3.46499E-02, -3.50724E-02, -3.54734E-02, -3.58489E-02, -3.61946E-02, -3.65060E-02, -3.67781E-02, -3.70057E-02, -3.71836E-02, -3.73062E-02, -3.73679E-02, -3.73633E-02, -3.72871E-02, -3.71342E-02, -3.69005E-02, -3.65822E-02, -3.61768E-02, -3.56833E-02, -3.51019E-02, -3.44352E-02, -3.36877E-02, -3.28665E-02, -3.19817E-02, -3.10454E-02, -3.00735E-02, -2.90838E-02, -2.80972E-02, -2.71358E-02, -2.62235E-02, -2.53843E-02, -2.46417E-02, -2.40177E-02, -2.35314E-02, -2.31981E-02, -2.30287E-02, -2.30287E-02, -2.31981E-02, -2.35314E-02, -2.40176E-02, -2.46416E-02, -2.53842E-02, -2.62234E-02, -2.71357E-02, -2.80971E-02, -2.90837E-02, -3.00733E-02, -3.10453E-02, -3.19815E-02, -3.28664E-02, -3.36876E-02, -3.44351E-02, -3.51018E-02, -3.56831E-02, -3.61767E-02, -3.65820E-02, -3.69003E-02, -3.71341E-02, -3.72870E-02, -3.73632E-02, -3.73678E-02, -3.73061E-02, -3.71835E-02, -3.70056E-02, -3.67780E-02, -3.65059E-02, -3.61946E-02, -3.58488E-02, -3.54734E-02, -3.50724E-02, -3.46499E-02, -3.42095E-02, -3.37545E-02, -3.32881E-02,NA,NA,
NA,NA,NA, -3.29570E-02, -3.33759E-02, -3.37798E-02, -3.41657E-02, -3.45303E-02, -3.48700E-02, -3.51809E-02, -3.54590E-02, -3.57000E-02, -3.58994E-02, -3.60525E-02, -3.61547E-02, -3.62015E-02, -3.61881E-02, -3.61105E-02, -3.59646E-02, -3.57473E-02, -3.54561E-02, -3.50893E-02, -3.46466E-02, -3.41292E-02, -3.35399E-02, -3.28834E-02, -3.21664E-02, -3.13980E-02, -3.05893E-02, -2.97538E-02, -2.89071E-02, -2.80667E-02, -2.72511E-02, -2.64799E-02, -2.57729E-02, -2.51492E-02, -2.46261E-02, -2.42193E-02, -2.39410E-02, -2.37995E-02, -2.37995E-02, -2.39410E-02, -2.42193E-02, -2.46261E-02, -2.51491E-02, -2.57729E-02, -2.64798E-02, -2.72511E-02, -2.80666E-02, -2.89070E-02, -2.97537E-02, -3.05892E-02, -3.13979E-02, -3.21663E-02, -3.28833E-02, -3.35398E-02, -3.41291E-02, -3.46465E-02, -3.50892E-02, -3.54560E-02, -3.57472E-02, -3.59645E-02, -3.61104E-02, -3.61880E-02, -3.62014E-02, -3.61547E-02, -3.60524E-02, -3.58993E-02, -3.56999E-02, -3.54590E-02, -3.51809E-02, -3.48699E-02, -3.45303E-02, -3.41657E-02, -3.37797E-02, -3.33758E-02, -3.29570E-02,NA,NA,NA,
NA,NA,NA,NA, -3.25781E-02, -3.29493E-02, -3.33025E-02, -3.36348E-02, -3.39430E-02, -3.42237E-02, -3.44731E-02, -3.46876E-02, -3.48633E-02, -3.49963E-02, -3.50825E-02, -3.51183E-02, -3.50997E-02, -3.50235E-02, -3.48867E-02, -3.46869E-02, -3.44223E-02, -3.40922E-02, -3.36969E-02, -3.32378E-02, -3.27182E-02, -3.21425E-02, -3.15170E-02, -3.08500E-02, -3.01513E-02, -2.94328E-02, -2.87077E-02, -2.79907E-02, -2.72975E-02, -2.66441E-02, -2.60469E-02, -2.55214E-02, -2.50816E-02, -2.47402E-02, -2.45068E-02, -2.43884E-02, -2.43884E-02, -2.45068E-02, -2.47402E-02, -2.50816E-02, -2.55213E-02, -2.60469E-02, -2.66441E-02, -2.72974E-02, -2.79906E-02, -2.87076E-02, -2.94327E-02, -3.01512E-02, -3.08499E-02, -3.15169E-02, -3.21424E-02, -3.27181E-02, -3.32378E-02, -3.36968E-02, -3.40921E-02, -3.44222E-02, -3.46868E-02, -3.48867E-02, -3.50235E-02, -3.50996E-02, -3.51182E-02, -3.50825E-02, -3.49962E-02, -3.48633E-02, -3.46876E-02, -3.44730E-02, -3.42236E-02, -3.39430E-02, -3.36348E-02, -3.33025E-02, -3.29492E-02, -3.25781E-02,NA,NA,NA,NA,
NA,NA,NA,NA, -3.18150E-02, -3.21567E-02, -3.24808E-02, -3.27846E-02, -3.30651E-02, -3.33193E-02, -3.35442E-02, -3.37362E-02, -3.38922E-02, -3.40088E-02, -3.40827E-02, -3.41106E-02, -3.40896E-02, -3.40171E-02, -3.38906E-02, -3.37086E-02, -3.34699E-02, -3.31744E-02, -3.28227E-02, -3.24166E-02, -3.19594E-02, -3.14553E-02, -3.09102E-02, -3.03314E-02, -2.97279E-02, -2.91095E-02, -2.84880E-02, -2.78754E-02, -2.72852E-02, -2.67306E-02, -2.62249E-02, -2.57810E-02, -2.54103E-02, -2.51228E-02, -2.49266E-02, -2.48271E-02, -2.48270E-02, -2.49266E-02, -2.51228E-02, -2.54103E-02, -2.57809E-02, -2.62248E-02, -2.67305E-02, -2.72851E-02, -2.78753E-02, -2.84879E-02, -2.91095E-02, -2.97278E-02, -3.03313E-02, -3.09101E-02, -3.14552E-02, -3.19593E-02, -3.24166E-02, -3.28226E-02, -3.31743E-02, -3.34699E-02, -3.37085E-02, -3.38906E-02, -3.40170E-02, -3.40896E-02, -3.41106E-02, -3.40826E-02, -3.40088E-02, -3.38922E-02, -3.37362E-02, -3.35441E-02, -3.33193E-02, -3.30650E-02, -3.27845E-02, -3.24807E-02, -3.21567E-02, -3.18150E-02,NA,NA,NA,NA,
NA,NA,NA,NA,NA,NA, -3.16985E-02, -3.19770E-02, -3.22333E-02, -3.24646E-02, -3.26682E-02, -3.28413E-02, -3.29810E-02, -3.30844E-02, -3.31488E-02, -3.31716E-02, -3.31503E-02, -3.30828E-02, -3.29675E-02, -3.28032E-02, -3.25893E-02, -3.23260E-02, -3.20143E-02, -3.16562E-02, -3.12547E-02, -3.08140E-02, -3.03395E-02, -2.98376E-02, -2.93160E-02, -2.87838E-02, -2.82505E-02, -2.77266E-02, -2.72233E-02, -2.67516E-02, -2.63225E-02, -2.59466E-02, -2.56333E-02, -2.53907E-02, -2.52252E-02, -2.51413E-02, -2.51413E-02, -2.52252E-02, -2.53907E-02, -2.56332E-02, -2.59466E-02, -2.63225E-02, -2.67516E-02, -2.72232E-02, -2.77265E-02, -2.82504E-02, -2.87837E-02, -2.93160E-02, -2.98375E-02, -3.03394E-02, -3.08139E-02, -3.12547E-02, -3.16561E-02, -3.20143E-02, -3.23259E-02, -3.25893E-02, -3.28031E-02, -3.29674E-02, -3.30827E-02, -3.31502E-02, -3.31715E-02, -3.31487E-02, -3.30844E-02, -3.29809E-02, -3.28413E-02, -3.26682E-02, -3.24645E-02, -3.22332E-02, -3.19769E-02, -3.16985E-02,NA,NA,NA,NA,NA,NA,
NA,NA,NA,NA,NA,NA,NA, -3.12098E-02, -3.14447E-02, -3.16562E-02, -3.18416E-02, -3.19987E-02, -3.21249E-02, -3.22178E-02, -3.22751E-02, -3.22947E-02, -3.22746E-02, -3.22133E-02, -3.21095E-02, -3.19625E-02, -3.17721E-02, -3.15387E-02, -3.12635E-02, -3.09485E-02, -3.05968E-02, -3.02121E-02, -2.97994E-02, -2.93643E-02, -2.89139E-02, -2.84555E-02, -2.79976E-02, -2.75492E-02, -2.71194E-02, -2.67175E-02, -2.63529E-02, -2.60340E-02, -2.57685E-02, -2.55632E-02, -2.54233E-02, -2.53524E-02, -2.53524E-02, -2.54233E-02, -2.55632E-02, -2.57685E-02, -2.60340E-02, -2.63529E-02, -2.67175E-02, -2.71194E-02, -2.75491E-02, -2.79976E-02, -2.84554E-02, -2.89138E-02, -2.93642E-02, -2.97993E-02, -3.02121E-02, -3.05967E-02, -3.09485E-02, -3.12634E-02, -3.15386E-02, -3.17720E-02, -3.19624E-02, -3.21095E-02, -3.22132E-02, -3.22745E-02, -3.22946E-02, -3.22750E-02, -3.22177E-02, -3.21248E-02, -3.19986E-02, -3.18416E-02, -3.16561E-02, -3.14447E-02, -3.12097E-02,NA,NA,NA,NA,NA,NA,NA,
NA,NA,NA,NA,NA,NA,NA,NA, -3.06967E-02, -3.08909E-02, -3.10608E-02, -3.12043E-02, -3.13194E-02, -3.14039E-02, -3.14561E-02, -3.14741E-02, -3.14564E-02, -3.14019E-02, -3.13097E-02, -3.11793E-02, -3.10108E-02, -3.08050E-02, -3.05629E-02, -3.02868E-02, -2.99794E-02, -2.96442E-02, -2.92856E-02, -2.89088E-02, -2.85197E-02, -2.81250E-02, -2.77318E-02, -2.73475E-02, -2.69801E-02, -2.66374E-02, -2.63269E-02, -2.60558E-02, -2.58304E-02, -2.56563E-02, -2.55379E-02, -2.54778E-02, -2.54778E-02, -2.55379E-02, -2.56563E-02, -2.58304E-02, -2.60557E-02, -2.63268E-02, -2.66373E-02, -2.69800E-02, -2.73474E-02, -2.77317E-02, -2.81250E-02, -2.85196E-02, -2.89088E-02, -2.92855E-02, -2.96441E-02, -2.99793E-02, -3.02868E-02, -3.05629E-02, -3.08049E-02, -3.10108E-02, -3.11793E-02, -3.13096E-02, -3.14019E-02, -3.14564E-02, -3.14740E-02, -3.14560E-02, -3.14038E-02, -3.13193E-02, -3.12042E-02, -3.10607E-02, -3.08908E-02, -3.06967E-02,NA,NA,NA,NA,NA,NA,NA,NA,
NA,NA,NA,NA,NA,NA,NA,NA,NA, -3.01659E-02, -3.03224E-02, -3.04545E-02, -3.05604E-02, -3.06384E-02, -3.06869E-02, -3.07046E-02, -3.06902E-02, -3.06428E-02, -3.05619E-02, -3.04473E-02, -3.02993E-02, -3.01186E-02, -2.99066E-02, -2.96653E-02, -2.93972E-02, -2.91057E-02, -2.87946E-02, -2.84685E-02, -2.81327E-02, -2.77927E-02, -2.74548E-02, -2.71254E-02, -2.68111E-02, -2.65184E-02, -2.62538E-02, -2.60230E-02, -2.58314E-02, -2.56835E-02, -2.55829E-02, -2.55319E-02, -2.55319E-02, -2.55829E-02, -2.56835E-02, -2.58314E-02, -2.60230E-02, -2.62537E-02, -2.65184E-02, -2.68110E-02, -2.71254E-02, -2.74548E-02, -2.77926E-02, -2.81326E-02, -2.84684E-02, -2.87945E-02, -2.91056E-02, -2.93971E-02, -2.96652E-02, -2.99065E-02, -3.01185E-02, -3.02992E-02, -3.04472E-02, -3.05618E-02, -3.06427E-02, -3.06901E-02, -3.07045E-02, -3.06869E-02, -3.06383E-02, -3.05604E-02, -3.04545E-02, -3.03223E-02, -3.01658E-02,NA,NA,NA,NA,NA,NA,NA,NA,NA,
