NA,NA,NA,NA,NA,NA,NA,NA,NA, -6.22789E-03, -5.69148E-03, -5.12309E-03, -4.52282E-03, -3.89043E-03, -3.22647E-03, -2.53161E-03, -1.80672E-03, -1.05340E-03, -2.73497E-04,  5.30478E-04,  1.35565E-03,  2.19837E-03,  3.05458E-03,  3.91955E-03,  4.78796E-03,  5.65390E-03,  6.51098E-03,  7.35218E-03,  8.17032E-03,  8.95752E-03,  9.70627E-03,  1.04084E-02,  1.10563E-02,  1.16424E-02,  1.21595E-02,  1.26014E-02,  1.29621E-02,  1.32370E-02,  1.34224E-02,  1.35157E-02,  1.35157E-02,  1.34224E-02,  1.32370E-02,  1.29621E-02,  1.26014E-02,  1.21595E-02,  1.16424E-02,  1.10564E-02,  1.04084E-02,  9.70627E-03,  8.95753E-03,  8.17032E-03,  7.35218E-03,  6.51099E-03,  5.65390E-03,  4.78796E-03,  3.91956E-03,  3.05458E-03,  2.19837E-03,  1.35566E-03,  5.30488E-04, -2.73487E-04, -1.05339E-03, -1.80671E-03, -2.53160E-03, -3.22646E-03, -3.89041E-03, -4.52280E-03, -5.12308E-03, -5.69146E-03, -6.22787E-03,NA,NA,NA,NA,NA,NA,NA,NA,NA,
NA,NA,NA,NA,NA,NA,NA,NA, -7.08534E-03, -6.56582E-03, -6.01207E-03, -5.42343E-03, -4.79951E-03, -4.14009E-03, -3.44536E-03, -2.71579E-03, -1.95209E-03, -1.15592E-03, -3.28874E-04,  5.26454E-04,  1.40709E-03,  2.30945E-03,  3.22904E-03,  4.16095E-03,  5.09943E-03,  6.03792E-03,  6.96947E-03,  7.88621E-03,  8.78013E-03,  9.64249E-03,  1.04645E-02,  1.12371E-02,  1.19513E-02,  1.25986E-02,  1.31708E-02,  1.36601E-02,  1.40601E-02,  1.43653E-02,  1.45712E-02,  1.46749E-02,  1.46749E-02,  1.45712E-02,  1.43653E-02,  1.40601E-02,  1.36601E-02,  1.31708E-02,  1.25986E-02,  1.19513E-02,  1.12371E-02,  1.04645E-02,  9.64249E-03,  8.78013E-03,  7.88621E-03,  6.96947E-03,  6.03792E-03,  5.09943E-03,  4.16095E-03,  3.22905E-03,  2.30946E-03,  1.40710E-03,  5.26464E-04, -3.28863E-04, -1.15591E-03, -1.95208E-03, -2.71578E-03, -3.44534E-03, -4.14008E-03, -4.79949E-03, -5.42341E-03, -6.01205E-03, -6.56581E-03, -7.08532E-03,NA,NA,NA,NA,NA,NA,NA,NA,
NA,NA,NA,NA,NA,NA,NA, -7.97903E-03, -7.48246E-03, -6.94979E-03, -6.37992E-03, -5.77202E-03, -5.12519E-03, -4.43901E-03, -3.71356E-03, -2.94894E-03, -2.14588E-03, -1.30544E-03, -4.29592E-04,  4.79525E-04,  1.41885E-03,  2.38448E-03,  3.37188E-03,  4.37585E-03,  5.39004E-03,  6.40753E-03,  7.42056E-03,  8.42053E-03,  9.39816E-03,  1.03440E-02,  1.12476E-02,  1.20990E-02,  1.28879E-02,  1.36040E-02,  1.42382E-02,  1.47814E-02,  1.52260E-02,  1.55655E-02,  1.57947E-02,  1.59102E-02,  1.59102E-02,  1.57947E-02,  1.55655E-02,  1.52260E-02,  1.47814E-02,  1.42382E-02,  1.36040E-02,  1.28879E-02,  1.20990E-02,  1.12476E-02,  1.03440E-02,  9.39816E-03,  8.42054E-03,  7.42056E-03,  6.40753E-03,  5.39005E-03,  4.37586E-03,  3.37189E-03,  2.38449E-03,  1.41886E-03,  4.79536E-04, -4.29581E-04, -1.30543E-03, -2.14586E-03, -2.94893E-03, -3.71355E-03, -4.43899E-03, -5.12517E-03, -5.77201E-03, -6.37991E-03, -6.94977E-03, -7.48244E-03, -7.97901E-03,NA,NA,NA,NA,NA,NA,NA,
NA,NA,NA,NA,NA,NA, -8.90159E-03, -8.43389E-03, -7.92876E-03, -7.38467E-03, -6.80020E-03, -6.17410E-03, -5.50545E-03, -4.79344E-03, -4.03773E-03, -3.23810E-03, -2.39507E-03, -1.50963E-03, -5.83156E-04,  3.81957E-04,  1.38268E-03,  2.41541E-03,  3.47519E-03,  4.55653E-03,  5.65267E-03,  6.75613E-03,  7.85824E-03,  8.94974E-03,  1.00201E-02,  1.10585E-02,  1.20535E-02,  1.29932E-02,  1.38659E-02,  1.46598E-02,  1.53642E-02,  1.59685E-02,  1.64638E-02,  1.68424E-02,  1.70981E-02,  1.72271E-02,  1.72271E-02,  1.70981E-02,  1.68424E-02,  1.64638E-02,  1.59685E-02,  1.53642E-02,  1.46598E-02,  1.38659E-02,  1.29932E-02,  1.20535E-02,  1.10585E-02,  1.00201E-02,  8.94974E-03,  7.85824E-03,  6.75614E-03,  5.65268E-03,  4.55654E-03,  3.47519E-03,  2.41542E-03,  1.38269E-03,  3.81967E-04, -5.83144E-04, -1.50962E-03, -2.39506E-03, -3.23808E-03, -4.03772E-03, -4.79343E-03, -5.50544E-03, -6.17408E-03, -6.80018E-03, -7.38465E-03, -7.92875E-03, -8.43387E-03, -8.90157E-03,NA,NA,NA,NA,NA,NA,
NA,NA,NA,NA, -1.02424E-02, -9.84523E-03, -9.41185E-03, -8.94037E-03, -8.42870E-03, -7.87528E-03, -7.27820E-03, -6.63585E-03, -5.94701E-03, -5.21031E-03, -4.42519E-03, -3.59109E-03, -2.70810E-03, -1.77691E-03, -7.98694E-04,  2.24443E-04,  1.28962E-03,  2.39296E-03,  3.52967E-03,  4.69392E-03,  5.87863E-03,  7.07554E-03,  8.27527E-03,  9.46737E-03,  1.06404E-02,  1.17819E-02,  1.28789E-02,  1.39178E-02,  1.48851E-02,  1.57672E-02,  1.65512E-02,  1.72252E-02,  1.77782E-02,  1.82015E-02,  1.84878E-02,  1.86322E-02,  1.86322E-02,  1.84878E-02,  1.82015E-02,  1.77782E-02,  1.72252E-02,  1.65512E-02,  1.57672E-02,  1.48851E-02,  1.39178E-02,  1.28789E-02,  1.17819E-02,  1.06404E-02,  9.46737E-03,  8.27527E-03,  7.07555E-03,  5.87863E-03,  4.69393E-03,  3.52968E-03,  2.39297E-03,  1.28963E-03,  2.24453E-04, -7.98683E-04, -1.77690E-03, -2.70809E-03, -3.59107E-03, -4.42517E-03, -5.21030E-03, -5.94699E-03, -6.63583E-03, -7.27818E-03, -7.87526E-03, -8.42868E-03, -8.94035E-03, -9.41183E-03, -9.84521E-03, -1.02424E-02,NA,NA,NA,NA,
NA,NA,NA,NA, -1.08017E-02, -1.04077E-02, -9.97550E-03, -9.50281E-03, -8.98750E-03, -8.42717E-03, -7.81996E-03, -7.16366E-03, -6.45657E-03, -5.69717E-03, -4.88404E-03, -4.01647E-03, -3.09400E-03, -2.11687E-03, -1.08601E-03, -3.24949E-06,  1.12883E-03,  2.30650E-03,  3.52486E-03,  4.77774E-03,  6.05785E-03,  7.35617E-03,  8.66268E-03,  9.96563E-03,  1.12523E-02,  1.25087E-02,  1.37200E-02,  1.48706E-02,  1.59448E-02,  1.69269E-02,  1.78017E-02,  1.85551E-02,  1.91744E-02,  1.96489E-02,  1.99701E-02,  2.01323E-02,  2.01323E-02,  1.99701E-02,  1.96489E-02,  1.91744E-02,  1.85551E-02,  1.78017E-02,  1.69269E-02,  1.59448E-02,  1.48706E-02,  1.37200E-02,  1.25087E-02,  1.12523E-02,  9.96563E-03,  8.66268E-03,  7.35617E-03,  6.05785E-03,  4.77774E-03,  3.52487E-03,  2.30650E-03,  1.12884E-03, -3.23854E-06, -1.08600E-03, -2.11685E-03, -3.09399E-03, -4.01645E-03, -4.88402E-03, -5.69715E-03, -6.45655E-03, -7.16364E-03, -7.81994E-03, -8.42715E-03, -8.98748E-03, -9.50279E-03, -9.97548E-03, -1.04077E-02, -1.08017E-02,NA,NA,NA,NA,
NA,NA,NA, -1.17627E-02, -1.14125E-02, -1.10247E-02, -1.05967E-02, -1.01260E-02, -9.61008E-03, -9.04617E-03, -8.43180E-03, -7.76448E-03, -7.04196E-03, -6.26213E-03, -5.42320E-03, -4.52376E-03, -3.56288E-03, -2.54032E-03, -1.45655E-03, -3.12843E-04,  8.88319E-04,  2.14369E-03,  3.44820E-03,  4.79565E-03,  6.17837E-03,  7.58677E-03,  9.00989E-03,  1.04350E-02,  1.18476E-02,  1.32322E-02,  1.45717E-02,  1.58482E-02,  1.70435E-02,  1.81394E-02,  1.91180E-02,  1.99624E-02,  2.06578E-02,  2.11915E-02,  2.15530E-02,  2.17355E-02,  2.17355E-02,  2.15530E-02,  2.11914E-02,  2.06578E-02,  1.99624E-02,  1.91180E-02,  1.81394E-02,  1.70435E-02,  1.58482E-02,  1.45716E-02,  1.32322E-02,  1.18476E-02,  1.04350E-02,  9.00989E-03,  7.58677E-03,  6.17837E-03,  4.79566E-03,  3.44821E-03,  2.14369E-03,  8.88329E-04, -3.12832E-04, -1.45654E-03, -2.54030E-03, -3.56287E-03, -4.52374E-03, -5.42318E-03, -6.26211E-03, -7.04194E-03, -7.76446E-03, -8.43178E-03, -9.04615E-03, -9.61006E-03, -1.01260E-02, -1.05967E-02, -1.10247E-02, -1.14125E-02, -1.17627E-02,NA,NA,NA,
NA,NA, -1.27198E-02, -1.24172E-02, -1.20782E-02, -1.17000E-02, -1.12799E-02, -1.08149E-02, -1.03020E-02, -9.73818E-03, -9.12036E-03, -8.44566E-03, -7.71114E-03, -6.91409E-03, -6.05220E-03, -5.12336E-03, -4.12592E-03, -3.05921E-03, -1.92282E-03, -7.17619E-04,  5.54555E-04,  1.89037E-03,  3.28544E-03,  4.73345E-03,  6.22617E-03,  7.75378E-03,  9.30434E-03,  1.08638E-02,  1.24161E-02,  1.39438E-02,  1.54273E-02,  1.68463E-02,  1.81792E-02,  1.94050E-02,  2.05024E-02,  2.14517E-02,  2.22349E-02,  2.28367E-02,  2.32449E-02,  2.34511E-02,  2.34511E-02,  2.32449E-02,  2.28367E-02,  2.22349E-02,  2.14517E-02,  2.05024E-02,  1.94050E-02,  1.81792E-02,  1.68463E-02,  1.54273E-02,  1.39438E-02,  1.24161E-02,  1.08638E-02,  9.30434E-03,  7.75378E-03,  6.22618E-03,  4.73346E-03,  3.28544E-03,  1.89038E-03,  5.54565E-04, -7.17608E-04, -1.92280E-03, -3.05920E-03, -4.12591E-03, -5.12335E-03, -6.05218E-03, -6.91407E-03, -7.71112E-03, -8.44564E-03, -9.12034E-03, -9.73816E-03, -1.03020E-02, -1.08148E-02, -1.12799E-02, -1.17000E-02, -1.20781E-02, -1.24171E-02, -1.27197E-02,NA,NA,
NA, -1.36648E-02, -1.34128E-02, -1.31262E-02, -1.28021E-02, -1.24376E-02, -1.20294E-02, -1.15743E-02, -1.10689E-02, -1.05096E-02, -9.89272E-03, -9.21501E-03, -8.47278E-03, -7.66270E-03, -6.78152E-03, -5.82667E-03, -4.79555E-03, -3.68664E-03, -2.49887E-03, -1.23239E-03,  1.11684E-04,  1.53077E-03,  3.02040E-03,  4.57461E-03,  6.18513E-03,  7.84149E-03,  9.53096E-03,  1.12383E-02,  1.29458E-02,  1.46333E-02,  1.62790E-02,  1.78591E-02,  1.93490E-02,  2.07234E-02,  2.19575E-02,  2.30277E-02,  2.39125E-02,  2.45934E-02,  2.50560E-02,  2.52899E-02,  2.52899E-02,  2.50560E-02,  2.45934E-02,  2.39125E-02,  2.30277E-02,  2.19575E-02,  2.07234E-02,  1.93489E-02,  1.78591E-02,  1.62790E-02,  1.46333E-02,  1.29458E-02,  1.12383E-02,  9.53096E-03,  7.84149E-03,  6.18513E-03,  4.57461E-03,  3.02040E-03,  1.53078E-03,  1.11693E-04, -1.23237E-03, -2.49885E-03, -3.68662E-03, -4.79553E-03, -5.82665E-03, -6.78150E-03, -7.66268E-03, -8.47276E-03, -9.21499E-03, -9.89270E-03, -1.05095E-02, -1.10688E-02, -1.15743E-02, -1.20294E-02, -1.24376E-02, -1.28021E-02, -1.31262E-02, -1.34127E-02, -1.36647E-02,NA,
 -1.45899E-02, -1.43907E-02, -1.41593E-02, -1.38927E-02, -1.35879E-02, -1.32414E-02, -1.28499E-02, -1.24095E-02, -1.19166E-02, -1.13669E-02, -1.07564E-02, -1.00808E-02, -9.33619E-03, -8.51801E-03, -7.62256E-03, -6.64600E-03, -5.58511E-03, -4.43728E-03, -3.20044E-03, -1.87365E-03, -4.57463E-04,  1.04637E-03,  2.63414E-03,  4.30010E-03,  6.03607E-03,  7.83130E-03,  9.67221E-03,  1.15422E-02,  1.34216E-02,  1.52882E-02,  1.71166E-02,  1.88797E-02,  2.05487E-02,  2.20937E-02,  2.34856E-02,  2.46959E-02,  2.56989E-02,  2.64721E-02,  2.69981E-02,  2.72642E-02,  2.72642E-02,  2.69981E-02,  2.64721E-02,  2.56989E-02,  2.46959E-02,  2.34855E-02,  2.20937E-02,  2.05486E-02,  1.88797E-02,  1.71166E-02,  1.52882E-02,  1.34216E-02,  1.15422E-02,  9.67221E-03,  7.83130E-03,  6.03607E-03,  4.30010E-03,  2.63415E-03,  1.04638E-03, -4.57453E-04, -1.87364E-03, -3.20043E-03, -4.43727E-03, -5.58509E-03, -6.64598E-03, -7.62254E-03, -8.51799E-03, -9.33617E-03, -1.00808E-02, -1.07564E-02, -1.13669E-02, -1.19165E-02, -1.24095E-02, -1.28499E-02, -1.32414E-02, -1.35878E-02, -1.38927E-02, -1.41593E-02, -1.43907E-02, -1.45899E-02,
 -1.53430E-02, -1.51686E-02, -1.49619E-02, -1.47198E-02, -1.44388E-02, -1.41154E-02, -1.37458E-02, -1.33257E-02, -1.28510E-02, -1.23170E-02, -1.17189E-02, -1.10520E-02, -1.03110E-02, -9.49103E-03, -8.58728E-03, -7.59488E-03, -6.50936E-03, -5.32695E-03, -4.04462E-03, -2.66008E-03, -1.17276E-03,  4.16699E-04,  2.10533E-03,  3.88813E-03,  5.75721E-03,  7.70166E-03,  9.70721E-03,  1.17559E-02,  1.38262E-02,  1.58932E-02,  1.79280E-02,  1.98992E-02,  2.17732E-02,  2.35149E-02,  2.50893E-02,  2.64625E-02,  2.76033E-02,  2.84848E-02,  2.90850E-02,  2.93891E-02,  2.93891E-02,  2.90850E-02,  2.84848E-02,  2.76033E-02,  2.64625E-02,  2.50893E-02,  2.35149E-02,  2.17732E-02,  1.98992E-02,  1.79280E-02,  1.58932E-02,  1.38262E-02,  1.17559E-02,  9.70720E-03,  7.70166E-03,  5.75721E-03,  3.88814E-03,  2.10533E-03,  4.16706E-04, -1.17275E-03, -2.66007E-03, -4.04460E-03, -5.32693E-03, -6.50934E-03, -7.59486E-03, -8.58726E-03, -9.49100E-03, -1.03110E-02, -1.10519E-02, -1.17189E-02, -1.23170E-02, -1.28510E-02, -1.33257E-02, -1.37457E-02, -1.41154E-02, -1.44388E-02, -1.47197E-02, -1.49619E-02, -1.51686E-02, -1.53430E-02,
 -1.61458E-02, -1.60004E-02, -1.58229E-02, -1.56101E-02, -1.53582E-02, -1.50634E-02, -1.47216E-02, -1.43281E-02, -1.38782E-02, -1.33667E-02, -1.27882E-02, -1.21371E-02, -1.14074E-02, -1.05932E-02, -9.68847E-03, -8.68727E-03, -7.58397E-03, -6.37319E-03, -5.05037E-03, -3.61210E-03, -2.05598E-03, -3.81391E-04,  1.40993E-03,  3.31395E-03,  5.32341E-03,  7.42749E-03,  9.61159E-03,  1.18565E-02,  1.41387E-02,  1.64302E-02,  1.86983E-02,  2.09066E-02,  2.30160E-02,  2.49850E-02,  2.67715E-02,  2.83349E-02,  2.96374E-02,  3.06459E-02,  3.13337E-02,  3.16824E-02,  3.16824E-02,  3.13337E-02,  3.06458E-02,  2.96374E-02,  2.83349E-02,  2.67715E-02,  2.49850E-02,  2.30160E-02,  2.09066E-02,  1.86983E-02,  1.64301E-02,  1.41387E-02,  1.18565E-02,  9.61158E-03,  7.42748E-03,  5.32340E-03,  3.31395E-03,  1.40994E-03, -3.81385E-04, -2.05597E-03, -3.61209E-03, -5.05036E-03, -6.37317E-03, -7.58396E-03, -8.68725E-03, -9.68845E-03, -1.05932E-02, -1.14074E-02, -1.21370E-02, -1.27882E-02, -1.33667E-02, -1.38782E-02, -1.43281E-02, -1.47215E-02, -1.50634E-02, -1.53582E-02, -1.56100E-02, -1.58229E-02, -1.60004E-02, -1.61458E-02,
 -1.69998E-02, -1.68879E-02, -1.67445E-02, -1.65662E-02, -1.63492E-02, -1.60892E-02, -1.57817E-02, -1.54217E-02, -1.50041E-02, -1.45229E-02, -1.39722E-02, -1.33454E-02, -1.26359E-02, -1.18364E-02, -1.09397E-02, -9.93856E-03, -8.82578E-03, -7.59454E-03, -6.23839E-03, -4.75201E-03, -3.13120E-03, -1.37375E-03,  5.20624E-04,  2.54914E-03,  4.70566E-03,  6.97990E-03,  9.35713E-03,  1.18171E-02,  1.43343E-02,  1.68774E-02,  1.94096E-02,  2.18890E-02,  2.42693E-02,  2.65015E-02,  2.85355E-02,  3.03218E-02,  3.18145E-02,  3.29729E-02,  3.37645E-02,  3.41663E-02,  3.41663E-02,  3.37645E-02,  3.29729E-02,  3.18145E-02,  3.03218E-02,  2.85355E-02,  2.65015E-02,  2.42693E-02,  2.18890E-02,  1.94096E-02,  1.68774E-02,  1.43343E-02,  1.18171E-02,  9.35712E-03,  6.97989E-03,  4.70566E-03,  2.54913E-03,  5.20626E-04, -1.37374E-03, -3.13119E-03, -4.75199E-03, -6.23838E-03, -7.59452E-03, -8.82576E-03, -9.93854E-03, -1.09397E-02, -1.18363E-02, -1.26359E-02, -1.33454E-02, -1.39722E-02, -1.45229E-02, -1.50040E-02, -1.54217E-02, -1.57816E-02, -1.60891E-02, -1.63492E-02, -1.65662E-02, -1.67445E-02, -1.68879E-02, -1.69997E-02,
 -1.79062E-02, -1.78327E-02, -1.77287E-02, -1.75907E-02, -1.74147E-02, -1.71961E-02, -1.69302E-02, -1.66116E-02, -1.62345E-02, -1.57925E-02, -1.52790E-02, -1.46864E-02, -1.40072E-02, -1.32329E-02, -1.23549E-02, -1.13646E-02, -1.02529E-02, -9.01109E-03, -7.63081E-03, -6.10436E-03, -4.42534E-03, -2.58895E-03, -5.93040E-04,  1.56187E-03,  3.87120E-03,  6.32578E-03,  8.91107E-03,  1.16063E-02,  1.43841E-02,  1.72095E-02,  2.00412E-02,  2.28306E-02,  2.55235E-02,NA,NA,NA,NA,NA,NA,NA,NA,NA,NA,NA,NA,NA,NA,  2.55235E-02,  2.28306E-02,  2.00411E-02,  1.72095E-02,  1.43840E-02,  1.16063E-02,  8.91105E-03,  6.32576E-03,  3.87120E-03,  1.56186E-03, -5.93038E-04, -2.58894E-03, -4.42533E-03, -6.10435E-03, -7.63080E-03, -9.01107E-03, -1.02529E-02, -1.13646E-02, -1.23549E-02, -1.32328E-02, -1.40071E-02, -1.46864E-02, -1.52789E-02, -1.57925E-02, -1.62344E-02, -1.66115E-02, -1.69302E-02, -1.71961E-02, -1.74146E-02, -1.75907E-02, -1.77287E-02, -1.78326E-02, -1.79062E-02,
 -1.88661E-02, -1.88360E-02, -1.87771E-02, -1.86855E-02, -1.85572E-02, -1.83874E-02, -1.81710E-02, -1.79023E-02, -1.75749E-02, -1.71821E-02, -1.67163E-02, -1.61691E-02, -1.55318E-02, -1.47950E-02, -1.39485E-02, -1.29818E-02, -1.18841E-02, -1.06442E-02, -9.25142E-03, -7.69548E-03, -5.96707E-03, -4.05857E-03, -1.96473E-03,  3.16534E-04,  2.78298E-03,  5.42745E-03,  8.23624E-03,  1.11882E-02,  1.42544E-02,  1.73967E-02,NA,NA,NA,NA,NA,NA,NA,NA,NA,NA,NA,NA,NA,NA,NA,NA,NA,NA,NA,NA,  1.73967E-02,  1.42544E-02,  1.11882E-02,  8.23621E-03,  5.42743E-03,  2.78297E-03,  3.16529E-04, -1.96473E-03, -4.05856E-03, -5.96706E-03, -7.69547E-03, -9.25140E-03, -1.06442E-02, -1.18841E-02, -1.29818E-02, -1.39485E-02, -1.47950E-02, -1.55318E-02, -1.61691E-02, -1.67162E-02, -1.71821E-02, -1.75749E-02, -1.79022E-02, -1.81710E-02, -1.83874E-02, -1.85572E-02, -1.86855E-02, -1.87771E-02, -1.88360E-02, -1.88660E-02,
 -1.98800E-02, -1.98989E-02, -1.98909E-02, -1.98524E-02, -1.97790E-02, -1.96658E-02, -1.95075E-02, -1.92981E-02, -1.90307E-02, -1.86980E-02, -1.82916E-02, -1.78025E-02, -1.72208E-02, -1.65356E-02, -1.57352E-02, -1.48073E-02, -1.37387E-02, -1.25160E-02, -1.11255E-02, -9.55367E-03, -7.78793E-03, -5.81691E-03, -3.63172E-03, -1.22656E-03,  1.39969E-03,  4.24249E-03,  7.28981E-03,  1.05214E-02,NA,NA,NA,NA,NA,NA,NA,NA,NA,NA,NA,NA,NA,NA,NA,NA,NA,NA,NA,NA,NA,NA,NA,NA,  1.05214E-02,  7.28978E-03,  4.24247E-03,  1.39967E-03, -1.22657E-03, -3.63172E-03, -5.81690E-03, -7.78792E-03, -9.55366E-03, -1.11255E-02, -1.25160E-02, -1.37387E-02, -1.48073E-02, -1.57352E-02, -1.65355E-02, -1.72208E-02, -1.78025E-02, -1.82916E-02, -1.86979E-02, -1.90307E-02, -1.92980E-02, -1.95075E-02, -1.96658E-02, -1.97790E-02, -1.98524E-02, -1.98909E-02, -1.98988E-02, -1.98799E-02,
 -2.09482E-02, -2.10217E-02, -2.10711E-02, -2.10925E-02, -2.10817E-02, -2.10336E-02, -2.09427E-02, -2.08026E-02, -2.06063E-02, -2.03458E-02, -2.00121E-02, -1.95952E-02, -1.90841E-02, -1.84666E-02, -1.77293E-02, -1.68578E-02, -1.58367E-02, -1.46495E-02, -1.32792E-02, -1.17087E-02, -9.92121E-03, -7.90090E-03, -5.63423E-03, -3.11061E-03, -3.24497E-04,  2.72338E-03,NA,NA,NA,NA,NA,NA,NA,NA,NA,NA,NA,NA,NA,NA,NA,NA,NA,NA,NA,NA,NA,NA,NA,NA,NA,NA,NA,NA,  2.72335E-03, -3.24514E-04, -3.11062E-03, -5.63424E-03, -7.90090E-03, -9.92120E-03, -1.17086E-02, -1.32791E-02, -1.46494E-02, -1.58367E-02, -1.68578E-02, -1.77293E-02, -1.84666E-02, -1.90841E-02, -1.95952E-02, -2.00121E-02, -2.03458E-02, -2.06063E-02, -2.08026E-02, -2.09427E-02, -2.10336E-02, -2.10817E-02, -2.10925E-02, -2.10711E-02, -2.10217E-02, -2.09482E-02,
 -2.20707E-02, -2.22047E-02, -2.23179E-02, -2.24066E-02, -2.24664E-02, -2.24923E-02, -2.24787E-02, -2.24190E-02, -2.23058E-02, -2.21306E-02, -2.18840E-02, -2.15549E-02, -2.11314E-02, -2.05998E-02, -1.99450E-02, -1.91505E-02, -1.81979E-02, -1.70677E-02, -1.57394E-02, -1.41914E-02, -1.24018E-02, -1.03497E-02, -8.01547E-03, -5.38270E-03,NA,NA,NA,NA,NA,NA,NA,NA,NA,NA,NA,NA,NA,NA,NA,NA,NA,NA,NA,NA,NA,NA,NA,NA,NA,NA,NA,NA,NA,NA,NA,NA, -5.38271E-03, -8.01548E-03, -1.03497E-02, -1.24018E-02, -1.41913E-02, -1.57393E-02, -1.70677E-02, -1.81978E-02, -1.91504E-02, -1.99450E-02, -2.05998E-02, -2.11314E-02, -2.15549E-02, -2.18839E-02, -2.21306E-02, -2.23058E-02, -2.24190E-02, -2.24787E-02, -2.24923E-02, -2.24664E-02, -2.24066E-02, -2.23179E-02, -2.22047E-02, -2.20706E-02,
 -2.32467E-02, -2.34473E-02, -2.36312E-02, -2.37947E-02, -2.39336E-02, -2.40429E-02, -2.41170E-02, -2.41493E-02, -2.41321E-02, -2.40565E-02, -2.39126E-02, -2.36886E-02, -2.33714E-02, -2.29461E-02, -2.23956E-02, -2.17011E-02, -2.08416E-02, -1.97940E-02, -1.85334E-02, -1.70332E-02, -1.52661E-02, -1.32044E-02, -1.08214E-02,NA,NA,NA,NA,NA,NA,NA,NA,NA,NA,NA,NA,NA,NA,NA,NA,NA,NA,NA,NA,NA,NA,NA,NA,NA,NA,NA,NA,NA,NA,NA,NA,NA,NA, -1.08214E-02, -1.32044E-02, -1.52661E-02, -1.70332E-02, -1.85333E-02, -1.97940E-02, -2.08416E-02, -2.17011E-02, -2.23956E-02, -2.29460E-02, -2.33714E-02, -2.36886E-02, -2.39125E-02, -2.40565E-02, -2.41320E-02, -2.41493E-02, -2.41170E-02, -2.40429E-02, -2.39335E-02, -2.37946E-02, -2.36311E-02, -2.34472E-02, -2.32466E-02,
 -2.44751E-02, -2.47485E-02, -2.50099E-02, -2.52561E-02, -2.54828E-02, -2.56854E-02, -2.58582E-02, -2.59946E-02, -2.60870E-02, -2.61263E-02, -2.61020E-02, -2.60017E-02, -2.58114E-02, -2.55147E-02, -2.50930E-02, -2.45248E-02, -2.37862E-02, -2.28503E-02, -2.16876E-02, -2.02658E-02, -1.85507E-02, -1.65070E-02,NA,NA,NA,NA,NA,NA,NA,NA,NA,NA,NA,NA,NA,NA,NA,NA,NA,NA,NA,NA,NA,NA,NA,NA,NA,NA,NA,NA,NA,NA,NA,NA,NA,NA,NA,NA, -1.65070E-02, -1.85507E-02, -2.02658E-02, -2.16876E-02, -2.28503E-02, -2.37862E-02, -2.45248E-02, -2.50929E-02, -2.55147E-02, -2.58114E-02, -2.60017E-02, -2.61019E-02, -2.61263E-02, -2.60870E-02, -2.59946E-02, -2.58581E-02, -2.56853E-02, -2.54827E-02, -2.52560E-02, -2.50099E-02, -2.47484E-02, -2.44750E-02,
 -2.57541E-02, -2.61066E-02, -2.64526E-02, -2.67893E-02, -2.71128E-02, -2.74186E-02, -2.77015E-02, -2.79550E-02, -2.81713E-02, -2.83415E-02, -2.84547E-02, -2.84982E-02, -2.84570E-02, -2.83135E-02, -2.80473E-02, -2.76346E-02, -2.70484E-02, -2.62576E-02, -2.52275E-02, -2.39195E-02, -2.22917E-02,NA,NA,NA,NA,NA,NA,NA,NA,NA,NA,NA,NA,NA,NA,NA,NA,NA,NA,NA,NA,NA,NA,NA,NA,NA,NA,NA,NA,NA,NA,NA,NA,NA,NA,NA,NA,NA,NA, -2.22917E-02, -2.39194E-02, -2.52275E-02, -2.62576E-02, -2.70484E-02, -2.76346E-02, -2.80472E-02, -2.83135E-02, -2.84569E-02, -2.84982E-02, -2.84547E-02, -2.83415E-02, -2.81713E-02, -2.79549E-02, -2.77015E-02, -2.74186E-02, -2.71127E-02, -2.67892E-02, -2.64526E-02, -2.61065E-02, -2.57541E-02,
 -2.70815E-02, -2.75192E-02, -2.79569E-02, -2.83920E-02, -2.88213E-02, -2.92407E-02, -2.96452E-02, -3.00288E-02, -3.03840E-02, -3.07019E-02, -3.09716E-02, -3.11800E-02, -3.13116E-02, -3.13477E-02, -3.12663E-02, -3.10413E-02, -3.06423E-02, -3.00340E-02, -2.91760E-02, -2.80228E-02,NA,NA,NA,NA,NA,NA,NA,NA,NA,NA,NA,NA,NA,NA,NA,NA,NA,NA,NA,NA,NA,NA,NA,NA,NA,NA,NA,NA,NA,NA,NA,NA,NA,NA,NA,NA,NA,NA,NA,NA, -2.80227E-02, -2.91760E-02, -3.00339E-02, -3.06422E-02, -3.10412E-02, -3.12662E-02, -3.13477E-02, -3.13116E-02, -3.11800E-02, -3.09715E-02, -3.07018E-02, -3.03840E-02, -3.00288E-02, -2.96452E-02, -2.92407E-02, -2.88213E-02, -2.83920E-02, -2.79568E-02, -2.75191E-02, -2.70815E-02,
 -2.84543E-02, -2.89832E-02, -2.95194E-02, -3.00610E-02, -3.06051E-02, -3.11483E-02, -3.16862E-02, -3.22132E-02, -3.27225E-02, -3.32053E-02, -3.36510E-02, -3.40466E-02, -3.43761E-02, -3.46200E-02, -3.47547E-02, -3.47521E-02, -3.45786E-02, -3.41943E-02, -3.35529E-02,NA,NA,NA,NA,NA,NA,NA,NA,NA,NA,NA,NA,NA,NA,NA,NA,NA,NA,NA,NA,NA,NA,NA,NA,NA,NA,NA,NA,NA,NA,NA,NA,NA,NA,NA,NA,NA,NA,NA,NA,NA,NA, -3.35528E-02, -3.41942E-02, -3.45785E-02, -3.47521E-02, -3.47547E-02, -3.46199E-02, -3.43761E-02, -3.40466E-02, -3.36510E-02, -3.32052E-02, -3.27224E-02, -3.22132E-02, -3.16861E-02, -3.11482E-02, -3.06050E-02, -3.00609E-02, -2.95194E-02, -2.89832E-02, -2.84543E-02,
 -2.98688E-02, -3.04948E-02, -3.11363E-02, -3.17919E-02, -3.24596E-02, -3.31367E-02, -3.38196E-02, -3.45035E-02, -3.51821E-02, -3.58474E-02, -3.64893E-02, -3.70949E-02, -3.76483E-02, -3.81294E-02, -3.85136E-02, -3.87707E-02, -3.88638E-02, -3.87489E-02,NA,NA,NA,NA,NA,NA,NA,NA,NA,NA,NA,NA,NA,NA,NA,NA,NA,NA,NA,NA,NA,NA,NA,NA,NA,NA,NA,NA,NA,NA,NA,NA,NA,NA,NA,NA,NA,NA,NA,NA,NA,NA,NA,NA, -3.87488E-02, -3.88638E-02, -3.87706E-02, -3.85136E-02, -3.81293E-02, -3.76482E-02, -3.70949E-02, -3.64892E-02, -3.58473E-02, -3.51820E-02, -3.45034E-02, -3.38196E-02, -3.31367E-02, -3.24596E-02, -3.17918E-02, -3.11362E-02, -3.04947E-02, -2.98687E-02,
 -3.13206E-02, -3.20493E-02, -3.28024E-02, -3.35794E-02, -3.43793E-02, -3.52001E-02, -3.60394E-02, -3.68931E-02, -3.77561E-02, -3.86214E-02, -3.94796E-02, -4.03185E-02, -4.11224E-02, -4.18712E-02, -4.25395E-02, -4.30954E-02, -4.34993E-02,NA,NA,NA,NA,NA,NA,NA,NA,NA,NA,NA,NA,NA,NA,NA,NA,NA,NA,NA,NA,NA,NA,NA,NA,NA,NA,NA,NA,NA,NA,NA,NA,NA,NA,NA,NA,NA,NA,NA,NA,NA,NA,NA,NA,NA,NA, -4.34993E-02, -4.30954E-02, -4.25395E-02, -4.18712E-02, -4.11224E-02, -4.03185E-02, -3.94796E-02, -3.86214E-02, -3.77561E-02, -3.68931E-02, -3.60393E-02, -3.52001E-02, -3.43792E-02, -3.35794E-02, -3.28024E-02, -3.20492E-02, -3.13206E-02,
 -3.28049E-02, -3.36412E-02, -3.45119E-02, -3.54172E-02, -3.63572E-02, -3.73310E-02, -3.83374E-02, -3.93736E-02, -4.04358E-02, -4.15182E-02, -4.26125E-02, -4.37077E-02, -4.47888E-02, -4.58362E-02, -4.68241E-02, -4.77194E-02, -4.84799E-02,NA,NA,NA,NA,NA,NA,NA,NA,NA,NA,NA,NA,NA,NA,NA,NA,NA,NA,NA,NA,NA,NA,NA,NA,NA,NA,NA,NA,NA,NA,NA,NA,NA,NA,NA,NA,NA,NA,NA,NA,NA,NA,NA,NA,NA,NA, -4.84799E-02, -4.77193E-02, -4.68240E-02, -4.58362E-02, -4.47888E-02, -4.37076E-02, -4.26124E-02, -4.15181E-02, -4.04358E-02, -3.93736E-02, -3.83373E-02, -3.73310E-02, -3.63571E-02, -3.54172E-02, -3.45118E-02, -3.36412E-02, -3.28048E-02,
 -3.43158E-02, -3.52645E-02, -3.62580E-02, -3.72978E-02, -3.83851E-02, -3.95206E-02, -4.07041E-02, -4.19347E-02, -4.32099E-02, -4.45255E-02, -4.58751E-02, -4.72490E-02, -4.86337E-02, -5.00102E-02, -5.13532E-02, -5.26290E-02,NA,NA,NA,NA,NA,NA,NA,NA,NA,NA,NA,NA,NA,NA,NA,NA,NA,NA,NA,NA,NA,NA,NA,NA,NA,NA,NA,NA,NA,NA,NA,NA,NA,NA,NA,NA,NA,NA,NA,NA,NA,NA,NA,NA,NA,NA,NA,NA, -5.26289E-02, -5.13531E-02, -5.00101E-02, -4.86336E-02, -4.72490E-02, -4.58751E-02, -4.45255E-02, -4.32098E-02, -4.19347E-02, -4.07041E-02, -3.95206E-02, -3.83851E-02, -3.72977E-02, -3.62579E-02, -3.52644E-02, -3.43158E-02,
 -3.58471E-02, -3.69119E-02, -3.80329E-02, -3.92127E-02, -4.04538E-02, -4.17585E-02, -4.31282E-02, -4.45638E-02, -4.60647E-02, -4.76287E-02, -4.92514E-02, -5.09252E-02, -5.26383E-02, -5.43736E-02, -5.61066E-02, -5.78037E-02,NA,NA,NA,NA,NA,NA,NA,NA,NA,NA,NA,NA,NA,NA,NA,NA,NA,NA,NA,NA,NA,NA,NA,NA,NA,NA,NA,NA,NA,NA,NA,NA,NA,NA,NA,NA,NA,NA,NA,NA,NA,NA,NA,NA,NA,NA,NA,NA, -5.78036E-02, -5.61065E-02, -5.43735E-02, -5.26383E-02, -5.09251E-02, -4.92513E-02, -4.76286E-02, -4.60646E-02, -4.45637E-02, -4.31282E-02, -4.17584E-02, -4.04538E-02, -3.92126E-02, -3.80328E-02, -3.69119E-02, -3.58471E-02,
 -3.73919E-02, -3.85760E-02, -3.98282E-02, -4.11524E-02, -4.25527E-02, -4.40330E-02, -4.55967E-02, -4.72465E-02, -4.89842E-02, -5.08100E-02, -5.27219E-02, -5.47148E-02, -5.67796E-02, -5.89013E-02, -6.10573E-02,NA,NA,NA,NA,NA,NA,NA,NA,NA,NA,NA,NA,NA,NA,NA,NA,NA,NA,NA,NA,NA,NA,NA,NA,NA,NA,NA,NA,NA,NA,NA,NA,NA,NA,NA,NA,NA,NA,NA,NA,NA,NA,NA,NA,NA,NA,NA,NA,NA,NA, -6.10572E-02, -5.89012E-02, -5.67795E-02, -5.47148E-02, -5.27218E-02, -5.08099E-02, -4.89841E-02, -4.72464E-02, -4.55966E-02, -4.40329E-02, -4.25527E-02, -4.11523E-02, -3.98281E-02, -3.85760E-02, -3.73919E-02,
 -3.89427E-02, -4.02484E-02, -4.16345E-02, -4.31065E-02, -4.46701E-02, -4.63311E-02, -4.80949E-02, -4.99665E-02, -5.19502E-02, -5.40489E-02, -5.62637E-02, -5.85926E-02, -6.10294E-02, -6.35624E-02, -6.61718E-02,NA,NA,NA,NA,NA,NA,NA,NA,NA,NA,NA,NA,NA,NA,NA,NA,NA,NA,NA,NA,NA,NA,NA,NA,NA,NA,NA,NA,NA,NA,NA,NA,NA,NA,NA,NA,NA,NA,NA,NA,NA,NA,NA,NA,NA,NA,NA,NA,NA,NA, -6.61717E-02, -6.35623E-02, -6.10294E-02, -5.85926E-02, -5.62636E-02, -5.40488E-02, -5.19501E-02, -4.99664E-02, -4.80948E-02, -4.63311E-02, -4.46701E-02, -4.31064E-02, -4.16344E-02, -4.02483E-02, -3.89426E-02,
 -4.04916E-02, -4.19202E-02, -4.34419E-02, -4.50638E-02, -4.67935E-02, -4.86386E-02, -5.06068E-02, -5.27056E-02, -5.49422E-02, -5.73226E-02, -5.98511E-02, -6.25294E-02, -6.53552E-02, -6.83205E-02,NA,NA,NA,NA,NA,NA,NA,NA,NA,NA,NA,NA,NA,NA,NA,NA,NA,NA,NA,NA,NA,NA,NA,NA,NA,NA,NA,NA,NA,NA,NA,NA,NA,NA,NA,NA,NA,NA,NA,NA,NA,NA,NA,NA,NA,NA,NA,NA,NA,NA,NA,NA, -6.83204E-02, -6.53551E-02, -6.25293E-02, -5.98510E-02, -5.73226E-02, -5.49421E-02, -5.27056E-02, -5.06067E-02, -4.86385E-02, -4.67935E-02, -4.50638E-02, -4.34418E-02, -4.19201E-02, -4.04915E-02,
 -4.20303E-02, -4.35820E-02, -4.52398E-02, -4.70125E-02, -4.89094E-02, -5.09403E-02, -5.31151E-02, -5.54444E-02, -5.79381E-02, -6.06056E-02, -6.34551E-02, -6.64924E-02, -6.97196E-02, -7.31335E-02,NA,NA,NA,NA,NA,NA,NA,NA,NA,NA,NA,NA,NA,NA,NA,NA,NA,NA,NA,NA,NA,NA,NA,NA,NA,NA,NA,NA,NA,NA,NA,NA,NA,NA,NA,NA,NA,NA,NA,NA,NA,NA,NA,NA,NA,NA,NA,NA,NA,NA,NA,NA, -7.31334E-02, -6.97195E-02, -6.64923E-02, -6.34550E-02, -6.06055E-02, -5.79380E-02, -5.54444E-02, -5.31151E-02, -5.09402E-02, -4.89094E-02, -4.70125E-02, -4.52398E-02, -4.35820E-02, -4.20303E-02,
 -4.35503E-02, -4.52243E-02, -4.70175E-02, -4.89402E-02, -5.10038E-02, -5.32202E-02, -5.56018E-02, -5.81620E-02, -6.09139E-02, -6.38708E-02, -6.70447E-02, -7.04460E-02, -7.40819E-02, -7.79545E-02,NA,NA,NA,NA,NA,NA,NA,NA,NA,NA,NA,NA,NA,NA,NA,NA,NA,NA,NA,NA,NA,NA,NA,NA,NA,NA,NA,NA,NA,NA,NA,NA,NA,NA,NA,NA,NA,NA,NA,NA,NA,NA,NA,NA,NA,NA,NA,NA,NA,NA,NA,NA, -7.79545E-02, -7.40818E-02, -7.04459E-02, -6.70446E-02, -6.38707E-02, -6.09139E-02, -5.81620E-02, -5.56018E-02, -5.32201E-02, -5.10038E-02, -4.89402E-02, -4.70174E-02, -4.52243E-02, -4.35503E-02,
 -4.50429E-02, -4.68373E-02, -4.87636E-02, -5.08342E-02, -5.30622E-02, -5.54617E-02, -5.80479E-02, -6.08368E-02, -6.38450E-02, -6.70894E-02, -7.05867E-02, -7.43520E-02, -7.83981E-02,NA,NA,NA,NA,NA,NA,NA,NA,NA,NA,NA,NA,NA,NA,NA,NA,NA,NA,NA,NA,NA,NA,NA,NA,NA,NA,NA,NA,NA,NA,NA,NA,NA,NA,NA,NA,NA,NA,NA,NA,NA,NA,NA,NA,NA,NA,NA,NA,NA,NA,NA,NA,NA,NA, -7.83980E-02, -7.43519E-02, -7.05866E-02, -6.70894E-02, -6.38449E-02, -6.08367E-02, -5.80478E-02, -5.54616E-02, -5.30621E-02, -5.08342E-02, -4.87636E-02, -4.68372E-02, -4.50429E-02,
 -4.64995E-02, -4.84110E-02, -5.04672E-02, -5.26818E-02, -5.50701E-02, -5.76483E-02, -6.04341E-02, -6.34466E-02, -6.67055E-02, -7.02320E-02, -7.40469E-02, -7.81707E-02, -8.26217E-02,NA,NA,NA,NA,NA,NA,NA,NA,NA,NA,NA,NA,NA,NA,NA,NA,NA,NA,NA,NA,NA,NA,NA,NA,NA,NA,NA,NA,NA,NA,NA,NA,NA,NA,NA,NA,NA,NA,NA,NA,NA,NA,NA,NA,NA,NA,NA,NA,NA,NA,NA,NA,NA,NA, -8.26216E-02, -7.81706E-02, -7.40468E-02, -7.02319E-02, -6.67055E-02, -6.34465E-02, -6.04341E-02, -5.76482E-02, -5.50700E-02, -5.26818E-02, -5.04671E-02, -4.84109E-02, -4.64994E-02,
 -4.79113E-02, -4.99357E-02, -5.21169E-02, -5.44703E-02, -5.70129E-02, -5.97632E-02, -6.27414E-02, -6.59693E-02, -6.94702E-02, -7.32689E-02, -7.73909E-02, -8.18616E-02, -8.67055E-02,NA,NA,NA,NA,NA,NA,NA,NA,NA,NA,NA,NA,NA,NA,NA,NA,NA,NA,NA,NA,NA,NA,NA,NA,NA,NA,NA,NA,NA,NA,NA,NA,NA,NA,NA,NA,NA,NA,NA,NA,NA,NA,NA,NA,NA,NA,NA,NA,NA,NA,NA,NA,NA,NA, -8.67054E-02, -8.18615E-02, -7.73908E-02, -7.32688E-02, -6.94702E-02, -6.59692E-02, -6.27413E-02, -5.97631E-02, -5.70128E-02, -5.44702E-02, -5.21169E-02, -4.99357E-02, -4.79113E-02,
 -4.92701E-02, -5.14020E-02, -5.37021E-02, -5.61874E-02, -5.88766E-02, -6.17903E-02, -6.49510E-02, -6.83833E-02, -7.21138E-02, -7.61709E-02, -8.05843E-02, -8.53848E-02, -9.06028E-02,NA,NA,NA,NA,NA,NA,NA,NA,NA,NA,NA,NA,NA,NA,NA,NA,NA,NA,NA,NA,NA,NA,NA,NA,NA,NA,NA,NA,NA,NA,NA,NA,NA,NA,NA,NA,NA,NA,NA,NA,NA,NA,NA,NA,NA,NA,NA,NA,NA,NA,NA,NA,NA,NA, -9.06027E-02, -8.53847E-02, -8.05842E-02, -7.61708E-02, -7.21137E-02, -6.83832E-02, -6.49509E-02, -6.17902E-02, -5.88766E-02, -5.61874E-02, -5.37020E-02, -5.14019E-02, -4.92701E-02,
 -5.05681E-02, -5.28008E-02, -5.52125E-02, -5.78213E-02, -6.06478E-02, -6.37142E-02, -6.70452E-02, -7.06681E-02, -7.46124E-02, -7.89099E-02, -8.35947E-02, -8.87019E-02, -9.42679E-02,NA,NA,NA,NA,NA,NA,NA,NA,NA,NA,NA,NA,NA,NA,NA,NA,NA,NA,NA,NA,NA,NA,NA,NA,NA,NA,NA,NA,NA,NA,NA,NA,NA,NA,NA,NA,NA,NA,NA,NA,NA,NA,NA,NA,NA,NA,NA,NA,NA,NA,NA,NA,NA,NA, -9.42679E-02, -8.87018E-02, -8.35946E-02, -7.89098E-02, -7.46124E-02, -7.06680E-02, -6.70452E-02, -6.37141E-02, -6.06477E-02, -5.78213E-02, -5.52124E-02, -5.28008E-02, -5.05680E-02,
 -5.17977E-02, -5.41239E-02, -5.66386E-02, -5.93613E-02, -6.23139E-02, -6.55204E-02, -6.90075E-02, -7.28046E-02, -7.69438E-02, -8.14603E-02, -8.63915E-02, -9.17773E-02, -9.76588E-02,NA,NA,NA,NA,NA,NA,NA,NA,NA,NA,NA,NA,NA,NA,NA,NA,NA,NA,NA,NA,NA,NA,NA,NA,NA,NA,NA,NA,NA,NA,NA,NA,NA,NA,NA,NA,NA,NA,NA,NA,NA,NA,NA,NA,NA,NA,NA,NA,NA,NA,NA,NA,NA,NA, -9.76587E-02, -9.17772E-02, -8.63914E-02, -8.14602E-02, -7.69438E-02, -7.28045E-02, -6.90074E-02, -6.55203E-02, -6.23138E-02, -5.93613E-02, -5.66385E-02, -5.41239E-02, -5.17976E-02,
 -5.29523E-02, -5.53635E-02, -5.79716E-02, -6.07974E-02, -6.38637E-02, -6.71961E-02, -7.08229E-02, -7.47755E-02, -7.90881E-02, -8.37987E-02, -8.89477E-02, -9.45789E-02, -1.00738E-01,NA,NA,NA,NA,NA,NA,NA,NA,NA,NA,NA,NA,NA,NA,NA,NA,NA,NA,NA,NA,NA,NA,NA,NA,NA,NA,NA,NA,NA,NA,NA,NA,NA,NA,NA,NA,NA,NA,NA,NA,NA,NA,NA,NA,NA,NA,NA,NA,NA,NA,NA,NA,NA,NA, -1.00738E-01, -9.45788E-02, -8.89476E-02, -8.37986E-02, -7.90881E-02, -7.47754E-02, -7.08229E-02, -6.71960E-02, -6.38636E-02, -6.07973E-02, -5.79716E-02, -5.53634E-02, -5.29522E-02,
 -5.40256E-02, -5.65127E-02, -5.92040E-02, -6.21209E-02, -6.52874E-02, -6.87300E-02, -7.24787E-02, -7.65659E-02, -8.10283E-02, -8.59053E-02, -9.12401E-02, -9.70796E-02, -1.03473E-01,NA,NA,NA,NA,NA,NA,NA,NA,NA,NA,NA,NA,NA,NA,NA,NA,NA,NA,NA,NA,NA,NA,NA,NA,NA,NA,NA,NA,NA,NA,NA,NA,NA,NA,NA,NA,NA,NA,NA,NA,NA,NA,NA,NA,NA,NA,NA,NA,NA,NA,NA,NA,NA,NA, -1.03473E-01, -9.70795E-02, -9.12401E-02, -8.59052E-02, -8.10282E-02, -7.65658E-02, -7.24786E-02, -6.87300E-02, -6.52873E-02, -6.21209E-02, -5.92039E-02, -5.65127E-02, -5.40256E-02,
 -5.50126E-02, -5.75659E-02, -6.03291E-02, -6.33244E-02, -6.65764E-02, -7.01127E-02, -7.39639E-02, -7.81638E-02, -8.27500E-02, -8.77638E-02, -9.32503E-02, -9.92579E-02, -1.05839E-01,NA,NA,NA,NA,NA,NA,NA,NA,NA,NA,NA,NA,NA,NA,NA,NA,NA,NA,NA,NA,NA,NA,NA,NA,NA,NA,NA,NA,NA,NA,NA,NA,NA,NA,NA,NA,NA,NA,NA,NA,NA,NA,NA,NA,NA,NA,NA,NA,NA,NA,NA,NA,NA,NA, -1.05839E-01, -9.92579E-02, -9.32502E-02, -8.77638E-02, -8.27499E-02, -7.81637E-02, -7.39638E-02, -7.01126E-02, -6.65763E-02, -6.33243E-02, -6.03290E-02, -5.75658E-02, -5.50126E-02,
 -5.59090E-02, -5.85182E-02, -6.13417E-02, -6.44021E-02, -6.77244E-02, -7.13368E-02, -7.52703E-02, -7.95597E-02, -8.42431E-02, -8.93626E-02, -9.49644E-02, -1.01098E-01, -1.07818E-01,NA,NA,NA,NA,NA,NA,NA,NA,NA,NA,NA,NA,NA,NA,NA,NA,NA,NA,NA,NA,NA,NA,NA,NA,NA,NA,NA,NA,NA,NA,NA,NA,NA,NA,NA,NA,NA,NA,NA,NA,NA,NA,NA,NA,NA,NA,NA,NA,NA,NA,NA,NA,NA,NA, -1.07818E-01, -1.01098E-01, -9.49644E-02, -8.93626E-02, -8.42430E-02, -7.95596E-02, -7.52703E-02, -7.13367E-02, -6.77243E-02, -6.44020E-02, -6.13417E-02, -5.85182E-02, -5.59090E-02,
 -5.67115E-02, -5.93660E-02, -6.22378E-02, -6.53494E-02, -6.87264E-02, -7.23969E-02, -7.63922E-02, -8.07473E-02, -8.55003E-02, -9.06940E-02, -9.63744E-02, -1.02592E-01, -1.09400E-01,NA,NA,NA,NA,NA,NA,NA,NA,NA,NA,NA,NA,NA,NA,NA,NA,NA,NA,NA,NA,NA,NA,NA,NA,NA,NA,NA,NA,NA,NA,NA,NA,NA,NA,NA,NA,NA,NA,NA,NA,NA,NA,NA,NA,NA,NA,NA,NA,NA,NA,NA,NA,NA,NA, -1.09400E-01, -1.02592E-01, -9.63743E-02, -9.06939E-02, -8.55003E-02, -8.07473E-02, -7.63922E-02, -7.23968E-02, -6.87264E-02, -6.53493E-02, -6.22377E-02, -5.93659E-02, -5.67115E-02,
 -5.74176E-02, -6.01067E-02, -6.30145E-02, -6.61638E-02, -6.95797E-02, -7.32902E-02, -7.73266E-02, -8.17234E-02, -8.65188E-02, -9.17547E-02, -9.74771E-02, -1.03735E-01, -1.10583E-01,NA,NA,NA,NA,NA,NA,NA,NA,NA,NA,NA,NA,NA,NA,NA,NA,NA,NA,NA,NA,NA,NA,NA,NA,NA,NA,NA,NA,NA,NA,NA,NA,NA,NA,NA,NA,NA,NA,NA,NA,NA,NA,NA,NA,NA,NA,NA,NA,NA,NA,NA,NA,NA,NA, -1.10583E-01, -1.03735E-01, -9.74770E-02, -9.17547E-02, -8.65187E-02, -8.17234E-02, -7.73265E-02, -7.32901E-02, -6.95796E-02, -6.61637E-02, -6.30145E-02, -6.01067E-02, -5.74176E-02,
 -5.80260E-02, -6.07390E-02, -6.36709E-02, -6.68438E-02, -7.02828E-02, -7.40156E-02, -7.80726E-02, -8.24878E-02, -8.72987E-02, -9.25459E-02, -9.82745E-02, -1.04533E-01, -1.11372E-01,NA,NA,NA,NA,NA,NA,NA,NA,NA,NA,NA,NA,NA,NA,NA,NA,NA,NA,NA,NA,NA,NA,NA,NA,NA,NA,NA,NA,NA,NA,NA,NA,NA,NA,NA,NA,NA,NA,NA,NA,NA,NA,NA,NA,NA,NA,NA,NA,NA,NA,NA,NA,NA,NA, -1.11372E-01, -1.04533E-01, -9.82744E-02, -9.25459E-02, -8.72986E-02, -8.24877E-02, -7.80725E-02, -7.40155E-02, -7.02828E-02, -6.68437E-02, -6.36708E-02, -6.07390E-02, -5.80260E-02,
 -5.85362E-02, -6.12627E-02, -6.42065E-02, -6.73897E-02, -7.08367E-02, -7.45741E-02, -7.86320E-02, -8.30431E-02, -8.78435E-02, -9.30727E-02, -9.87737E-02, -1.04993E-01, -1.11779E-01,NA,NA,NA,NA,NA,NA,NA,NA,NA,NA,NA,NA,NA,NA,NA,NA,NA,NA,NA,NA,NA,NA,NA,NA,NA,NA,NA,NA,NA,NA,NA,NA,NA,NA,NA,NA,NA,NA,NA,NA,NA,NA,NA,NA,NA,NA,NA,NA,NA,NA,NA,NA,NA,NA, -1.11779E-01, -1.04993E-01, -9.87736E-02, -9.30727E-02, -8.78434E-02, -8.30431E-02, -7.86320E-02, -7.45741E-02, -7.08367E-02, -6.73897E-02, -6.42065E-02, -6.12626E-02, -5.85362E-02,
 -5.89487E-02, -6.16783E-02, -6.46227E-02, -6.78032E-02, -7.12434E-02, -7.49691E-02, -7.90089E-02, -8.33945E-02, -8.81602E-02, -9.33437E-02, -9.89856E-02, -1.05129E-01, -1.11822E-01, -1.19111E-01,NA,NA,NA,NA,NA,NA,NA,NA,NA,NA,NA,NA,NA,NA,NA,NA,NA,NA,NA,NA,NA,NA,NA,NA,NA,NA,NA,NA,NA,NA,NA,NA,NA,NA,NA,NA,NA,NA,NA,NA,NA,NA,NA,NA,NA,NA,NA,NA,NA,NA,NA,NA, -1.19111E-01, -1.11822E-01, -1.05129E-01, -9.89855E-02, -9.33436E-02, -8.81602E-02, -8.33945E-02, -7.90089E-02, -7.49690E-02, -7.12434E-02, -6.78032E-02, -6.46227E-02, -6.16783E-02, -5.89487E-02,
 -5.92648E-02, -6.19878E-02, -6.49218E-02, -6.80872E-02, -7.15067E-02, -7.52049E-02, -7.92093E-02, -8.35495E-02, -8.82581E-02, -9.33705E-02, -9.89247E-02, -1.04961E-01, -1.11523E-01, -1.18654E-01,NA,NA,NA,NA,NA,NA,NA,NA,NA,NA,NA,NA,NA,NA,NA,NA,NA,NA,NA,NA,NA,NA,NA,NA,NA,NA,NA,NA,NA,NA,NA,NA,NA,NA,NA,NA,NA,NA,NA,NA,NA,NA,NA,NA,NA,NA,NA,NA,NA,NA,NA,NA, -1.18654E-01, -1.11523E-01, -1.04961E-01, -9.89247E-02, -9.33705E-02, -8.82581E-02, -8.35494E-02, -7.92092E-02, -7.52049E-02, -7.15066E-02, -6.80872E-02, -6.49217E-02, -6.19877E-02, -5.92648E-02,
 -5.94868E-02, -6.21938E-02, -6.51070E-02, -6.82459E-02, -7.16317E-02, -7.52882E-02, -7.92408E-02, -8.35175E-02, -8.81489E-02, -9.31677E-02, -9.86089E-02, -1.04510E-01, -1.10909E-01, -1.17847E-01,NA,NA,NA,NA,NA,NA,NA,NA,NA,NA,NA,NA,NA,NA,NA,NA,NA,NA,NA,NA,NA,NA,NA,NA,NA,NA,NA,NA,NA,NA,NA,NA,NA,NA,NA,NA,NA,NA,NA,NA,NA,NA,NA,NA,NA,NA,NA,NA,NA,NA,NA,NA, -1.17847E-01, -1.10909E-01, -1.04510E-01, -9.86089E-02, -9.31676E-02, -8.81489E-02, -8.35175E-02, -7.92407E-02, -7.52881E-02, -7.16317E-02, -6.82458E-02, -6.51070E-02, -6.21938E-02, -5.94868E-02,
 -5.96174E-02, -6.22999E-02, -6.51827E-02, -6.82843E-02, -7.16248E-02, -7.52262E-02, -7.91126E-02, -8.33099E-02, -8.78460E-02, -9.27514E-02, -9.80578E-02, -1.03799E-01, -1.10010E-01, -1.16725E-01, -1.23981E-01,NA,NA,NA,NA,NA,NA,NA,NA,NA,NA,NA,NA,NA,NA,NA,NA,NA,NA,NA,NA,NA,NA,NA,NA,NA,NA,NA,NA,NA,NA,NA,NA,NA,NA,NA,NA,NA,NA,NA,NA,NA,NA,NA,NA,NA,NA,NA,NA,NA,NA, -1.23981E-01, -1.16725E-01, -1.10010E-01, -1.03799E-01, -9.80578E-02, -9.27514E-02, -8.78460E-02, -8.33098E-02, -7.91125E-02, -7.52262E-02, -7.16248E-02, -6.82843E-02, -6.51827E-02, -6.22999E-02, -5.96174E-02,
 -5.96601E-02, -6.23100E-02, -6.51537E-02, -6.82085E-02, -7.14930E-02, -7.50278E-02, -7.88351E-02, -8.29388E-02, -8.73644E-02, -9.21395E-02, -9.72926E-02, -1.02854E-01, -1.08855E-01, -1.15325E-01, -1.22295E-01,NA,NA,NA,NA,NA,NA,NA,NA,NA,NA,NA,NA,NA,NA,NA,NA,NA,NA,NA,NA,NA,NA,NA,NA,NA,NA,NA,NA,NA,NA,NA,NA,NA,NA,NA,NA,NA,NA,NA,NA,NA,NA,NA,NA,NA,NA,NA,NA,NA,NA, -1.22295E-01, -1.15325E-01, -1.08855E-01, -1.02854E-01, -9.72926E-02, -9.21394E-02, -8.73644E-02, -8.29387E-02, -7.88350E-02, -7.50278E-02, -7.14930E-02, -6.82085E-02, -6.51537E-02, -6.23100E-02, -5.96601E-02,
 -5.96190E-02, -6.22292E-02, -6.50258E-02, -6.80250E-02, -7.12443E-02, -7.47023E-02, -7.84195E-02, -8.24174E-02, -8.67197E-02, -9.13505E-02, -9.63357E-02, -1.01702E-01, -1.07476E-01, -1.13683E-01, -1.20351E-01, -1.27500E-01,NA,NA,NA,NA,NA,NA,NA,NA,NA,NA,NA,NA,NA,NA,NA,NA,NA,NA,NA,NA,NA,NA,NA,NA,NA,NA,NA,NA,NA,NA,NA,NA,NA,NA,NA,NA,NA,NA,NA,NA,NA,NA,NA,NA,NA,NA,NA,NA, -1.27500E-01, -1.20351E-01, -1.13683E-01, -1.07475E-01, -1.01702E-01, -9.63356E-02, -9.13505E-02, -8.67196E-02, -8.24174E-02, -7.84194E-02, -7.47022E-02, -7.12442E-02, -6.80250E-02, -6.50258E-02, -6.22291E-02, -5.96189E-02,
 -5.94982E-02, -6.20623E-02, -6.48051E-02, -6.77413E-02, -7.08870E-02, -7.42595E-02, -7.78772E-02, -8.17598E-02, -8.59279E-02, -9.04036E-02, -9.52093E-02, -1.00368E-01, -1.05903E-01, -1.11837E-01, -1.18190E-01, -1.24980E-01,NA,NA,NA,NA,NA,NA,NA,NA,NA,NA,NA,NA,NA,NA,NA,NA,NA,NA,NA,NA,NA,NA,NA,NA,NA,NA,NA,NA,NA,NA,NA,NA,NA,NA,NA,NA,NA,NA,NA,NA,NA,NA,NA,NA,NA,NA,NA,NA, -1.24980E-01, -1.18190E-01, -1.11837E-01, -1.05903E-01, -1.00368E-01, -9.52092E-02, -9.04036E-02, -8.59279E-02, -8.17597E-02, -7.78772E-02, -7.42594E-02, -7.08869E-02, -6.77413E-02, -6.48050E-02, -6.20623E-02, -5.94982E-02,
 -5.93028E-02, -6.18151E-02, -6.44979E-02, -6.73646E-02, -7.04301E-02, -7.37098E-02, -7.72204E-02, -8.09795E-02, -8.50056E-02, -8.93177E-02, -9.39355E-02, -9.88790E-02, -1.04168E-01, -1.09820E-01, -1.15852E-01, -1.22280E-01, -1.29112E-01,NA,NA,NA,NA,NA,NA,NA,NA,NA,NA,NA,NA,NA,NA,NA,NA,NA,NA,NA,NA,NA,NA,NA,NA,NA,NA,NA,NA,NA,NA,NA,NA,NA,NA,NA,NA,NA,NA,NA,NA,NA,NA,NA,NA,NA,NA, -1.29112E-01, -1.22280E-01, -1.15852E-01, -1.09820E-01, -1.04167E-01, -9.88790E-02, -9.39355E-02, -8.93177E-02, -8.50055E-02, -8.09794E-02, -7.72203E-02, -7.37097E-02, -7.04300E-02, -6.73646E-02, -6.44979E-02, -6.18151E-02, -5.93028E-02,
 -5.90376E-02, -6.14933E-02, -6.41109E-02, -6.69028E-02, -6.98824E-02, -7.30636E-02, -7.64611E-02, -8.00907E-02, -8.39686E-02, -8.81113E-02, -9.25360E-02, -9.72591E-02, -1.02297E-01, -1.07665E-01, -1.13376E-01, -1.19442E-01, -1.25867E-01,NA,NA,NA,NA,NA,NA,NA,NA,NA,NA,NA,NA,NA,NA,NA,NA,NA,NA,NA,NA,NA,NA,NA,NA,NA,NA,NA,NA,NA,NA,NA,NA,NA,NA,NA,NA,NA,NA,NA,NA,NA,NA,NA,NA,NA,NA, -1.25867E-01, -1.19442E-01, -1.13376E-01, -1.07665E-01, -1.02297E-01, -9.72590E-02, -9.25359E-02, -8.81113E-02, -8.39685E-02, -8.00907E-02, -7.64611E-02, -7.30635E-02, -6.98823E-02, -6.69028E-02, -6.41109E-02, -6.14933E-02, -5.90376E-02,
 -5.87079E-02, -6.11028E-02, -6.36510E-02, -6.63638E-02, -6.92530E-02, -7.23310E-02, -7.56111E-02, -7.91070E-02, -8.28327E-02, -8.68026E-02, -9.10309E-02, -9.55318E-02, -1.00319E-01, -1.05403E-01, -1.10796E-01, -1.16504E-01, -1.22532E-01, -1.28878E-01,NA,NA,NA,NA,NA,NA,NA,NA,NA,NA,NA,NA,NA,NA,NA,NA,NA,NA,NA,NA,NA,NA,NA,NA,NA,NA,NA,NA,NA,NA,NA,NA,NA,NA,NA,NA,NA,NA,NA,NA,NA,NA,NA,NA, -1.28878E-01, -1.22532E-01, -1.16504E-01, -1.10796E-01, -1.05403E-01, -1.00319E-01, -9.55318E-02, -9.10309E-02, -8.68025E-02, -8.28326E-02, -7.91070E-02, -7.56111E-02, -7.23309E-02, -6.92529E-02, -6.63638E-02, -6.36510E-02, -6.11028E-02, -5.87078E-02,
 -5.83186E-02, -6.06495E-02, -6.31250E-02, -6.57551E-02, -6.85505E-02, -7.15222E-02, -7.46819E-02, -7.80413E-02, -8.16127E-02, -8.54081E-02, -8.94397E-02, -9.37188E-02, -9.82564E-02, -1.03062E-01, -1.08142E-01, -1.13503E-01, -1.19144E-01, -1.25065E-01, -1.31255E-01,NA,NA,NA,NA,NA,NA,NA,NA,NA,NA,NA,NA,NA,NA,NA,NA,NA,NA,NA,NA,NA,NA,NA,NA,NA,NA,NA,NA,NA,NA,NA,NA,NA,NA,NA,NA,NA,NA,NA,NA,NA,NA, -1.31255E-01, -1.25065E-01, -1.19144E-01, -1.13503E-01, -1.08142E-01, -1.03062E-01, -9.82564E-02, -9.37188E-02, -8.94397E-02, -8.54080E-02, -8.16126E-02, -7.80413E-02, -7.46819E-02, -7.15222E-02, -6.85505E-02, -6.57551E-02, -6.31250E-02, -6.06495E-02, -5.83186E-02,
 -5.78752E-02, -6.01394E-02, -6.25395E-02, -6.50845E-02, -6.77838E-02, -7.06471E-02, -7.36846E-02, -7.69062E-02, -8.03226E-02, -8.39439E-02, -8.77799E-02, -9.18401E-02, -9.61327E-02, -1.00665E-01, -1.05442E-01, -1.10466E-01, -1.15737E-01, -1.21250E-01, -1.26996E-01, -1.32960E-01,NA,NA,NA,NA,NA,NA,NA,NA,NA,NA,NA,NA,NA,NA,NA,NA,NA,NA,NA,NA,NA,NA,NA,NA,NA,NA,NA,NA,NA,NA,NA,NA,NA,NA,NA,NA,NA,NA,NA,NA, -1.32959E-01, -1.26996E-01, -1.21250E-01, -1.15737E-01, -1.10466E-01, -1.05442E-01, -1.00665E-01, -9.61327E-02, -9.18400E-02, -8.77799E-02, -8.39439E-02, -8.03226E-02, -7.69062E-02, -7.36845E-02, -7.06471E-02, -6.77838E-02, -6.50845E-02, -6.25395E-02, -6.01394E-02, -5.78752E-02,
 -5.73828E-02, -5.95783E-02, -6.19012E-02, -6.43593E-02, -6.69611E-02, -6.97149E-02, -7.26294E-02, -7.57135E-02, -7.89756E-02, -8.24244E-02, -8.60678E-02, -8.99134E-02, -9.39673E-02, -9.82346E-02, -1.02719E-01, -1.07420E-01, -1.12337E-01, -1.17463E-01, -1.22790E-01, -1.28301E-01, -1.33977E-01,NA,NA,NA,NA,NA,NA,NA,NA,NA,NA,NA,NA,NA,NA,NA,NA,NA,NA,NA,NA,NA,NA,NA,NA,NA,NA,NA,NA,NA,NA,NA,NA,NA,NA,NA,NA,NA,NA, -1.33977E-01, -1.28301E-01, -1.22790E-01, -1.17463E-01, -1.12337E-01, -1.07420E-01, -1.02719E-01, -9.82346E-02, -9.39673E-02, -8.99133E-02, -8.60678E-02, -8.24244E-02, -7.89756E-02, -7.57134E-02, -7.26294E-02, -6.97148E-02, -6.69610E-02, -6.43593E-02, -6.19012E-02, -5.95783E-02, -5.73828E-02,
 -5.68464E-02, -5.89718E-02, -6.12162E-02, -6.35866E-02, -6.60902E-02, -6.87343E-02, -7.15264E-02, -7.44738E-02, -7.75837E-02, -8.08630E-02, -8.43182E-02, -8.79549E-02, -9.17776E-02, -9.57899E-02, -9.99932E-02, -1.04387E-01, -1.08968E-01, -1.13729E-01, -1.18662E-01, -1.23750E-01, -1.28975E-01, -1.34312E-01,NA,NA,NA,NA,NA,NA,NA,NA,NA,NA,NA,NA,NA,NA,NA,NA,NA,NA,NA,NA,NA,NA,NA,NA,NA,NA,NA,NA,NA,NA,NA,NA,NA,NA,NA,NA, -1.34312E-01, -1.28975E-01, -1.23750E-01, -1.18662E-01, -1.13729E-01, -1.08968E-01, -1.04387E-01, -9.99932E-02, -9.57899E-02, -9.17776E-02, -8.79549E-02, -8.43182E-02, -8.08630E-02, -7.75836E-02, -7.44737E-02, -7.15264E-02, -6.87343E-02, -6.60901E-02, -6.35866E-02, -6.12162E-02, -5.89718E-02, -5.68464E-02,
 -5.62708E-02, -5.83253E-02, -6.04907E-02, -6.27730E-02, -6.51786E-02, -6.77138E-02, -7.03846E-02, -7.31973E-02, -7.61578E-02, -7.92717E-02, -8.25439E-02, -8.59786E-02, -8.95789E-02, -9.33469E-02, -9.72828E-02, -1.01385E-01, -1.05649E-01, -1.10067E-01, -1.14631E-01, -1.19325E-01, -1.24132E-01, -1.29029E-01, -1.33990E-01,NA,NA,NA,NA,NA,NA,NA,NA,NA,NA,NA,NA,NA,NA,NA,NA,NA,NA,NA,NA,NA,NA,NA,NA,NA,NA,NA,NA,NA,NA,NA,NA,NA,NA, -1.33990E-01, -1.29029E-01, -1.24132E-01, -1.19325E-01, -1.14631E-01, -1.10067E-01, -1.05648E-01, -1.01385E-01, -9.72828E-02, -9.33469E-02, -8.95789E-02, -8.59785E-02, -8.25438E-02, -7.92716E-02, -7.61578E-02, -7.31973E-02, -7.03845E-02, -6.77137E-02, -6.51786E-02, -6.27730E-02, -6.04907E-02, -5.83252E-02, -5.62707E-02,
 -5.56607E-02, -5.76440E-02, -5.97303E-02, -6.19249E-02, -6.42333E-02, -6.66606E-02, -6.92122E-02, -7.18930E-02, -7.47079E-02, -7.76612E-02, -8.07565E-02, -8.39969E-02, -8.73843E-02, -9.09196E-02, -9.46016E-02, -9.84281E-02, -1.02394E-01, -1.06492E-01, -1.10712E-01, -1.15041E-01, -1.19462E-01, -1.23954E-01, -1.28493E-01, -1.33052E-01,NA,NA,NA,NA,NA,NA,NA,NA,NA,NA,NA,NA,NA,NA,NA,NA,NA,NA,NA,NA,NA,NA,NA,NA,NA,NA,NA,NA,NA,NA,NA,NA, -1.33052E-01, -1.28493E-01, -1.23954E-01, -1.19462E-01, -1.15041E-01, -1.10712E-01, -1.06492E-01, -1.02394E-01, -9.84280E-02, -9.46016E-02, -9.09195E-02, -8.73843E-02, -8.39969E-02, -8.07565E-02, -7.76611E-02, -7.47078E-02, -7.18930E-02, -6.92122E-02, -6.66605E-02, -6.42332E-02, -6.19249E-02, -5.97303E-02, -5.76440E-02, -5.56607E-02,
 -5.50207E-02, -5.69327E-02, -5.89404E-02, -6.10482E-02, -6.32605E-02, -6.55820E-02, -6.80169E-02, -7.05691E-02, -7.32427E-02, -7.60408E-02, -7.89661E-02, -8.20204E-02, -8.52049E-02, -8.85191E-02, -9.19616E-02, -9.55288E-02, -9.92157E-02, -1.03015E-01, -1.06916E-01, -1.10907E-01, -1.14972E-01, -1.19093E-01, -1.23247E-01, -1.27409E-01, -1.31553E-01, -1.35648E-01,NA,NA,NA,NA,NA,NA,NA,NA,NA,NA,NA,NA,NA,NA,NA,NA,NA,NA,NA,NA,NA,NA,NA,NA,NA,NA,NA,NA, -1.35648E-01, -1.31553E-01, -1.27409E-01, -1.23247E-01, -1.19092E-01, -1.14972E-01, -1.10907E-01, -1.06916E-01, -1.03015E-01, -9.92157E-02, -9.55288E-02, -9.19616E-02, -8.85191E-02, -8.52049E-02, -8.20204E-02, -7.89661E-02, -7.60408E-02, -7.32427E-02, -7.05691E-02, -6.80168E-02, -6.55820E-02, -6.32605E-02, -6.10481E-02, -5.89403E-02, -5.69327E-02, -5.50206E-02,
 -5.43547E-02, -5.61962E-02, -5.81260E-02, -6.01481E-02, -6.22663E-02, -6.44842E-02, -6.68054E-02, -6.92331E-02, -7.17701E-02, -7.44189E-02, -7.71813E-02, -8.00582E-02, -8.30499E-02, -8.61553E-02, -8.93721E-02, -9.26965E-02, -9.61230E-02, -9.96442E-02, -1.03250E-01, -1.06930E-01, -1.10668E-01, -1.14448E-01, -1.18250E-01, -1.22052E-01, -1.25829E-01, -1.29556E-01, -1.33203E-01, -1.36742E-01,NA,NA,NA,NA,NA,NA,NA,NA,NA,NA,NA,NA,NA,NA,NA,NA,NA,NA,NA,NA,NA,NA,NA,NA, -1.36742E-01, -1.33203E-01, -1.29556E-01, -1.25829E-01, -1.22052E-01, -1.18250E-01, -1.14448E-01, -1.10668E-01, -1.06930E-01, -1.03250E-01, -9.96442E-02, -9.61230E-02, -9.26964E-02, -8.93720E-02, -8.61553E-02, -8.30499E-02, -8.00582E-02, -7.71813E-02, -7.44189E-02, -7.17701E-02, -6.92331E-02, -6.68054E-02, -6.44842E-02, -6.22663E-02, -6.01481E-02, -5.81260E-02, -5.61962E-02, -5.43547E-02,
 -5.36670E-02, -5.54385E-02, -5.72918E-02, -5.92299E-02, -6.12560E-02, -6.33731E-02, -6.55841E-02, -6.78912E-02, -7.02969E-02, -7.28028E-02, -7.54096E-02, -7.81178E-02, -8.09271E-02, -8.38355E-02, -8.68405E-02, -8.99379E-02, -9.31220E-02, -9.63855E-02, -9.97193E-02, -1.03112E-01, -1.06550E-01, -1.10019E-01, -1.13500E-01, -1.16974E-01, -1.20419E-01, -1.23812E-01, -1.27128E-01, -1.30342E-01, -1.33427E-01, -1.36358E-01,NA,NA,NA,NA,NA,NA,NA,NA,NA,NA,NA,NA,NA,NA,NA,NA,NA,NA,NA,NA, -1.36358E-01, -1.33427E-01, -1.30342E-01, -1.27128E-01, -1.23812E-01, -1.20419E-01, -1.16974E-01, -1.13500E-01, -1.10019E-01, -1.06550E-01, -1.03112E-01, -9.97192E-02, -9.63855E-02, -9.31220E-02, -8.99378E-02, -8.68405E-02, -8.38354E-02, -8.09270E-02, -7.81178E-02, -7.54096E-02, -7.28027E-02, -7.02969E-02, -6.78912E-02, -6.55840E-02, -6.33731E-02, -6.12559E-02, -5.92299E-02, -5.72918E-02, -5.54385E-02, -5.36670E-02,
 -5.29610E-02, -5.46639E-02, -5.64420E-02, -5.82980E-02, -6.02345E-02, -6.22538E-02, -6.43582E-02, -6.65494E-02, -6.88291E-02, -7.11983E-02, -7.36571E-02, -7.62056E-02, -7.88425E-02, -8.15659E-02, -8.43726E-02, -8.72582E-02, -9.02171E-02, -9.32423E-02, -9.63247E-02, -9.94538E-02, -1.02618E-01, -1.05802E-01, -1.08991E-01, -1.12167E-01, -1.15310E-01, -1.18401E-01, -1.21418E-01, -1.24338E-01, -1.27139E-01, -1.29797E-01, -1.32292E-01, -1.34601E-01, -1.36705E-01,NA,NA,NA,NA,NA,NA,NA,NA,NA,NA,NA,NA,NA,NA, -1.36705E-01, -1.34601E-01, -1.32292E-01, -1.29797E-01, -1.27139E-01, -1.24338E-01, -1.21418E-01, -1.18401E-01, -1.15310E-01, -1.12167E-01, -1.08991E-01, -1.05802E-01, -1.02618E-01, -9.94538E-02, -9.63246E-02, -9.32422E-02, -9.02171E-02, -8.72582E-02, -8.43725E-02, -8.15659E-02, -7.88425E-02, -7.62055E-02, -7.36571E-02, -7.11982E-02, -6.88291E-02, -6.65494E-02, -6.43581E-02, -6.22538E-02, -6.02345E-02, -5.82980E-02, -5.64420E-02, -5.46639E-02, -5.29610E-02,
 -5.22402E-02, -5.38759E-02, -5.55805E-02, -5.73566E-02, -5.92060E-02, -6.11309E-02, -6.31326E-02, -6.52126E-02, -6.73719E-02, -6.96108E-02, -7.19293E-02, -7.43267E-02, -7.68014E-02, -7.93510E-02, -8.19723E-02, -8.46608E-02, -8.74109E-02, -9.02157E-02, -9.30668E-02, -9.59543E-02, -9.88672E-02, -1.01792E-01, -1.04716E-01, -1.07621E-01, -1.10492E-01, -1.13310E-01, -1.16056E-01, -1.18711E-01, -1.21255E-01, -1.23667E-01, -1.25930E-01, -1.28023E-01, -1.29930E-01, -1.31635E-01, -1.33123E-01, -1.34382E-01, -1.35403E-01, -1.36175E-01, -1.36693E-01, -1.36953E-01, -1.36953E-01, -1.36693E-01, -1.36175E-01, -1.35403E-01, -1.34382E-01, -1.33123E-01, -1.31635E-01, -1.29930E-01, -1.28023E-01, -1.25930E-01, -1.23667E-01, -1.21255E-01, -1.18711E-01, -1.16056E-01, -1.13310E-01, -1.10492E-01, -1.07621E-01, -1.04716E-01, -1.01792E-01, -9.88672E-02, -9.59543E-02, -9.30668E-02, -9.02157E-02, -8.74109E-02, -8.46608E-02, -8.19723E-02, -7.93510E-02, -7.68013E-02, -7.43266E-02, -7.19292E-02, -6.96108E-02, -6.73718E-02, -6.52126E-02, -6.31326E-02, -6.11309E-02, -5.92060E-02, -5.73566E-02, -5.55805E-02, -5.38758E-02, -5.22402E-02,
 -5.15078E-02, -5.30776E-02, -5.47108E-02, -5.64093E-02, -5.81747E-02, -6.00083E-02, -6.19115E-02, -6.38851E-02, -6.59294E-02, -6.80446E-02, -7.02302E-02, -7.24850E-02, -7.48072E-02, -7.71943E-02, -7.96427E-02, -8.21480E-02, -8.47048E-02, -8.73062E-02, -8.99444E-02, -9.26105E-02, -9.52939E-02, -9.79830E-02, -1.00665E-01, -1.03325E-01, -1.05949E-01, -1.08521E-01, -1.11023E-01, -1.13439E-01, -1.15751E-01, -1.17942E-01, -1.19995E-01, -1.21893E-01, -1.23622E-01, -1.25167E-01, -1.26516E-01, -1.27657E-01, -1.28581E-01, -1.29281E-01, -1.29750E-01, -1.29986E-01, -1.29986E-01, -1.29750E-01, -1.29281E-01, -1.28581E-01, -1.27657E-01, -1.26516E-01, -1.25167E-01, -1.23622E-01, -1.21893E-01, -1.19995E-01, -1.17942E-01, -1.15751E-01, -1.13439E-01, -1.11023E-01, -1.08521E-01, -1.05949E-01, -1.03325E-01, -1.00665E-01, -9.79830E-02, -9.52939E-02, -9.26105E-02, -8.99444E-02, -8.73061E-02, -8.47047E-02, -8.21480E-02, -7.96427E-02, -7.71942E-02, -7.48072E-02, -7.24849E-02, -7.02302E-02, -6.80446E-02, -6.59294E-02, -6.38850E-02, -6.19115E-02, -6.00083E-02, -5.81747E-02, -5.64093E-02, -5.47108E-02, -5.30776E-02, -5.15078E-02,
 -5.07667E-02, -5.22724E-02, -5.38362E-02, -5.54596E-02, -5.71438E-02, -5.88899E-02, -6.06986E-02, -6.25705E-02, -6.45055E-02, -6.65034E-02, -6.85633E-02, -7.06838E-02, -7.28631E-02, -7.50981E-02, -7.73855E-02, -7.97207E-02, -8.20985E-02, -8.45125E-02, -8.69553E-02, -8.94183E-02, -9.18923E-02, -9.43664E-02, -9.68289E-02, -9.92674E-02, -1.01668E-01, -1.04017E-01, -1.06300E-01, -1.08500E-01, -1.10604E-01, -1.12595E-01, -1.14459E-01, -1.16182E-01, -1.17750E-01, -1.19151E-01, -1.20374E-01, -1.21408E-01, -1.22245E-01, -1.22880E-01, -1.23305E-01, -1.23519E-01, -1.23519E-01, -1.23305E-01, -1.22880E-01, -1.22245E-01, -1.21408E-01, -1.20374E-01, -1.19151E-01, -1.17750E-01, -1.16182E-01, -1.14459E-01, -1.12595E-01, -1.10604E-01, -1.08500E-01, -1.06300E-01, -1.04017E-01, -1.01668E-01, -9.92674E-02, -9.68288E-02, -9.43663E-02, -9.18922E-02, -8.94183E-02, -8.69552E-02, -8.45124E-02, -8.20984E-02, -7.97207E-02, -7.73855E-02, -7.50981E-02, -7.28631E-02, -7.06838E-02, -6.85632E-02, -6.65034E-02, -6.45055E-02, -6.25704E-02, -6.06985E-02, -5.88898E-02, -5.71438E-02, -5.54596E-02, -5.38361E-02, -5.22724E-02, -5.07667E-02,
 -5.00195E-02, -5.14629E-02, -5.29595E-02, -5.45103E-02, -5.61165E-02, -5.77786E-02, -5.94969E-02, -6.12719E-02, -6.31030E-02, -6.49899E-02, -6.69313E-02, -6.89257E-02, -7.09709E-02, -7.30640E-02, -7.52015E-02, -7.73789E-02, -7.95913E-02, -8.18326E-02, -8.40958E-02, -8.63731E-02, -8.86557E-02, -9.09340E-02, -9.31975E-02, -9.54348E-02, -9.76338E-02, -9.97820E-02, -1.01866E-01, -1.03873E-01, -1.05789E-01, -1.07601E-01, -1.09296E-01, -1.10861E-01, -1.12285E-01, -1.13556E-01, -1.14665E-01, -1.15603E-01, -1.16362E-01, -1.16937E-01, -1.17323E-01, -1.17517E-01, -1.17517E-01, -1.17323E-01, -1.16937E-01, -1.16362E-01, -1.15603E-01, -1.14665E-01, -1.13556E-01, -1.12285E-01, -1.10861E-01, -1.09296E-01, -1.07601E-01, -1.05789E-01, -1.03873E-01, -1.01866E-01, -9.97820E-02, -9.76338E-02, -9.54348E-02, -9.31975E-02, -9.09340E-02, -8.86557E-02, -8.63730E-02, -8.40958E-02, -8.18325E-02, -7.95913E-02, -7.73789E-02, -7.52014E-02, -7.30639E-02, -7.09709E-02, -6.89257E-02, -6.69313E-02, -6.49899E-02, -6.31030E-02, -6.12719E-02, -5.94969E-02, -5.77785E-02, -5.61165E-02, -5.45103E-02, -5.29594E-02, -5.14629E-02, -5.00194E-02,
NA, -5.06515E-02, -5.20832E-02, -5.35643E-02, -5.50954E-02, -5.66771E-02, -5.83093E-02, -5.99919E-02, -6.17247E-02, -6.35066E-02, -6.53363E-02, -6.72123E-02, -6.91320E-02, -7.10927E-02, -7.30907E-02, -7.51221E-02, -7.71816E-02, -7.92638E-02, -8.13621E-02, -8.34693E-02, -8.55773E-02, -8.76774E-02, -8.97601E-02, -9.18150E-02, -9.38315E-02, -9.57984E-02, -9.77040E-02, -9.95365E-02, -1.01284E-01, -1.02935E-01, -1.04478E-01, -1.05901E-01, -1.07195E-01, -1.08350E-01, -1.09357E-01, -1.10208E-01, -1.10897E-01, -1.11419E-01, -1.11769E-01, -1.11944E-01, -1.11944E-01, -1.11769E-01, -1.11419E-01, -1.10897E-01, -1.10208E-01, -1.09357E-01, -1.08350E-01, -1.07195E-01, -1.05901E-01, -1.04478E-01, -1.02935E-01, -1.01284E-01, -9.95365E-02, -9.77040E-02, -9.57984E-02, -9.38315E-02, -9.18150E-02, -8.97600E-02, -8.76774E-02, -8.55773E-02, -8.34693E-02, -8.13621E-02, -7.92638E-02, -7.71816E-02, -7.51220E-02, -7.30907E-02, -7.10926E-02, -6.91320E-02, -6.72122E-02, -6.53363E-02, -6.35065E-02, -6.17247E-02, -5.99919E-02, -5.83093E-02, -5.66770E-02, -5.50954E-02, -5.35643E-02, -5.20831E-02, -5.06515E-02,NA,
NA,NA, -5.12097E-02, -5.26236E-02, -5.40829E-02, -5.55876E-02, -5.71377E-02, -5.87329E-02, -6.03724E-02, -6.20552E-02, -6.37799E-02, -6.55446E-02, -6.73471E-02, -6.91844E-02, -7.10529E-02, -7.29488E-02, -7.48673E-02, -7.68029E-02, -7.87499E-02, -8.07014E-02, -8.26499E-02, -8.45878E-02, -8.65060E-02, -8.83957E-02, -9.02472E-02, -9.20504E-02, -9.37950E-02, -9.54704E-02, -9.70665E-02, -9.85726E-02, -9.99788E-02, -1.01275E-01, -1.02453E-01, -1.03503E-01, -1.04419E-01, -1.05192E-01, -1.05818E-01, -1.06292E-01, -1.06610E-01, -1.06769E-01, -1.06769E-01, -1.06610E-01, -1.06292E-01, -1.05818E-01, -1.05192E-01, -1.04419E-01, -1.03503E-01, -1.02453E-01, -1.01275E-01, -9.99788E-02, -9.85726E-02, -9.70665E-02, -9.54704E-02, -9.37949E-02, -9.20503E-02, -9.02472E-02, -8.83957E-02, -8.65060E-02, -8.45877E-02, -8.26499E-02, -8.07014E-02, -7.87498E-02, -7.68029E-02, -7.48673E-02, -7.29488E-02, -7.10529E-02, -6.91844E-02, -6.73471E-02, -6.55446E-02, -6.37799E-02, -6.20552E-02, -6.03724E-02, -5.87328E-02, -5.71377E-02, -5.55876E-02, -5.40829E-02, -5.26236E-02, -5.12097E-02,NA,NA,
NA,NA,NA, -5.16904E-02, -5.30809E-02, -5.45122E-02, -5.59843E-02, -5.74964E-02, -5.90477E-02, -6.06371E-02, -6.22631E-02, -6.39236E-02, -6.56164E-02, -6.73387E-02, -6.90870E-02, -7.08575E-02, -7.26456E-02, -7.44465E-02, -7.62545E-02, -7.80633E-02, -7.98663E-02, -8.16562E-02, -8.34251E-02, -8.51650E-02, -8.68669E-02, -8.85222E-02, -9.01215E-02, -9.16556E-02, -9.31153E-02, -9.44913E-02, -9.57749E-02, -9.69573E-02, -9.80306E-02, -9.89873E-02, -9.98206E-02, -1.00524E-01, -1.01094E-01, -1.01525E-01, -1.01814E-01, -1.01959E-01, -1.01959E-01, -1.01814E-01, -1.01525E-01, -1.01094E-01, -1.00524E-01, -9.98206E-02, -9.89873E-02, -9.80306E-02, -9.69573E-02, -9.57749E-02, -9.44913E-02, -9.31153E-02, -9.16556E-02, -9.01215E-02, -8.85222E-02, -8.68669E-02, -8.51650E-02, -8.34251E-02, -8.16562E-02, -7.98663E-02, -7.80633E-02, -7.62544E-02, -7.44465E-02, -7.26456E-02, -7.08575E-02, -6.90870E-02, -6.73387E-02, -6.56164E-02, -6.39236E-02, -6.22630E-02, -6.06371E-02, -5.90477E-02, -5.74963E-02, -5.59843E-02, -5.45122E-02, -5.30809E-02, -5.16904E-02,NA,NA,NA,
NA,NA,NA,NA, -5.20911E-02, -5.34526E-02, -5.48503E-02, -5.62837E-02, -5.77517E-02, -5.92531E-02, -6.07863E-02, -6.23494E-02, -6.39398E-02, -6.55550E-02, -6.71916E-02, -6.88459E-02, -7.05138E-02, -7.21905E-02, -7.38708E-02, -7.55491E-02, -7.72190E-02, -7.88742E-02, -8.05073E-02, -8.21111E-02, -8.36777E-02, -8.51992E-02, -8.66674E-02, -8.80741E-02, -8.94109E-02, -9.06701E-02, -9.18433E-02, -9.29234E-02, -9.39030E-02, -9.47756E-02, -9.55354E-02, -9.61768E-02, -9.66956E-02, -9.70879E-02, -9.73510E-02, -9.74831E-02, -9.74831E-02, -9.73510E-02, -9.70879E-02, -9.66956E-02, -9.61768E-02, -9.55354E-02, -9.47756E-02, -9.39030E-02, -9.29234E-02, -9.18433E-02, -9.06700E-02, -8.94109E-02, -8.80740E-02, -8.66674E-02, -8.51992E-02, -8.36777E-02, -8.21111E-02, -8.05073E-02, -7.88741E-02, -7.72190E-02, -7.55491E-02, -7.38708E-02, -7.21905E-02, -7.05138E-02, -6.88459E-02, -6.71916E-02, -6.55550E-02, -6.39398E-02, -6.23494E-02, -6.07863E-02, -5.92531E-02, -5.77517E-02, -5.62837E-02, -5.48503E-02, -5.34526E-02, -5.20911E-02,NA,NA,NA,NA,
NA,NA,NA,NA, -5.11151E-02, -5.24100E-02, -5.37372E-02, -5.50961E-02, -5.64855E-02, -5.79041E-02, -5.93502E-02, -6.08219E-02, -6.23168E-02, -6.38324E-02, -6.53652E-02, -6.69121E-02, -6.84688E-02, -7.00311E-02, -7.15942E-02, -7.31527E-02, -7.47010E-02, -7.62332E-02, -7.77427E-02, -7.92230E-02, -8.06669E-02, -8.20674E-02, -8.34171E-02, -8.47087E-02, -8.59351E-02, -8.70888E-02, -8.81630E-02, -8.91511E-02, -9.00466E-02, -9.08438E-02, -9.15375E-02, -9.21230E-02, -9.25963E-02, -9.29541E-02, -9.31941E-02, -9.33145E-02, -9.33145E-02, -9.31941E-02, -9.29541E-02, -9.25963E-02, -9.21230E-02, -9.15375E-02, -9.08438E-02, -9.00466E-02, -8.91511E-02, -8.81630E-02, -8.70888E-02, -8.59351E-02, -8.47087E-02, -8.34171E-02, -8.20674E-02, -8.06669E-02, -7.92229E-02, -7.77427E-02, -7.62332E-02, -7.47010E-02, -7.31527E-02, -7.15942E-02, -7.00311E-02, -6.84688E-02, -6.69120E-02, -6.53652E-02, -6.38323E-02, -6.23168E-02, -6.08219E-02, -5.93502E-02, -5.79040E-02, -5.64855E-02, -5.50961E-02, -5.37372E-02, -5.24100E-02, -5.11151E-02,NA,NA,NA,NA,
NA,NA,NA,NA,NA,NA, -5.26460E-02, -5.39344E-02, -5.52495E-02, -5.65901E-02, -5.79546E-02, -5.93408E-02, -6.07465E-02, -6.21692E-02, -6.36059E-02, -6.50531E-02, -6.65073E-02, -6.79642E-02, -6.94195E-02, -7.08683E-02, -7.23055E-02, -7.37254E-02, -7.51222E-02, -7.64902E-02, -7.78227E-02, -7.91136E-02, -8.03562E-02, -8.15440E-02, -8.26705E-02, -8.37293E-02, -8.47144E-02, -8.56196E-02, -8.64396E-02, -8.71690E-02, -8.78035E-02, -8.83387E-02, -8.87712E-02, -8.90982E-02, -8.93174E-02, -8.94273E-02, -8.94273E-02, -8.93173E-02, -8.90982E-02, -8.87712E-02, -8.83387E-02, -8.78035E-02, -8.71690E-02, -8.64396E-02, -8.56196E-02, -8.47144E-02, -8.37292E-02, -8.26704E-02, -8.15440E-02, -8.03562E-02, -7.91136E-02, -7.78227E-02, -7.64902E-02, -7.51222E-02, -7.37254E-02, -7.23055E-02, -7.08683E-02, -6.94195E-02, -6.79642E-02, -6.65073E-02, -6.50531E-02, -6.36059E-02, -6.21692E-02, -6.07465E-02, -5.93408E-02, -5.79546E-02, -5.65901E-02, -5.52495E-02, -5.39344E-02, -5.26460E-02,NA,NA,NA,NA,NA,NA,
NA,NA,NA,NA,NA,NA,NA, -5.27989E-02, -5.40442E-02, -5.53115E-02, -5.65993E-02, -5.79055E-02, -5.92281E-02, -6.05644E-02, -6.19116E-02, -6.32667E-02, -6.46261E-02, -6.59859E-02, -6.73421E-02, -6.86902E-02, -7.00254E-02, -7.13428E-02, -7.26370E-02, -7.39027E-02, -7.51341E-02, -7.63255E-02, -7.74711E-02, -7.85650E-02, -7.96014E-02, -8.05746E-02, -8.14793E-02, -8.23100E-02, -8.30620E-02, -8.37307E-02, -8.43118E-02, -8.48019E-02, -8.51978E-02, -8.54970E-02, -8.56975E-02, -8.57982E-02, -8.57982E-02, -8.56975E-02, -8.54970E-02, -8.51978E-02, -8.48019E-02, -8.43118E-02, -8.37307E-02, -8.30620E-02, -8.23100E-02, -8.14793E-02, -8.05746E-02, -7.96014E-02, -7.85650E-02, -7.74711E-02, -7.63255E-02, -7.51341E-02, -7.39027E-02, -7.26370E-02, -7.13428E-02, -7.00254E-02, -6.86902E-02, -6.73420E-02, -6.59859E-02, -6.46261E-02, -6.32667E-02, -6.19116E-02, -6.05644E-02, -5.92281E-02, -5.79055E-02, -5.65993E-02, -5.53115E-02, -5.40442E-02, -5.27989E-02,NA,NA,NA,NA,NA,NA,NA,
NA,NA,NA,NA,NA,NA,NA,NA, -5.28696E-02, -5.40681E-02, -5.52839E-02, -5.65153E-02, -5.77603E-02, -5.90162E-02, -6.02805E-02, -6.15500E-02, -6.28217E-02, -6.40920E-02, -6.53570E-02, -6.66127E-02, -6.78546E-02, -6.90782E-02, -7.02788E-02, -7.14513E-02, -7.25907E-02, -7.36919E-02, -7.47495E-02, -7.57583E-02, -7.67133E-02, -7.76092E-02, -7.84412E-02, -7.92049E-02, -7.98956E-02, -8.05095E-02, -8.10427E-02, -8.14922E-02, -8.18552E-02, -8.21295E-02, -8.23132E-02, -8.24053E-02, -8.24053E-02, -8.23132E-02, -8.21295E-02, -8.18552E-02, -8.14922E-02, -8.10427E-02, -8.05095E-02, -7.98956E-02, -7.92049E-02, -7.84412E-02, -7.76092E-02, -7.67133E-02, -7.57583E-02, -7.47495E-02, -7.36919E-02, -7.25907E-02, -7.14513E-02, -7.02788E-02, -6.90782E-02, -6.78546E-02, -6.66126E-02, -6.53570E-02, -6.40920E-02, -6.28217E-02, -6.15500E-02, -6.02804E-02, -5.90162E-02, -5.77603E-02, -5.65153E-02, -5.52839E-02, -5.40680E-02, -5.28696E-02,NA,NA,NA,NA,NA,NA,NA,NA,
NA,NA,NA,NA,NA,NA,NA,NA,NA, -5.28594E-02, -5.40079E-02, -5.51694E-02, -5.63418E-02, -5.75228E-02, -5.87099E-02, -5.99004E-02, -6.10911E-02, -6.22787E-02, -6.34598E-02, -6.46304E-02, -6.57868E-02, -6.69246E-02, -6.80395E-02, -6.91271E-02, -7.01829E-02, -7.12019E-02, -7.21797E-02, -7.31114E-02, -7.39926E-02, -7.48186E-02, -7.55851E-02, -7.62882E-02, -7.69236E-02, -7.74881E-02, -7.79782E-02, -7.83911E-02, -7.87245E-02, -7.89762E-02, -7.91450E-02, -7.92296E-02, -7.92296E-02, -7.91450E-02, -7.89762E-02, -7.87245E-02, -7.83911E-02, -7.79782E-02, -7.74881E-02, -7.69236E-02, -7.62882E-02, -7.55851E-02, -7.48186E-02, -7.39926E-02, -7.31114E-02, -7.21797E-02, -7.12019E-02, -7.01829E-02, -6.91271E-02, -6.80395E-02, -6.69245E-02, -6.57867E-02, -6.46304E-02, -6.34598E-02, -6.22787E-02, -6.10911E-02, -5.99004E-02, -5.87099E-02, -5.75228E-02, -5.63418E-02, -5.51693E-02, -5.40079E-02, -5.28594E-02,NA,NA,NA,NA,NA,NA,NA,NA,NA,
