  3.84074E-03,  3.88473E-03,  3.92889E-03,  3.97317E-03,  4.01747E-03,  4.06174E-03,  4.10588E-03,  4.14980E-03,  4.19341E-03,  4.23661E-03,  4.27929E-03,  4.32134E-03,  4.36264E-03,  4.40307E-03,  4.44251E-03,  4.48082E-03,  4.51789E-03,  4.55359E-03,  4.58777E-03,  4.62032E-03,  4.65110E-03,  4.67999E-03,  4.70687E-03,  4.73163E-03,  4.75415E-03,  4.77435E-03,  4.79211E-03,  4.80737E-03,  4.82006E-03,  4.83010E-03,  4.83746E-03,  4.84210E-03,  4.84399E-03,  4.84314E-03,  4.83954E-03,  4.83322E-03,  4.82420E-03,  4.81253E-03,  4.79827E-03,  4.78149E-03,  4.76226E-03,  4.74069E-03,  4.71685E-03,  4.69087E-03,  4.66285E-03,  4.63292E-03,  4.60118E-03,  4.56778E-03,  4.53284E-03,  4.49649E-03,  4.45886E-03,  4.42007E-03,  4.38026E-03,  4.33954E-03,  4.29803E-03,  4.25586E-03,  4.21314E-03,  4.16997E-03,  4.12645E-03,  4.08268E-03,  4.03875E-03,  3.99474E-03,  3.95074E-03,  3.90682E-03,  3.86304E-03,
  3.88831E-03,  3.93421E-03,  3.98035E-03,  4.02665E-03,  4.07305E-03,  4.11945E-03,  4.16577E-03,  4.21191E-03,  4.25778E-03,  4.30327E-03,  4.34826E-03,  4.39263E-03,  4.43626E-03,  4.47901E-03,  4.52076E-03,  4.56136E-03,  4.60068E-03,  4.63857E-03,  4.67489E-03,  4.70950E-03,  4.74226E-03,  4.77303E-03,  4.80168E-03,  4.82808E-03,  4.85211E-03,  4.87367E-03,  4.89264E-03,  4.90894E-03,  4.92249E-03,  4.93323E-03,  4.94109E-03,  4.94604E-03,  4.94806E-03,  4.94714E-03,  4.94328E-03,  4.93650E-03,  4.92685E-03,  4.91436E-03,  4.89911E-03,  4.88117E-03,  4.86063E-03,  4.83759E-03,  4.81216E-03,  4.78446E-03,  4.75460E-03,  4.72272E-03,  4.68897E-03,  4.65346E-03,  4.61635E-03,  4.57778E-03,  4.53789E-03,  4.49682E-03,  4.45470E-03,  4.41167E-03,  4.36786E-03,  4.32339E-03,  4.27839E-03,  4.23297E-03,  4.18723E-03,  4.14128E-03,  4.09522E-03,  4.04913E-03,  4.00310E-03,  3.95720E-03,  3.91150E-03,
  3.93636E-03,  3.98427E-03,  4.03247E-03,  4.08091E-03,  4.12950E-03,  4.17815E-03,  4.22678E-03,  4.27529E-03,  4.32356E-03,  4.37148E-03,  4.41893E-03,  4.46578E-03,  4.51190E-03,  4.55715E-03,  4.60138E-03,  4.64444E-03,  4.68618E-03,  4.72644E-03,  4.76507E-03,  4.80191E-03,  4.83681E-03,  4.86962E-03,  4.90019E-03,  4.92837E-03,  4.95405E-03,  4.97709E-03,  4.99738E-03,  5.01481E-03,  5.02931E-03,  5.04080E-03,  5.04921E-03,  5.05450E-03,  5.05666E-03,  5.05566E-03,  5.05151E-03,  5.04424E-03,  5.03389E-03,  5.02052E-03,  5.00419E-03,  4.98498E-03,  4.96301E-03,  4.93838E-03,  4.91121E-03,  4.88163E-03,  4.84978E-03,  4.81580E-03,  4.77984E-03,  4.74207E-03,  4.70262E-03,  4.66166E-03,  4.61933E-03,  4.57580E-03,  4.53121E-03,  4.48571E-03,  4.43943E-03,  4.39252E-03,  4.34509E-03,  4.29728E-03,  4.24919E-03,  4.20094E-03,  4.15262E-03,  4.10434E-03,  4.05617E-03,  4.00819E-03,  3.96049E-03,
  3.98484E-03,  4.03484E-03,  4.08522E-03,  4.13590E-03,  4.18680E-03,  4.23784E-03,  4.28891E-03,  4.33991E-03,  4.39073E-03,  4.44124E-03,  4.49132E-03,  4.54083E-03,  4.58962E-03,  4.63754E-03,  4.68444E-03,  4.73014E-03,  4.77449E-03,  4.81732E-03,  4.85845E-03,  4.89771E-03,  4.93493E-03,  4.96995E-03,  5.00261E-03,  5.03274E-03,  5.06021E-03,  5.08486E-03,  5.10659E-03,  5.12526E-03,  5.14080E-03,  5.15310E-03,  5.16212E-03,  5.16779E-03,  5.17009E-03,  5.16900E-03,  5.16454E-03,  5.15673E-03,  5.14562E-03,  5.13127E-03,  5.11375E-03,  5.09317E-03,  5.06964E-03,  5.04327E-03,  5.01420E-03,  4.98258E-03,  4.94856E-03,  4.91230E-03,  4.87397E-03,  4.83373E-03,  4.79175E-03,  4.74821E-03,  4.70327E-03,  4.65710E-03,  4.60985E-03,  4.56170E-03,  4.51278E-03,  4.46325E-03,  4.41324E-03,  4.36289E-03,  4.31231E-03,  4.26162E-03,  4.21093E-03,  4.16033E-03,  4.10991E-03,  4.05976E-03,  4.00995E-03,
  4.03369E-03,  4.08589E-03,  4.13854E-03,  4.19158E-03,  4.24492E-03,  4.29847E-03,  4.35212E-03,  4.40577E-03,  4.45930E-03,  4.51258E-03,  4.56546E-03,  4.61781E-03,  4.66946E-03,  4.72025E-03,  4.77001E-03,  4.81857E-03,  4.86574E-03,  4.91134E-03,  4.95517E-03,  4.99706E-03,  5.03681E-03,  5.07424E-03,  5.10917E-03,  5.14142E-03,  5.17084E-03,  5.19726E-03,  5.22056E-03,  5.24059E-03,  5.25726E-03,  5.27047E-03,  5.28014E-03,  5.28622E-03,  5.28868E-03,  5.28750E-03,  5.28269E-03,  5.27429E-03,  5.26235E-03,  5.24692E-03,  5.22811E-03,  5.20602E-03,  5.18077E-03,  5.15250E-03,  5.12137E-03,  5.08752E-03,  5.05114E-03,  5.01240E-03,  4.97149E-03,  4.92858E-03,  4.88387E-03,  4.83754E-03,  4.78977E-03,  4.74076E-03,  4.69067E-03,  4.63967E-03,  4.58793E-03,  4.53561E-03,  4.48285E-03,  4.42980E-03,  4.37657E-03,  4.32330E-03,  4.27009E-03,  4.21706E-03,  4.16428E-03,  4.11184E-03,  4.05983E-03,
  4.08285E-03,  4.13734E-03,  4.19238E-03,  4.24790E-03,  4.30380E-03,  4.36000E-03,  4.41639E-03,  4.47285E-03,  4.52926E-03,  4.58547E-03,  4.64135E-03,  4.69673E-03,  4.75145E-03,  4.80533E-03,  4.85818E-03,  4.90982E-03,  4.96004E-03,  5.00864E-03,  5.05541E-03,  5.10015E-03,  5.14264E-03,  5.18270E-03,  5.22011E-03,  5.25468E-03,  5.28623E-03,  5.31459E-03,  5.33961E-03,  5.36113E-03,  5.37904E-03,  5.39323E-03,  5.40362E-03,  5.41016E-03,  5.41279E-03,  5.41151E-03,  5.40632E-03,  5.39727E-03,  5.38440E-03,  5.36780E-03,  5.34757E-03,  5.32382E-03,  5.29670E-03,  5.26635E-03,  5.23296E-03,  5.19669E-03,  5.15773E-03,  5.11629E-03,  5.07256E-03,  5.02676E-03,  4.97908E-03,  4.92974E-03,  4.87893E-03,  4.82685E-03,  4.77370E-03,  4.71965E-03,  4.66490E-03,  4.60959E-03,  4.55390E-03,  4.49797E-03,  4.44194E-03,  4.38594E-03,  4.33008E-03,  4.27447E-03,  4.21921E-03,  4.16439E-03,  4.11007E-03,
  4.13225E-03,  4.18914E-03,  4.24668E-03,  4.30479E-03,  4.36340E-03,  4.42239E-03,  4.48167E-03,  4.54111E-03,  4.60058E-03,  4.65993E-03,  4.71900E-03,  4.77764E-03,  4.83565E-03,  4.89284E-03,  4.94903E-03,  5.00398E-03,  5.05750E-03,  5.10935E-03,  5.15931E-03,  5.20715E-03,  5.25265E-03,  5.29556E-03,  5.33568E-03,  5.37279E-03,  5.40668E-03,  5.43717E-03,  5.46407E-03,  5.48723E-03,  5.50651E-03,  5.52178E-03,  5.53297E-03,  5.53999E-03,  5.54282E-03,  5.54142E-03,  5.53582E-03,  5.52604E-03,  5.51217E-03,  5.49427E-03,  5.47247E-03,  5.44690E-03,  5.41772E-03,  5.38510E-03,  5.34923E-03,  5.31030E-03,  5.26854E-03,  5.22415E-03,  5.17737E-03,  5.12842E-03,  5.07753E-03,  5.02492E-03,  4.97082E-03,  4.91544E-03,  4.85899E-03,  4.80168E-03,  4.74368E-03,  4.68520E-03,  4.62638E-03,  4.56740E-03,  4.50839E-03,  4.44950E-03,  4.39084E-03,  4.33253E-03,  4.27466E-03,  4.21732E-03,  4.16060E-03,
  4.18180E-03,  4.24119E-03,  4.30134E-03,  4.36218E-03,  4.42363E-03,  4.48558E-03,  4.54791E-03,  4.61051E-03,  4.67323E-03,  4.73592E-03,  4.79841E-03,  4.86053E-03,  4.92207E-03,  4.98284E-03,  5.04261E-03,  5.10116E-03,  5.15825E-03,  5.21363E-03,  5.26706E-03,  5.31828E-03,  5.36704E-03,  5.41309E-03,  5.45618E-03,  5.49607E-03,  5.53253E-03,  5.56535E-03,  5.59432E-03,  5.61928E-03,  5.64006E-03,  5.65654E-03,  5.66860E-03,  5.67617E-03,  5.67920E-03,  5.67767E-03,  5.67160E-03,  5.66104E-03,  5.64604E-03,  5.62672E-03,  5.60319E-03,  5.57562E-03,  5.54418E-03,  5.50906E-03,  5.47046E-03,  5.42863E-03,  5.38379E-03,  5.33619E-03,  5.28608E-03,  5.23370E-03,  5.17932E-03,  5.12318E-03,  5.06552E-03,  5.00658E-03,  4.94658E-03,  4.88575E-03,  4.82430E-03,  4.76240E-03,  4.70026E-03,  4.63803E-03,  4.57586E-03,  4.51391E-03,  4.45230E-03,  4.39114E-03,  4.33053E-03,  4.27057E-03,  4.21134E-03,
  4.23141E-03,  4.29340E-03,  4.35629E-03,  4.41999E-03,  4.48442E-03,  4.54948E-03,  4.61505E-03,  4.68099E-03,  4.74717E-03,  4.81342E-03,  4.87957E-03,  4.94542E-03,  5.01076E-03,  5.07537E-03,  5.13901E-03,  5.20145E-03,  5.26241E-03,  5.32163E-03,  5.37884E-03,  5.43375E-03,  5.48608E-03,  5.53555E-03,  5.58190E-03,  5.62484E-03,  5.66412E-03,  5.69951E-03,  5.73077E-03,  5.75771E-03,  5.78016E-03,  5.79795E-03,  5.81098E-03,  5.81915E-03,  5.82241E-03,  5.82074E-03,  5.81416E-03,  5.80271E-03,  5.78647E-03,  5.76557E-03,  5.74015E-03,  5.71036E-03,  5.67643E-03,  5.63855E-03,  5.59697E-03,  5.55195E-03,  5.50374E-03,  5.45263E-03,  5.39888E-03,  5.34277E-03,  5.28459E-03,  5.22462E-03,  5.16310E-03,  5.10032E-03,  5.03650E-03,  4.97190E-03,  4.90673E-03,  4.84119E-03,  4.77550E-03,  4.70981E-03,  4.64430E-03,  4.57911E-03,  4.51438E-03,  4.45023E-03,  4.38675E-03,  4.32405E-03,  4.26219E-03,
  4.28097E-03,  4.34567E-03,  4.41141E-03,  4.47811E-03,  4.54568E-03,  4.61401E-03,  4.68300E-03,  4.75249E-03,  4.82235E-03,  4.89240E-03,  4.96244E-03,  5.03229E-03,  5.10171E-03,  5.17046E-03,  5.23830E-03,  5.30494E-03,  5.37010E-03,  5.43350E-03,  5.49482E-03,  5.55376E-03,  5.61001E-03,  5.66324E-03,  5.71316E-03,  5.75946E-03,  5.80186E-03,  5.84007E-03,  5.87387E-03,  5.90300E-03,  5.92728E-03,  5.94653E-03,  5.96063E-03,  5.96946E-03,  5.97298E-03,  5.97115E-03,  5.96399E-03,  5.95157E-03,  5.93396E-03,  5.91131E-03,  5.88378E-03,  5.85155E-03,  5.81486E-03,  5.77395E-03,  5.72908E-03,  5.68055E-03,  5.62865E-03,  5.57368E-03,  5.51596E-03,  5.45579E-03,  5.39348E-03,  5.32933E-03,  5.26365E-03,  5.19670E-03,  5.12877E-03,  5.06011E-03,  4.99095E-03,  4.92153E-03,  4.85204E-03,  4.78268E-03,  4.71362E-03,  4.64502E-03,  4.57700E-03,  4.50970E-03,  4.44322E-03,  4.37764E-03,  4.31306E-03,
  4.33036E-03,  4.39788E-03,  4.46659E-03,  4.53642E-03,  4.60729E-03,  4.67907E-03,  4.75167E-03,  4.82492E-03,  4.89869E-03,  4.97278E-03,  5.04700E-03,  5.12113E-03,  5.19494E-03,  5.26816E-03,  5.34052E-03,  5.41172E-03,  5.48146E-03,  5.54940E-03,  5.61522E-03,  5.67857E-03,  5.73910E-03,  5.79647E-03,  5.85032E-03,  5.90032E-03,  5.94615E-03,  5.98751E-03,  6.02409E-03,  6.05566E-03,  6.08197E-03,  6.10285E-03,  6.11812E-03,  6.12770E-03,  6.13149E-03,  6.12948E-03,  6.12169E-03,  6.10817E-03,  6.08905E-03,  6.06445E-03,  6.03458E-03,  5.99965E-03,  5.95991E-03,  5.91564E-03,  5.86715E-03,  5.81476E-03,  5.75879E-03,  5.69960E-03,  5.63752E-03,  5.57291E-03,  5.50610E-03,  5.43743E-03,  5.36722E-03,  5.29578E-03,  5.22340E-03,  5.15037E-03,  5.07694E-03,  5.00336E-03,  4.92983E-03,  4.85657E-03,  4.78374E-03,  4.71152E-03,  4.64005E-03,  4.56944E-03,  4.49981E-03,  4.43124E-03,  4.36381E-03,
  4.37944E-03,  4.44988E-03,  4.52170E-03,  4.59480E-03,  4.66912E-03,  4.74454E-03,  4.82094E-03,  4.89818E-03,  4.97609E-03,  5.05450E-03,  5.13318E-03,  5.21191E-03,  5.29044E-03,  5.36848E-03,  5.44574E-03,  5.52189E-03,  5.59660E-03,  5.66950E-03,  5.74024E-03,  5.80842E-03,  5.87366E-03,  5.93557E-03,  5.99376E-03,  6.04785E-03,  6.09748E-03,  6.14230E-03,  6.18199E-03,  6.21626E-03,  6.24483E-03,  6.26751E-03,  6.28411E-03,  6.29450E-03,  6.29860E-03,  6.29639E-03,  6.28788E-03,  6.27315E-03,  6.25233E-03,  6.22557E-03,  6.19310E-03,  6.15516E-03,  6.11204E-03,  6.06406E-03,  6.01156E-03,  5.95491E-03,  5.89447E-03,  5.83063E-03,  5.76378E-03,  5.69431E-03,  5.62259E-03,  5.54899E-03,  5.47386E-03,  5.39756E-03,  5.32039E-03,  5.24266E-03,  5.16465E-03,  5.08661E-03,  5.00878E-03,  4.93136E-03,  4.85455E-03,  4.77851E-03,  4.70339E-03,  4.62932E-03,  4.55639E-03,  4.48470E-03,  4.41433E-03,
  4.42805E-03,  4.50153E-03,  4.57657E-03,  4.65310E-03,  4.73103E-03,  4.81026E-03,  4.89068E-03,  4.97214E-03,  5.05446E-03,  5.13746E-03,  5.22091E-03,  5.30458E-03,  5.38818E-03,  5.47143E-03,  5.55399E-03,  5.63551E-03,  5.71563E-03,  5.79396E-03,  5.87007E-03,  5.94356E-03,  6.01398E-03,  6.08090E-03,  6.14389E-03,  6.20251E-03,  6.25636E-03,  6.30503E-03,  6.34817E-03,  6.38543E-03,  6.41653E-03,  6.44122E-03,  6.45928E-03,  6.47058E-03,  6.47503E-03,  6.47259E-03,  6.46329E-03,  6.44720E-03,  6.42448E-03,  6.39531E-03,  6.35994E-03,  6.31865E-03,  6.27178E-03,  6.21967E-03,  6.16274E-03,  6.10137E-03,  6.03599E-03,  5.96704E-03,  5.89496E-03,  5.82016E-03,  5.74307E-03,  5.66410E-03,  5.58364E-03,  5.50206E-03,  5.41972E-03,  5.33693E-03,  5.25400E-03,  5.17119E-03,  5.08877E-03,  5.00694E-03,  4.92591E-03,  4.84585E-03,  4.76690E-03,  4.68919E-03,  4.61282E-03,  4.53788E-03,  4.46445E-03,
  4.47603E-03,  4.55265E-03,  4.63103E-03,  4.71112E-03,  4.79284E-03,  4.87608E-03,  4.96073E-03,  5.04665E-03,  5.13365E-03,  5.22154E-03,  5.31010E-03,  5.39906E-03,  5.48813E-03,  5.57699E-03,  5.66530E-03,  5.75266E-03,  5.83869E-03,  5.92294E-03,  6.00495E-03,  6.08427E-03,  6.16040E-03,  6.23286E-03,  6.30115E-03,  6.36480E-03,  6.42333E-03,  6.47630E-03,  6.52328E-03,  6.56390E-03,  6.59781E-03,  6.62474E-03,  6.64445E-03,  6.65677E-03,  6.66160E-03,  6.65890E-03,  6.64870E-03,  6.63109E-03,  6.60624E-03,  6.57437E-03,  6.53576E-03,  6.49074E-03,  6.43968E-03,  6.38299E-03,  6.32112E-03,  6.25453E-03,  6.18370E-03,  6.10912E-03,  6.03126E-03,  5.95062E-03,  5.86766E-03,  5.78284E-03,  5.69657E-03,  5.60928E-03,  5.52134E-03,  5.43311E-03,  5.34490E-03,  5.25700E-03,  5.16968E-03,  5.08317E-03,  4.99767E-03,  4.91336E-03,  4.83039E-03,  4.74887E-03,  4.66892E-03,  4.59061E-03,  4.51401E-03,
  4.52319E-03,  4.60305E-03,  4.68490E-03,  4.76869E-03,  4.85435E-03,  4.94180E-03,  5.03090E-03,  5.12153E-03,  5.21349E-03,  5.30660E-03,  5.40061E-03,  5.49524E-03,  5.59020E-03,  5.68514E-03,  5.77968E-03,  5.87340E-03,  5.96587E-03,  6.05660E-03,  6.14510E-03,  6.23084E-03,  6.31328E-03,  6.39186E-03,  6.46605E-03,  6.53528E-03,  6.59903E-03,  6.65678E-03,  6.70806E-03,  6.75243E-03,  6.78950E-03,  6.81894E-03,  6.84050E-03,  6.85396E-03,  6.85922E-03,  6.85622E-03,  6.84501E-03,  6.82569E-03,  6.79845E-03,  6.76355E-03,  6.72131E-03,  6.67211E-03,  6.61637E-03,  6.55457E-03,  6.48722E-03,  6.41483E-03,  6.33796E-03,  6.25714E-03,  6.17294E-03,  6.08588E-03,  5.99649E-03,  5.90527E-03,  5.81269E-03,  5.71920E-03,  5.62521E-03,  5.53111E-03,  5.43723E-03,  5.34389E-03,  5.25136E-03,  5.15988E-03,  5.06966E-03,  4.98087E-03,  4.89368E-03,  4.80819E-03,  4.72450E-03,  4.64270E-03,  4.56283E-03,
  4.56932E-03,  4.65250E-03,  4.73793E-03,  4.82556E-03,  4.91534E-03,  5.00719E-03,  5.10097E-03,  5.19657E-03,  5.29380E-03,  5.39246E-03,  5.49229E-03,  5.59302E-03,  5.69432E-03,  5.79582E-03,  5.89711E-03,  5.99776E-03,  6.09727E-03,  6.19511E-03,  6.29074E-03,  6.38356E-03,  6.47298E-03,  6.55836E-03,  6.63910E-03,  6.71456E-03,  6.78413E-03,  6.84724E-03,  6.90334E-03,  6.95192E-03,  6.99253E-03,  7.02481E-03,  7.04843E-03,  7.06318E-03,  7.06891E-03,  7.06558E-03,  7.05323E-03,  7.03198E-03,  7.00205E-03,  6.96374E-03,  6.91742E-03,  6.86352E-03,  6.80254E-03,  6.73503E-03,  6.66155E-03,  6.58272E-03,  6.49913E-03,  6.41143E-03,  6.32022E-03,  6.22610E-03,  6.12965E-03,  6.03144E-03,  5.93198E-03,  5.83177E-03,  5.73124E-03,  5.63081E-03,  5.53085E-03,  5.43169E-03,  5.33360E-03,  5.23685E-03,  5.14164E-03,  5.04816E-03,  4.95654E-03,  4.86690E-03,  4.77935E-03,  4.69393E-03,  4.61069E-03,
  4.61418E-03,  4.70077E-03,  4.78989E-03,  4.88150E-03,  4.97556E-03,  5.07199E-03,  5.17070E-03,  5.27154E-03,  5.37434E-03,  5.47889E-03,  5.58495E-03,  5.69221E-03,  5.80034E-03,  5.90894E-03,  6.01757E-03,  6.12576E-03,  6.23297E-03,  6.33862E-03,  6.44210E-03,  6.54275E-03,  6.63990E-03,  6.73284E-03,  6.82088E-03,  6.90329E-03,  6.97940E-03,  7.04852E-03,  7.11003E-03,  7.16335E-03,  7.20796E-03,  7.24343E-03,  7.26939E-03,  7.28558E-03,  7.29185E-03,  7.28814E-03,  7.27449E-03,  7.25105E-03,  7.21808E-03,  7.17592E-03,  7.12499E-03,  7.06582E-03,  6.99896E-03,  6.92504E-03,  6.84472E-03,  6.75869E-03,  6.66764E-03,  6.57229E-03,  6.47333E-03,  6.37143E-03,  6.26724E-03,  6.16138E-03,  6.05442E-03,  5.94690E-03,  5.83930E-03,  5.73206E-03,  5.62557E-03,  5.52018E-03,  5.41619E-03,  5.31386E-03,  5.21339E-03,  5.11497E-03,  5.01873E-03,  4.92478E-03,  4.83321E-03,  4.74406E-03,  4.65737E-03,
  4.65751E-03,  4.74759E-03,  4.84049E-03,  4.93621E-03,  5.03471E-03,  5.13593E-03,  5.23978E-03,  5.34614E-03,  5.45483E-03,  5.56565E-03,  5.67835E-03,  5.79262E-03,  5.90810E-03,  6.02438E-03,  6.14099E-03,  6.25740E-03,  6.37304E-03,  6.48727E-03,  6.59941E-03,  6.70873E-03,  6.81447E-03,  6.91583E-03,  7.01202E-03,  7.10223E-03,  7.18567E-03,  7.26156E-03,  7.32917E-03,  7.38784E-03,  7.43697E-03,  7.47605E-03,  7.50466E-03,  7.52249E-03,  7.52937E-03,  7.52521E-03,  7.51009E-03,  7.48417E-03,  7.44774E-03,  7.40121E-03,  7.34509E-03,  7.27995E-03,  7.20646E-03,  7.12534E-03,  7.03735E-03,  6.94327E-03,  6.84391E-03,  6.74007E-03,  6.63252E-03,  6.52204E-03,  6.40933E-03,  6.29509E-03,  6.17995E-03,  6.06448E-03,  5.94923E-03,  5.83465E-03,  5.72116E-03,  5.60913E-03,  5.49887E-03,  5.39062E-03,  5.28461E-03,  5.18101E-03,  5.07995E-03,  4.98153E-03,  4.88581E-03,  4.79283E-03,  4.70261E-03,
  4.69903E-03,  4.79265E-03,  4.88943E-03,  4.98937E-03,  5.09246E-03,  5.19866E-03,  5.30789E-03,  5.42004E-03,  5.53495E-03,  5.65243E-03,  5.77221E-03,  5.89398E-03,  6.01738E-03,  6.14197E-03,  6.26724E-03,  6.39264E-03,  6.51752E-03,  6.64119E-03,  6.76290E-03,  6.88183E-03,  6.99712E-03,  7.10789E-03,  7.21322E-03,  7.31219E-03,  7.40388E-03,  7.48741E-03,  7.56193E-03,  7.62666E-03,  7.68092E-03,  7.72410E-03,  7.75571E-03,  7.77541E-03,  7.78297E-03,  7.77831E-03,  7.76150E-03,  7.73274E-03,  7.69239E-03,  7.64090E-03,  7.57887E-03,  7.50698E-03,  7.42600E-03,  7.33676E-03,  7.24015E-03,  7.13705E-03,  7.02840E-03,  6.91510E-03,  6.79803E-03,  6.67805E-03,  6.55597E-03,  6.43254E-03,  6.30846E-03,  6.18437E-03,  6.06083E-03,  5.93834E-03,  5.81735E-03,  5.69823E-03,  5.58130E-03,  5.46682E-03,  5.35499E-03,  5.24597E-03,  5.13990E-03,  5.03684E-03,  4.93685E-03,  4.83995E-03,  4.74613E-03,
  4.73843E-03,  4.83564E-03,  4.93636E-03,  5.04063E-03,  5.14845E-03,  5.25980E-03,  5.37464E-03,  5.49286E-03,  5.61433E-03,  5.73885E-03,  5.86618E-03,  5.99599E-03,  6.12792E-03,  6.26149E-03,  6.39618E-03,  6.53138E-03,  6.66641E-03,  6.80049E-03,  6.93278E-03,  7.06239E-03,  7.18835E-03,  7.30964E-03,  7.42523E-03,  7.53406E-03,  7.63508E-03,  7.72726E-03,  7.80962E-03,  7.88125E-03,  7.94135E-03,  7.98920E-03,  8.02425E-03,  8.04607E-03,  8.05440E-03,  8.04916E-03,  8.03041E-03,  7.99841E-03,  7.95356E-03,  7.89642E-03,  7.82766E-03,  7.74810E-03,  7.65863E-03,  7.56021E-03,  7.45387E-03,  7.34065E-03,  7.22159E-03,  7.09773E-03,  6.97007E-03,  6.83959E-03,  6.70717E-03,  6.57366E-03,  6.43982E-03,  6.30634E-03,  6.17383E-03,  6.04284E-03,  5.91381E-03,  5.78713E-03,  5.66313E-03,  5.54207E-03,  5.42413E-03,  5.30947E-03,  5.19820E-03,  5.09036E-03,  4.98600E-03,  4.88509E-03,  4.78762E-03,
  4.77538E-03,  4.87620E-03,  4.98091E-03,  5.08958E-03,  5.20225E-03,  5.31893E-03,  5.43959E-03,  5.56416E-03,  5.69253E-03,  5.82451E-03,  5.95986E-03,  6.09828E-03,  6.23937E-03,  6.38266E-03,  6.52759E-03,  6.67351E-03,  6.81967E-03,  6.96523E-03,  7.10927E-03,  7.25076E-03,  7.38864E-03,  7.52174E-03,  7.64889E-03,  7.76886E-03,  7.88045E-03,  7.98246E-03,  8.07375E-03,  8.15325E-03,  8.22002E-03,  8.27323E-03,  8.31221E-03,  8.33646E-03,  8.34568E-03,  8.33975E-03,  8.31878E-03,  8.28305E-03,  8.23304E-03,  8.16942E-03,  8.09297E-03,  8.00466E-03,  7.90553E-03,  7.79671E-03,  7.67937E-03,  7.55473E-03,  7.42398E-03,  7.28832E-03,  7.14888E-03,  7.00674E-03,  6.86291E-03,  6.71832E-03,  6.57381E-03,  6.43012E-03,  6.28792E-03,  6.14776E-03,  6.01013E-03,  5.87541E-03,  5.74393E-03,  5.61594E-03,  5.49162E-03,  5.37109E-03,  5.25444E-03,  5.14170E-03,  5.03286E-03,  4.92790E-03,  4.82676E-03,
  4.80950E-03,  4.91392E-03,  5.02266E-03,  5.13580E-03,  5.25342E-03,  5.37557E-03,  5.50226E-03,  5.63344E-03,  5.76904E-03,  5.90889E-03,  6.05277E-03,  6.20038E-03,  6.35133E-03,  6.50513E-03,  6.66119E-03,  6.81883E-03,  6.97723E-03,  7.13547E-03,  7.29254E-03,  7.44729E-03,  7.59852E-03,  7.74491E-03,  7.88510E-03,  8.01771E-03,  8.14132E-03,  8.25453E-03,  8.35603E-03,  8.44456E-03,  8.51900E-03,  8.57836E-03,  8.62186E-03,  8.64890E-03,  8.65913E-03,  8.65241E-03,  8.62886E-03,  8.58883E-03,  8.53288E-03,  8.46180E-03,  8.37653E-03,  8.27820E-03,  8.16804E-03,  8.04737E-03,  7.91756E-03,  7.78002E-03,  7.63612E-03,  7.48723E-03,  7.33464E-03,  7.17956E-03,  7.02312E-03,  6.86635E-03,  6.71017E-03,  6.55538E-03,  6.40269E-03,  6.25268E-03,  6.10584E-03,  5.96258E-03,  5.82321E-03,  5.68795E-03,  5.55696E-03,  5.43035E-03,  5.30817E-03,  5.19041E-03,  5.07705E-03,  4.96800E-03,  4.86317E-03,
  4.84039E-03,  4.94839E-03,  5.06114E-03,  5.17877E-03,  5.30142E-03,  5.42917E-03,  5.56207E-03,  5.70013E-03,  5.84328E-03,  5.99142E-03,  6.14433E-03,  6.30175E-03,  6.46328E-03,  6.62844E-03,  6.79661E-03,  6.96706E-03,  7.13892E-03,  7.31120E-03,  7.48275E-03,  7.65232E-03,  7.81853E-03,  7.97991E-03,  8.13489E-03,  8.28186E-03,  8.41918E-03,  8.54524E-03,  8.65846E-03,  8.75737E-03,  8.84064E-03,  8.90710E-03,  8.95583E-03,  8.98610E-03,  8.99749E-03,  8.98985E-03,  8.96330E-03,  8.91828E-03,  8.85545E-03,  8.77575E-03,  8.68032E-03,  8.57047E-03,  8.44767E-03,  8.31347E-03,  8.16947E-03,  8.01730E-03,  7.85857E-03,  7.69482E-03,  7.52752E-03,  7.35805E-03,  7.18766E-03,  7.01750E-03,  6.84855E-03,  6.68168E-03,  6.51764E-03,  6.35705E-03,  6.20040E-03,  6.04807E-03,  5.90038E-03,  5.75751E-03,  5.61961E-03,  5.48673E-03,  5.35888E-03,  5.23603E-03,  5.11808E-03,  5.00494E-03,  4.89647E-03,
  4.86764E-03,  4.97913E-03,  5.09585E-03,  5.21798E-03,  5.34570E-03,  5.47914E-03,  5.61841E-03,  5.76356E-03,  5.91458E-03,  6.07141E-03,  6.23389E-03,  6.40175E-03,  6.57464E-03,  6.75205E-03,  6.93338E-03,  7.11785E-03,  7.30453E-03,  7.49233E-03,  7.68002E-03,  7.86618E-03,  8.04926E-03,  8.22759E-03,  8.39936E-03,  8.56272E-03,  8.71575E-03,  8.85656E-03,  8.98330E-03,  9.09421E-03,  9.18772E-03,  9.26243E-03,  9.31722E-03,  9.35124E-03,  9.36397E-03,  9.35524E-03,  9.32519E-03,  9.27435E-03,  9.20352E-03,  9.11382E-03,  9.00661E-03,  8.88348E-03,  8.74614E-03,  8.59642E-03,  8.43622E-03,  8.26743E-03,  8.09190E-03,  7.91142E-03,  7.72765E-03,  7.54215E-03,  7.35632E-03,  7.17140E-03,  6.98848E-03,  6.80848E-03,  6.63220E-03,  6.46025E-03,  6.29313E-03,  6.13122E-03,  5.97479E-03,  5.82400E-03,  5.67894E-03,  5.53962E-03,  5.40601E-03,  5.27800E-03,  5.15548E-03,  5.03828E-03,  4.92621E-03,
  4.89077E-03,  5.00565E-03,  5.12626E-03,  5.25284E-03,  5.38561E-03,  5.52480E-03,  5.67055E-03,  5.82299E-03,  5.98219E-03,  6.14811E-03,  6.32065E-03,  6.49961E-03,  6.68465E-03,  6.87530E-03,  7.07092E-03,  7.27072E-03,  7.47371E-03,  7.67873E-03,  7.88441E-03,  8.08918E-03,  8.29130E-03,  8.48884E-03,  8.67976E-03,  8.86188E-03,  9.03299E-03,  9.19082E-03,  9.33321E-03,  9.45807E-03,  9.56349E-03,  9.64782E-03,  9.70969E-03,  9.74809E-03,  9.76238E-03,  9.75235E-03,  9.71820E-03,  9.66053E-03,  9.58035E-03,  9.47898E-03,  9.35809E-03,  9.21953E-03,  9.06539E-03,  8.89782E-03,  8.71906E-03,  8.53131E-03,  8.33673E-03,  8.13736E-03,  7.93511E-03,  7.73173E-03,  7.52877E-03,  7.32759E-03,  7.12939E-03,  6.93513E-03,  6.74563E-03,  6.56152E-03,  6.38328E-03,  6.21126E-03,  6.04568E-03,  5.88667E-03,  5.73424E-03,  5.58836E-03,  5.44892E-03,  5.31576E-03,  5.18870E-03,  5.06751E-03,  4.95196E-03,
  4.90930E-03,  5.02741E-03,  5.15177E-03,  5.28269E-03,  5.42047E-03,  5.56540E-03,  5.71771E-03,  5.87760E-03,  6.04521E-03,  6.22060E-03,  6.40372E-03,  6.59444E-03,  6.79246E-03,  6.99735E-03,  7.20848E-03,  7.42505E-03,  7.64602E-03,  7.87014E-03,  8.09591E-03,  8.32160E-03,  8.54524E-03,  8.76465E-03,  8.97746E-03,  9.18116E-03,  9.37312E-03,  9.55070E-03,  9.71131E-03,  9.85244E-03,  9.97181E-03,  1.00674E-02,  1.01376E-02,  1.01811E-02,  1.01972E-02,  1.01857E-02,  1.01467E-02,  1.00810E-02,  9.98978E-03,  9.87474E-03,  9.73783E-03,  9.58132E-03,  9.40768E-03,  9.21948E-03,  9.01937E-03,  8.80993E-03,  8.59366E-03,  8.37293E-03,  8.14990E-03,  7.92654E-03,  7.70457E-03,  7.48549E-03,  7.27057E-03,  7.06082E-03,  6.85708E-03,  6.65997E-03,  6.46995E-03,  6.28731E-03,  6.11221E-03,  5.94470E-03,  5.78474E-03,  5.63221E-03,  5.48693E-03,  5.34867E-03,  5.21715E-03,  5.09211E-03,  4.97322E-03,
  4.92272E-03,  5.04383E-03,  5.17175E-03,  5.30685E-03,  5.44952E-03,  5.60013E-03,  5.75901E-03,  5.92644E-03,  6.10268E-03,  6.28786E-03,  6.48204E-03,  6.68517E-03,  6.89702E-03,  7.11722E-03,  7.34517E-03,  7.58007E-03,  7.82084E-03,  8.06617E-03,  8.31441E-03,  8.56366E-03,  8.81170E-03,  9.05606E-03,  9.29400E-03,  9.52258E-03,  9.73874E-03,  9.93933E-03,  1.01212E-02,  1.02815E-02,  1.04173E-02,  1.05262E-02,  1.06062E-02,  1.06558E-02,  1.06740E-02,  1.06606E-02,  1.06158E-02,  1.05406E-02,  1.04364E-02,  1.03052E-02,  1.01495E-02,  9.97197E-03,  9.77559E-03,  9.56345E-03,  9.33868E-03,  9.10433E-03,  8.86332E-03,  8.61836E-03,  8.37192E-03,  8.12621E-03,  7.88314E-03,  7.64433E-03,  7.41112E-03,  7.18458E-03,  6.96553E-03,  6.75457E-03,  6.55210E-03,  6.35834E-03,  6.17337E-03,  5.99716E-03,  5.82956E-03,  5.67037E-03,  5.51929E-03,  5.37602E-03,  5.24021E-03,  5.11149E-03,  4.98948E-03,
  4.93048E-03,  5.05431E-03,  5.18552E-03,  5.32456E-03,  5.47193E-03,  5.62808E-03,  5.79346E-03,  5.96847E-03,  6.15346E-03,  6.34872E-03,  6.55440E-03,  6.77057E-03,  6.99711E-03,  7.23372E-03,  7.47988E-03,  7.73480E-03,  7.99739E-03,  8.26627E-03,  8.53968E-03,  8.81551E-03,  9.09129E-03,  9.36419E-03,  9.63107E-03,  9.88849E-03,  1.01328E-02,  1.03604E-02,  1.05673E-02,  1.07501E-02,  1.09054E-02,  1.10300E-02,  1.11217E-02,  1.11785E-02,  1.11993E-02,  1.11837E-02,  1.11320E-02,  1.10454E-02,  1.09257E-02,  1.07754E-02,  1.05974E-02,  1.03951E-02,  1.01721E-02,  9.93206E-03,  9.67871E-03,  9.41566E-03,  9.14631E-03,  8.87381E-03,  8.60095E-03,  8.33021E-03,  8.06369E-03,  7.80314E-03,  7.54996E-03,  7.30524E-03,  7.06977E-03,  6.84410E-03,  6.62853E-03,  6.42321E-03,  6.22808E-03,  6.04301E-03,  5.86774E-03,  5.70192E-03,  5.54518E-03,  5.39709E-03,  5.25721E-03,  5.12506E-03,  5.00020E-03,
  4.93201E-03,  5.05821E-03,  5.19236E-03,  5.33503E-03,  5.48681E-03,  5.64827E-03,  5.81999E-03,  6.00251E-03,  6.19632E-03,  6.40184E-03,  6.61941E-03,  6.84922E-03,  7.09129E-03,  7.34545E-03,  7.61126E-03,  7.88801E-03,  8.17464E-03,  8.46969E-03,  8.77131E-03,  9.07719E-03,  9.38457E-03,  9.69025E-03,  9.99058E-03,  1.02816E-02,  1.05589E-02,  1.08181E-02,  1.10548E-02,  1.12643E-02,  1.14427E-02,  1.15863E-02,  1.16920E-02,  1.17574E-02,  1.17812E-02,  1.17629E-02,  1.17029E-02,  1.16026E-02,  1.14644E-02,  1.12912E-02,  1.10868E-02,  1.08552E-02,  1.06007E-02,  1.03280E-02,  1.00413E-02,  9.74510E-03,  9.44323E-03,  9.13933E-03,  8.83661E-03,  8.53781E-03,  8.24523E-03,  7.96073E-03,  7.68576E-03,  7.42140E-03,  7.16837E-03,  6.92713E-03,  6.69787E-03,  6.48059E-03,  6.27510E-03,  6.08110E-03,  5.89819E-03,  5.72591E-03,  5.56372E-03,  5.41108E-03,  5.26742E-03,  5.13218E-03,  5.00481E-03,
  4.92674E-03,  5.05486E-03,  5.19153E-03,  5.33741E-03,  5.49321E-03,  5.65965E-03,  5.83743E-03,  6.02728E-03,  6.22984E-03,  6.44574E-03,  6.67548E-03,  6.91945E-03,  7.17785E-03,  7.45069E-03,  7.73769E-03,  8.03822E-03,  8.35128E-03,  8.67542E-03,  9.00870E-03,  9.34860E-03,  9.69208E-03,  1.00355E-02,  1.03747E-02,  1.07049E-02,  1.10210E-02,  1.13178E-02,  1.15897E-02,  1.18313E-02,  1.20375E-02,  1.22038E-02,  1.23264E-02,  1.24022E-02,  1.24297E-02,  1.24080E-02,  1.23379E-02,  1.22211E-02,  1.20605E-02,  1.18598E-02,  1.16237E-02,  1.13571E-02,  1.10655E-02,  1.07543E-02,  1.04287E-02,  1.00939E-02,  9.75459E-03,  9.41483E-03,  9.07828E-03,  8.74799E-03,  8.42645E-03,  8.11560E-03,  7.81691E-03,  7.53138E-03,  7.25966E-03,  7.00204E-03,  6.75854E-03,  6.52899E-03,  6.31302E-03,  6.11014E-03,  5.91977E-03,  5.74127E-03,  5.57395E-03,  5.41712E-03,  5.27010E-03,  5.13218E-03,  5.00273E-03,
  4.91407E-03,  5.04359E-03,  5.18223E-03,  5.33079E-03,  5.49011E-03,  5.66105E-03,  5.84451E-03,  6.04136E-03,  6.25249E-03,  6.47871E-03,  6.72079E-03,  6.97935E-03,  7.25483E-03,  7.54747E-03,  7.85719E-03,  8.18355E-03,  8.52567E-03,  8.88213E-03,  9.25095E-03,  9.62944E-03,  1.00143E-02,  1.04013E-02,  1.07857E-02,  1.11619E-02,  1.15241E-02,  1.18655E-02,  1.21797E-02,  1.24599E-02,  1.26997E-02,  1.28936E-02,  1.30366E-02,  1.31252E-02,  1.31570E-02,  1.31313E-02,  1.30488E-02,  1.29118E-02,  1.27239E-02,  1.24900E-02,  1.22157E-02,  1.19072E-02,  1.15712E-02,  1.12144E-02,  1.08432E-02,  1.04635E-02,  1.00808E-02,  9.70002E-03,  9.32510E-03,  8.95946E-03,  8.60573E-03,  8.26592E-03,  7.94145E-03,  7.63321E-03,  7.34167E-03,  7.06692E-03,  6.80875E-03,  6.56675E-03,  6.34032E-03,  6.12873E-03,  5.93119E-03,  5.74686E-03,  5.57486E-03,  5.41434E-03,  5.26446E-03,  5.12439E-03,  4.99336E-03,
  4.89340E-03,  5.02369E-03,  5.16366E-03,  5.31426E-03,  5.47645E-03,  5.65128E-03,  5.83983E-03,  6.04321E-03,  6.26253E-03,  6.49889E-03,  6.75331E-03,  7.02674E-03,  7.31993E-03,  7.63341E-03,  7.96741E-03,  8.32174E-03,  8.69573E-03,  9.08809E-03,  9.49682E-03,  9.91914E-03,  1.03514E-02,  1.07889E-02,  1.12262E-02,  1.16569E-02,  1.20737E-02,  1.24687E-02,  1.28338E-02,  1.31608E-02,  1.34417E-02,  1.36693E-02,  1.38375E-02,  1.39416E-02,  1.39788E-02,  1.39480E-02,  1.38502E-02,  1.36884E-02,  1.34671E-02,  1.31925E-02,  1.28718E-02,  1.25127E-02,  1.21236E-02,  1.17125E-02,  1.12873E-02,  1.08551E-02,  1.04222E-02,  9.99431E-03,  9.57583E-03,  9.17047E-03,  8.78101E-03,  8.40944E-03,  8.05705E-03,  7.72455E-03,  7.41213E-03,  7.11960E-03,  6.84647E-03,  6.59199E-03,  6.35528E-03,  6.13533E-03,  5.93109E-03,  5.74147E-03,  5.56540E-03,  5.40181E-03,  5.24970E-03,  5.10810E-03,  4.97612E-03,
  4.86416E-03,  4.99447E-03,  5.13501E-03,  5.28685E-03,  5.45112E-03,  5.62905E-03,  5.82194E-03,  6.03116E-03,  6.25810E-03,  6.50417E-03,  6.77074E-03,  7.05913E-03,  7.37049E-03,  7.70576E-03,  8.06555E-03,  8.45005E-03,  8.85890E-03,  9.29106E-03,  9.74463E-03,  1.02168E-02,  1.07035E-02,  1.11998E-02,  1.16993E-02,  1.21944E-02,  1.26766E-02,  1.31363E-02,  1.35634E-02,  1.39476E-02,  1.42789E-02,  1.45481E-02,  1.47475E-02,  1.48709E-02,  1.49147E-02,  1.48775E-02,  1.47607E-02,  1.45680E-02,  1.43054E-02,  1.39807E-02,  1.36031E-02,  1.31825E-02,  1.27293E-02,  1.22533E-02,  1.17640E-02,  1.12701E-02,  1.07789E-02,  1.02968E-02,  9.82878E-03,  9.37883E-03,  8.94975E-03,  8.54343E-03,  8.16094E-03,  7.80265E-03,  7.46841E-03,  7.15763E-03,  6.86941E-03,  6.60264E-03,  6.35605E-03,  6.12829E-03,  5.91801E-03,  5.72384E-03,  5.54444E-03,  5.37856E-03,  5.22499E-03,  5.08262E-03,  4.95040E-03,
  4.82577E-03,  4.95526E-03,  5.09546E-03,  5.24759E-03,  5.41297E-03,  5.59302E-03,  5.78930E-03,  6.00344E-03,  6.23717E-03,  6.49226E-03,  6.77053E-03,  7.07372E-03,  7.40348E-03,  7.76128E-03,  8.14826E-03,  8.56513E-03,  9.01200E-03,  9.48819E-03,  9.99208E-03,  1.05209E-02,  1.10705E-02,  1.16353E-02,  1.22081E-02,  1.27801E-02,  1.33409E-02,  1.38791E-02,  1.43821E-02,  1.48369E-02,  1.52308E-02,  1.55520E-02,  1.57903E-02,  1.59379E-02,  1.59899E-02,  1.59447E-02,  1.58038E-02,  1.55723E-02,  1.52581E-02,  1.48712E-02,  1.44234E-02,  1.39275E-02,  1.33962E-02,  1.28420E-02,  1.22765E-02,  1.17097E-02,  1.11505E-02,  1.06060E-02,  1.00817E-02,  9.58168E-03,  9.10877E-03,  8.66458E-03,  8.24979E-03,  7.86431E-03,  7.50749E-03,  7.17820E-03,  6.87505E-03,  6.59641E-03,  6.34059E-03,  6.10584E-03,  5.89040E-03,  5.69261E-03,  5.51086E-03,  5.34363E-03,  5.18953E-03,  5.04727E-03,  4.91565E-03,
  4.77770E-03,  4.90539E-03,  5.04422E-03,  5.19554E-03,  5.36086E-03,  5.54183E-03,  5.74028E-03,  5.95815E-03,  6.19755E-03,  6.46068E-03,  6.74984E-03,  7.06734E-03,  7.41544E-03,  7.79625E-03,  8.21163E-03,  8.66298E-03,  9.15108E-03,  9.67587E-03,  1.02362E-02,  1.08294E-02,  1.14516E-02,  1.20964E-02,  1.27560E-02,  1.34201E-02,  1.40763E-02,  1.47106E-02,  1.53072E-02,  1.58499E-02,  1.63222E-02,  1.67089E-02,  1.69965E-02,  1.71748E-02,  1.72372E-02,  1.71815E-02,  1.70101E-02,  1.67294E-02,  1.63499E-02,  1.58850E-02,  1.53498E-02,  1.47607E-02,  1.41339E-02,  1.34850E-02,  1.28280E-02,  1.21751E-02,  1.15364E-02,  1.09198E-02,  1.03315E-02,  9.77542E-03,  9.25416E-03,  8.76889E-03,  8.31970E-03,  7.90583E-03,  7.52592E-03,  7.17818E-03,  6.86056E-03,  6.57084E-03,  6.30676E-03,  6.06609E-03,  5.84667E-03,  5.64644E-03,  5.46350E-03,  5.29607E-03,  5.14252E-03,  5.00138E-03,  4.87131E-03,
  4.71948E-03,  4.84428E-03,  4.98053E-03,  5.12976E-03,  5.29365E-03,  5.47412E-03,  5.67325E-03,  5.89335E-03,  6.13695E-03,  6.40674E-03,  6.70560E-03,  7.03649E-03,  7.40244E-03,  7.80638E-03,  8.25105E-03,  8.73880E-03,  9.27136E-03,  9.84953E-03,  1.04729E-02,  1.11395E-02,  1.18453E-02,  1.25841E-02,  1.33469E-02,  1.41218E-02,  1.48943E-02,  1.56470E-02,  1.63604E-02,  1.70134E-02,  1.75851E-02,  1.80551E-02,  1.84058E-02,  1.86234E-02,  1.86991E-02,  1.86300E-02,  1.84191E-02,  1.80753E-02,  1.76126E-02,  1.70486E-02,  1.64034E-02,  1.56982E-02,  1.49537E-02,  1.41894E-02,  1.34223E-02,  1.26669E-02,  1.19350E-02,  1.12354E-02,  1.05742E-02,  9.95549E-03,  9.38114E-03,  8.85161E-03,  8.36609E-03,  7.92292E-03,  7.51982E-03,  7.15410E-03,  6.82288E-03,  6.52324E-03,  6.25224E-03,  6.00709E-03,  5.78515E-03,  5.58395E-03,  5.40123E-03,  5.23493E-03,  5.08319E-03,  4.94434E-03,  4.81691E-03,
  4.65070E-03,  4.77138E-03,  4.90372E-03,  5.04938E-03,  5.21027E-03,  5.38852E-03,  5.58655E-03,  5.80704E-03,  6.05297E-03,  6.32760E-03,  6.63447E-03,  6.97733E-03,  7.36010E-03,  7.78675E-03,  8.26116E-03,  8.78689E-03,  9.36697E-03,  1.00035E-02,  1.06972E-02,  1.14470E-02,  1.22495E-02,  1.30986E-02,  1.39844E-02,  1.48935E-02,  1.58086E-02,  1.67085E-02,  1.75685E-02,  1.83618E-02,  1.90606E-02,  1.96382E-02,  2.00707E-02,  2.03394E-02,  2.04323E-02,  2.03454E-02,  2.00830E-02,  1.96572E-02,  1.90868E-02,  1.83959E-02,  1.76110E-02,  1.67599E-02,  1.58692E-02,  1.49631E-02,  1.40628E-02,  1.31854E-02,  1.23441E-02,  1.15485E-02,  1.08048E-02,  1.01162E-02,  9.48388E-03,  8.90704E-03,  8.38363E-03,  7.91073E-03,  7.48482E-03,  7.10211E-03,  6.75870E-03,  6.45078E-03,  6.17465E-03,  5.92686E-03,  5.70421E-03,  5.50378E-03,  5.32294E-03,  5.15933E-03,  5.01085E-03,  4.87563E-03,  4.75203E-03,
  4.57105E-03,  4.68626E-03,  4.81319E-03,  4.95364E-03,  5.10970E-03,  5.28378E-03,  5.47859E-03,  5.69722E-03,  5.94317E-03,  6.22030E-03,  6.53292E-03,  6.88568E-03,  7.28358E-03,  7.73184E-03,  8.23577E-03,  8.80053E-03,  9.43084E-03,  1.01306E-02,  1.09022E-02,  1.17463E-02,  1.26605E-02,  1.36391E-02,  1.46721E-02,  1.57445E-02,  1.68356E-02,  1.79197E-02,  1.89658E-02,  1.99390E-02,  2.08027E-02,  2.15208E-02,  2.20608E-02,  2.23970E-02,  2.25125E-02,  2.24020E-02,  2.20712E-02,  2.15373E-02,  2.08262E-02,  1.99706E-02,  1.90063E-02,  1.79700E-02,  1.68961E-02,  1.58153E-02,  1.47530E-02,  1.37297E-02,  1.27599E-02,  1.18536E-02,  1.10164E-02,  1.02505E-02,  9.55532E-03,  8.92850E-03,  8.36618E-03,  7.86374E-03,  7.41610E-03,  7.01806E-03,  6.66449E-03,  6.35051E-03,  6.07154E-03,  5.82338E-03,  5.60222E-03,  5.40466E-03,  5.22764E-03,  5.06851E-03,  4.92490E-03,  4.79477E-03,  4.67634E-03,
  4.48034E-03,  4.58862E-03,  4.70849E-03,  4.84188E-03,  4.99108E-03,  5.15872E-03,  5.34784E-03,  5.56197E-03,  5.80511E-03,  6.08183E-03,  6.39725E-03,  6.75709E-03,  7.16759E-03,  7.63548E-03,  8.16783E-03,  8.77183E-03,  9.45447E-03,  1.02220E-02,  1.10795E-02,  1.20298E-02,  1.30727E-02,  1.42037E-02,  1.54132E-02,  1.66847E-02,  1.79946E-02,  1.93113E-02,  2.05956E-02,  2.18023E-02,  2.28824E-02,  2.37867E-02,  2.44702E-02,  2.48966E-02,  2.50425E-02,  2.48998E-02,  2.44772E-02,  2.37987E-02,  2.29009E-02,  2.18290E-02,  2.06319E-02,  1.93584E-02,  1.80534E-02,  1.67555E-02,  1.54957E-02,  1.42974E-02,  1.31767E-02,  1.21429E-02,  1.12005E-02,  1.03495E-02,  9.58700E-03,  8.90816E-03,  8.30671E-03,  7.77582E-03,  7.30840E-03,  6.89752E-03,  6.53658E-03,  6.21944E-03,  5.94050E-03,  5.69474E-03,  5.47769E-03,  5.28540E-03,  5.11443E-03,  4.96178E-03,  4.82487E-03,  4.70146E-03,  4.58964E-03,
  4.37852E-03,  4.47830E-03,  4.58933E-03,  4.71365E-03,  4.85371E-03,  5.01237E-03,  5.19298E-03,  5.39950E-03,  5.63648E-03,  5.90920E-03,  6.22373E-03,  6.58691E-03,  7.00646E-03,  7.49089E-03,  8.04940E-03,  8.69173E-03,  9.42775E-03,  1.02670E-02,  1.12181E-02,  1.22873E-02,  1.34779E-02,  1.47880E-02,  1.62093E-02,  1.77249E-02,  1.93080E-02,  2.09204E-02,  2.25128E-02,  2.40261E-02,  2.53940E-02,  2.65487E-02,  2.74267E-02,  2.79762E-02,  2.81633E-02,  2.79764E-02,  2.74282E-02,  2.65533E-02,  2.54042E-02,  2.40443E-02,  2.25416E-02,  2.09615E-02,  1.93627E-02,  1.77938E-02,  1.62922E-02,  1.48842E-02,  1.35862E-02,  1.24063E-02,  1.13461E-02,  1.04025E-02,  9.56886E-03,  8.83697E-03,  8.19734E-03,  7.64023E-03,  7.15609E-03,  6.73587E-03,  6.37121E-03,  6.05456E-03,  5.77918E-03,  5.53914E-03,  5.32924E-03,  5.14501E-03,  4.98259E-03,  4.83868E-03,  4.71045E-03,  4.59551E-03,  4.49184E-03,
  4.26570E-03,  4.35533E-03,  4.45562E-03,  4.56870E-03,  4.69713E-03,  4.84398E-03,  5.01291E-03,  5.20826E-03,  5.43515E-03,  5.69960E-03,  6.00865E-03,  6.37043E-03,  6.79429E-03,  7.29079E-03,  7.87169E-03,  8.54983E-03,  9.33881E-03,  1.02525E-02,  1.13041E-02,  1.25054E-02,  1.38645E-02,  1.53843E-02,  1.70598E-02,  1.88751E-02,  2.08009E-02,  2.27923E-02,  2.47870E-02,  2.67075E-02,  2.84637E-02,  2.99605E-02,  3.11069E-02,  3.18272E-02,  3.20715E-02,  3.18227E-02,  3.10995E-02,  2.99533E-02,  2.84605E-02,  2.67122E-02,  2.48034E-02,  2.28232E-02,  2.08483E-02,  1.89396E-02,  1.71413E-02,  1.54820E-02,  1.39767E-02,  1.26302E-02,  1.14396E-02,  1.03963E-02,  9.48909E-03,  8.70463E-03,  8.02931E-03,  7.44973E-03,  6.95328E-03,  6.52840E-03,  6.16472E-03,  5.85307E-03,  5.58546E-03,  5.35500E-03,  5.15577E-03,  4.98274E-03,  4.83165E-03,  4.69892E-03,  4.58152E-03,  4.47694E-03,  4.38306E-03,
  4.14220E-03,  4.21997E-03,  4.30753E-03,  4.40704E-03,  4.52118E-03,  4.65316E-03,  4.80688E-03,  4.98705E-03,  5.19933E-03,  5.45048E-03,  5.74855E-03,  6.10303E-03,  6.52506E-03,  7.02752E-03,  7.62516E-03,  8.33455E-03,  9.17389E-03,  1.01626E-02,  1.13204E-02,  1.26662E-02,  1.42159E-02,  1.59800E-02,  1.79597E-02,  2.01433E-02,  2.25010E-02,  2.49808E-02,  2.75058E-02,  2.99739E-02,  3.22617E-02,  3.42338E-02,  3.57575E-02,  3.67198E-02,  3.70451E-02,  3.67077E-02,  3.57360E-02,  3.42078E-02,  3.22373E-02,  2.99575E-02,  2.75029E-02,  2.49956E-02,  2.25362E-02,  2.02001E-02,  1.80377E-02,  1.60778E-02,  1.43314E-02,  1.27969E-02,  1.14635E-02,  1.03155E-02,  9.33401E-03,  8.49961E-03,  7.79314E-03,  7.19670E-03,  6.69398E-03,  6.27051E-03,  5.91362E-03,  5.61240E-03,  5.35752E-03,  5.14110E-03,  4.95649E-03,  4.79813E-03,  4.66142E-03,  4.54251E-03,  4.43823E-03,  4.34596E-03,  4.26356E-03,
  4.00855E-03,  4.07272E-03,  4.14550E-03,  4.22905E-03,  4.32607E-03,  4.43988E-03,  4.57456E-03,  4.73514E-03,  4.92773E-03,  5.15981E-03,  5.44041E-03,  5.78044E-03,  6.19292E-03,  6.69331E-03,  7.29973E-03,  8.03316E-03,  8.91739E-03,  9.97879E-03,  1.12456E-02,  1.27467E-02,  1.45091E-02,  1.65552E-02,  1.88974E-02,  2.15328E-02,  2.44353E-02,  2.75483E-02,  3.07783E-02,  3.39916E-02,  3.70181E-02,  3.96627E-02,  4.17277E-02,  4.30405E-02,  4.34835E-02,  4.30164E-02,  4.16840E-02,  3.96074E-02,  3.69609E-02,  3.39426E-02,  3.07458E-02,  2.75387E-02,  2.44521E-02,  2.15774E-02,  1.89690E-02,  1.66515E-02,  1.46273E-02,  1.28832E-02,  1.13969E-02,  1.01414E-02,  9.08813E-03,  8.20928E-03,  7.47885E-03,  6.87341E-03,  6.37236E-03,  5.95791E-03,  5.61489E-03,  5.33049E-03,  5.09405E-03,  4.89667E-03,  4.73105E-03,  4.59115E-03,  4.47206E-03,  4.36975E-03,  4.28097E-03,  4.20305E-03,  4.13386E-03,
  3.86551E-03,  3.91437E-03,  3.97031E-03,  4.03545E-03,  4.11244E-03,  4.20464E-03,  4.31621E-03,  4.45240E-03,  4.61971E-03,  4.82622E-03,  5.08190E-03,  5.39901E-03,  5.79254E-03,  6.28066E-03,  6.88522E-03,  7.63220E-03,  8.55201E-03,  9.67960E-03,  1.10541E-02,  1.27175E-02,  1.47129E-02,  1.70802E-02,  1.98504E-02,  2.30375E-02,  2.66271E-02,  3.05635E-02,  3.47375E-02,  3.89767E-02,  4.30457E-02,  4.66603E-02,  4.95193E-02,  5.13522E-02,  5.19705E-02,  5.13090E-02,  4.94404E-02,  4.65589E-02,  4.29380E-02,  3.88781E-02,  3.46609E-02,  3.05178E-02,  2.66169E-02,  2.30640E-02,  1.99119E-02,  1.71732E-02,  1.48331E-02,  1.28600E-02,  1.12140E-02,  9.85270E-03,  8.73429E-03,  7.82029E-03,  7.07629E-03,  6.47241E-03,  5.98312E-03,  5.58698E-03,  5.26615E-03,  5.00595E-03,  4.79435E-03,  4.62155E-03,  4.47964E-03,  4.36222E-03,  4.26417E-03,  4.18135E-03,  4.11049E-03,  4.04896E-03,  3.99469E-03,
  3.71412E-03,  3.74599E-03,  3.78309E-03,  3.82739E-03,  3.88143E-03,  3.94848E-03,  4.03272E-03,  4.13946E-03,  4.27547E-03,  4.44928E-03,  4.67166E-03,  4.95612E-03,  5.31954E-03,  5.78284E-03,  6.37182E-03,  7.11797E-03,  8.05927E-03,  9.24088E-03,  1.07153E-02,  1.25420E-02,  1.47855E-02,  1.75114E-02,  2.07800E-02,  2.46348E-02,  2.90869E-02,  3.40947E-02,  3.95397E-02,  4.52059E-02,  5.07693E-02,  5.58111E-02,  5.98638E-02,  6.24900E-02,  6.33772E-02,  6.24158E-02,  5.97284E-02,  5.56373E-02,  5.05835E-02,  4.50326E-02,  3.93981E-02,  3.39969E-02,  2.90386E-02,  2.46360E-02,  2.08274E-02,  1.75993E-02,  1.49072E-02,  1.26909E-02,  1.08849E-02,  9.42560E-03,  8.25422E-03,  7.31906E-03,  6.57576E-03,  5.98699E-03,  5.52185E-03,  5.15504E-03,  4.86604E-03,  4.63830E-03,  4.45857E-03,  4.31630E-03,  4.20311E-03,  4.11236E-03,  4.03882E-03,  3.97839E-03,  3.92786E-03,  3.88472E-03,  3.84703E-03,
  3.55567E-03,  3.56899E-03,  3.58534E-03,  3.60647E-03,  3.63471E-03,  3.67313E-03,  3.72577E-03,  3.79788E-03,  3.89627E-03,  4.02976E-03,  4.20968E-03,  4.45059E-03,  4.77102E-03,  5.19455E-03,  5.75093E-03,  6.47743E-03,  7.42038E-03,  8.63659E-03,  1.01947E-02,  1.21758E-02,  1.46729E-02,  1.77878E-02,  2.16242E-02,  2.62747E-02,  3.17998E-02,  3.81962E-02,  4.53566E-02,  5.30247E-02,  6.07622E-02,  6.79489E-02,  7.38438E-02,  7.77177E-02,  7.90312E-02,  7.75923E-02,  7.36166E-02,  6.76595E-02,  6.04551E-02,  5.27389E-02,  4.51201E-02,  3.80249E-02,  3.16991E-02,  2.62423E-02,  2.16531E-02,  1.78688E-02,  1.47962E-02,  1.23320E-02,  1.03753E-02,  8.83435E-03,  7.62932E-03,  6.69270E-03,  5.96869E-03,  5.41186E-03,  4.98564E-03,  4.66087E-03,  4.41445E-03,  4.22822E-03,  4.08790E-03,  3.98240E-03,  3.90306E-03,  3.84319E-03,  3.79764E-03,  3.76244E-03,  3.73455E-03,  3.71170E-03,  3.69213E-03,
  3.39170E-03,  3.38511E-03,  3.37899E-03,  3.37480E-03,  3.37455E-03,  3.38101E-03,  3.39789E-03,  3.43020E-03,  3.48459E-03,  3.56987E-03,  3.69764E-03,  3.88313E-03,  4.14622E-03,  4.51273E-03,  5.01613E-03,  5.69943E-03,  6.61759E-03,  7.84021E-03,  9.45436E-03,  1.15672E-02,  1.43078E-02,  1.78263E-02,  2.22891E-02,  2.78657E-02,  3.47031E-02,  4.28820E-02,  5.23510E-02,  6.28420E-02,  7.37848E-02,  8.42650E-02,  9.30869E-02,  9.89926E-02,  1.01009E-01,  9.87803E-02,  9.27067E-02,  8.37887E-02,  7.32883E-02,  6.23872E-02,  5.19778E-02,  4.26090E-02,  3.45328E-02,  2.77902E-02,  2.22953E-02,  1.78994E-02,  1.44334E-02,  1.17322E-02,  9.64771E-03,  8.05278E-03,  6.84208E-03,  5.93015E-03,  5.24873E-03,  4.74395E-03,  4.37366E-03,  4.10511E-03,  3.91299E-03,  3.77783E-03,  3.68473E-03,  3.62231E-03,  3.58193E-03,  3.55707E-03,  3.54282E-03,  3.53551E-03,  3.53242E-03,  3.53156E-03,  3.53150E-03,
  3.22404E-03,  3.19639E-03,  3.16634E-03,  3.13496E-03,  3.10384E-03,  3.07529E-03,  3.05255E-03,  3.04015E-03,  3.04432E-03,  3.07354E-03,  3.13926E-03,  3.25692E-03,  3.44716E-03,  3.73751E-03,  4.16446E-03,  4.77624E-03,  5.63619E-03,  6.82698E-03,  8.45562E-03,  1.06590E-02,  1.36096E-02,  1.75193E-02,  2.26403E-02,  2.92557E-02,  3.76547E-02,  4.80785E-02,  6.06233E-02,  7.50922E-02,  9.08079E-02,  1.06452E-01,  1.20073E-01,  1.29422E-01,  1.32648E-01,  1.29057E-01,  1.19431E-01,  1.05668E-01,  9.00141E-02,  7.43854E-02,  6.00566E-02,  4.76688E-02,  3.73956E-02,  2.91282E-02,  2.26211E-02,  1.75852E-02,  1.37395E-02,  1.08355E-02,  8.66430E-03,  7.05658E-03,  5.87804E-03,  5.02381E-03,  4.41290E-03,  3.98331E-03,  3.68785E-03,  3.49079E-03,  3.36522E-03,  3.29093E-03,  3.25281E-03,  3.23963E-03,  3.24309E-03,  3.25708E-03,  3.27716E-03,  3.30012E-03,  3.32370E-03,  3.34632E-03,  3.36691E-03,
  3.05475E-03,  3.00519E-03,  2.95009E-03,  2.89003E-03,  2.82607E-03,  2.75992E-03,  2.69417E-03,  2.63266E-03,  2.58086E-03,  2.54655E-03,  2.54058E-03,  2.57797E-03,  2.67941E-03,  2.87318E-03,  3.19781E-03,  3.70558E-03,  4.46709E-03,  5.57728E-03,  7.16310E-03,  9.39306E-03,  1.24885E-02,  1.67356E-02,  2.24966E-02,  3.02127E-02,  4.03908E-02,  5.35509E-02,  7.01045E-02,  9.01227E-02,  1.12969E-01,  1.36860E-01,  1.58615E-01,  1.74072E-01,  1.79497E-01,  1.73427E-01,  1.57509E-01,  1.35560E-01,  1.11707E-01,  8.90446E-02,  6.92708E-02,  5.29645E-02,  4.00243E-02,  3.00271E-02,  2.24522E-02,  1.67973E-02,  1.26268E-02,  9.58486E-03,  7.39040E-03,  5.82654E-03,  4.72828E-03,  3.97138E-03,  3.46300E-03,  3.13410E-03,  2.93358E-03,  2.82378E-03,  2.77705E-03,  2.77315E-03,  2.79740E-03,  2.83917E-03,  2.89085E-03,  2.94707E-03,  3.00406E-03,  3.05928E-03,  3.11103E-03,  3.15826E-03,  3.20037E-03,
  2.88608E-03,  2.81414E-03,  2.73327E-03,  2.64351E-03,  2.54529E-03,  2.43958E-03,  2.32815E-03,  2.21387E-03,  2.10118E-03,  1.99674E-03,  1.91023E-03,  1.85559E-03,  1.85260E-03,  1.92916E-03,  2.12436E-03,  2.49271E-03,  3.10994E-03,  4.08094E-03,  5.55048E-03,  7.71752E-03,  1.08539E-02,  1.53281E-02,  2.16327E-02,  3.04123E-02,  4.24806E-02,  5.88003E-02,  8.03711E-02,  1.07931E-01,  1.41333E-01,  1.78537E-01,  2.14534E-01,  2.41406E-01,  2.51091E-01,  2.40218E-01,  2.12578E-01,  1.76358E-01,  1.39339E-01,  1.06320E-01,  7.91846E-02,  5.79987E-02,  4.19941E-02,  3.01685E-02,  2.15684E-02,  1.53922E-02,  1.10069E-02,  7.92990E-03,  5.80049E-03,  4.35283E-03,  3.39248E-03,  2.77803E-03,  2.40703E-03,  2.20552E-03,  2.12028E-03,  2.11314E-03,  2.15687E-03,  2.23212E-03,  2.32530E-03,  2.42691E-03,  2.53047E-03,  2.63160E-03,  2.72749E-03,  2.81640E-03,  2.89737E-03,  2.96995E-03,  3.03409E-03,
  2.72048E-03,  2.62608E-03,  2.51921E-03,  2.39931E-03,  2.26608E-03,  2.11963E-03,  1.96073E-03,  1.79108E-03,  1.61378E-03,  1.43393E-03,  1.25950E-03,  1.10254E-03,  9.80937E-04,  9.20794E-04,  9.59895E-04,  1.15254E-03,  1.57643E-03,  2.34237E-03,  3.60809E-03,  5.59770E-03,  8.62898E-03,  1.31512E-02,  1.97963E-02,  2.94444E-02,  4.32994E-02,  6.29529E-02,  9.03716E-02,  1.27648E-01,  1.76178E-01,  2.34739E-01,  2.96313E-01,  3.45750E-01,  3.64341E-01,  3.43436E-01,  2.92734E-01,  2.31060E-01,  1.73070E-01,  1.25310E-01,  8.87512E-02,  6.19124E-02,  4.26948E-02,  2.91536E-02,  1.97248E-02,  1.32290E-02,  8.80560E-03,  5.83728E-03,  3.88542E-03,  2.63993E-03,  1.88220E-03,  1.45838E-03,  1.26042E-03,  1.21254E-03,  1.26180E-03,  1.37134E-03,  1.51570E-03,  1.67745E-03,  1.84481E-03,  2.01001E-03,  2.16806E-03,  2.31592E-03,  2.45193E-03,  2.57532E-03,  2.68597E-03,  2.78417E-03,  2.87046E-03,
  2.56047E-03,  2.44399E-03,  2.31145E-03,  2.16162E-03,  1.99340E-03,  1.80597E-03,  1.59893E-03,  1.37263E-03,  1.12854E-03,  8.69824E-04,  6.02186E-04,  3.35048E-04,  8.32851E-05, -1.30285E-04, -2.71299E-04, -2.88614E-04, -1.06681E-04,  3.85601E-04,  1.35127E-03,  3.02944E-03,  5.77104E-03,  1.00917E-02,  1.67499E-02,  2.68608E-02,  4.20583E-02,  6.47075E-02,  9.81367E-02,  1.46728E-01,  2.15342E-01,  3.06697E-01,  4.14200E-01,  5.10528E-01,  5.49393E-01,  5.05712E-01,  4.07470E-01,  3.00536E-01,  2.10653E-01,  1.43491E-01,  9.60449E-02,  6.34415E-02,  4.13627E-02,  2.65495E-02,  1.66926E-02,  1.01992E-02,  5.98249E-03,  3.30369E-03,  1.66064E-03,  7.11592E-04,  2.23709E-04,  3.82299E-05,  4.69688E-05,  1.76363E-04,  3.76612E-04,  6.14256E-04,  8.67076E-04,  1.12059E-03,  1.36562E-03,  1.59661E-03,  1.81048E-03,  2.00580E-03,  2.18223E-03,  2.34013E-03,  2.48032E-03,  2.60387E-03,  2.71195E-03,
  2.40864E-03,  2.27096E-03,  2.11365E-03,  1.93481E-03,  1.73250E-03,  1.50486E-03,  1.25029E-03,  9.67614E-04,  6.56447E-04,  3.17708E-04, -4.56498E-05, -4.27530E-04, -8.17069E-04, -1.19622E-03, -1.53622E-03, -1.79224E-03, -1.89554E-03, -1.74154E-03, -1.17188E-03,  5.29954E-05,  2.29605E-03,  6.10924E-03,  1.23365E-02,  2.22768E-02,  3.79427E-02,  6.24677E-02,  1.00723E-01,  1.60148E-01,  2.51439E-01,  3.87188E-01,  5.71457E-01,  7.65521E-01,  8.53656E-01,  7.54922E-01,  5.58876E-01,  3.77355E-01,  2.44826E-01,  1.55991E-01,  9.82275E-02,  6.10521E-02,  3.72176E-02,  2.19893E-02,  1.23238E-02,  6.26619E-03,  2.55470E-03,  3.69310E-04, -8.26389E-04, -1.38519E-03, -1.53998E-03, -1.44470E-03, -1.20102E-03, -8.75766E-04, -5.12494E-04, -1.39166E-04,  2.26695E-04,  5.74545E-04,  8.98476E-04,  1.19563E-03,  1.46515E-03,  1.70739E-03,  1.92352E-03,  2.11512E-03,  2.28400E-03,  2.43204E-03,  2.56112E-03,
  2.26755E-03,  2.11002E-03,  1.92946E-03,  1.72327E-03,  1.48867E-03,  1.22277E-03,  9.22670E-04,  5.85608E-04,  2.09225E-04, -2.08036E-04, -6.66309E-04, -1.16337E-03, -1.69318E-03, -2.24376E-03, -2.79388E-03, -3.30806E-03, -3.72897E-03, -3.96571E-03, -3.87568E-03, -3.23619E-03, -1.69941E-03,  1.27993E-03,  6.56297E-03,  1.55239E-02,  3.03845E-02,  5.47930E-02,  9.48326E-02,  1.60765E-01,  2.69835E-01,  4.49429E-01,  7.32010E-01,  1.09542E+00,  1.29189E+00,  1.07320E+00,  7.10926E-01,  4.35591E-01,  2.61574E-01,  1.55997E-01,  9.21624E-02,  5.33786E-02,  2.97248E-02,  1.53185E-02,  6.62982E-03,  1.50683E-03, -1.38209E-03, -2.87192E-03, -3.49158E-03, -3.57856E-03, -3.34897E-03, -2.94119E-03, -2.44343E-03, -1.91128E-03, -1.37913E-03, -8.67542E-04, -3.88094E-04,  5.34186E-05,  4.54882E-04,  8.16474E-04,  1.13975E-03,  1.42703E-03,  1.68104E-03,  1.90462E-03,  2.10061E-03,  2.27170E-03,  2.42047E-03,
  2.13961E-03,  1.96410E-03,  1.76241E-03,  1.53128E-03,  1.26712E-03,  9.66042E-04,  6.23865E-04,  2.36241E-04, -2.01200E-04, -6.92564E-04, -1.24124E-03, -1.84917E-03, -2.51569E-03, -3.23576E-03, -3.99716E-03, -4.77614E-03, -5.53070E-03, -6.18996E-03, -6.63744E-03, -6.68438E-03, -6.02663E-03, -4.17373E-03, -3.30376E-04,  6.80669E-03,  1.94050E-02,  4.11382E-02,  7.83711E-02,  1.42380E-01,  2.53462E-01,  4.47648E-01,  7.80001E-01,  1.26321E+00,  1.55808E+00,  1.23148E+00,  7.53988E-01,  4.32217E-01,  2.44876E-01,  1.37702E-01,  7.59007E-02,  3.99280E-02,  1.89218E-02,  6.74442E-03, -1.51187E-04, -3.86003E-03, -5.64284E-03, -6.26947E-03, -6.21487E-03, -5.77366E-03, -5.12864E-03, -4.39260E-03, -3.63413E-03, -2.89381E-03, -2.19454E-03, -1.54804E-03, -9.59091E-04, -4.28220E-04,  4.65505E-05,  4.68594E-04,  8.41969E-04,  1.17098E-03,  1.45991E-03,  1.71284E-03,  1.93361E-03,  2.12573E-03,  2.29240E-03,
  2.02708E-03,  1.83591E-03,  1.61578E-03,  1.36284E-03,  1.07275E-03,  7.40693E-04,  3.61311E-04, -7.12459E-05, -5.63267E-04, -1.12133E-03, -1.75203E-03, -2.46149E-03, -3.25456E-03, -4.13349E-03, -5.09577E-03, -6.13079E-03, -7.21434E-03, -8.29994E-03, -9.30493E-03, -1.00879E-02, -1.04118E-02, -9.88309E-03, -7.84813E-03, -3.21620E-03,  5.85311E-03,  2.25120E-02,  5.22529E-02,  1.04787E-01,  1.97292E-01,  3.58665E-01,  6.26422E-01,  9.86783E-01,  1.18735E+00,  9.64373E-01,  6.06074E-01,  3.46032E-01,  1.90231E-01,  1.01030E-01,  5.03750E-02,  2.16982E-02,  5.64182E-03, -3.08890E-03, -7.53528E-03, -9.47443E-03, -9.96026E-03, -9.62444E-03, -8.84758E-03, -7.85873E-03, -6.79450E-03, -5.73464E-03, -4.72388E-03, -3.78540E-03, -2.92926E-03, -2.15765E-03, -1.46821E-03, -8.56073E-04, -3.15145E-04,  1.61093E-04,  5.79130E-04,  9.45160E-04,  1.26494E-03,  1.54373E-03,  1.78626E-03,  1.99680E-03,  2.17913E-03,
  1.93192E-03,  1.72782E-03,  1.49245E-03,  1.22147E-03,  9.09895E-04,  5.52099E-04,  1.41701E-04, -3.28469E-04, -8.66408E-04, -1.48092E-03, -2.18153E-03, -2.97825E-03, -3.88110E-03, -4.89935E-03, -6.04007E-03, -7.30580E-03, -8.69073E-03, -1.01743E-02, -1.17111E-02, -1.32138E-02, -1.45256E-02, -1.53743E-02, -1.52955E-02, -1.35017E-02, -8.65843E-03,  1.50355E-03,  2.08488E-02,  5.58993E-02,  1.17190E-01,  2.19351E-01,  3.72545E-01,  5.47026E-01,  6.29875E-01,  5.37276E-01,  3.61793E-01,  2.11791E-01,  1.12752E-01,  5.35724E-02,  1.97991E-02,  1.19325E-03, -8.55210E-03, -1.31688E-02, -1.48470E-02, -1.48752E-02, -1.40134E-02, -1.27097E-02, -1.12266E-02, -9.71525E-03, -8.25937E-03, -6.90250E-03, -5.66402E-03, -4.54917E-03, -3.55510E-03, -2.67465E-03, -1.89858E-03, -1.21692E-03, -6.19782E-04, -9.77526E-05,  3.57847E-04,  7.54893E-04,  1.10044E-03,  1.40078E-03,  1.66143E-03,  1.88728E-03,  2.08261E-03,
  1.85574E-03,  1.64179E-03,  1.39483E-03,  1.11011E-03,  7.82173E-04,  4.04750E-04, -2.93527E-05, -5.28364E-04, -1.10166E-03, -1.75988E-03, -2.51498E-03, -3.38023E-03, -4.37011E-03, -5.49997E-03, -6.78535E-03, -8.24066E-03, -9.87695E-03, -1.16980E-02, -1.36939E-02, -1.58302E-02, -1.80300E-02, -2.01448E-02, -2.19059E-02, -2.28445E-02, -2.21613E-02, -1.85185E-02, -9.72887E-03,  7.62551E-03,  3.83425E-02,  8.73357E-02,  1.54023E-01,  2.20517E-01,  2.48949E-01,  2.17162E-01,  1.49795E-01,  8.40574E-02,  3.63832E-02,  6.71039E-03, -9.95952E-03, -1.83411E-02, -2.17579E-02, -2.23276E-02, -2.13426E-02, -1.95739E-02, -1.74733E-02, -1.52992E-02, -1.31939E-02, -1.12307E-02, -9.44208E-03, -7.83686E-03, -6.41069E-03, -5.15231E-03, -4.04728E-03, -3.08012E-03, -2.23562E-03, -1.49945E-03, -8.58492E-04, -3.00941E-04,  1.83687E-04,  6.04638E-04,  9.70019E-04,  1.28691E-03,  1.56148E-03,  1.79911E-03,  2.00446E-03,
  1.79976E-03,  1.57928E-03,  1.32468E-03,  1.03095E-03,  6.92293E-04,  3.02018E-04, -1.47622E-04, -6.65585E-04, -1.26222E-03, -1.94946E-03, -2.74101E-03, -3.65256E-03, -4.70190E-03, -5.90903E-03, -7.29600E-03, -8.88659E-03, -1.07053E-02, -1.27758E-02, -1.51174E-02, -1.77397E-02, -2.06334E-02, -2.37545E-02, -2.69998E-02, -3.01668E-02, -3.28933E-02, -3.45703E-02, -3.42351E-02, -3.04963E-02, -2.16692E-02, -6.55475E-03,  1.35689E-02,  3.24380E-02,  4.01421E-02,  3.16291E-02,  1.25249E-02, -7.30965E-03, -2.19616E-02, -3.03861E-02, -3.38498E-02, -3.40253E-02, -3.22713E-02, -2.95210E-02, -2.63621E-02, -2.31425E-02, -2.00559E-02, -1.72003E-02, -1.46163E-02, -1.23118E-02, -1.02762E-02, -8.48976E-03, -6.92880E-03, -5.56886E-03, -4.38632E-03, -3.35932E-03, -2.46807E-03, -1.69495E-03, -1.02449E-03, -4.43139E-04,  6.08792E-05,  4.97774E-04,  8.76380E-04,  1.20433E-03,  1.48823E-03,  1.73378E-03,  1.94590E-03,
  1.76472E-03,  1.54122E-03,  1.28314E-03,  9.85352E-04,  6.41934E-04,  2.45991E-04, -2.10487E-04, -7.36818E-04, -1.34384E-03, -2.04418E-03, -2.85250E-03, -3.78584E-03, -4.86395E-03, -6.10960E-03, -7.54891E-03, -9.21162E-03, -1.11311E-02, -1.33441E-02, -1.58898E-02, -1.88083E-02, -2.21367E-02, -2.59034E-02, -3.01181E-02, -3.47561E-02, -3.97348E-02, -4.48827E-02, -4.99028E-02, -5.43518E-02, -5.76784E-02, -5.94031E-02, -5.94860E-02, -5.86642E-02, -5.81608E-02, -5.85886E-02, -5.92800E-02, -5.90248E-02, -5.71372E-02, -5.36935E-02, -4.91807E-02, -4.41411E-02, -3.90047E-02, -3.40562E-02, -2.94585E-02, -2.52883E-02, -2.15665E-02, -1.82816E-02, -1.54040E-02, -1.28960E-02, -1.07176E-02, -8.82957E-03, -7.19540E-03, -5.78194E-03, -4.55971E-03, -3.50283E-03, -2.58874E-03, -1.79791E-03, -1.11349E-03, -5.20985E-04, -7.91410E-06,  4.36429E-04,  8.21244E-04,  1.15444E-03,  1.44281E-03,  1.69222E-03,  1.90770E-03,
  1.75091E-03,  1.52792E-03,  1.27057E-03,  9.73780E-04,  6.31661E-04,  2.37364E-04, -2.17082E-04, -7.40966E-04, -1.34513E-03, -2.04222E-03, -2.84703E-03, -3.77684E-03, -4.85185E-03, -6.09562E-03, -7.53563E-03, -9.20379E-03, -1.11371E-02, -1.33779E-02, -1.59749E-02, -1.89825E-02, -2.24610E-02, -2.64749E-02, -3.10906E-02, -3.63699E-02, -4.23612E-02, -4.90814E-02, -5.64890E-02, -6.44389E-02, -7.26193E-02, -8.04791E-02, -8.71924E-02, -9.17543E-02, -9.32884E-02, -9.14573E-02, -8.66526E-02, -7.97770E-02, -7.18321E-02, -6.36249E-02, -5.56861E-02, -4.83116E-02, -4.16358E-02, -3.56935E-02, -3.04636E-02, -2.58958E-02, -2.19267E-02, -1.84898E-02, -1.55203E-02, -1.29581E-02, -1.07487E-02, -8.84401E-03, -7.20177E-03, -5.78526E-03, -4.56283E-03, -3.50722E-03, -2.59506E-03, -1.80636E-03, -1.12397E-03, -5.33277E-04, -2.17360E-05,  4.21374E-04,  8.05240E-04,  1.13775E-03,  1.42566E-03,  1.67480E-03,  1.89019E-03,
  1.75811E-03,  1.53911E-03,  1.28663E-03,  9.95788E-04,  6.60907E-04,  2.75416E-04, -1.68324E-04, -6.79199E-04, -1.26756E-03, -1.94548E-03, -2.72704E-03, -3.62869E-03, -4.66963E-03, -5.87230E-03, -7.26289E-03, -8.87192E-03, -1.07349E-02, -1.28931E-02, -1.53941E-02, -1.82926E-02, -2.16506E-02, -2.55378E-02, -3.00297E-02, -3.52050E-02, -4.11372E-02, -4.78786E-02, -5.54287E-02, -6.36781E-02, -7.23234E-02, -8.07677E-02, -8.80731E-02, -9.30833E-02, -9.47926E-02, -9.28126E-02, -8.75839E-02, -8.01375E-02, -7.16249E-02, -6.29638E-02, -5.47302E-02, -4.72121E-02, -4.05094E-02, -3.46179E-02, -2.94826E-02, -2.50288E-02, -2.11775E-02, -1.78527E-02, -1.49850E-02, -1.25124E-02, -1.03802E-02, -8.54108E-03, -6.95397E-03, -5.58349E-03, -4.39927E-03, -3.37527E-03, -2.48919E-03, -1.72196E-03, -1.05723E-03, -4.81026E-04,  1.86274E-05,  4.51998E-04,  8.27896E-04,  1.15389E-03,  1.43649E-03,  1.68132E-03,  1.89319E-03,
  1.78564E-03,  1.57395E-03,  1.33027E-03,  1.05006E-03,  7.28015E-04,  3.58062E-04, -6.68467E-05, -5.54858E-04, -1.11541E-03, -1.75942E-03, -2.49957E-03, -3.35051E-03, -4.32924E-03, -5.45539E-03, -6.75165E-03, -8.24413E-03, -9.96283E-03, -1.19420E-02, -1.42205E-02, -1.68421E-02, -1.98552E-02, -2.33124E-02, -2.72683E-02, -3.17761E-02, -3.68794E-02, -4.25969E-02, -4.88961E-02, -5.56499E-02, -6.25788E-02, -6.91946E-02, -7.47954E-02, -7.85745E-02, -7.98640E-02, -7.84101E-02, -7.44933E-02, -6.87956E-02, -6.21230E-02, -5.51682E-02, -4.84084E-02, -4.21153E-02, -3.64106E-02, -3.13240E-02, -2.68349E-02, -2.28989E-02, -1.94622E-02, -1.64695E-02, -1.38680E-02, -1.16089E-02, -9.64841E-03, -7.94752E-03, -6.47191E-03, -5.19156E-03, -4.08035E-03, -3.11563E-03, -2.27778E-03, -1.54987E-03, -9.17268E-04, -3.67369E-04,  1.10711E-04,  5.26356E-04,  8.87668E-04,  1.20164E-03,  1.47433E-03,  1.71097E-03,  1.91609E-03,
  1.83238E-03,  1.63104E-03,  1.39977E-03,  1.13445E-03,  8.30331E-04,  4.81978E-04,  8.31682E-05, -3.73232E-04, -8.95390E-04, -1.49265E-03, -2.17569E-03, -2.95667E-03, -3.84940E-03, -4.86951E-03, -6.03457E-03, -7.36416E-03, -8.87995E-03, -1.06055E-02, -1.25660E-02, -1.47877E-02, -1.72967E-02, -2.01175E-02, -2.32699E-02, -2.67654E-02, -3.06005E-02, -3.47470E-02, -3.91384E-02, -4.36508E-02, -4.80827E-02, -5.21420E-02, -5.54595E-02, -5.76469E-02, -5.83993E-02, -5.76004E-02, -5.53682E-02, -5.20087E-02, -4.79105E-02, -4.34434E-02, -3.89005E-02, -3.44840E-02, -3.03185E-02, -2.64706E-02, -2.29679E-02, -1.98134E-02, -1.69947E-02, -1.44909E-02, -1.22768E-02, -1.03255E-02, -8.61028E-03, -7.10540E-03, -5.78698E-03, -4.63312E-03, -3.62404E-03, -2.74204E-03, -1.97142E-03, -1.29831E-03, -7.10514E-04, -1.97349E-04,  2.50530E-04,  6.41284E-04,  9.82034E-04,  1.27899E-03,  1.53755E-03,  1.76245E-03,  1.95780E-03,
  1.89679E-03,  1.70852E-03,  1.49284E-03,  1.24615E-03,  9.64345E-04,  6.42790E-04,  2.76242E-04, -1.41217E-04, -6.16238E-04, -1.15628E-03, -1.76964E-03, -2.46550E-03, -3.25393E-03, -4.14580E-03, -5.15267E-03, -6.28650E-03, -7.55925E-03, -8.98219E-03, -1.05649E-02, -1.23140E-02, -1.42313E-02, -1.63111E-02, -1.85380E-02, -2.08834E-02, -2.33029E-02, -2.57348E-02, -2.81007E-02, -3.03100E-02, -3.22688E-02, -3.38902E-02, -3.51049E-02, -3.58650E-02, -3.61413E-02, -3.59188E-02, -3.51960E-02, -3.39923E-02, -3.23547E-02, -3.03591E-02, -2.81017E-02, -2.56851E-02, -2.32062E-02, -2.07466E-02, -1.83694E-02, -1.61190E-02, -1.40230E-02, -1.20958E-02, -1.03416E-02, -8.75762E-03, -7.33634E-03, -6.06737E-03, -4.93881E-03, -3.93823E-03, -3.05331E-03, -2.27220E-03, -1.58383E-03, -9.77983E-04, -4.45366E-04,  2.23995E-05,  4.32821E-04,  7.92585E-04,  1.10763E-03,  1.38321E-03,  1.62397E-03,  1.83399E-03,  2.01690E-03,
  1.97705E-03,  1.80415E-03,  1.60672E-03,  1.38176E-03,  1.12587E-03,  8.35306E-04,  5.05906E-04,  1.33092E-04, -2.88137E-04, -7.63179E-04, -1.29779E-03, -1.89796E-03, -2.56979E-03, -3.31918E-03, -4.15147E-03, -5.07087E-03, -6.07961E-03, -7.17691E-03, -8.35750E-03, -9.60983E-03, -1.09139E-02, -1.22390E-02, -1.35416E-02, -1.47647E-02, -1.58396E-02, -1.66922E-02, -1.72555E-02, -1.74902E-02, -1.74082E-02, -1.70909E-02, -1.66863E-02, -1.63727E-02, -1.62944E-02, -1.64979E-02, -1.69096E-02, -1.73682E-02, -1.76927E-02, -1.77437E-02, -1.74537E-02, -1.68243E-02, -1.59054E-02, -1.47700E-02, -1.34956E-02, -1.21517E-02, -1.07948E-02, -9.46722E-03, -8.19835E-03, -7.00685E-03, -5.90309E-03, -4.89132E-03, -3.97151E-03, -3.14074E-03, -2.39428E-03, -1.72640E-03, -1.13087E-03, -6.01351E-04, -1.31672E-04,  2.84057E-04,  6.51340E-04,  9.75250E-04,  1.26042E-03,  1.51105E-03,  1.73092E-03,  1.92342E-03,  2.09160E-03,
  2.07105E-03,  1.91536E-03,  1.73830E-03,  1.53747E-03,  1.31024E-03,  1.05378E-03,  7.65046E-04,  4.40849E-04,  7.78742E-05, -3.27206E-04, -7.77592E-04, -1.27615E-03, -1.82511E-03, -2.42562E-03, -3.07722E-03, -3.77696E-03, -4.51847E-03, -5.29054E-03, -6.07557E-03, -6.84766E-03, -7.57070E-03, -8.19678E-03, -8.66560E-03, -8.90638E-03, -8.84371E-03, -8.40985E-03, -7.56477E-03, -6.32318E-03, -4.78231E-03, -3.13681E-03, -1.66270E-03, -6.58382E-04, -3.53519E-04, -8.24636E-04, -1.96416E-03, -3.52213E-03, -5.19532E-03, -6.71596E-03, -7.90430E-03, -8.67867E-03, -9.03693E-03, -9.02752E-03, -8.72288E-03, -8.20028E-03, -7.53069E-03, -6.77355E-03, -5.97557E-03, -5.17149E-03, -4.38593E-03, -3.63538E-03, -2.93007E-03, -2.27562E-03, -1.67430E-03, -1.12611E-03, -6.29473E-04, -1.81853E-04,  2.19857E-04,  5.79049E-04,  8.99193E-04,  1.18371E-03,  1.43589E-03,  1.65883E-03,  1.85541E-03,  2.02828E-03,  2.17988E-03,
  2.17651E-03,  2.03942E-03,  1.88426E-03,  1.70924E-03,  1.51252E-03,  1.29216E-03,  1.04625E-03,  7.72916E-04,  4.70489E-04,  1.37606E-04, -2.26546E-04, -6.21947E-04, -1.04734E-03, -1.49971E-03, -1.97358E-03, -2.46010E-03, -2.94600E-03, -3.41214E-03, -3.83211E-03, -4.17053E-03, -4.38183E-03, -4.40963E-03, -4.18791E-03, -3.64519E-03, -2.71347E-03, -1.34369E-03,  4.71826E-04,  2.67205E-03,  5.10305E-03,  7.51053E-03,  9.56542E-03,  1.09302E-02,  1.13527E-02,  1.07487E-02,  9.23259E-03,  7.07728E-03,  4.62651E-03,  2.20302E-03,  4.75311E-05, -1.70119E-03, -2.99516E-03, -3.85138E-03, -4.32468E-03, -4.48590E-03, -4.40741E-03, -4.15491E-03, -3.78385E-03, -3.33864E-03, -2.85344E-03, -2.35356E-03, -1.85713E-03, -1.37661E-03, -9.20148E-04, -4.92654E-04, -9.66929E-05,  2.66843E-04,  5.98222E-04,  8.98486E-04,  1.16917E-03,  1.41210E-03,  1.62925E-03,  1.82262E-03,  1.99420E-03,  2.14590E-03,  2.27954E-03,
  2.29105E-03,  2.17347E-03,  2.04115E-03,  1.89294E-03,  1.72770E-03,  1.54438E-03,  1.34211E-03,  1.12028E-03,  8.78674E-04,  6.17724E-04,  3.38713E-04,  4.41489E-05, -2.61795E-04, -5.72703E-04, -8.79190E-04, -1.16802E-03, -1.42104E-03, -1.61401E-03, -1.71538E-03, -1.68522E-03, -1.47465E-03, -1.02650E-03, -2.77858E-04,  8.34049E-04,  2.36138E-03,  4.32960E-03,  6.71614E-03,  9.42715E-03,  1.22800E-02,  1.50035E-02,  1.72681E-02,  1.87490E-02,  1.92094E-02,  1.85707E-02,  1.69382E-02,  1.45678E-02,  1.17911E-02,  8.93370E-03,  6.25575E-03,  3.92660E-03,  2.02794E-03,  5.73000E-04, -4.69899E-04, -1.15645E-03, -1.55097E-03, -1.71663E-03, -1.71011E-03, -1.57939E-03, -1.36340E-03, -1.09268E-03, -7.90543E-04, -4.74325E-04, -1.56567E-04,  1.53926E-04,  4.51218E-04,  7.31524E-04,  9.92654E-04,  1.23357E-03,  1.45407E-03,  1.65451E-03,  1.83562E-03,  1.99840E-03,  2.14397E-03,  2.27352E-03,  2.38827E-03,
  2.41227E-03,  2.31465E-03,  2.20558E-03,  2.08448E-03,  1.95089E-03,  1.80457E-03,  1.64557E-03,  1.47439E-03,  1.29212E-03,  1.10069E-03,  9.03115E-04,  7.03905E-04,  5.09493E-04,  3.28804E-04,  1.73947E-04,  6.10004E-05,  1.09099E-05,  5.03982E-05,  2.12777E-04,  5.38415E-04,  1.07449E-03,  1.87342E-03,  2.98925E-03,  4.47089E-03,  6.35158E-03,  8.63396E-03,  1.12721E-02,  1.41538E-02,  1.70905E-02,  1.98229E-02,  2.20516E-02,  2.34915E-02,  2.39392E-02,  2.33277E-02,  2.17461E-02,  1.94143E-02,  1.66241E-02,  1.36731E-02,  1.08124E-02,  8.21981E-03,  5.99701E-03,  4.18134E-03,  2.76398E-03,  1.70786E-03,  9.61977E-04,  4.71550E-04,  1.84209E-04,  5.33071E-05,  3.92297E-05,  1.09492E-04,  2.38179E-04,  4.05087E-04,  5.94788E-04,  7.95739E-04,  9.99484E-04,  1.19999E-03,  1.39307E-03,  1.57596E-03,  1.74698E-03,  1.90518E-03,  2.05023E-03,  2.18219E-03,  2.30138E-03,  2.40835E-03,  2.50373E-03,
  2.53784E-03,  2.46019E-03,  2.37425E-03,  2.27996E-03,  2.17746E-03,  2.06722E-03,  1.95009E-03,  1.82750E-03,  1.70160E-03,  1.57553E-03,  1.45365E-03,  1.34193E-03,  1.24839E-03,  1.18358E-03,  1.16119E-03,  1.19870E-03,  1.31803E-03,  1.54615E-03,  1.91545E-03,  2.46367E-03,  3.23294E-03,  4.26760E-03,  5.61000E-03,  7.29377E-03,  9.33403E-03,  1.17149E-02,  1.43754E-02,  1.71979E-02,  2.00033E-02,  2.25604E-02,  2.46134E-02,  2.59264E-02,  2.63340E-02,  2.57824E-02,  2.43430E-02,  2.21946E-02,  1.95795E-02,  1.67530E-02,  1.39409E-02,  1.13140E-02,  8.98140E-03,  6.99661E-03,  5.36983E-03,  4.08205E-03,  3.09732E-03,  2.37213E-03,  1.86182E-03,  1.52443E-03,  1.32271E-03,  1.22488E-03,  1.20462E-03,  1.24063E-03,  1.31602E-03,  1.41762E-03,  1.53530E-03,  1.66145E-03,  1.79039E-03,  1.91804E-03,  2.04148E-03,  2.15875E-03,  2.26856E-03,  2.37018E-03,  2.46324E-03,  2.54769E-03,  2.62365E-03,
  2.66550E-03,  2.60746E-03,  2.54409E-03,  2.47578E-03,  2.40320E-03,  2.32738E-03,  2.24986E-03,  2.17280E-03,  2.09919E-03,  2.03303E-03,  1.97963E-03,  1.94595E-03,  1.94092E-03,  1.97592E-03,  2.06523E-03,  2.22649E-03,  2.48116E-03,  2.85478E-03,  3.37695E-03,  4.08080E-03,  5.00165E-03,  6.17437E-03,  7.62919E-03,  9.38546E-03,  1.14434E-02,  1.37740E-02,  1.63094E-02,  1.89357E-02,  2.14923E-02,  2.37823E-02,  2.55964E-02,  2.67463E-02,  2.71027E-02,  2.66235E-02,  2.53643E-02,  2.34651E-02,  2.11198E-02,  1.85384E-02,  1.59142E-02,  1.34017E-02,  1.11083E-02,  9.09585E-03,  7.38815E-03,  5.98141E-03,  4.85389E-03,  3.97397E-03,  3.30614E-03,  2.81500E-03,  2.46762E-03,  2.23479E-03,  2.09146E-03,  2.01667E-03,  1.99327E-03,  2.00740E-03,  2.04811E-03,  2.10680E-03,  2.17682E-03,  2.25312E-03,  2.33189E-03,  2.41034E-03,  2.48646E-03,  2.55883E-03,  2.62653E-03,  2.68896E-03,  2.74582E-03,
  2.79319E-03,  2.75406E-03,  2.71231E-03,  2.66870E-03,  2.62434E-03,  2.58073E-03,  2.53990E-03,  2.50460E-03,  2.47837E-03,  2.46581E-03,  2.47282E-03,  2.50684E-03,  2.57719E-03,  2.69538E-03,  2.87548E-03,  3.13436E-03,  3.49198E-03,  3.97132E-03,  4.59811E-03,  5.39995E-03,  6.40472E-03,  7.63793E-03,  9.11878E-03,  1.08548E-02,  1.28351E-02,  1.50233E-02,  1.73507E-02,  1.97128E-02,  2.19714E-02,  2.39644E-02,  2.55248E-02,  2.65064E-02,  2.68099E-02,  2.64036E-02,  2.53296E-02,  2.36953E-02,  2.16517E-02,  1.93669E-02,  1.70008E-02,  1.46877E-02,  1.25271E-02,  1.05827E-02,  8.88678E-03,  7.44697E-03,  6.25343E-03,  5.28550E-03,  4.51684E-03,  3.91925E-03,  3.46510E-03,  3.12889E-03,  2.88794E-03,  2.72267E-03,  2.61659E-03,  2.55599E-03,  2.52971E-03,  2.52874E-03,  2.54591E-03,  2.57555E-03,  2.61328E-03,  2.65570E-03,  2.70024E-03,  2.74497E-03,  2.78850E-03,  2.82981E-03,  2.86821E-03,
  2.91901E-03,  2.89782E-03,  2.87643E-03,  2.85592E-03,  2.83770E-03,  2.82363E-03,  2.81614E-03,  2.81832E-03,  2.83408E-03,  2.86837E-03,  2.92730E-03,  3.01844E-03,  3.15103E-03,  3.33618E-03,  3.58714E-03,  3.91941E-03,  4.35076E-03,  4.90101E-03,  5.59156E-03,  6.44431E-03,  7.48002E-03,  8.71581E-03,  1.01617E-02,  1.18163E-02,  1.36616E-02,  1.56581E-02,  1.77406E-02,  1.98171E-02,  2.17717E-02,  2.34740E-02,  2.47934E-02,  2.56176E-02,  2.58721E-02,  2.55328E-02,  2.46315E-02,  2.32491E-02,  2.15017E-02,  1.95211E-02,  1.74370E-02,  1.53622E-02,  1.33852E-02,  1.15674E-02,  9.94512E-03,  8.53339E-03,  7.33158E-03,  6.32822E-03,  5.50526E-03,  4.84147E-03,  4.31477E-03,  3.90382E-03,  3.58896E-03,  3.35266E-03,  3.17971E-03,  3.05716E-03,  2.97417E-03,  2.92177E-03,  2.89262E-03,  2.88082E-03,  2.88161E-03,  2.89123E-03,  2.90674E-03,  2.92582E-03,  2.94672E-03,  2.96811E-03,  2.98897E-03,
  3.04131E-03,  3.03687E-03,  3.03435E-03,  3.03505E-03,  3.04062E-03,  3.05318E-03,  3.07538E-03,  3.11051E-03,  3.16268E-03,  3.23691E-03,  3.33930E-03,  3.47723E-03,  3.65949E-03,  3.89644E-03,  4.20012E-03,  4.58423E-03,  5.06406E-03,  5.65608E-03,  6.37736E-03,  7.24445E-03,  8.27182E-03,  9.46963E-03,  1.08409E-02,  1.23779E-02,  1.40589E-02,  1.58445E-02,  1.76754E-02,  1.94728E-02,  2.11417E-02,  2.25785E-02,  2.36822E-02,  2.43677E-02,  2.45790E-02,  2.42983E-02,  2.35491E-02,  2.23923E-02,  2.09161E-02,  1.92227E-02,  1.74155E-02,  1.55876E-02,  1.38152E-02,  1.21548E-02,  1.06432E-02,  9.29989E-03,  8.13063E-03,  7.13110E-03,  6.29022E-03,  5.59296E-03,  5.02248E-03,  4.56165E-03,  4.19403E-03,  3.90449E-03,  3.67951E-03,  3.50728E-03,  3.37765E-03,  3.28204E-03,  3.21329E-03,  3.16546E-03,  3.13369E-03,  3.11405E-03,  3.10334E-03,  3.09904E-03,  3.09912E-03,  3.10201E-03,  3.10648E-03,
  3.15867E-03,  3.16965E-03,  3.18433E-03,  3.20419E-03,  3.23105E-03,  3.26715E-03,  3.31527E-03,  3.37878E-03,  3.46178E-03,  3.56921E-03,  3.70695E-03,  3.88194E-03,  4.10230E-03,  4.37739E-03,  4.71782E-03,  5.13534E-03,  5.64266E-03,  6.25303E-03,  6.97948E-03,  7.83390E-03,  8.82549E-03,  9.95899E-03,  1.12323E-02,  1.26341E-02,  1.41410E-02,  1.57157E-02,  1.73062E-02,  1.88463E-02,  2.02592E-02,  2.14633E-02,  2.23811E-02,  2.29482E-02,  2.31228E-02,  2.28917E-02,  2.22723E-02,  2.13101E-02,  2.00721E-02,  1.86369E-02,  1.70861E-02,  1.54953E-02,  1.39289E-02,  1.24372E-02,  1.10551E-02,  9.80419E-03,  8.69430E-03,  7.72629E-03,  6.89456E-03,  6.18930E-03,  5.59831E-03,  5.10835E-03,  4.70616E-03,  4.37909E-03,  4.11550E-03,  3.90491E-03,  3.73815E-03,  3.60727E-03,  3.50548E-03,  3.42705E-03,  3.36718E-03,  3.32192E-03,  3.28799E-03,  3.26273E-03,  3.24396E-03,  3.22996E-03,  3.21932E-03,
  3.26992E-03,  3.29485E-03,  3.32499E-03,  3.36188E-03,  3.40744E-03,  3.46397E-03,  3.53426E-03,  3.62165E-03,  3.73012E-03,  3.86437E-03,  4.02991E-03,  4.23310E-03,  4.48125E-03,  4.78257E-03,  5.14615E-03,  5.58182E-03,  6.09982E-03,  6.71042E-03,  7.42316E-03,  8.24600E-03,  9.18401E-03,  1.02379E-02,  1.14023E-02,  1.26637E-02,  1.39991E-02,  1.53747E-02,  1.67455E-02,  1.80568E-02,  1.92469E-02,  2.02523E-02,  2.10134E-02,  2.14816E-02,  2.16257E-02,  2.14357E-02,  2.09247E-02,  2.01268E-02,  1.90925E-02,  1.78824E-02,  1.65603E-02,  1.51872E-02,  1.38166E-02,  1.24919E-02,  1.12455E-02,  1.00989E-02,  9.06431E-03,  8.14603E-03,  7.34258E-03,  6.64829E-03,  6.05486E-03,  5.55250E-03,  5.13086E-03,  4.77969E-03,  4.48921E-03,  4.25043E-03,  4.05524E-03,  3.89647E-03,  3.76787E-03,  3.66408E-03,  3.58050E-03,  3.51327E-03,  3.45914E-03,  3.41542E-03,  3.37988E-03,  3.35068E-03,  3.32633E-03,
  3.37411E-03,  3.41150E-03,  3.45529E-03,  3.50706E-03,  3.56875E-03,  3.64265E-03,  3.73149E-03,  3.83849E-03,  3.96741E-03,  4.12261E-03,  4.30912E-03,  4.53266E-03,  4.79962E-03,  5.11707E-03,  5.49260E-03,  5.93418E-03,  6.44985E-03,  7.04726E-03,  7.73303E-03,  8.51198E-03,  9.38607E-03,  1.03532E-02,  1.14060E-02,  1.25303E-02,  1.37044E-02,  1.48983E-02,  1.60739E-02,  1.71863E-02,  1.81866E-02,  1.90249E-02,  1.96557E-02,  2.00424E-02,  2.01612E-02,  2.00050E-02,  1.95835E-02,  1.89222E-02,  1.80594E-02,  1.70417E-02,  1.59189E-02,  1.47397E-02,  1.35484E-02,  1.23817E-02,  1.12687E-02,  1.02300E-02,  9.27842E-03,  8.42069E-03,  7.65813E-03,  6.98826E-03,  6.40588E-03,  5.90413E-03,  5.47523E-03,  5.11107E-03,  4.80371E-03,  4.54557E-03,  4.32968E-03,  4.14973E-03,  4.00010E-03,  3.87586E-03,  3.77274E-03,  3.68707E-03,  3.61573E-03,  3.55605E-03,  3.50582E-03,  3.46318E-03,  3.42658E-03,
  3.47055E-03,  3.51888E-03,  3.57452E-03,  3.63906E-03,  3.71439E-03,  3.80274E-03,  3.90672E-03,  4.02935E-03,  4.17411E-03,  4.34498E-03,  4.54646E-03,  4.78354E-03,  5.06174E-03,  5.38697E-03,  5.76545E-03,  6.20347E-03,  6.70713E-03,  7.28188E-03,  7.93199E-03,  8.65985E-03,  9.46519E-03,  1.03441E-02,  1.12881E-02,  1.22835E-02,  1.33102E-02,  1.43423E-02,  1.53477E-02,  1.62900E-02,  1.71302E-02,  1.78296E-02,  1.83531E-02,  1.86729E-02,  1.87712E-02,  1.86425E-02,  1.82943E-02,  1.77456E-02,  1.70257E-02,  1.61703E-02,  1.52184E-02,  1.42088E-02,  1.31776E-02,  1.21560E-02,  1.11691E-02,  1.02359E-02,  9.36952E-03,  8.57763E-03,  7.86351E-03,  7.22698E-03,  6.66529E-03,  6.17390E-03,  5.74721E-03,  5.37904E-03,  5.06307E-03,  4.79309E-03,  4.56322E-03,  4.36801E-03,  4.20254E-03,  4.06237E-03,  3.94360E-03,  3.84284E-03,  3.75713E-03,  3.68394E-03,  3.62109E-03,  3.56675E-03,  3.51936E-03,
  3.55873E-03,  3.61652E-03,  3.68227E-03,  3.75753E-03,  3.84414E-03,  3.94421E-03,  4.06018E-03,  4.19482E-03,  4.35132E-03,  4.53321E-03,  4.74445E-03,  4.98934E-03,  5.27251E-03,  5.59883E-03,  5.97326E-03,  6.40064E-03,  6.88541E-03,  7.43123E-03,  8.04054E-03,  8.71395E-03,  9.44964E-03,  1.02427E-02,  1.10842E-02,  1.19613E-02,  1.28561E-02,  1.37463E-02,  1.46052E-02,  1.54034E-02,  1.61098E-02,  1.66942E-02,  1.71296E-02,  1.73948E-02,  1.74764E-02,  1.73702E-02,  1.70817E-02,  1.66255E-02,  1.60239E-02,  1.53044E-02,  1.44976E-02,  1.36343E-02,  1.27439E-02,  1.18524E-02,  1.09816E-02,  1.01484E-02,  9.36542E-03,  8.64073E-03,  7.97879E-03,  7.38100E-03,  6.84643E-03,  6.37239E-03,  5.95507E-03,  5.58990E-03,  5.27200E-03,  4.99640E-03,  4.75824E-03,  4.55292E-03,  4.37618E-03,  4.22413E-03,  4.09327E-03,  3.98051E-03,  3.88312E-03,  3.79871E-03,  3.72522E-03,  3.66089E-03,  3.60418E-03,
  3.63836E-03,  3.70417E-03,  3.77836E-03,  3.86244E-03,  3.95813E-03,  4.06740E-03,  4.19249E-03,  4.33594E-03,  4.50056E-03,  4.68947E-03,  4.90607E-03,  5.15402E-03,  5.43712E-03,  5.75931E-03,  6.12443E-03,  6.53608E-03,  6.99736E-03,  7.51052E-03,  8.07659E-03,  8.69492E-03,  9.36270E-03,  1.00745E-02,  1.08216E-02,  1.15922E-02,  1.23705E-02,  1.31376E-02,  1.38716E-02,  1.45483E-02,  1.51433E-02,  1.56329E-02,  1.59962E-02,  1.62169E-02,  1.62849E-02,  1.61969E-02,  1.59571E-02,  1.55767E-02,  1.50727E-02,  1.44665E-02,  1.37821E-02,  1.30440E-02,  1.22760E-02,  1.14997E-02,  1.07336E-02,  9.99295E-03,  9.28916E-03,  8.63034E-03,  8.02154E-03,  7.46520E-03,  6.96169E-03,  6.50975E-03,  6.10695E-03,  5.75009E-03,  5.43551E-03,  5.15931E-03,  4.91758E-03,  4.70651E-03,  4.52246E-03,  4.36210E-03,  4.22232E-03,  4.10037E-03,  3.99376E-03,  3.90030E-03,  3.81805E-03,  3.74534E-03,  3.68071E-03,
  3.70931E-03,  3.78177E-03,  3.86285E-03,  3.95396E-03,  4.05672E-03,  4.17292E-03,  4.30460E-03,  4.45402E-03,  4.62365E-03,  4.81620E-03,  5.03454E-03,  5.28170E-03,  5.56079E-03,  5.87489E-03,  6.22690E-03,  6.61940E-03,  7.05440E-03,  7.53306E-03,  8.05539E-03,  8.61990E-03,  9.22320E-03,  9.85969E-03,  1.05213E-02,  1.11971E-02,  1.18736E-02,  1.25348E-02,  1.31625E-02,  1.37374E-02,  1.42398E-02,  1.46513E-02,  1.49555E-02,  1.51400E-02,  1.51968E-02,  1.51236E-02,  1.49235E-02,  1.46052E-02,  1.41818E-02,  1.36698E-02,  1.30882E-02,  1.24565E-02,  1.17941E-02,  1.11187E-02,  1.04461E-02,  9.78958E-03,  9.15942E-03,  8.56342E-03,  8.00681E-03,  7.49267E-03,  7.02225E-03,  6.59533E-03,  6.21058E-03,  5.86590E-03,  5.55863E-03,  5.28581E-03,  5.04434E-03,  4.83112E-03,  4.64314E-03,  4.47753E-03,  4.33164E-03,  4.20300E-03,  4.08941E-03,  3.98886E-03,  3.89960E-03,  3.82004E-03,  3.74882E-03,
  3.77159E-03,  3.84943E-03,  3.93596E-03,  4.03249E-03,  4.14050E-03,  4.26162E-03,  4.39767E-03,  4.55062E-03,  4.72264E-03,  4.91601E-03,  5.13314E-03,  5.37650E-03,  5.64857E-03,  5.95169E-03,  6.28800E-03,  6.65923E-03,  7.06655E-03,  7.51030E-03,  7.98978E-03,  8.50293E-03,  9.04614E-03,  9.61391E-03,  1.01988E-02,  1.07911E-02,  1.13792E-02,  1.19496E-02,  1.24874E-02,  1.29769E-02,  1.34025E-02,  1.37495E-02,  1.40053E-02,  1.41601E-02,  1.42078E-02,  1.41467E-02,  1.39791E-02,  1.37117E-02,  1.33547E-02,  1.29211E-02,  1.24257E-02,  1.18843E-02,  1.13124E-02,  1.07249E-02,  1.01349E-02,  9.55391E-03,  8.99118E-03,  8.45390E-03,  7.94728E-03,  7.47470E-03,  7.03796E-03,  6.63761E-03,  6.27315E-03,  5.94331E-03,  5.64628E-03,  5.37987E-03,  5.14170E-03,  4.92928E-03,  4.74016E-03,  4.57192E-03,  4.42231E-03,  4.28918E-03,  4.17059E-03,  4.06476E-03,  3.97006E-03,  3.88507E-03,  3.80851E-03,
  3.82535E-03,  3.90739E-03,  3.99807E-03,  4.09857E-03,  4.21022E-03,  4.33450E-03,  4.47299E-03,  4.62742E-03,  4.79962E-03,  4.99153E-03,  5.20513E-03,  5.44238E-03,  5.70521E-03,  5.99537E-03,  6.31435E-03,  6.66322E-03,  7.04249E-03,  7.45193E-03,  7.89033E-03,  8.35536E-03,  8.84332E-03,  9.34902E-03,  9.86566E-03,  1.03848E-02,  1.08965E-02,  1.13893E-02,  1.18511E-02,  1.22691E-02,  1.26308E-02,  1.29246E-02,  1.31406E-02,  1.32711E-02,  1.33114E-02,  1.32601E-02,  1.31191E-02,  1.28936E-02,  1.25915E-02,  1.22230E-02,  1.17999E-02,  1.13349E-02,  1.08405E-02,  1.03290E-02,  9.81158E-03,  9.29790E-03,  8.79621E-03,  8.31308E-03,  7.85347E-03,  7.42085E-03,  7.01739E-03,  6.64412E-03,  6.30114E-03,  5.98786E-03,  5.70311E-03,  5.44536E-03,  5.21281E-03,  5.00354E-03,  4.81555E-03,  4.64687E-03,  4.49558E-03,  4.35987E-03,  4.23803E-03,  4.12848E-03,  4.02980E-03,  3.94066E-03,  3.85990E-03,
  3.87082E-03,  3.95601E-03,  4.04965E-03,  4.15283E-03,  4.26672E-03,  4.39263E-03,  4.53194E-03,  4.68612E-03,  4.85674E-03,  5.04538E-03,  5.25364E-03,  5.48307E-03,  5.73512E-03,  6.01105E-03,  6.31183E-03,  6.63801E-03,  6.98963E-03,  7.36603E-03,  7.76571E-03,  8.18620E-03,  8.62389E-03,  9.07397E-03,  9.53034E-03,  9.98565E-03,  1.04314E-02,  1.08581E-02,  1.12556E-02,  1.16137E-02,  1.19222E-02,  1.21719E-02,  1.23550E-02,  1.24655E-02,  1.24997E-02,  1.24565E-02,  1.23374E-02,  1.21464E-02,  1.18897E-02,  1.15755E-02,  1.12131E-02,  1.08127E-02,  1.03846E-02,  9.93880E-03,  9.48469E-03,  9.03060E-03,  8.58373E-03,  8.14998E-03,  7.73399E-03,  7.33917E-03,  6.96786E-03,  6.62140E-03,  6.30034E-03,  6.00457E-03,  5.73344E-03,  5.48593E-03,  5.26075E-03,  5.05642E-03,  4.87139E-03,  4.70404E-03,  4.55280E-03,  4.41611E-03,  4.29253E-03,  4.18066E-03,  4.07925E-03,  3.98713E-03,  3.90322E-03,
  3.90833E-03,  3.99572E-03,  4.09128E-03,  4.19600E-03,  4.31092E-03,  4.43717E-03,  4.57594E-03,  4.72848E-03,  4.89608E-03,  5.08004E-03,  5.28163E-03,  5.50203E-03,  5.74231E-03,  6.00331E-03,  6.28560E-03,  6.58934E-03,  6.91422E-03,  7.25929E-03,  7.62291E-03,  8.00257E-03,  8.39486E-03,  8.79538E-03,  9.19871E-03,  9.59848E-03,  9.98744E-03,  1.03577E-02,  1.07009E-02,  1.10086E-02,  1.12727E-02,  1.14859E-02,  1.16418E-02,  1.17358E-02,  1.17650E-02,  1.17285E-02,  1.16274E-02,  1.14649E-02,  1.12460E-02,  1.09771E-02,  1.06657E-02,  1.03200E-02,  9.94839E-03,  9.55922E-03,  9.16030E-03,  8.75875E-03,  8.36081E-03,  7.97175E-03,  7.59582E-03,  7.23630E-03,  6.89555E-03,  6.57512E-03,  6.27583E-03,  5.99793E-03,  5.74118E-03,  5.50496E-03,  5.28838E-03,  5.09037E-03,  4.90971E-03,  4.74512E-03,  4.59532E-03,  4.45902E-03,  4.33497E-03,  4.22200E-03,  4.11898E-03,  4.02489E-03,  3.93877E-03,
  3.93826E-03,  4.02700E-03,  4.12358E-03,  4.22887E-03,  4.34378E-03,  4.46929E-03,  4.60640E-03,  4.75617E-03,  4.91965E-03,  5.09788E-03,  5.29184E-03,  5.50242E-03,  5.73035E-03,  5.97617E-03,  6.24011E-03,  6.52206E-03,  6.82146E-03,  7.13719E-03,  7.46752E-03,  7.81004E-03,  8.16156E-03,  8.51809E-03,  8.87487E-03,  9.22639E-03,  9.56650E-03,  9.88857E-03,  1.01857E-02,  1.04511E-02,  1.06781E-02,  1.08608E-02,  1.09942E-02,  1.10745E-02,  1.10995E-02,  1.10684E-02,  1.09823E-02,  1.08435E-02,  1.06560E-02,  1.04251E-02,  1.01566E-02,  9.85726E-03,  9.53397E-03,  9.19358E-03,  8.84267E-03,  8.48728E-03,  8.13284E-03,  7.78398E-03,  7.44458E-03,  7.11771E-03,  6.80567E-03,  6.51010E-03,  6.23202E-03,  5.97192E-03,  5.72986E-03,  5.50555E-03,  5.29841E-03,  5.10768E-03,  4.93247E-03,  4.77176E-03,  4.62453E-03,  4.48972E-03,  4.36629E-03,  4.25323E-03,  4.14957E-03,  4.05442E-03,  3.96692E-03,
  3.96103E-03,  4.05039E-03,  4.14720E-03,  4.25223E-03,  4.36627E-03,  4.49014E-03,  4.62470E-03,  4.77082E-03,  4.92934E-03,  5.10108E-03,  5.28677E-03,  5.48707E-03,  5.70243E-03,  5.93314E-03,  6.17920E-03,  6.44029E-03,  6.71567E-03,  7.00414E-03,  7.30399E-03,  7.61290E-03,  7.92794E-03,  8.24554E-03,  8.56153E-03,  8.87117E-03,  9.16922E-03,  9.45015E-03,  9.70825E-03,  9.93788E-03,  1.01337E-02,  1.02909E-02,  1.04055E-02,  1.04745E-02,  1.04960E-02,  1.04695E-02,  1.03957E-02,  1.02767E-02,  1.01155E-02,  9.91639E-03,  9.68414E-03,  9.42418E-03,  9.14219E-03,  8.84384E-03,  8.53464E-03,  8.21976E-03,  7.90386E-03,  7.59102E-03,  7.28473E-03,  6.98782E-03,  6.70250E-03,  6.43042E-03,  6.17271E-03,  5.93002E-03,  5.70263E-03,  5.49048E-03,  5.29328E-03,  5.11050E-03,  4.94151E-03,  4.78554E-03,  4.64177E-03,  4.50935E-03,  4.38743E-03,  4.27514E-03,  4.17167E-03,  4.07623E-03,  3.98807E-03,
  3.97711E-03,  4.06644E-03,  4.16282E-03,  4.26689E-03,  4.37933E-03,  4.50086E-03,  4.63216E-03,  4.77396E-03,  4.92691E-03,  5.09164E-03,  5.26869E-03,  5.45850E-03,  5.66133E-03,  5.87727E-03,  6.10613E-03,  6.34744E-03,  6.60038E-03,  6.86372E-03,  7.13578E-03,  7.41439E-03,  7.69690E-03,  7.98012E-03,  8.26041E-03,  8.53368E-03,  8.79550E-03,  9.04122E-03,  9.26611E-03,  9.46552E-03,  9.63508E-03,  9.77091E-03,  9.86977E-03,  9.92924E-03,  9.94786E-03,  9.92516E-03,  9.86174E-03,  9.75922E-03,  9.62013E-03,  9.44780E-03,  9.24620E-03,  9.01974E-03,  8.77310E-03,  8.51099E-03,  8.23805E-03,  7.95866E-03,  7.67684E-03,  7.39618E-03,  7.11977E-03,  6.85021E-03,  6.58959E-03,  6.33950E-03,  6.10112E-03,  5.87522E-03,  5.66223E-03,  5.46226E-03,  5.27522E-03,  5.10080E-03,  4.93857E-03,  4.78795E-03,  4.64832E-03,  4.51901E-03,  4.39930E-03,  4.28850E-03,  4.18591E-03,  4.09085E-03,  4.00268E-03,
  3.98697E-03,  4.07573E-03,  4.17109E-03,  4.27363E-03,  4.38391E-03,  4.50251E-03,  4.63002E-03,  4.76700E-03,  4.91397E-03,  5.07138E-03,  5.23962E-03,  5.41896E-03,  5.60949E-03,  5.81114E-03,  6.02363E-03,  6.24637E-03,  6.47849E-03,  6.71876E-03,  6.96560E-03,  7.21699E-03,  7.47054E-03,  7.72342E-03,  7.97246E-03,  8.21414E-03,  8.44471E-03,  8.66025E-03,  8.85682E-03,  9.03059E-03,  9.17797E-03,  9.29580E-03,  9.38144E-03,  9.43294E-03,  9.44912E-03,  9.42959E-03,  9.37485E-03,  9.28620E-03,  9.16568E-03,  9.01601E-03,  8.84042E-03,  8.64253E-03,  8.42621E-03,  8.19539E-03,  7.95397E-03,  7.70567E-03,  7.45396E-03,  7.20197E-03,  6.95245E-03,  6.70775E-03,  6.46981E-03,  6.24017E-03,  6.02000E-03,  5.81012E-03,  5.61106E-03,  5.42308E-03,  5.24623E-03,  5.08037E-03,  4.92522E-03,  4.78039E-03,  4.64541E-03,  4.51974E-03,  4.40283E-03,  4.29410E-03,  4.19296E-03,  4.09884E-03,  4.01120E-03,
  3.99108E-03,  4.07881E-03,  4.17270E-03,  4.27323E-03,  4.38088E-03,  4.49613E-03,  4.61945E-03,  4.75127E-03,  4.89200E-03,  5.04194E-03,  5.20136E-03,  5.37038E-03,  5.54898E-03,  5.73699E-03,  5.93400E-03,  6.13941E-03,  6.35230E-03,  6.57151E-03,  6.79552E-03,  7.02251E-03,  7.25030E-03,  7.47642E-03,  7.69810E-03,  7.91232E-03,  8.11589E-03,  8.30550E-03,  8.47787E-03,  8.62982E-03,  8.75840E-03,  8.86101E-03,  8.93550E-03,  8.98029E-03,  8.99440E-03,  8.97754E-03,  8.93011E-03,  8.85314E-03,  8.74832E-03,  8.61786E-03,  8.46440E-03,  8.29094E-03,  8.10068E-03,  7.89691E-03,  7.68291E-03,  7.46185E-03,  7.23672E-03,  7.01025E-03,  6.78487E-03,  6.56270E-03,  6.34552E-03,  6.13478E-03,  5.93163E-03,  5.73691E-03,  5.55120E-03,  5.37488E-03,  5.20809E-03,  5.05082E-03,  4.90293E-03,  4.76415E-03,  4.63416E-03,  4.51255E-03,  4.39887E-03,  4.29267E-03,  4.19345E-03,  4.10075E-03,  4.01409E-03,
  3.98992E-03,  4.07623E-03,  4.16827E-03,  4.26642E-03,  4.37109E-03,  4.48266E-03,  4.60151E-03,  4.72797E-03,  4.86232E-03,  5.00478E-03,  5.15549E-03,  5.31448E-03,  5.48162E-03,  5.65667E-03,  5.83917E-03,  6.02848E-03,  6.22371E-03,  6.42372E-03,  6.62712E-03,  6.83225E-03,  7.03716E-03,  7.23968E-03,  7.43739E-03,  7.62770E-03,  7.80789E-03,  7.97518E-03,  8.12681E-03,  8.26013E-03,  8.37271E-03,  8.46241E-03,  8.52746E-03,  8.56656E-03,  8.57893E-03,  8.56432E-03,  8.52305E-03,  8.45598E-03,  8.36448E-03,  8.25035E-03,  8.11580E-03,  7.96328E-03,  7.79546E-03,  7.61511E-03,  7.42500E-03,  7.22783E-03,  7.02616E-03,  6.82239E-03,  6.61865E-03,  6.41684E-03,  6.21860E-03,  6.02526E-03,  5.83793E-03,  5.65745E-03,  5.48445E-03,  5.31934E-03,  5.16235E-03,  5.01358E-03,  4.87299E-03,  4.74042E-03,  4.61564E-03,  4.49836E-03,  4.38825E-03,  4.28494E-03,  4.18802E-03,  4.09711E-03,  4.01181E-03,
