NA,NA,NA,NA,NA,NA,NA,NA,NA,  1.37599E-03,  1.64055E-03,  1.92636E-03,  2.23419E-03,  2.56467E-03,  2.91828E-03,  3.29529E-03,  3.69575E-03,  4.11945E-03,  4.56584E-03,  5.03399E-03,  5.52261E-03,  6.02991E-03,  6.55364E-03,  7.09103E-03,  7.63874E-03,  8.19292E-03,  8.74915E-03,  9.30248E-03,  9.84752E-03,  1.03784E-02,  1.08891E-02,  1.13732E-02,  1.18242E-02,  1.22360E-02,  1.26024E-02,  1.29177E-02,  1.31770E-02,  1.33760E-02,  1.35113E-02,  1.35807E-02,  1.35829E-02,  1.35178E-02,  1.33867E-02,  1.31917E-02,  1.29361E-02,  1.26241E-02,  1.22607E-02,  1.18515E-02,  1.14025E-02,  1.09200E-02,  1.04105E-02,  9.88037E-03,  9.33567E-03,  8.78229E-03,  8.22569E-03,  7.67085E-03,  7.12222E-03,  6.58371E-03,  6.05869E-03,  5.54998E-03,  5.05986E-03,  4.59014E-03,  4.14217E-03,  3.71688E-03,  3.31485E-03,  2.93630E-03,  2.58121E-03,  2.24930E-03,  1.94011E-03,  1.65301E-03,  1.38724E-03,NA,NA,NA,NA,NA,NA,NA,NA,NA,
NA,NA,NA,NA,NA,NA,NA,NA,  1.00034E-03,  1.25168E-03,  1.52530E-03,  1.82227E-03,  2.14355E-03,  2.49001E-03,  2.86235E-03,  3.26106E-03,  3.68639E-03,  4.13831E-03,  4.61643E-03,  5.11996E-03,  5.64765E-03,  6.19774E-03,  6.76791E-03,  7.35523E-03,  7.95614E-03,  8.56641E-03,  9.18117E-03,  9.79488E-03,  1.04014E-02,  1.09941E-02,  1.15660E-02,  1.21096E-02,  1.26175E-02,  1.30822E-02,  1.34966E-02,  1.38539E-02,  1.41482E-02,  1.43744E-02,  1.45284E-02,  1.46075E-02,  1.46101E-02,  1.45363E-02,  1.43874E-02,  1.41660E-02,  1.38762E-02,  1.35228E-02,  1.31120E-02,  1.26502E-02,  1.21448E-02,  1.16030E-02,  1.10325E-02,  1.04405E-02,  9.83425E-03,  9.22037E-03,  8.60505E-03,  7.99386E-03,  7.39175E-03,  6.80299E-03,  6.23121E-03,  5.67937E-03,  5.14984E-03,  4.64442E-03,  4.16439E-03,  3.71057E-03,  3.28337E-03,  2.88285E-03,  2.50878E-03,  2.16066E-03,  1.83780E-03,  1.53935E-03,  1.26435E-03,  1.01172E-03,NA,NA,NA,NA,NA,NA,NA,NA,
NA,NA,NA,NA,NA,NA,NA,  6.13100E-04,  8.47918E-04,  1.10565E-03,  1.38765E-03,  1.69522E-03,  2.02959E-03,  2.39188E-03,  2.78304E-03,  3.20385E-03,  3.65482E-03,  4.13614E-03,  4.64764E-03,  5.18870E-03,  5.75820E-03,  6.35444E-03,  6.97507E-03,  7.61703E-03,  8.27654E-03,  8.94900E-03,  9.62904E-03,  1.03105E-02,  1.09864E-02,  1.16492E-02,  1.22908E-02,  1.29025E-02,  1.34757E-02,  1.40015E-02,  1.44714E-02,  1.48775E-02,  1.52126E-02,  1.54705E-02,  1.56463E-02,  1.57367E-02,  1.57400E-02,  1.56560E-02,  1.54863E-02,  1.52343E-02,  1.49046E-02,  1.45033E-02,  1.40375E-02,  1.35152E-02,  1.29449E-02,  1.23352E-02,  1.16951E-02,  1.10330E-02,  1.03573E-02,  9.67548E-03,  8.99460E-03,  8.32090E-03,  7.65982E-03,  7.01602E-03,  6.39336E-03,  5.79496E-03,  5.22320E-03,  4.67984E-03,  4.16604E-03,  3.68245E-03,  3.22928E-03,  2.80634E-03,  2.41313E-03,  2.04891E-03,  1.71273E-03,  1.40345E-03,  1.11987E-03,  8.60669E-04,  6.24497E-04,NA,NA,NA,NA,NA,NA,NA,
NA,NA,NA,NA,NA,NA,  2.18781E-04,  4.34033E-04,  6.72412E-04,  9.35527E-04,  1.22498E-03,  1.54237E-03,  1.88920E-03,  2.26690E-03,  2.67676E-03,  3.11985E-03,  3.59701E-03,  4.10874E-03,  4.65514E-03,  5.23584E-03,  5.84991E-03,  6.49575E-03,  7.17106E-03,  7.87270E-03,  8.59667E-03,  9.33803E-03,  1.00909E-02,  1.08483E-02,  1.16025E-02,  1.23449E-02,  1.30660E-02,  1.37558E-02,  1.44042E-02,  1.50006E-02,  1.55351E-02,  1.59980E-02,  1.63806E-02,  1.66756E-02,  1.68771E-02,  1.69808E-02,  1.69848E-02,  1.68889E-02,  1.66950E-02,  1.64071E-02,  1.60310E-02,  1.55739E-02,  1.50444E-02,  1.44521E-02,  1.38070E-02,  1.31195E-02,  1.23999E-02,  1.16583E-02,  1.09040E-02,  1.01460E-02,  9.39192E-03,  8.64889E-03,  7.92287E-03,  7.21889E-03,  6.54103E-03,  5.89249E-03,  5.27566E-03,  4.69216E-03,  4.14299E-03,  3.62856E-03,  3.14877E-03,  2.70317E-03,  2.29093E-03,  1.91098E-03,  1.56205E-03,  1.24271E-03,  9.51442E-04,  6.86659E-04,  4.46748E-04,  2.30095E-04,NA,NA,NA,NA,NA,NA,
NA,NA,NA,NA, -3.49756E-04, -1.77919E-04,  1.50582E-05,  2.30939E-04,  4.71550E-04,  7.38764E-04,  1.03448E-03,  1.36059E-03,  1.71896E-03,  2.11137E-03,  2.53947E-03,  3.00473E-03,  3.50837E-03,  4.05128E-03,  4.63391E-03,  5.25622E-03,  5.91755E-03,  6.61651E-03,  7.35089E-03,  8.11755E-03,  8.91230E-03,  9.72987E-03,  1.05638E-02,  1.14065E-02,  1.22491E-02,  1.30819E-02,  1.38938E-02,  1.46734E-02,  1.54086E-02,  1.60870E-02,  1.66965E-02,  1.72257E-02,  1.76641E-02,  1.80027E-02,  1.82343E-02,  1.83538E-02,  1.83587E-02,  1.82488E-02,  1.80265E-02,  1.76967E-02,  1.72662E-02,  1.67440E-02,  1.61404E-02,  1.54669E-02,  1.47355E-02,  1.39585E-02,  1.31481E-02,  1.23160E-02,  1.14730E-02,  1.06293E-02,  9.79366E-03,  8.97384E-03,  8.17642E-03,  7.40677E-03,  6.66918E-03,  5.96688E-03,  5.30215E-03,  4.67644E-03,  4.09048E-03,  3.54433E-03,  3.03758E-03,  2.56936E-03,  2.13848E-03,  1.74346E-03,  1.38267E-03,  1.05431E-03,  7.56526E-04,  4.87417E-04,  2.45076E-04,  2.76209E-05, -1.66785E-04, -3.39915E-04,NA,NA,NA,NA,
NA,NA,NA,NA, -5.72269E-04, -4.03864E-04, -2.13210E-04,  1.69096E-06,  2.42924E-04,  5.12654E-04,  8.13101E-04,  1.14651E-03,  1.51514E-03,  1.92116E-03,  2.36669E-03,  2.85364E-03,  3.38370E-03,  3.95822E-03,  4.57813E-03,  5.24380E-03,  5.95496E-03,  6.71051E-03,  7.50846E-03,  8.34572E-03,  9.21801E-03,  1.01198E-02,  1.10440E-02,  1.19823E-02,  1.29248E-02,  1.38602E-02,  1.47761E-02,  1.56589E-02,  1.64945E-02,  1.72681E-02,  1.79653E-02,  1.85722E-02,  1.90762E-02,  1.94662E-02,  1.97334E-02,  1.98716E-02,  1.98777E-02,  1.97514E-02,  1.94957E-02,  1.91164E-02,  1.86221E-02,  1.80236E-02,  1.73336E-02,  1.65657E-02,  1.57344E-02,  1.48545E-02,  1.39402E-02,  1.30051E-02,  1.20619E-02,  1.11220E-02,  1.01954E-02,  9.29064E-03,  8.41487E-03,  7.57379E-03,  6.77181E-03,  6.01210E-03,  5.29677E-03,  4.62696E-03,  4.00303E-03,  3.42464E-03,  2.89090E-03,  2.40047E-03,  1.95169E-03,  1.54263E-03,  1.17121E-03,  8.35224E-04,  5.32421E-04,  2.60544E-04,  1.73593E-05, -1.99308E-04, -3.91559E-04, -5.61401E-04,NA,NA,NA,NA,
NA,NA,NA, -9.59632E-04, -8.17625E-04, -6.54432E-04, -4.67944E-04, -2.55919E-04, -1.59872E-05,  2.54331E-04,  5.57612E-04,  8.96500E-04,  1.27367E-03,  1.69179E-03,  2.15347E-03,  2.66116E-03,  3.21712E-03,  3.82326E-03,  4.48110E-03,  5.19155E-03,  5.95485E-03,  6.77035E-03,  7.63636E-03,  8.54998E-03,  9.50696E-03,  1.05015E-02,  1.15260E-02,  1.25714E-02,  1.36266E-02,  1.46789E-02,  1.57138E-02,  1.67156E-02,  1.76674E-02,  1.85520E-02,  1.93518E-02,  2.00501E-02,  2.06315E-02,  2.10823E-02,  2.13918E-02,  2.15524E-02,  2.15599E-02,  2.14142E-02,  2.11190E-02,  2.06814E-02,  2.01119E-02,  1.94239E-02,  1.86326E-02,  1.77548E-02,  1.68078E-02,  1.58092E-02,  1.47757E-02,  1.37235E-02,  1.26670E-02,  1.16192E-02,  1.05913E-02,  9.59277E-03,  8.63128E-03,  7.71277E-03,  6.84169E-03,  6.02103E-03,  5.25260E-03,  4.53713E-03,  3.87444E-03,  3.26367E-03,  2.70335E-03,  2.19157E-03,  1.72609E-03,  1.30446E-03,  9.24061E-04,  5.82228E-04,  2.76266E-04,  3.51750E-06, -2.38610E-04, -4.52613E-04, -6.40880E-04, -8.05668E-04, -9.49104E-04,NA,NA,NA,
NA,NA, -1.33559E-03, -1.22129E-03, -1.08725E-03, -9.31298E-04, -7.51103E-04, -5.44162E-04, -3.07806E-04, -3.92120E-05,  2.64583E-04,  6.06658E-04,  9.90179E-04,  1.41835E-03,  1.89435E-03,  2.42127E-03,  3.00203E-03,  3.63926E-03,  4.33515E-03,  5.09133E-03,  5.90869E-03,  6.78718E-03,  7.72562E-03,  8.72145E-03,  9.77054E-03,  1.08670E-02,  1.20028E-02,  1.31680E-02,  1.43504E-02,  1.55354E-02,  1.67067E-02,  1.78456E-02,  1.89326E-02,  1.99467E-02,  2.08670E-02,  2.16731E-02,  2.23461E-02,  2.28692E-02,  2.32292E-02,  2.34164E-02,  2.34259E-02,  2.32573E-02,  2.29151E-02,  2.24084E-02,  2.17501E-02,  2.09566E-02,  2.00465E-02,  1.90403E-02,  1.79589E-02,  1.68232E-02,  1.56532E-02,  1.44675E-02,  1.32830E-02,  1.21142E-02,  1.09738E-02,  9.87208E-03,  8.81711E-03,  7.81506E-03,  6.87023E-03,  5.98532E-03,  5.16166E-03,  4.39937E-03,  3.69764E-03,  3.05489E-03,  2.46896E-03,  1.93723E-03,  1.45679E-03,  1.02456E-03,  6.37335E-04,  2.91894E-04, -1.49445E-05, -2.86281E-04, -5.25102E-04, -7.34253E-04, -9.16425E-04, -1.07414E-03, -1.20976E-03, -1.32546E-03,NA,NA,
NA, -1.69604E-03, -1.61024E-03, -1.50646E-03, -1.38254E-03, -1.23613E-03, -1.06465E-03, -8.65348E-04, -6.35227E-04, -3.71103E-04, -6.95914E-05,  2.72863E-04,  6.59961E-04,  1.09551E-03,  1.58336E-03,  2.12732E-03,  2.73110E-03,  3.39814E-03,  4.13151E-03,  4.93371E-03,  5.80648E-03,  6.75058E-03,  7.76551E-03,  8.84928E-03,  9.99808E-03,  1.12060E-02,  1.24649E-02,  1.37639E-02,  1.50896E-02,  1.64256E-02,  1.77530E-02,  1.90504E-02,  2.02943E-02,  2.14600E-02,  2.25222E-02,  2.34558E-02,  2.42377E-02,  2.48472E-02,  2.52675E-02,  2.54868E-02,  2.54988E-02,  2.53030E-02,  2.49051E-02,  2.43162E-02,  2.35525E-02,  2.26342E-02,  2.15844E-02,  2.04279E-02,  1.91901E-02,  1.78960E-02,  1.65693E-02,  1.52317E-02,  1.39026E-02,  1.25985E-02,  1.13334E-02,  1.01184E-02,  8.96195E-03,  7.87023E-03,  6.84725E-03,  5.89519E-03,  5.01467E-03,  4.20505E-03,  3.46465E-03,  2.79101E-03,  2.18112E-03,  1.63152E-03,  1.13851E-03,  6.98265E-04,  3.06913E-04, -3.93774E-05, -3.44336E-04, -6.11549E-04, -8.44430E-04, -1.04620E-03, -1.21986E-03, -1.36822E-03, -1.49387E-03, -1.59918E-03, -1.68635E-03,NA,
 -2.03733E-03, -1.98026E-03, -1.90726E-03, -1.81622E-03, -1.70483E-03, -1.57054E-03, -1.41054E-03, -1.22180E-03, -1.00099E-03, -7.44553E-04, -4.48656E-04, -1.09226E-04,  2.78027E-04,  7.17577E-04,  1.21402E-03,  1.77201E-03,  2.39615E-03,  3.09087E-03,  3.86026E-03,  4.70792E-03,  5.63664E-03,  6.64824E-03,  7.74320E-03,  8.92031E-03,  1.01764E-02,  1.15058E-02,  1.29002E-02,  1.43482E-02,  1.58350E-02,  1.73424E-02,  1.88487E-02,  2.03291E-02,  2.17558E-02,  2.30993E-02,NA,NA,NA,NA,NA,NA,NA,NA,NA,NA,NA,NA,  2.32551E-02,  2.19223E-02,  2.05023E-02,  1.90249E-02,  1.75184E-02,  1.60080E-02,  1.45159E-02,  1.30608E-02,  1.16579E-02,  1.03191E-02,  9.05313E-03,  7.86586E-03,  6.76078E-03,  5.73928E-03,  4.80104E-03,  3.94437E-03,  3.16651E-03,  2.46394E-03,  1.83258E-03,  1.26798E-03,  7.65545E-04,  3.20581E-04, -7.15418E-05, -4.15333E-04, -7.15125E-04, -9.75029E-04, -1.19892E-03, -1.39039E-03, -1.55281E-03, -1.68925E-03, -1.80253E-03, -1.89524E-03, -1.96973E-03, -2.02810E-03,
 -2.32769E-03, -2.28540E-03, -2.22745E-03, -2.15160E-03, -2.05539E-03, -1.93608E-03, -1.79066E-03, -1.61579E-03, -1.40784E-03, -1.16282E-03, -8.76459E-04, -5.44119E-04, -1.60875E-04,  2.78479E-04,  7.79375E-04,  1.34740E-03,  1.98821E-03,  2.70737E-03,  3.51022E-03,  4.40164E-03,  5.38578E-03,  6.46580E-03,  7.64345E-03,  8.91870E-03,  1.02893E-02,  1.17502E-02,  1.32931E-02,  1.49064E-02,  1.65739E-02,  1.82756E-02,  1.99867E-02,  2.16784E-02,NA,NA,NA,NA,NA,NA,NA,NA,NA,NA,NA,NA,NA,NA,NA,NA,  2.18943E-02,  2.02050E-02,  1.84921E-02,  1.67853E-02,  1.51098E-02,  1.34866E-02,  1.19321E-02,  1.04588E-02,  9.07538E-03,  7.78717E-03,  6.59678E-03,  5.50446E-03,  4.50864E-03,  3.60627E-03,  2.79326E-03,  2.06475E-03,  1.41543E-03,  8.39683E-04,  3.31839E-04, -1.13741E-04, -5.02543E-04, -8.39826E-04, -1.13058E-03, -1.37947E-03, -1.59085E-03, -1.76874E-03, -1.91683E-03, -2.03849E-03, -2.13676E-03, -2.21443E-03, -2.27399E-03, -2.31769E-03,
 -2.63724E-03, -2.61194E-03, -2.57145E-03, -2.51345E-03, -2.43533E-03, -2.33420E-03, -2.20680E-03, -2.04954E-03, -1.85846E-03, -1.62917E-03, -1.35690E-03, -1.03644E-03, -6.62204E-04, -2.28176E-04,  2.71989E-04,  8.44931E-04,  1.49748E-03,  2.23653E-03,  3.06887E-03,  4.00094E-03,  5.03856E-03,  6.18654E-03,  7.44834E-03,  8.82549E-03,  1.03171E-02,  1.19191E-02,  1.36239E-02,  1.54196E-02,  1.72892E-02,  1.92105E-02,NA,NA,NA,NA,NA,NA,NA,NA,NA,NA,NA,NA,NA,NA,NA,NA,NA,NA,NA,NA,  1.94780E-02,  1.75484E-02,  1.56672E-02,  1.38575E-02,  1.21372E-02,  1.05187E-02,  9.01043E-03,  7.61675E-03,  6.33892E-03,  5.17567E-03,  4.12373E-03,  3.17838E-03,  2.33385E-03,  1.58370E-03,  9.21131E-04,  3.39196E-04, -1.68999E-04, -6.10166E-04, -9.90729E-04, -1.31676E-03, -1.59396E-03, -1.82757E-03, -2.02246E-03, -2.18305E-03, -2.31337E-03, -2.41707E-03, -2.49743E-03, -2.55741E-03, -2.59963E-03, -2.62645E-03,
 -2.96618E-03, -2.96021E-03, -2.93978E-03, -2.90250E-03, -2.84564E-03, -2.76615E-03, -2.66060E-03, -2.52512E-03, -2.35543E-03, -2.14677E-03, -1.89384E-03, -1.59088E-03, -1.23156E-03, -8.09033E-04, -3.15959E-04,  2.55455E-04,  9.13368E-04,  1.66618E-03,  2.52236E-03,  3.49020E-03,  4.57750E-03,  5.79120E-03,  7.13687E-03,  8.61813E-03,  1.02360E-02,  1.19881E-02,  1.38678E-02,  1.58636E-02,NA,NA,NA,NA,NA,NA,NA,NA,NA,NA,NA,NA,NA,NA,NA,NA,NA,NA,NA,NA,NA,NA,NA,NA,  1.61658E-02,  1.41505E-02,  1.22498E-02,  1.04760E-02,  8.83652E-03,  7.33417E-03,  5.96835E-03,  4.73572E-03,  3.63087E-03,  2.64696E-03,  1.77618E-03,  1.01023E-03,  3.40561E-04, -2.41304E-04, -7.43627E-04, -1.17431E-03, -1.54080E-03, -1.85004E-03, -2.10846E-03, -2.32193E-03, -2.49582E-03, -2.63495E-03, -2.74370E-03, -2.82597E-03, -2.88526E-03, -2.92468E-03, -2.94697E-03, -2.95457E-03,
 -3.31453E-03, -3.33035E-03, -3.33274E-03, -3.31925E-03, -3.28707E-03, -3.23302E-03, -3.15349E-03, -3.04441E-03, -2.90118E-03, -2.71865E-03, -2.49107E-03, -2.21207E-03, -1.87458E-03, -1.47089E-03, -9.92601E-04, -4.30660E-04,  2.24551E-04,  9.83125E-04,  1.85545E-03,  2.85198E-03,  3.98291E-03,  5.25772E-03,  6.68466E-03,  8.27007E-03,  1.00176E-02,  1.19271E-02,  1.39939E-02,NA,NA,NA,NA,NA,NA,NA,NA,NA,NA,NA,NA,NA,NA,NA,NA,NA,NA,NA,NA,NA,NA,NA,NA,NA,NA,  1.43369E-02,  1.22417E-02,  1.03036E-02,  8.52800E-03,  6.91570E-03,  5.46345E-03,  4.16520E-03,  3.01283E-03,  1.99687E-03,  1.10712E-03,  3.33024E-04, -3.35928E-04, -9.09969E-04, -1.39887E-03, -1.81184E-03, -2.15741E-03, -2.44345E-03, -2.67714E-03, -2.86498E-03, -3.01282E-03, -3.12590E-03, -3.20891E-03, -3.26597E-03, -3.30078E-03, -3.31656E-03, -3.31616E-03, -3.30208E-03,
 -3.68209E-03, -3.72230E-03, -3.75042E-03, -3.76398E-03, -3.76013E-03, -3.73560E-03, -3.68665E-03, -3.60901E-03, -3.49783E-03, -3.34761E-03, -3.15215E-03, -2.90448E-03, -2.59684E-03, -2.22060E-03, -1.76625E-03, -1.22342E-03, -5.80912E-04,  1.73246E-04,  1.05161E-03,  2.06712E-03,  3.23275E-03,  4.56108E-03,  6.06365E-03,  7.75026E-03,  9.62796E-03,  1.17000E-02,NA,NA,NA,NA,NA,NA,NA,NA,NA,NA,NA,NA,NA,NA,NA,NA,NA,NA,NA,NA,NA,NA,NA,NA,NA,NA,NA,NA,  1.20787E-02,  9.96888E-03,  8.05483E-03,  6.33397E-03,  4.79967E-03,  3.44236E-03,  2.25057E-03,  1.21166E-03,  3.12556E-04, -4.59870E-04, -1.11838E-03, -1.67516E-03, -2.14162E-03, -2.52837E-03, -2.84509E-03, -3.10060E-03, -3.30282E-03, -3.45888E-03, -3.57510E-03, -3.65709E-03, -3.70980E-03, -3.73758E-03, -3.74425E-03, -3.73314E-03, -3.70714E-03, -3.66878E-03,
 -4.06848E-03, -4.13576E-03, -4.19264E-03, -4.23668E-03, -4.26503E-03, -4.27437E-03, -4.26089E-03, -4.22018E-03, -4.14717E-03, -4.03608E-03, -3.88030E-03, -3.67232E-03, -3.40368E-03, -3.06486E-03, -2.64523E-03, -2.13305E-03, -1.51542E-03, -7.78353E-04,  9.31136E-05,  1.11473E-03,  2.30269E-03,  3.67321E-03,  5.24186E-03,  7.02274E-03,  9.02735E-03,NA,NA,NA,NA,NA,NA,NA,NA,NA,NA,NA,NA,NA,NA,NA,NA,NA,NA,NA,NA,NA,NA,NA,NA,NA,NA,NA,NA,NA,NA,  9.43380E-03,  7.38217E-03,  5.55773E-03,  3.94936E-03,  2.54309E-03,  1.32331E-03,  2.73618E-04, -6.22439E-04, -1.38091E-03, -2.01708E-03, -2.54526E-03, -2.97866E-03, -3.32931E-03, -3.60809E-03, -3.82475E-03, -3.98798E-03, -4.10545E-03, -4.18393E-03, -4.22934E-03, -4.24687E-03, -4.24101E-03, -4.21568E-03, -4.17424E-03, -4.11961E-03, -4.05430E-03,
 -4.47305E-03, -4.57014E-03, -4.65892E-03, -4.73701E-03, -4.80160E-03, -4.84942E-03, -4.87662E-03, -4.87872E-03, -4.85054E-03, -4.78604E-03, -4.67830E-03, -4.51934E-03, -4.30005E-03, -4.01006E-03, -3.63767E-03, -3.16973E-03, -2.59159E-03, -1.88712E-03, -1.03876E-03, -2.76281E-05,  1.16614E-03,  2.56297E-03,  4.18324E-03,  6.04630E-03,NA,NA,NA,NA,NA,NA,NA,NA,NA,NA,NA,NA,NA,NA,NA,NA,NA,NA,NA,NA,NA,NA,NA,NA,NA,NA,NA,NA,NA,NA,NA,NA,  6.46998E-03,  4.55163E-03,  2.88176E-03,  1.44098E-03,  2.08650E-04, -8.36039E-04, -1.71342E-03, -2.44283E-03, -3.04234E-03, -3.52853E-03, -3.91646E-03, -4.21967E-03, -4.45021E-03, -4.61873E-03, -4.73461E-03, -4.80604E-03, -4.84014E-03, -4.84308E-03, -4.82021E-03, -4.77611E-03, -4.71472E-03, -4.63939E-03, -4.55300E-03, -4.45798E-03,
 -4.89487E-03, -5.02456E-03, -5.14843E-03, -5.26423E-03, -5.36927E-03, -5.46037E-03, -5.53373E-03, -5.58492E-03, -5.60867E-03, -5.59885E-03, -5.54829E-03, -5.44865E-03, -5.29027E-03, -5.06205E-03, -4.75124E-03, -4.34333E-03, -3.82196E-03, -3.16875E-03, -2.36339E-03, -1.38362E-03, -2.05481E-04,  1.19628E-03,  2.84764E-03,NA,NA,NA,NA,NA,NA,NA,NA,NA,NA,NA,NA,NA,NA,NA,NA,NA,NA,NA,NA,NA,NA,NA,NA,NA,NA,NA,NA,NA,NA,NA,NA,NA,NA,  3.27612E-03,  1.56305E-03,  1.07458E-04, -1.11719E-03, -2.13686E-03, -2.97626E-03, -3.65836E-03, -4.20420E-03, -4.63276E-03, -4.96099E-03, -5.20390E-03, -5.37466E-03, -5.48475E-03, -5.54414E-03, -5.56143E-03, -5.54403E-03, -5.49824E-03, -5.42948E-03, -5.34232E-03, -5.24066E-03, -5.12777E-03, -5.00642E-03, -4.87891E-03,
 -5.33275E-03, -5.49781E-03, -5.65999E-03, -5.81722E-03, -5.96700E-03, -6.10633E-03, -6.23157E-03, -6.33839E-03, -6.42162E-03, -6.47511E-03, -6.49160E-03, -6.46252E-03, -6.37784E-03, -6.22581E-03, -5.99280E-03, -5.66308E-03, -5.21858E-03, -4.63875E-03, -3.90041E-03, -2.97774E-03, -1.84235E-03, -4.63567E-04,  1.19099E-03,NA,NA,NA,NA,NA,NA,NA,NA,NA,NA,NA,NA,NA,NA,NA,NA,NA,NA,NA,NA,NA,NA,NA,NA,NA,NA,NA,NA,NA,NA,NA,NA,NA,NA,  1.68759E-03, -4.34619E-05, -1.48782E-03, -2.67899E-03, -3.64879E-03, -4.42677E-03, -5.03982E-03, -5.51210E-03, -5.86501E-03, -6.11738E-03, -6.28558E-03, -6.38379E-03, -6.42419E-03, -6.41721E-03, -6.37172E-03, -6.29525E-03, -6.19415E-03, -6.07378E-03, -5.93860E-03, -5.79237E-03, -5.63820E-03, -5.47866E-03, -5.31587E-03,
 -5.78515E-03, -5.98833E-03, -6.19200E-03, -6.39437E-03, -6.59322E-03, -6.78581E-03, -6.96877E-03, -7.13802E-03, -7.28860E-03, -7.41451E-03, -7.50857E-03, -7.56218E-03, -7.56509E-03, -7.50517E-03, -7.36809E-03, -7.13707E-03, -6.79255E-03, -6.31189E-03, -5.66911E-03, -4.83473E-03, -3.77567E-03, -2.45538E-03,NA,NA,NA,NA,NA,NA,NA,NA,NA,NA,NA,NA,NA,NA,NA,NA,NA,NA,NA,NA,NA,NA,NA,NA,NA,NA,NA,NA,NA,NA,NA,NA,NA,NA,NA,NA, -1.97686E-03, -3.37655E-03, -4.50201E-03, -5.39162E-03, -6.08017E-03, -6.59867E-03, -6.97444E-03, -7.23126E-03, -7.38965E-03, -7.46721E-03, -7.47893E-03, -7.43749E-03, -7.35357E-03, -7.23615E-03, -7.09272E-03, -6.92949E-03, -6.75163E-03, -6.56339E-03, -6.36825E-03, -6.16907E-03, -5.96815E-03, -5.76735E-03,
 -6.25023E-03, -6.49415E-03, -6.74241E-03, -6.99357E-03, -7.24577E-03, -7.49666E-03, -7.74326E-03, -7.98186E-03, -8.20789E-03, -8.41569E-03, -8.59837E-03, -8.74751E-03, -8.85295E-03, -8.90242E-03, -8.88122E-03, -8.77181E-03, -8.55341E-03, -8.20156E-03, -7.68770E-03, -6.97874E-03, -6.03683E-03,NA,NA,NA,NA,NA,NA,NA,NA,NA,NA,NA,NA,NA,NA,NA,NA,NA,NA,NA,NA,NA,NA,NA,NA,NA,NA,NA,NA,NA,NA,NA,NA,NA,NA,NA,NA,NA,NA, -5.59100E-03, -6.61122E-03, -7.38427E-03, -7.95044E-03, -8.34493E-03, -8.59809E-03, -8.73588E-03, -8.78029E-03, -8.74985E-03, -8.66006E-03, -8.52385E-03, -8.35190E-03, -8.15303E-03, -7.93449E-03, -7.70218E-03, -7.46090E-03, -7.21454E-03, -6.96620E-03, -6.71835E-03, -6.47295E-03, -6.23150E-03,
 -6.72580E-03, -7.01294E-03, -7.30874E-03, -7.61220E-03, -7.92191E-03, -8.23603E-03, -8.55211E-03, -8.86699E-03, -9.17665E-03, -9.47602E-03, -9.75872E-03, -1.00168E-02, -1.02406E-02, -1.04180E-02, -1.05342E-02, -1.05716E-02, -1.05084E-02, -1.03189E-02, -9.97235E-03, -9.43228E-03,NA,NA,NA,NA,NA,NA,NA,NA,NA,NA,NA,NA,NA,NA,NA,NA,NA,NA,NA,NA,NA,NA,NA,NA,NA,NA,NA,NA,NA,NA,NA,NA,NA,NA,NA,NA,NA,NA,NA,NA, -9.03038E-03, -9.64391E-03, -1.00495E-02, -1.02864E-02, -1.03878E-02, -1.03812E-02, -1.02899E-02, -1.01328E-02, -9.92562E-03, -9.68109E-03, -9.40961E-03, -9.11955E-03, -8.81766E-03, -8.50931E-03, -8.19874E-03, -7.88930E-03, -7.58358E-03, -7.28355E-03, -6.99070E-03, -6.70613E-03,
 -7.20933E-03, -7.54196E-03, -7.88802E-03, -8.24705E-03, -8.61822E-03, -9.00030E-03, -9.39152E-03, -9.78946E-03, -1.01909E-02, -1.05915E-02, -1.09858E-02, -1.13667E-02, -1.17251E-02, -1.20498E-02, -1.23266E-02, -1.25379E-02, -1.26619E-02, -1.26721E-02, -1.25361E-02,NA,NA,NA,NA,NA,NA,NA,NA,NA,NA,NA,NA,NA,NA,NA,NA,NA,NA,NA,NA,NA,NA,NA,NA,NA,NA,NA,NA,NA,NA,NA,NA,NA,NA,NA,NA,NA,NA,NA,NA,NA,NA, -1.21849E-02, -1.23864E-02, -1.24281E-02, -1.23454E-02, -1.21671E-02, -1.19168E-02, -1.16134E-02, -1.12722E-02, -1.09054E-02, -1.05227E-02, -1.01317E-02, -9.73831E-03, -9.34707E-03, -8.96152E-03, -8.58425E-03, -8.21719E-03, -7.86169E-03, -7.51867E-03, -7.18869E-03,
 -7.69795E-03, -8.07804E-03, -8.47681E-03, -8.89438E-03, -9.33062E-03, -9.78506E-03, -1.02568E-02, -1.07442E-02, -1.12452E-02, -1.17566E-02, -1.22739E-02, -1.27914E-02, -1.33012E-02, -1.37933E-02, -1.42546E-02, -1.46685E-02, -1.50141E-02, -1.52647E-02,NA,NA,NA,NA,NA,NA,NA,NA,NA,NA,NA,NA,NA,NA,NA,NA,NA,NA,NA,NA,NA,NA,NA,NA,NA,NA,NA,NA,NA,NA,NA,NA,NA,NA,NA,NA,NA,NA,NA,NA,NA,NA,NA,NA, -1.49659E-02, -1.47711E-02, -1.44694E-02, -1.40901E-02, -1.36563E-02, -1.31863E-02, -1.26942E-02, -1.21912E-02, -1.16858E-02, -1.11842E-02, -1.06914E-02, -1.02107E-02, -9.74482E-03, -9.29530E-03, -8.86327E-03, -8.44932E-03, -8.05369E-03, -7.67632E-03,
 -8.18845E-03, -8.61767E-03, -9.07119E-03, -9.54987E-03, -1.00544E-02, -1.05851E-02, -1.11421E-02, -1.17251E-02, -1.23330E-02, -1.29642E-02, -1.36156E-02, -1.42831E-02, -1.49608E-02, -1.56404E-02, -1.63109E-02, -1.69573E-02, -1.75605E-02,NA,NA,NA,NA,NA,NA,NA,NA,NA,NA,NA,NA,NA,NA,NA,NA,NA,NA,NA,NA,NA,NA,NA,NA,NA,NA,NA,NA,NA,NA,NA,NA,NA,NA,NA,NA,NA,NA,NA,NA,NA,NA,NA,NA,NA,NA, -1.73114E-02, -1.67538E-02, -1.61430E-02, -1.55007E-02, -1.48436E-02, -1.41839E-02, -1.35310E-02, -1.28915E-02, -1.22703E-02, -1.16706E-02, -1.10946E-02, -1.05434E-02, -1.00177E-02, -9.51749E-03, -9.04252E-03, -8.59221E-03, -8.16580E-03,
 -8.67733E-03, -9.15690E-03, -9.66679E-03, -1.02086E-02, -1.07840E-02, -1.13943E-02, -1.20409E-02, -1.27247E-02, -1.34462E-02, -1.42053E-02, -1.50011E-02, -1.58315E-02, -1.66930E-02, -1.75798E-02, -1.84837E-02, -1.93928E-02, -2.02908E-02,NA,NA,NA,NA,NA,NA,NA,NA,NA,NA,NA,NA,NA,NA,NA,NA,NA,NA,NA,NA,NA,NA,NA,NA,NA,NA,NA,NA,NA,NA,NA,NA,NA,NA,NA,NA,NA,NA,NA,NA,NA,NA,NA,NA,NA,NA, -2.00395E-02, -1.91877E-02, -1.83144E-02, -1.74387E-02, -1.65742E-02, -1.57307E-02, -1.49149E-02, -1.41310E-02, -1.33818E-02, -1.26686E-02, -1.19918E-02, -1.13512E-02, -1.07460E-02, -1.01750E-02, -9.63691E-03, -9.13032E-03, -8.65363E-03,
 -9.16081E-03, -9.69150E-03, -1.02588E-02, -1.08653E-02, -1.15135E-02, -1.22060E-02, -1.29455E-02, -1.37344E-02, -1.45750E-02, -1.54693E-02, -1.64186E-02, -1.74235E-02, -1.84834E-02, -1.95960E-02, -2.07568E-02, -2.19580E-02,NA,NA,NA,NA,NA,NA,NA,NA,NA,NA,NA,NA,NA,NA,NA,NA,NA,NA,NA,NA,NA,NA,NA,NA,NA,NA,NA,NA,NA,NA,NA,NA,NA,NA,NA,NA,NA,NA,NA,NA,NA,NA,NA,NA,NA,NA,NA,NA, -2.17541E-02, -2.05880E-02, -1.94547E-02, -1.83640E-02, -1.73216E-02, -1.63311E-02, -1.53936E-02, -1.45091E-02, -1.36768E-02, -1.28949E-02, -1.21614E-02, -1.14740E-02, -1.08303E-02, -1.02277E-02, -9.66374E-03, -9.13602E-03,
 -9.63485E-03, -1.02169E-02, -1.08421E-02, -1.15140E-02, -1.22362E-02, -1.30127E-02, -1.38474E-02, -1.47446E-02, -1.57087E-02, -1.67438E-02, -1.78542E-02, -1.90434E-02, -2.03146E-02, -2.16696E-02, -2.31087E-02, -2.46298E-02,NA,NA,NA,NA,NA,NA,NA,NA,NA,NA,NA,NA,NA,NA,NA,NA,NA,NA,NA,NA,NA,NA,NA,NA,NA,NA,NA,NA,NA,NA,NA,NA,NA,NA,NA,NA,NA,NA,NA,NA,NA,NA,NA,NA,NA,NA,NA,NA, -2.44296E-02, -2.29420E-02, -2.15291E-02, -2.01950E-02, -1.89408E-02, -1.77655E-02, -1.66667E-02, -1.56413E-02, -1.46854E-02, -1.37952E-02, -1.29665E-02, -1.21953E-02, -1.14776E-02, -1.08097E-02, -1.01879E-02, -9.60893E-03,
 -1.00953E-02, -1.07283E-02, -1.14113E-02, -1.21486E-02, -1.29451E-02, -1.38060E-02, -1.47372E-02, -1.57446E-02, -1.68349E-02, -1.80149E-02, -1.92918E-02, -2.06729E-02, -2.21657E-02, -2.37769E-02, -2.55128E-02,NA,NA,NA,NA,NA,NA,NA,NA,NA,NA,NA,NA,NA,NA,NA,NA,NA,NA,NA,NA,NA,NA,NA,NA,NA,NA,NA,NA,NA,NA,NA,NA,NA,NA,NA,NA,NA,NA,NA,NA,NA,NA,NA,NA,NA,NA,NA,NA,NA,NA, -2.53494E-02, -2.36379E-02, -2.20463E-02, -2.05697E-02, -1.92019E-02, -1.79363E-02, -1.67658E-02, -1.56837E-02, -1.46833E-02, -1.37582E-02, -1.29025E-02, -1.21106E-02, -1.13774E-02, -1.06981E-02, -1.00682E-02,
 -1.05377E-02, -1.12208E-02, -1.19605E-02, -1.27624E-02, -1.36325E-02, -1.45775E-02, -1.56050E-02, -1.67229E-02, -1.79404E-02, -1.92670E-02, -2.07136E-02, -2.22914E-02, -2.40127E-02, -2.58902E-02, -2.79372E-02,NA,NA,NA,NA,NA,NA,NA,NA,NA,NA,NA,NA,NA,NA,NA,NA,NA,NA,NA,NA,NA,NA,NA,NA,NA,NA,NA,NA,NA,NA,NA,NA,NA,NA,NA,NA,NA,NA,NA,NA,NA,NA,NA,NA,NA,NA,NA,NA,NA,NA, -2.77776E-02, -2.57528E-02, -2.38934E-02, -2.21873E-02, -2.06223E-02, -1.91867E-02, -1.78694E-02, -1.66601E-02, -1.55492E-02, -1.45279E-02, -1.35882E-02, -1.27229E-02, -1.19252E-02, -1.11892E-02, -1.05094E-02,
 -1.09578E-02, -1.16893E-02, -1.24841E-02, -1.33487E-02, -1.42907E-02, -1.53181E-02, -1.64402E-02, -1.76673E-02, -1.90108E-02, -2.04836E-02, -2.21000E-02, -2.38759E-02, -2.58289E-02, -2.79782E-02,NA,NA,NA,NA,NA,NA,NA,NA,NA,NA,NA,NA,NA,NA,NA,NA,NA,NA,NA,NA,NA,NA,NA,NA,NA,NA,NA,NA,NA,NA,NA,NA,NA,NA,NA,NA,NA,NA,NA,NA,NA,NA,NA,NA,NA,NA,NA,NA,NA,NA,NA,NA, -2.78417E-02, -2.57091E-02, -2.37704E-02, -2.20068E-02, -2.04011E-02, -1.89376E-02, -1.76022E-02, -1.63823E-02, -1.52665E-02, -1.42446E-02, -1.33075E-02, -1.24472E-02, -1.16562E-02, -1.09281E-02,
 -1.13511E-02, -1.21287E-02, -1.29760E-02, -1.39009E-02, -1.49118E-02, -1.60185E-02, -1.72321E-02, -1.85650E-02, -2.00313E-02, -2.16471E-02, -2.34305E-02, -2.54020E-02, -2.75851E-02, -3.00061E-02,NA,NA,NA,NA,NA,NA,NA,NA,NA,NA,NA,NA,NA,NA,NA,NA,NA,NA,NA,NA,NA,NA,NA,NA,NA,NA,NA,NA,NA,NA,NA,NA,NA,NA,NA,NA,NA,NA,NA,NA,NA,NA,NA,NA,NA,NA,NA,NA,NA,NA,NA,NA, -2.98692E-02, -2.74637E-02, -2.52942E-02, -2.33346E-02, -2.15619E-02, -1.99554E-02, -1.84974E-02, -1.71718E-02, -1.59647E-02, -1.48637E-02, -1.38579E-02, -1.29376E-02, -1.20942E-02, -1.13202E-02,
 -1.17134E-02, -1.25341E-02, -1.34307E-02, -1.44121E-02, -1.54879E-02, -1.66696E-02, -1.79698E-02, -1.94033E-02, -2.09868E-02, -2.27395E-02, -2.46835E-02, -2.68441E-02, -2.92508E-02, -3.19372E-02,NA,NA,NA,NA,NA,NA,NA,NA,NA,NA,NA,NA,NA,NA,NA,NA,NA,NA,NA,NA,NA,NA,NA,NA,NA,NA,NA,NA,NA,NA,NA,NA,NA,NA,NA,NA,NA,NA,NA,NA,NA,NA,NA,NA,NA,NA,NA,NA,NA,NA,NA,NA, -3.17977E-02, -2.91260E-02, -2.67327E-02, -2.45841E-02, -2.26509E-02, -2.09078E-02, -1.93328E-02, -1.79069E-02, -1.66134E-02, -1.54377E-02, -1.43672E-02, -1.33905E-02, -1.24981E-02, -1.16811E-02,
 -1.20406E-02, -1.29007E-02, -1.38426E-02, -1.48758E-02, -1.60115E-02, -1.72623E-02, -1.86428E-02, -2.01697E-02, -2.18623E-02, -2.37429E-02, -2.58375E-02, -2.81763E-02, -3.07944E-02,NA,NA,NA,NA,NA,NA,NA,NA,NA,NA,NA,NA,NA,NA,NA,NA,NA,NA,NA,NA,NA,NA,NA,NA,NA,NA,NA,NA,NA,NA,NA,NA,NA,NA,NA,NA,NA,NA,NA,NA,NA,NA,NA,NA,NA,NA,NA,NA,NA,NA,NA,NA,NA,NA, -3.06645E-02, -2.80599E-02, -2.57336E-02, -2.36502E-02, -2.17796E-02, -2.00959E-02, -1.85770E-02, -1.72036E-02, -1.59591E-02, -1.48289E-02, -1.38006E-02, -1.28632E-02, -1.20070E-02,
 -1.23290E-02, -1.32242E-02, -1.42064E-02, -1.52860E-02, -1.64753E-02, -1.77883E-02, -1.92410E-02, -2.08521E-02, -2.26434E-02, -2.46401E-02, -2.68717E-02, -2.93731E-02, -3.21851E-02,NA,NA,NA,NA,NA,NA,NA,NA,NA,NA,NA,NA,NA,NA,NA,NA,NA,NA,NA,NA,NA,NA,NA,NA,NA,NA,NA,NA,NA,NA,NA,NA,NA,NA,NA,NA,NA,NA,NA,NA,NA,NA,NA,NA,NA,NA,NA,NA,NA,NA,NA,NA,NA,NA, -3.20478E-02, -2.92503E-02, -2.67621E-02, -2.45424E-02, -2.25564E-02, -2.07747E-02, -1.91720E-02, -1.77268E-02, -1.64205E-02, -1.52371E-02, -1.41627E-02, -1.31851E-02, -1.22940E-02,
 -1.25750E-02, -1.35005E-02, -1.45174E-02, -1.56371E-02, -1.68728E-02, -1.82395E-02, -1.97549E-02, -2.14393E-02, -2.33166E-02, -2.54147E-02, -2.77664E-02, -3.04106E-02, -3.33934E-02,NA,NA,NA,NA,NA,NA,NA,NA,NA,NA,NA,NA,NA,NA,NA,NA,NA,NA,NA,NA,NA,NA,NA,NA,NA,NA,NA,NA,NA,NA,NA,NA,NA,NA,NA,NA,NA,NA,NA,NA,NA,NA,NA,NA,NA,NA,NA,NA,NA,NA,NA,NA,NA,NA, -3.32466E-02, -3.02799E-02, -2.76503E-02, -2.53116E-02, -2.32251E-02, -2.13581E-02, -1.96827E-02, -1.81753E-02, -1.68156E-02, -1.55862E-02, -1.44719E-02, -1.34599E-02, -1.25387E-02,
 -1.27756E-02, -1.37259E-02, -1.47715E-02, -1.59242E-02, -1.71981E-02, -1.86093E-02, -2.01764E-02, -2.19215E-02, -2.38701E-02, -2.60524E-02, -2.85040E-02, -3.12673E-02, -3.43927E-02,NA,NA,NA,NA,NA,NA,NA,NA,NA,NA,NA,NA,NA,NA,NA,NA,NA,NA,NA,NA,NA,NA,NA,NA,NA,NA,NA,NA,NA,NA,NA,NA,NA,NA,NA,NA,NA,NA,NA,NA,NA,NA,NA,NA,NA,NA,NA,NA,NA,NA,NA,NA,NA,NA, -3.42347E-02, -3.11275E-02, -2.83806E-02, -2.59433E-02, -2.37737E-02, -2.18362E-02, -2.01009E-02, -1.85422E-02, -1.71386E-02, -1.58713E-02, -1.47243E-02, -1.36839E-02, -1.27380E-02,
 -1.29284E-02, -1.38978E-02, -1.49652E-02, -1.61432E-02, -1.74464E-02, -1.88916E-02, -2.04986E-02, -2.22903E-02, -2.42938E-02, -2.65409E-02, -2.90695E-02, -3.19246E-02, -3.51603E-02,NA,NA,NA,NA,NA,NA,NA,NA,NA,NA,NA,NA,NA,NA,NA,NA,NA,NA,NA,NA,NA,NA,NA,NA,NA,NA,NA,NA,NA,NA,NA,NA,NA,NA,NA,NA,NA,NA,NA,NA,NA,NA,NA,NA,NA,NA,NA,NA,NA,NA,NA,NA,NA,NA, -3.49898E-02, -3.17752E-02, -2.89384E-02, -2.64258E-02, -2.41925E-02, -2.22011E-02, -2.04198E-02, -1.88220E-02, -1.73846E-02, -1.60884E-02, -1.49164E-02, -1.38544E-02, -1.28897E-02,
 -1.30314E-02, -1.40136E-02, -1.50958E-02, -1.62909E-02, -1.76139E-02, -1.90822E-02, -2.07161E-02, -2.25393E-02, -2.45799E-02, -2.68708E-02, -2.94513E-02, -3.23684E-02, -3.56782E-02,NA,NA,NA,NA,NA,NA,NA,NA,NA,NA,NA,NA,NA,NA,NA,NA,NA,NA,NA,NA,NA,NA,NA,NA,NA,NA,NA,NA,NA,NA,NA,NA,NA,NA,NA,NA,NA,NA,NA,NA,NA,NA,NA,NA,NA,NA,NA,NA,NA,NA,NA,NA,NA,NA, -3.54950E-02, -3.22092E-02, -2.93126E-02, -2.67497E-02, -2.44738E-02, -2.24463E-02, -2.06343E-02, -1.90101E-02, -1.75502E-02, -1.62345E-02, -1.50457E-02, -1.39691E-02, -1.29917E-02,
 -1.30834E-02, -1.40720E-02, -1.51616E-02, -1.63653E-02, -1.76982E-02, -1.91779E-02, -2.08252E-02, -2.26641E-02, -2.47229E-02, -2.70354E-02, -2.96415E-02, -3.25888E-02, -3.59346E-02,NA,NA,NA,NA,NA,NA,NA,NA,NA,NA,NA,NA,NA,NA,NA,NA,NA,NA,NA,NA,NA,NA,NA,NA,NA,NA,NA,NA,NA,NA,NA,NA,NA,NA,NA,NA,NA,NA,NA,NA,NA,NA,NA,NA,NA,NA,NA,NA,NA,NA,NA,NA,NA,NA, -3.57393E-02, -3.24204E-02, -2.94958E-02, -2.69090E-02, -2.46127E-02, -2.25677E-02, -2.07407E-02, -1.91037E-02, -1.76327E-02, -1.63074E-02, -1.51103E-02, -1.40265E-02, -1.30428E-02,
 -1.30836E-02, -1.40721E-02, -1.51616E-02, -1.63651E-02, -1.76978E-02, -1.91773E-02, -2.08241E-02, -2.26624E-02, -2.47205E-02, -2.70318E-02, -2.96362E-02, -3.25812E-02, -3.59238E-02,NA,NA,NA,NA,NA,NA,NA,NA,NA,NA,NA,NA,NA,NA,NA,NA,NA,NA,NA,NA,NA,NA,NA,NA,NA,NA,NA,NA,NA,NA,NA,NA,NA,NA,NA,NA,NA,NA,NA,NA,NA,NA,NA,NA,NA,NA,NA,NA,NA,NA,NA,NA,NA,NA, -3.57181E-02, -3.24051E-02, -2.94847E-02, -2.69009E-02, -2.46068E-02, -2.25634E-02, -2.07376E-02, -1.91014E-02, -1.76310E-02, -1.63062E-02, -1.51094E-02, -1.40258E-02, -1.30424E-02,
 -1.30320E-02, -1.40140E-02, -1.50959E-02, -1.62906E-02, -1.76129E-02, -1.90803E-02, -2.07130E-02, -2.25345E-02, -2.45726E-02, -2.68601E-02, -2.94359E-02, -3.23463E-02, -3.56466E-02,NA,NA,NA,NA,NA,NA,NA,NA,NA,NA,NA,NA,NA,NA,NA,NA,NA,NA,NA,NA,NA,NA,NA,NA,NA,NA,NA,NA,NA,NA,NA,NA,NA,NA,NA,NA,NA,NA,NA,NA,NA,NA,NA,NA,NA,NA,NA,NA,NA,NA,NA,NA,NA,NA, -3.54332E-02, -3.21645E-02, -2.92803E-02, -2.67261E-02, -2.44566E-02, -2.24337E-02, -2.06251E-02, -1.90034E-02, -1.75453E-02, -1.62309E-02, -1.50432E-02, -1.39673E-02, -1.29905E-02,
 -1.29294E-02, -1.38984E-02, -1.49653E-02, -1.61427E-02, -1.74449E-02, -1.88887E-02, -2.04937E-02, -2.22827E-02, -2.42824E-02, -2.65241E-02, -2.90452E-02, -3.18897E-02, -3.51104E-02,NA,NA,NA,NA,NA,NA,NA,NA,NA,NA,NA,NA,NA,NA,NA,NA,NA,NA,NA,NA,NA,NA,NA,NA,NA,NA,NA,NA,NA,NA,NA,NA,NA,NA,NA,NA,NA,NA,NA,NA,NA,NA,NA,NA,NA,NA,NA,NA,NA,NA,NA,NA,NA,NA, -3.48926E-02, -3.17049E-02, -2.88874E-02, -2.63886E-02, -2.41653E-02, -2.21812E-02, -2.04053E-02, -1.88113E-02, -1.73769E-02, -1.60828E-02, -1.49125E-02, -1.38516E-02, -1.28878E-02,
 -1.27771E-02, -1.37270E-02, -1.47719E-02, -1.59237E-02, -1.71962E-02, -1.86056E-02, -2.01702E-02, -2.19117E-02, -2.38553E-02, -2.60307E-02, -2.84726E-02, -3.12222E-02, -3.43285E-02,NA,NA,NA,NA,NA,NA,NA,NA,NA,NA,NA,NA,NA,NA,NA,NA,NA,NA,NA,NA,NA,NA,NA,NA,NA,NA,NA,NA,NA,NA,NA,NA,NA,NA,NA,NA,NA,NA,NA,NA,NA,NA,NA,NA,NA,NA,NA,NA,NA,NA,NA,NA,NA,NA, -3.41103E-02, -3.10373E-02, -2.83149E-02, -2.58954E-02, -2.37386E-02, -2.18105E-02, -2.00821E-02, -1.85285E-02, -1.71286E-02, -1.58641E-02, -1.47192E-02, -1.36803E-02, -1.27356E-02,
 -1.25770E-02, -1.35020E-02, -1.45181E-02, -1.56367E-02, -1.68709E-02, -1.82355E-02, -1.97478E-02, -2.14281E-02, -2.32996E-02, -2.53896E-02, -2.77301E-02, -3.03586E-02, -3.33195E-02,NA,NA,NA,NA,NA,NA,NA,NA,NA,NA,NA,NA,NA,NA,NA,NA,NA,NA,NA,NA,NA,NA,NA,NA,NA,NA,NA,NA,NA,NA,NA,NA,NA,NA,NA,NA,NA,NA,NA,NA,NA,NA,NA,NA,NA,NA,NA,NA,NA,NA,NA,NA,NA,NA, -3.31051E-02, -3.01768E-02, -2.75749E-02, -2.52564E-02, -2.31846E-02, -2.13284E-02, -1.96610E-02, -1.81595E-02, -1.68041E-02, -1.55779E-02, -1.44661E-02, -1.34558E-02, -1.25360E-02,
 -1.23316E-02, -1.32262E-02, -1.42075E-02, -1.52860E-02, -1.64736E-02, -1.77842E-02, -1.92336E-02, -2.08402E-02, -2.26252E-02, -2.46132E-02, -2.68329E-02, -2.93177E-02, -3.21066E-02,NA,NA,NA,NA,NA,NA,NA,NA,NA,NA,NA,NA,NA,NA,NA,NA,NA,NA,NA,NA,NA,NA,NA,NA,NA,NA,NA,NA,NA,NA,NA,NA,NA,NA,NA,NA,NA,NA,NA,NA,NA,NA,NA,NA,NA,NA,NA,NA,NA,NA,NA,NA,NA,NA, -3.18999E-02, -2.91420E-02, -2.66827E-02, -2.44841E-02, -2.25135E-02, -2.07432E-02, -1.91489E-02, -1.77100E-02, -1.64084E-02, -1.52284E-02, -1.41566E-02, -1.31810E-02, -1.22913E-02,
 -1.20439E-02, -1.29034E-02, -1.38443E-02, -1.48763E-02, -1.60103E-02, -1.72586E-02, -1.86358E-02, -2.01580E-02, -2.18442E-02, -2.37160E-02, -2.57986E-02, -2.81208E-02, -3.07161E-02,NA,NA,NA,NA,NA,NA,NA,NA,NA,NA,NA,NA,NA,NA,NA,NA,NA,NA,NA,NA,NA,NA,NA,NA,NA,NA,NA,NA,NA,NA,NA,NA,NA,NA,NA,NA,NA,NA,NA,NA,NA,NA,NA,NA,NA,NA,NA,NA,NA,NA,NA,NA,NA,NA, -3.05208E-02, -2.79541E-02, -2.56555E-02, -2.35926E-02, -2.17372E-02, -2.00648E-02, -1.85542E-02, -1.71870E-02, -1.59472E-02, -1.48205E-02, -1.37949E-02, -1.28594E-02, -1.20046E-02,
 -1.17173E-02, -1.25374E-02, -1.34332E-02, -1.44133E-02, -1.54874E-02, -1.66667E-02, -1.79636E-02, -1.93925E-02, -2.09698E-02, -2.27140E-02, -2.46465E-02, -2.67915E-02, -2.91769E-02, -3.18342E-02,NA,NA,NA,NA,NA,NA,NA,NA,NA,NA,NA,NA,NA,NA,NA,NA,NA,NA,NA,NA,NA,NA,NA,NA,NA,NA,NA,NA,NA,NA,NA,NA,NA,NA,NA,NA,NA,NA,NA,NA,NA,NA,NA,NA,NA,NA,NA,NA,NA,NA,NA,NA, -3.16223E-02, -2.89960E-02, -2.66362E-02, -2.45125E-02, -2.25979E-02, -2.08687E-02, -1.93041E-02, -1.78859E-02, -1.65983E-02, -1.54270E-02, -1.43597E-02, -1.33856E-02, -1.24950E-02, -1.16794E-02,
 -1.13557E-02, -1.21328E-02, -1.29793E-02, -1.39029E-02, -1.49122E-02, -1.60166E-02, -1.72271E-02, -1.85557E-02, -2.00163E-02, -2.16243E-02, -2.33972E-02, -2.53546E-02, -2.75188E-02, -2.99144E-02,NA,NA,NA,NA,NA,NA,NA,NA,NA,NA,NA,NA,NA,NA,NA,NA,NA,NA,NA,NA,NA,NA,NA,NA,NA,NA,NA,NA,NA,NA,NA,NA,NA,NA,NA,NA,NA,NA,NA,NA,NA,NA,NA,NA,NA,NA,NA,NA,NA,NA,NA,NA, -2.97237E-02, -2.73546E-02, -2.52126E-02, -2.32737E-02, -2.15166E-02, -1.99220E-02, -1.84729E-02, -1.71540E-02, -1.59520E-02, -1.48549E-02, -1.38520E-02, -1.29338E-02, -1.20921E-02, -1.13193E-02,
 -1.09632E-02, -1.16941E-02, -1.24882E-02, -1.33518E-02, -1.42922E-02, -1.53175E-02, -1.64367E-02, -1.76599E-02, -1.89983E-02, -2.04642E-02, -2.20715E-02, -2.38352E-02, -2.57721E-02, -2.79002E-02,NA,NA,NA,NA,NA,NA,NA,NA,NA,NA,NA,NA,NA,NA,NA,NA,NA,NA,NA,NA,NA,NA,NA,NA,NA,NA,NA,NA,NA,NA,NA,NA,NA,NA,NA,NA,NA,NA,NA,NA,NA,NA,NA,NA,NA,NA,NA,NA,NA,NA,NA,NA, -2.77326E-02, -2.56261E-02, -2.37077E-02, -2.19597E-02, -2.03660E-02, -1.89117E-02, -1.75834E-02, -1.63688E-02, -1.52571E-02, -1.42384E-02, -1.33037E-02, -1.24452E-02, -1.16555E-02, -1.09285E-02,
 -1.05438E-02, -1.12265E-02, -1.19655E-02, -1.27664E-02, -1.36351E-02, -1.45783E-02, -1.56032E-02, -1.67178E-02, -1.79307E-02, -1.92515E-02, -2.06903E-02, -2.22580E-02, -2.39662E-02, -2.58269E-02, -2.78522E-02,NA,NA,NA,NA,NA,NA,NA,NA,NA,NA,NA,NA,NA,NA,NA,NA,NA,NA,NA,NA,NA,NA,NA,NA,NA,NA,NA,NA,NA,NA,NA,NA,NA,NA,NA,NA,NA,NA,NA,NA,NA,NA,NA,NA,NA,NA,NA,NA,NA,NA, -2.76888E-02, -2.56829E-02, -2.38391E-02, -2.21457E-02, -2.05908E-02, -1.91633E-02, -1.78523E-02, -1.66479E-02, -1.55409E-02, -1.45225E-02, -1.35852E-02, -1.27215E-02, -1.19252E-02, -1.11901E-02, -1.05110E-02,
 -1.01021E-02, -1.07348E-02, -1.14171E-02, -1.21535E-02, -1.29489E-02, -1.38082E-02, -1.47372E-02, -1.57417E-02, -1.68282E-02, -1.80033E-02, -1.92738E-02, -2.06468E-02, -2.21293E-02, -2.37276E-02, -2.54475E-02,NA,NA,NA,NA,NA,NA,NA,NA,NA,NA,NA,NA,NA,NA,NA,NA,NA,NA,NA,NA,NA,NA,NA,NA,NA,NA,NA,NA,NA,NA,NA,NA,NA,NA,NA,NA,NA,NA,NA,NA,NA,NA,NA,NA,NA,NA,NA,NA,NA,NA, -2.53131E-02, -2.36069E-02, -2.20210E-02, -2.05498E-02, -1.91868E-02, -1.79253E-02, -1.67582E-02, -1.56788E-02, -1.46806E-02, -1.37573E-02, -1.29029E-02, -1.21121E-02, -1.13796E-02, -1.07009E-02, -1.00714E-02,
 -9.64235E-03, -1.02241E-02, -1.08488E-02, -1.15199E-02, -1.22411E-02, -1.30161E-02, -1.38490E-02, -1.47438E-02, -1.57047E-02, -1.67358E-02, -1.78410E-02, -1.90239E-02, -2.02872E-02, -2.16326E-02, -2.30602E-02, -2.45677E-02,NA,NA,NA,NA,NA,NA,NA,NA,NA,NA,NA,NA,NA,NA,NA,NA,NA,NA,NA,NA,NA,NA,NA,NA,NA,NA,NA,NA,NA,NA,NA,NA,NA,NA,NA,NA,NA,NA,NA,NA,NA,NA,NA,NA,NA,NA,NA,NA, -2.44518E-02, -2.29529E-02, -2.15341E-02, -2.01971E-02, -1.89418E-02, -1.77664E-02, -1.66680E-02, -1.56431E-02, -1.46879E-02, -1.37983E-02, -1.29701E-02, -1.21993E-02, -1.14820E-02, -1.08143E-02, -1.01927E-02, -9.61376E-03,
 -9.16891E-03, -9.69932E-03, -1.02662E-02, -1.08721E-02, -1.15194E-02, -1.22107E-02, -1.29486E-02, -1.37354E-02, -1.45734E-02, -1.54643E-02, -1.64095E-02, -1.74094E-02, -1.84633E-02, -1.95687E-02, -2.07213E-02, -2.19134E-02,NA,NA,NA,NA,NA,NA,NA,NA,NA,NA,NA,NA,NA,NA,NA,NA,NA,NA,NA,NA,NA,NA,NA,NA,NA,NA,NA,NA,NA,NA,NA,NA,NA,NA,NA,NA,NA,NA,NA,NA,NA,NA,NA,NA,NA,NA,NA,NA, -2.18272E-02, -2.06388E-02, -1.94907E-02, -1.83902E-02, -1.73415E-02, -1.63466E-02, -1.54064E-02, -1.45201E-02, -1.36865E-02, -1.29037E-02, -1.21696E-02, -1.14818E-02, -1.08376E-02, -1.02347E-02, -9.67049E-03, -9.14252E-03,
 -8.68596E-03, -9.16530E-03, -9.67480E-03, -1.02161E-02, -1.07907E-02, -1.14000E-02, -1.20451E-02, -1.27271E-02, -1.34464E-02, -1.42027E-02, -1.49951E-02, -1.58215E-02, -1.66781E-02, -1.75594E-02, -1.84571E-02, -1.93596E-02, -2.02509E-02,NA,NA,NA,NA,NA,NA,NA,NA,NA,NA,NA,NA,NA,NA,NA,NA,NA,NA,NA,NA,NA,NA,NA,NA,NA,NA,NA,NA,NA,NA,NA,NA,NA,NA,NA,NA,NA,NA,NA,NA,NA,NA,NA,NA,NA,NA, -2.01930E-02, -1.92992E-02, -1.83964E-02, -1.74998E-02, -1.66206E-02, -1.57666E-02, -1.49433E-02, -1.41540E-02, -1.34009E-02, -1.26849E-02, -1.20060E-02, -1.13637E-02, -1.07572E-02, -1.01852E-02, -9.64631E-03, -9.13904E-03, -8.66178E-03,
 -8.19753E-03, -8.62653E-03, -9.07971E-03, -9.55787E-03, -1.00616E-02, -1.05914E-02, -1.11472E-02, -1.17286E-02, -1.23345E-02, -1.29632E-02, -1.36116E-02, -1.42756E-02, -1.49492E-02, -1.56240E-02, -1.62891E-02, -1.69299E-02, -1.75273E-02,NA,NA,NA,NA,NA,NA,NA,NA,NA,NA,NA,NA,NA,NA,NA,NA,NA,NA,NA,NA,NA,NA,NA,NA,NA,NA,NA,NA,NA,NA,NA,NA,NA,NA,NA,NA,NA,NA,NA,NA,NA,NA,NA,NA,NA,NA, -1.74944E-02, -1.68913E-02, -1.62472E-02, -1.55805E-02, -1.49054E-02, -1.42326E-02, -1.35699E-02, -1.29231E-02, -1.22965E-02, -1.16926E-02, -1.11134E-02, -1.05598E-02, -1.00321E-02, -9.53038E-03, -9.05416E-03, -8.60282E-03, -8.17555E-03,
 -7.70738E-03, -8.08727E-03, -8.48570E-03, -8.90277E-03, -9.33832E-03, -9.79184E-03, -1.02623E-02, -1.07483E-02, -1.12474E-02, -1.17564E-02, -1.22709E-02, -1.27850E-02, -1.32908E-02, -1.37782E-02, -1.42342E-02, -1.46422E-02, -1.49811E-02, -1.52246E-02,NA,NA,NA,NA,NA,NA,NA,NA,NA,NA,NA,NA,NA,NA,NA,NA,NA,NA,NA,NA,NA,NA,NA,NA,NA,NA,NA,NA,NA,NA,NA,NA,NA,NA,NA,NA,NA,NA,NA,NA,NA,NA,NA,NA, -1.52227E-02, -1.49681E-02, -1.46213E-02, -1.42080E-02, -1.37485E-02, -1.32591E-02, -1.27524E-02, -1.22383E-02, -1.17242E-02, -1.12161E-02, -1.07182E-02, -1.02336E-02, -9.76459E-03, -9.31260E-03, -8.87857E-03, -8.46300E-03, -8.06603E-03, -7.68755E-03,
 -7.21904E-03, -7.55144E-03, -7.89716E-03, -8.25568E-03, -8.62614E-03, -9.00729E-03, -9.39729E-03, -9.79370E-03, -1.01932E-02, -1.05914E-02, -1.09828E-02, -1.13601E-02, -1.17144E-02, -1.20340E-02, -1.23047E-02, -1.25089E-02, -1.26244E-02, -1.26245E-02, -1.24764E-02,NA,NA,NA,NA,NA,NA,NA,NA,NA,NA,NA,NA,NA,NA,NA,NA,NA,NA,NA,NA,NA,NA,NA,NA,NA,NA,NA,NA,NA,NA,NA,NA,NA,NA,NA,NA,NA,NA,NA,NA,NA,NA, -1.25066E-02, -1.26390E-02, -1.26268E-02, -1.25021E-02, -1.22913E-02, -1.20158E-02, -1.16929E-02, -1.13366E-02, -1.09581E-02, -1.05662E-02, -1.01680E-02, -9.76897E-03, -9.37326E-03, -8.98413E-03, -8.60398E-03, -8.23459E-03, -7.87718E-03, -7.53258E-03, -7.20129E-03,
 -6.73569E-03, -7.02258E-03, -7.31800E-03, -7.62090E-03, -7.92987E-03, -8.24299E-03, -8.55778E-03, -8.87103E-03, -9.17863E-03, -9.47544E-03, -9.75498E-03, -1.00092E-02, -1.02282E-02, -1.03997E-02, -1.05089E-02, -1.05375E-02, -1.04635E-02, -1.02605E-02, -9.89684E-03, -9.33480E-03,NA,NA,NA,NA,NA,NA,NA,NA,NA,NA,NA,NA,NA,NA,NA,NA,NA,NA,NA,NA,NA,NA,NA,NA,NA,NA,NA,NA,NA,NA,NA,NA,NA,NA,NA,NA,NA,NA,NA,NA, -9.39513E-03, -9.93825E-03, -1.02866E-02, -1.04773E-02, -1.05416E-02, -1.05056E-02, -1.03909E-02, -1.02152E-02, -9.99333E-03, -9.73713E-03, -9.45637E-03, -9.15892E-03, -8.85111E-03, -8.53800E-03, -8.22359E-03, -7.91102E-03, -7.60273E-03, -7.30059E-03, -7.00598E-03, -6.71993E-03,
 -6.26024E-03, -6.50386E-03, -6.75169E-03, -7.00224E-03, -7.25362E-03, -7.50341E-03, -7.74860E-03, -7.98542E-03, -8.20918E-03, -8.41416E-03, -8.59331E-03, -8.73808E-03, -8.83809E-03, -8.88082E-03, -8.85121E-03, -8.73128E-03, -8.49962E-03, -8.13091E-03, -7.59539E-03, -6.85832E-03, -5.87953E-03,NA,NA,NA,NA,NA,NA,NA,NA,NA,NA,NA,NA,NA,NA,NA,NA,NA,NA,NA,NA,NA,NA,NA,NA,NA,NA,NA,NA,NA,NA,NA,NA,NA,NA,NA,NA,NA,NA, -5.96530E-03, -6.92376E-03, -7.64351E-03, -8.16457E-03, -8.52139E-03, -8.74344E-03, -8.85573E-03, -8.87936E-03, -8.83204E-03, -8.72858E-03, -8.58129E-03, -8.40037E-03, -8.19423E-03, -7.96977E-03, -7.73263E-03, -7.48740E-03, -7.23778E-03, -6.98675E-03, -6.73666E-03, -6.48938E-03, -6.24635E-03,
 -5.79520E-03, -5.99804E-03, -6.20121E-03, -6.40289E-03, -6.60082E-03, -6.79220E-03, -6.97362E-03, -7.14089E-03, -7.28896E-03, -7.41173E-03, -7.50186E-03, -7.55055E-03, -7.54732E-03, -7.47969E-03, -7.33295E-03, -7.08974E-03, -6.72975E-03, -6.22933E-03, -5.56116E-03, -4.69392E-03, -3.59206E-03, -2.21576E-03,NA,NA,NA,NA,NA,NA,NA,NA,NA,NA,NA,NA,NA,NA,NA,NA,NA,NA,NA,NA,NA,NA,NA,NA,NA,NA,NA,NA,NA,NA,NA,NA,NA,NA,NA,NA, -2.32012E-03, -3.67659E-03, -4.76076E-03, -5.61257E-03, -6.26753E-03, -6.75682E-03, -7.10760E-03, -7.34328E-03, -7.48395E-03, -7.54676E-03, -7.54625E-03, -7.49469E-03, -7.40242E-03, -7.27810E-03, -7.12897E-03, -6.96102E-03, -6.77923E-03, -6.58772E-03, -6.38985E-03, -6.18837E-03, -5.98551E-03, -5.78307E-03,
 -5.34280E-03, -5.50746E-03, -5.66907E-03, -5.82553E-03, -5.97428E-03, -6.11227E-03, -6.23580E-03, -6.34044E-03, -6.42091E-03, -6.47093E-03, -6.48308E-03, -6.44856E-03, -6.35705E-03, -6.19645E-03, -5.95267E-03, -5.60934E-03, -5.14759E-03, -4.54580E-03, -3.77940E-03, -2.82070E-03, -1.63893E-03, -2.00334E-04,  1.53141E-03,NA,NA,NA,NA,NA,NA,NA,NA,NA,NA,NA,NA,NA,NA,NA,NA,NA,NA,NA,NA,NA,NA,NA,NA,NA,NA,NA,NA,NA,NA,NA,NA,NA,NA,  1.41650E-03, -2.97632E-04, -1.71969E-03, -2.88636E-03, -3.83158E-03, -4.58619E-03, -5.17783E-03, -5.63098E-03, -5.96713E-03, -6.20498E-03, -6.36076E-03, -6.44840E-03, -6.47986E-03, -6.46535E-03, -6.41352E-03, -6.33172E-03, -6.22614E-03, -6.10199E-03, -5.96363E-03, -5.81470E-03, -5.65824E-03, -5.49674E-03, -5.33228E-03,
 -4.90488E-03, -5.03411E-03, -5.15734E-03, -5.27228E-03, -5.37619E-03, -5.46581E-03, -5.53730E-03, -5.58610E-03, -5.60686E-03, -5.59327E-03, -5.53799E-03, -5.43243E-03, -5.26666E-03, -5.02916E-03, -4.70670E-03, -4.28414E-03, -3.74428E-03, -3.06769E-03, -2.23270E-03, -1.21530E-03,  1.06505E-05,  1.47317E-03,  3.20158E-03,NA,NA,NA,NA,NA,NA,NA,NA,NA,NA,NA,NA,NA,NA,NA,NA,NA,NA,NA,NA,NA,NA,NA,NA,NA,NA,NA,NA,NA,NA,NA,NA,NA,NA,  3.09831E-03,  1.38407E-03, -6.48288E-05, -1.27807E-03, -2.28388E-03, -3.10853E-03, -3.77603E-03, -4.30805E-03, -4.72392E-03, -5.04075E-03, -5.27357E-03, -5.43550E-03, -5.53794E-03, -5.59074E-03, -5.60238E-03, -5.58012E-03, -5.53019E-03, -5.45788E-03, -5.36769E-03, -5.26343E-03, -5.14831E-03, -5.02503E-03, -4.89585E-03,
 -4.48299E-03, -4.57957E-03, -4.66763E-03, -4.74477E-03, -4.80813E-03, -4.85436E-03, -4.87953E-03, -4.87908E-03, -4.84768E-03, -4.77916E-03, -4.66639E-03, -4.50115E-03, -4.27402E-03, -3.97424E-03, -3.58962E-03, -3.10638E-03, -2.50907E-03, -1.78058E-03, -9.02058E-04,  1.46915E-04,  1.38814E-03,  2.84437E-03,  4.53875E-03,  6.49382E-03,NA,NA,NA,NA,NA,NA,NA,NA,NA,NA,NA,NA,NA,NA,NA,NA,NA,NA,NA,NA,NA,NA,NA,NA,NA,NA,NA,NA,NA,NA,NA,NA,  6.39094E-03,  4.44691E-03,  2.76384E-03,  1.31871E-03,  8.80762E-05, -9.51058E-04, -1.82063E-03, -2.54112E-03, -3.13138E-03, -3.60851E-03, -3.98790E-03, -4.28323E-03, -4.50665E-03, -4.66882E-03, -4.77909E-03, -4.84559E-03, -4.87538E-03, -4.87458E-03, -4.84846E-03, -4.80153E-03, -4.73768E-03, -4.66021E-03, -4.57196E-03, -4.47532E-03,
 -4.07836E-03, -4.14506E-03, -4.20116E-03, -4.24418E-03, -4.27120E-03, -4.27884E-03, -4.26321E-03, -4.21980E-03, -4.14341E-03, -4.02810E-03, -3.86706E-03, -3.65255E-03, -3.37579E-03, -3.02688E-03, -2.59474E-03, -2.06701E-03, -1.43007E-03, -6.69010E-04,  2.32243E-04,  1.29079E-03,  2.52445E-03,  3.95135E-03,  5.58924E-03,  7.45464E-03,  9.56164E-03,NA,NA,NA,NA,NA,NA,NA,NA,NA,NA,NA,NA,NA,NA,NA,NA,NA,NA,NA,NA,NA,NA,NA,NA,NA,NA,NA,NA,NA,NA,  9.46435E-03,  7.36503E-03,  5.50818E-03,  3.87925E-03,  2.46135E-03,  1.23642E-03,  1.86154E-04, -7.07432E-04, -1.46152E-03, -2.09223E-03, -2.61445E-03, -3.04180E-03, -3.38658E-03, -3.65983E-03, -3.87138E-03, -4.02996E-03, -4.14324E-03, -4.21798E-03, -4.26008E-03, -4.27467E-03, -4.26623E-03, -4.23861E-03, -4.19517E-03, -4.13878E-03, -4.07190E-03,
 -3.69190E-03, -3.73148E-03, -3.75877E-03, -3.77124E-03, -3.76598E-03, -3.73967E-03, -3.68848E-03, -3.60803E-03, -3.49334E-03, -3.33877E-03, -3.13792E-03, -2.88359E-03, -2.56772E-03, -2.18132E-03, -1.71445E-03, -1.15619E-03, -4.94674E-04,  2.82859E-04,  1.18993E-03,  2.24061E-03,  3.44920E-03,  4.82978E-03,  6.39556E-03,  8.15813E-03,  1.01263E-02,  1.23051E-02,NA,NA,NA,NA,NA,NA,NA,NA,NA,NA,NA,NA,NA,NA,NA,NA,NA,NA,NA,NA,NA,NA,NA,NA,NA,NA,NA,NA,  1.22170E-02,  1.00428E-02,  8.08037E-03,  6.32439E-03,  4.76566E-03,  3.39234E-03,  2.19092E-03,  1.14715E-03,  2.46590E-04, -5.24930E-04, -1.18098E-03, -1.73434E-03, -2.19689E-03, -2.57950E-03, -2.89210E-03, -3.14364E-03, -3.34212E-03, -3.49471E-03, -3.60775E-03, -3.68685E-03, -3.73697E-03, -3.76242E-03, -3.76700E-03, -3.75403E-03, -3.72637E-03, -3.68654E-03,
 -3.32427E-03, -3.33943E-03, -3.34094E-03, -3.32631E-03, -3.29267E-03, -3.23678E-03, -3.15495E-03, -3.04299E-03, -2.89619E-03, -2.70926E-03, -2.47625E-03, -2.19057E-03, -1.84490E-03, -1.43117E-03, -9.40595E-04, -3.63641E-04,  3.09890E-04,  1.09077E-03,  1.99020E-03,  3.01955E-03,  4.19005E-03,  5.51236E-03,  6.99596E-03,  8.64844E-03,  1.04746E-02,  1.24755E-02,  1.46470E-02,NA,NA,NA,NA,NA,NA,NA,NA,NA,NA,NA,NA,NA,NA,NA,NA,NA,NA,NA,NA,NA,NA,NA,NA,NA,NA,  1.45702E-02,  1.24006E-02,  1.04030E-02,  8.58111E-03,  6.93368E-03,  5.45564E-03,  4.13915E-03,  2.97450E-03,  1.95089E-03,  1.05696E-03,  2.81223E-04, -3.87560E-04, -9.60200E-04, -1.44691E-03, -1.85721E-03, -2.19988E-03, -2.48295E-03, -2.71371E-03, -2.89874E-03, -3.04394E-03, -3.15456E-03, -3.23530E-03, -3.29029E-03, -3.32322E-03, -3.33729E-03, -3.33535E-03, -3.31988E-03,
 -2.97589E-03, -2.96922E-03, -2.94788E-03, -2.90942E-03, -2.85107E-03, -2.76971E-03, -2.66182E-03, -2.52345E-03, -2.35019E-03, -2.13713E-03, -1.87883E-03, -1.56929E-03, -1.20196E-03, -7.69682E-04, -2.64767E-04,  3.20997E-04,  9.96260E-04,  1.76999E-03,  2.65132E-03,  3.64926E-03,  4.77243E-03,  6.02863E-03,  7.42432E-03,  8.96397E-03,  1.06494E-02,  1.24787E-02,  1.44456E-02,  1.65383E-02,NA,NA,NA,NA,NA,NA,NA,NA,NA,NA,NA,NA,NA,NA,NA,NA,NA,NA,NA,NA,NA,NA,NA,NA,  1.64733E-02,  1.43806E-02,  1.24149E-02,  1.05879E-02,  8.90572E-03,  7.36995E-03,  5.97862E-03,  4.72707E-03,  3.60867E-03,  2.61548E-03,  1.73876E-03,  9.69411E-04,  2.98246E-04, -2.83745E-04, -7.85231E-04, -1.21443E-03, -1.57903E-03, -1.88617E-03, -2.14238E-03, -2.35364E-03, -2.52536E-03, -2.66243E-03, -2.76923E-03, -2.84969E-03, -2.90730E-03, -2.94517E-03, -2.96605E-03, -2.97236E-03,
 -2.64694E-03, -2.62093E-03, -2.57950E-03, -2.52031E-03, -2.44069E-03, -2.33767E-03, -2.20794E-03, -2.04781E-03, -1.85320E-03, -1.61960E-03, -1.34208E-03, -1.01525E-03, -6.33286E-04, -1.89930E-04,  3.21474E-04,  9.07922E-04,  1.57665E-03,  2.33503E-03,  3.19036E-03,  4.14965E-03,  5.21932E-03,  6.40484E-03,  7.71025E-03,  9.13764E-03,  1.06865E-02,  1.23532E-02,  1.41301E-02,  1.60046E-02,  1.79593E-02,  1.99705E-02,NA,NA,NA,NA,NA,NA,NA,NA,NA,NA,NA,NA,NA,NA,NA,NA,NA,NA,NA,NA,  1.99194E-02,  1.79058E-02,  1.59498E-02,  1.40750E-02,  1.22989E-02,  1.06338E-02,  9.08726E-03,  7.66284E-03,  6.36085E-03,  5.17904E-03,  4.11324E-03,  3.15787E-03,  2.30640E-03,  1.55173E-03,  8.86518E-04,  3.03351E-04, -2.05037E-04, -6.45651E-04, -1.02515E-03, -1.34979E-03, -1.62538E-03, -1.85730E-03, -2.05045E-03, -2.20934E-03, -2.33801E-03, -2.44013E-03, -2.51901E-03, -2.57760E-03, -2.61853E-03, -2.64416E-03,
 -2.33741E-03, -2.29440E-03, -2.23551E-03, -2.15847E-03, -2.06077E-03, -1.93960E-03, -1.79188E-03, -1.61420E-03, -1.40280E-03, -1.15361E-03, -8.62191E-04, -5.23749E-04, -1.33166E-04,  3.14989E-04,  8.26407E-04,  1.40698E-03,  2.06268E-03,  2.79946E-03,  3.62306E-03,  4.53878E-03,  5.55125E-03,  6.66405E-03,  7.87934E-03,  9.19742E-03,  1.06162E-02,  1.21309E-02,  1.37329E-02,  1.54100E-02,  1.71456E-02,  1.89182E-02,  2.07017E-02,  2.24654E-02,NA,NA,NA,NA,NA,NA,NA,NA,NA,NA,NA,NA,NA,NA,NA,NA,  2.24286E-02,  2.06614E-02,  1.88751E-02,  1.71004E-02,  1.53636E-02,  1.36860E-02,  1.20844E-02,  1.05709E-02,  9.15381E-03,  7.83801E-03,  6.62540E-03,  5.51557E-03,  4.50624E-03,  3.59373E-03,  2.77335E-03,  2.03971E-03,  1.38701E-03,  8.09281E-04,  3.00503E-04, -1.45226E-04, -5.33605E-04, -8.70064E-04, -1.15972E-03, -1.40735E-03, -1.61738E-03, -1.79388E-03, -1.94058E-03, -2.06088E-03, -2.15785E-03, -2.23428E-03, -2.29268E-03, -2.33528E-03,
 -2.04711E-03, -1.98932E-03, -1.91539E-03, -1.82318E-03, -1.71033E-03, -1.57421E-03, -1.41198E-03, -1.22051E-03, -9.96401E-04, -7.35967E-04, -4.35260E-04, -9.00640E-05,  3.04079E-04,  7.51832E-04,  1.25801E-03,  1.82751E-03,  2.46519E-03,  3.17579E-03,  3.96371E-03,  4.83285E-03,  5.78636E-03,  6.82632E-03,  7.95347E-03,  9.16681E-03,  1.04632E-02,  1.18370E-02,  1.32796E-02,  1.47791E-02,  1.63201E-02,  1.78834E-02,  1.94461E-02,  2.09818E-02,  2.24614E-02,  2.38535E-02,  2.51255E-02,NA,NA,NA,NA,NA,NA,NA,NA,NA,NA,  2.51050E-02,  2.38291E-02,  2.24335E-02,  2.09506E-02,  1.94119E-02,  1.78468E-02,  1.62818E-02,  1.47396E-02,  1.32396E-02,  1.17972E-02,  1.04241E-02,  9.12903E-03,  7.91743E-03,  6.79238E-03,  5.75478E-03,  4.80383E-03,  3.93734E-03,  3.15209E-03,  2.44413E-03,  1.80901E-03,  1.24196E-03,  7.38082E-04,  2.92465E-04, -9.97165E-05, -4.43130E-04, -7.42232E-04, -1.00123E-03, -1.22408E-03, -1.41444E-03, -1.57570E-03, -1.71098E-03, -1.82313E-03, -1.91474E-03, -1.98817E-03, -2.04554E-03,
NA, -1.70521E-03, -1.61850E-03, -1.51357E-03, -1.38823E-03, -1.24007E-03, -1.06645E-03, -8.64543E-04, -6.31277E-04, -3.63372E-04, -5.73393E-05,  2.90503E-04,  6.83997E-04,  1.12711E-03,  1.62386E-03,  2.17827E-03,  2.79424E-03,  3.47546E-03,  4.22521E-03,  5.04623E-03,  5.94049E-03,  6.90893E-03,  7.95121E-03,  9.06542E-03,  1.02477E-02,  1.14922E-02,  1.27902E-02,  1.41307E-02,  1.54994E-02,  1.68793E-02,  1.82506E-02,  1.95906E-02,  2.08749E-02,  2.20772E-02,  2.31711E-02,  2.41306E-02,  2.49313E-02,  2.55520E-02,  2.59754E-02,  2.61894E-02,  2.61878E-02,  2.59706E-02,  2.55440E-02,  2.49201E-02,  2.41162E-02,  2.31534E-02,  2.20563E-02,  2.08510E-02,  1.95640E-02,  1.82215E-02,  1.68482E-02,  1.54667E-02,  1.40969E-02,  1.27560E-02,  1.14579E-02,  1.02140E-02,  9.03264E-03,  7.91977E-03,  6.87913E-03,  5.91258E-03,  5.02039E-03,  4.20154E-03,  3.45401E-03,  2.77502E-03,  2.16122E-03,  1.60892E-03,  1.11416E-03,  6.72924E-04,  2.81167E-04, -6.50815E-05, -3.69665E-04, -6.36264E-04, -8.68364E-04, -1.06924E-03, -1.24195E-03, -1.38932E-03, -1.51398E-03, -1.61832E-03, -1.70454E-03,NA,
NA,NA, -1.34403E-03, -1.22864E-03, -1.09323E-03, -9.35609E-04, -7.53378E-04, -5.43975E-04, -3.04661E-04, -3.25312E-05,  2.75470E-04,  6.22528E-04,  1.01192E-03,  1.44699E-03,  1.93106E-03,  2.46738E-03,  3.05902E-03,  3.70878E-03,  4.41904E-03,  5.19157E-03,  6.02743E-03,  6.92668E-03,  7.88820E-03,  8.90947E-03,  9.98628E-03,  1.11126E-02,  1.22801E-02,  1.34786E-02,  1.46951E-02,  1.59147E-02,  1.71200E-02,  1.82919E-02,  1.94095E-02,  2.04513E-02,  2.13954E-02,  2.22206E-02,  2.29072E-02,  2.34382E-02,  2.37998E-02,  2.39824E-02,  2.39810E-02,  2.37957E-02,  2.34313E-02,  2.28975E-02,  2.22081E-02,  2.13801E-02,  2.04334E-02,  1.93890E-02,  1.82690E-02,  1.70951E-02,  1.58881E-02,  1.46672E-02,  1.34497E-02,  1.22507E-02,  1.10831E-02,  9.95711E-03,  8.88099E-03,  7.86074E-03,  6.90050E-03,  6.00276E-03,  5.16858E-03,  4.39783E-03,  3.68942E-03,  3.04153E-03,  2.45174E-03,  1.91722E-03,  1.43488E-03,  1.00145E-03,  6.13586E-04,  2.67947E-04, -3.87523E-05, -3.09698E-04, -5.47945E-04, -7.56394E-04, -9.37779E-04, -1.09466E-03, -1.22941E-03, -1.34424E-03,NA,NA,
NA,NA,NA, -9.67268E-04, -8.23970E-04, -6.59199E-04, -4.70798E-04, -2.56470E-04, -1.37848E-05,  2.59809E-04,  5.66964E-04,  9.10414E-04,  1.29293E-03,  1.71730E-03,  2.18622E-03,  2.70228E-03,  3.26786E-03,  3.88501E-03,  4.55535E-03,  5.27992E-03,  6.05904E-03,  6.89212E-03,  7.77751E-03,  8.71229E-03,  9.69210E-03,  1.07110E-02,  1.17612E-02,  1.28331E-02,  1.39154E-02,  1.49948E-02,  1.60562E-02,  1.70833E-02,  1.80587E-02,  1.89642E-02,  1.97818E-02,  2.04942E-02,  2.10855E-02,  2.15417E-02,  2.18519E-02,  2.20084E-02,  2.20072E-02,  2.18483E-02,  2.15357E-02,  2.10770E-02,  2.04834E-02,  1.97686E-02,  1.89487E-02,  1.80411E-02,  1.70637E-02,  1.60349E-02,  1.49720E-02,  1.38914E-02,  1.28083E-02,  1.17358E-02,  1.06855E-02,  9.66681E-03,  8.68750E-03,  7.75349E-03,  6.86911E-03,  6.03723E-03,  5.25947E-03,  4.53637E-03,  3.86757E-03,  3.25198E-03,  2.68797E-03,  2.17345E-03,  1.70602E-03,  1.28309E-03,  9.01916E-04,  5.59725E-04,  2.53734E-04, -1.87907E-05, -2.60504E-04, -4.73956E-04, -6.61573E-04, -8.25648E-04, -9.68332E-04,NA,NA,NA,
NA,NA,NA,NA, -5.79038E-04, -4.09161E-04, -2.16727E-04,  3.05752E-07,  2.44077E-04,  5.16812E-04,  8.20795E-04,  1.15835E-03,  1.53180E-03,  1.94342E-03,  2.39540E-03,  2.88975E-03,  3.42826E-03,  4.01237E-03,  4.64309E-03,  5.32086E-03,  6.04547E-03,  6.81586E-03,  7.63000E-03,  8.48478E-03,  9.37582E-03,  1.02974E-02,  1.12423E-02,  1.22018E-02,  1.31657E-02,  1.41224E-02,  1.50590E-02,  1.59614E-02,  1.68149E-02,  1.76043E-02,  1.83149E-02,  1.89322E-02,  1.94433E-02,  1.98370E-02,  2.01043E-02,  2.02390E-02,  2.02380E-02,  2.01012E-02,  1.98318E-02,  1.94360E-02,  1.89228E-02,  1.83034E-02,  1.75909E-02,  1.67996E-02,  1.59445E-02,  1.50406E-02,  1.41028E-02,  1.31451E-02,  1.21804E-02,  1.12204E-02,  1.02753E-02,  9.35385E-03,  8.46316E-03,  7.60897E-03,  6.79561E-03,  6.02619E-03,  5.30268E-03,  4.62611E-03,  3.99667E-03,  3.41388E-03,  2.87670E-03,  2.38366E-03,  1.93297E-03,  1.52259E-03,  1.15032E-03,  8.13883E-04,  5.10939E-04,  2.39165E-04, -3.72663E-06, -2.19959E-04, -4.11670E-04, -5.80901E-04,NA,NA,NA,NA,
NA,NA,NA,NA, -3.57001E-04, -1.83803E-04,  1.08112E-05,  2.28647E-04,  4.71577E-04,  7.41522E-04,  1.04044E-03,  1.37027E-03,  1.73296E-03,  2.13034E-03,  2.56415E-03,  3.03591E-03,  3.54692E-03,  4.09813E-03,  4.69005E-03,  5.32268E-03,  5.99539E-03,  6.70679E-03,  7.45466E-03,  8.23577E-03,  9.04586E-03,  9.87951E-03,  1.07301E-02,  1.15897E-02,  1.24493E-02,  1.32987E-02,  1.41268E-02,  1.49214E-02,  1.56703E-02,  1.63607E-02,  1.69802E-02,  1.75171E-02,  1.79607E-02,  1.83017E-02,  1.85330E-02,  1.86495E-02,  1.86485E-02,  1.85302E-02,  1.82971E-02,  1.79543E-02,  1.75089E-02,  1.69703E-02,  1.63491E-02,  1.56571E-02,  1.49068E-02,  1.41109E-02,  1.32818E-02,  1.24315E-02,  1.15712E-02,  1.07111E-02,  9.86034E-03,  9.02672E-03,  8.21687E-03,  7.43620E-03,  6.68896E-03,  5.97832E-03,  5.30651E-03,  4.67487E-03,  4.08401E-03,  3.53391E-03,  3.02402E-03,  2.55338E-03,  2.12069E-03,  1.72438E-03,  1.36273E-03,  1.03388E-03,  7.35888E-04,  4.66803E-04,  2.24669E-04,  7.56076E-06, -1.86392E-04, -3.58991E-04,NA,NA,NA,NA,
NA,NA,NA,NA,NA,NA,  2.13756E-04,  4.30785E-04,  6.71262E-04,  9.36838E-04,  1.22917E-03,  1.54987E-03,  1.90054E-03,  2.28263E-03,  2.69750E-03,  3.14626E-03,  3.62980E-03,  4.14867E-03,  4.70301E-03,  5.29247E-03,  5.91611E-03,  6.57235E-03,  7.25884E-03,  7.97237E-03,  8.70886E-03,  9.46323E-03,  1.02294E-02,  1.10003E-02,  1.17680E-02,  1.25234E-02,  1.32570E-02,  1.39585E-02,  1.46174E-02,  1.52229E-02,  1.57649E-02,  1.62334E-02,  1.66197E-02,  1.69163E-02,  1.71172E-02,  1.72183E-02,  1.72175E-02,  1.71148E-02,  1.69123E-02,  1.66141E-02,  1.62263E-02,  1.57562E-02,  1.52129E-02,  1.46059E-02,  1.39459E-02,  1.32433E-02,  1.25087E-02,  1.17525E-02,  1.09843E-02,  1.02129E-02,  9.44653E-03,  8.69215E-03,  7.95582E-03,  7.24262E-03,  6.55662E-03,  5.90099E-03,  5.27808E-03,  4.68944E-03,  4.13598E-03,  3.61804E-03,  3.13545E-03,  2.68765E-03,  2.27374E-03,  1.89258E-03,  1.54282E-03,  1.22298E-03,  9.31468E-04,  6.66661E-04,  4.26899E-04,  2.10531E-04,NA,NA,NA,NA,NA,NA,
NA,NA,NA,NA,NA,NA,NA,  6.08866E-04,  8.45566E-04,  1.10550E-03,  1.39005E-03,  1.70057E-03,  2.03831E-03,  2.40445E-03,  2.79998E-03,  3.22570E-03,  3.68217E-03,  4.16960E-03,  4.68784E-03,  5.23629E-03,  5.81382E-03,  6.41871E-03,  7.04857E-03,  7.70028E-03,  8.36998E-03,  9.05296E-03,  9.74370E-03,  1.04359E-02,  1.11224E-02,  1.17954E-02,  1.24467E-02,  1.30674E-02,  1.36486E-02,  1.41813E-02,  1.46568E-02,  1.50671E-02,  1.54047E-02,  1.56636E-02,  1.58387E-02,  1.59268E-02,  1.59261E-02,  1.58366E-02,  1.56601E-02,  1.53999E-02,  1.50609E-02,  1.46493E-02,  1.41725E-02,  1.36387E-02,  1.30564E-02,  1.24348E-02,  1.17827E-02,  1.11089E-02,  1.04219E-02,  9.72933E-03,  9.03838E-03,  8.35535E-03,  7.68576E-03,  7.03429E-03,  6.40481E-03,  5.80041E-03,  5.22348E-03,  4.67570E-03,  4.15819E-03,  3.67153E-03,  3.21588E-03,  2.79098E-03,  2.39627E-03,  2.03095E-03,  1.69399E-03,  1.38423E-03,  1.10041E-03,  8.41159E-04,  6.05101E-04,NA,NA,NA,NA,NA,NA,NA,
NA,NA,NA,NA,NA,NA,NA,NA,  9.96785E-04,  1.25007E-03,  1.52594E-03,  1.82550E-03,  2.14974E-03,  2.49955E-03,  2.87566E-03,  3.27860E-03,  3.70864E-03,  4.16576E-03,  4.64958E-03,  5.15931E-03,  5.69370E-03,  6.25096E-03,  6.82873E-03,  7.42402E-03,  8.03320E-03,  8.65194E-03,  9.27526E-03,  9.89750E-03,  1.05124E-02,  1.11131E-02,  1.16925E-02,  1.22431E-02,  1.27571E-02,  1.32270E-02,  1.36455E-02,  1.40059E-02,  1.43020E-02,  1.45287E-02,  1.46819E-02,  1.47590E-02,  1.47583E-02,  1.46801E-02,  1.45256E-02,  1.42977E-02,  1.40004E-02,  1.36389E-02,  1.32193E-02,  1.27484E-02,  1.22335E-02,  1.16821E-02,  1.11020E-02,  1.05007E-02,  9.88528E-03,  9.26270E-03,  8.63918E-03,  8.02036E-03,  7.41124E-03,  6.81613E-03,  6.23866E-03,  5.68180E-03,  5.14789E-03,  4.63871E-03,  4.15550E-03,  3.69904E-03,  3.26968E-03,  2.86745E-03,  2.49204E-03,  2.14293E-03,  1.81938E-03,  1.52049E-03,  1.24526E-03,  9.92587E-04,NA,NA,NA,NA,NA,NA,NA,NA,
NA,NA,NA,NA,NA,NA,NA,NA,NA,  1.37295E-03,  1.63948E-03,  1.92755E-03,  2.23795E-03,  2.57132E-03,  2.92818E-03,  3.30881E-03,  3.71328E-03,  4.14137E-03,  4.59255E-03,  5.06590E-03,  5.56008E-03,  6.07330E-03,  6.60326E-03,  7.14713E-03,  7.70154E-03,  8.26253E-03,  8.82559E-03,  9.38568E-03,  9.93730E-03,  1.04745E-02,  1.09910E-02,  1.14804E-02,  1.19361E-02,  1.23518E-02,  1.27212E-02,  1.30387E-02,  1.32992E-02,  1.34985E-02,  1.36330E-02,  1.37006E-02,  1.37001E-02,  1.36314E-02,  1.34958E-02,  1.32955E-02,  1.30340E-02,  1.27155E-02,  1.23451E-02,  1.19286E-02,  1.14720E-02,  1.09819E-02,  1.04648E-02,  9.92704E-03,  9.37500E-03,  8.81459E-03,  8.25133E-03,  7.69026E-03,  7.13588E-03,  6.59213E-03,  6.06240E-03,  5.54949E-03,  5.05570E-03,  4.58281E-03,  4.13215E-03,  3.70460E-03,  3.30071E-03,  2.92068E-03,  2.56444E-03,  2.23167E-03,  1.92188E-03,  1.63439E-03,  1.36842E-03,NA,NA,NA,NA,NA,NA,NA,NA,NA,
