  1.53255E-02,  1.57654E-02,  1.62178E-02,  1.66822E-02,  1.71579E-02,  1.76440E-02,  1.81392E-02,  1.86422E-02,  1.91511E-02,  1.96637E-02,  2.01772E-02,  2.06886E-02,  2.11943E-02,  2.16901E-02,  2.21713E-02,  2.26327E-02,  2.30686E-02,  2.34724E-02,  2.38376E-02,  2.41568E-02,  2.44226E-02,  2.46273E-02,  2.47634E-02,  2.48233E-02,  2.47999E-02,  2.46869E-02,  2.44786E-02,  2.41706E-02,  2.37597E-02,  2.32443E-02,  2.26243E-02,  2.19013E-02,  2.10789E-02,  2.01622E-02,  1.91580E-02,  1.80745E-02,  1.69213E-02,  1.57087E-02,  1.44482E-02,  1.31513E-02,  1.18297E-02,  1.04952E-02,  9.15897E-03,  7.83168E-03,  6.52319E-03,  5.24242E-03,  3.99730E-03,  2.79467E-03,  1.64027E-03,  5.38767E-04, -5.06219E-04, -1.49205E-03, -2.41702E-03, -3.28022E-03, -4.08151E-03, -4.82136E-03, -5.50082E-03, -6.12140E-03, -6.68497E-03, -7.19371E-03, -7.65005E-03, -8.05656E-03, -8.41592E-03, -8.73089E-03, -9.00423E-03, -9.23871E-03, -9.43703E-03, -9.60183E-03, -9.73569E-03, -9.84105E-03, -9.92027E-03, -9.97559E-03, -1.00091E-02, -1.00228E-02, -1.00186E-02, -9.99819E-03, -9.96321E-03, -9.91518E-03, -9.85550E-03, -9.78546E-03,
  1.58433E-02,  1.63177E-02,  1.68072E-02,  1.73114E-02,  1.78298E-02,  1.83616E-02,  1.89057E-02,  1.94607E-02,  2.00248E-02,  2.05958E-02,  2.11710E-02,  2.17471E-02,  2.23204E-02,  2.28864E-02,  2.34399E-02,  2.39753E-02,  2.44859E-02,  2.49648E-02,  2.54041E-02,  2.57956E-02,  2.61304E-02,  2.63996E-02,  2.65941E-02,  2.67048E-02,  2.67232E-02,  2.66414E-02,  2.64523E-02,  2.61503E-02,  2.57313E-02,  2.51928E-02,  2.45345E-02,  2.37580E-02,  2.28672E-02,  2.18680E-02,  2.07683E-02,  1.95779E-02,  1.83079E-02,  1.69707E-02,  1.55796E-02,  1.41484E-02,  1.26908E-02,  1.12204E-02,  9.75032E-03,  8.29282E-03,  6.85916E-03,  5.45946E-03,  4.10255E-03,  2.79599E-03,  1.54601E-03,  3.57541E-04, -7.65703E-04, -1.82115E-03, -2.80729E-03, -3.72352E-03, -4.57009E-03, -5.34794E-03, -6.05861E-03, -6.70411E-03, -7.28688E-03, -7.80963E-03, -8.27529E-03, -8.68695E-03, -9.04779E-03, -9.36100E-03, -9.62979E-03, -9.85730E-03, -1.00466E-02, -1.02007E-02, -1.03224E-02, -1.04144E-02, -1.04794E-02, -1.05197E-02, -1.05378E-02, -1.05357E-02, -1.05154E-02, -1.04788E-02, -1.04277E-02, -1.03636E-02, -1.02881E-02, -1.02024E-02,
  1.63713E-02,  1.68822E-02,  1.74111E-02,  1.79577E-02,  1.85218E-02,  1.91027E-02,  1.96995E-02,  2.03110E-02,  2.09353E-02,  2.15705E-02,  2.22138E-02,  2.28618E-02,  2.35106E-02,  2.41555E-02,  2.47909E-02,  2.54105E-02,  2.60072E-02,  2.65728E-02,  2.70986E-02,  2.75750E-02,  2.79917E-02,  2.83382E-02,  2.86036E-02,  2.87770E-02,  2.88480E-02,  2.88067E-02,  2.86444E-02,  2.83539E-02,  2.79298E-02,  2.73687E-02,  2.66697E-02,  2.58345E-02,  2.48673E-02,  2.37749E-02,  2.25668E-02,  2.12542E-02,  1.98507E-02,  1.83708E-02,  1.68303E-02,  1.52456E-02,  1.36327E-02,  1.20078E-02,  1.03861E-02,  8.78156E-03,  7.20724E-03,  5.67454E-03,  4.19335E-03,  2.77195E-03,  1.41703E-03,  1.33776E-04, -1.07409E-03, -2.20416E-03, -3.25522E-03, -4.22713E-03, -5.12062E-03, -5.93724E-03, -6.67912E-03, -7.34895E-03, -7.94977E-03, -8.48495E-03, -8.95803E-03, -9.37268E-03, -9.73264E-03, -1.00416E-02, -1.03033E-02, -1.05212E-02, -1.06989E-02, -1.08396E-02, -1.09466E-02, -1.10229E-02, -1.10713E-02, -1.10944E-02, -1.10948E-02, -1.10748E-02, -1.10365E-02, -1.09820E-02, -1.09130E-02, -1.08312E-02, -1.07383E-02, -1.06355E-02,
  1.69084E-02,  1.74577E-02,  1.80282E-02,  1.86199E-02,  1.92327E-02,  1.98663E-02,  2.05199E-02,  2.11925E-02,  2.18825E-02,  2.25880E-02,  2.33063E-02,  2.40340E-02,  2.47671E-02,  2.55006E-02,  2.62286E-02,  2.69443E-02,  2.76396E-02,  2.83056E-02,  2.89323E-02,  2.95086E-02,  3.00227E-02,  3.04619E-02,  3.08133E-02,  3.10639E-02,  3.12007E-02,  3.12117E-02,  3.10860E-02,  3.08142E-02,  3.03893E-02,  2.98067E-02,  2.90647E-02,  2.81649E-02,  2.71121E-02,  2.59141E-02,  2.45820E-02,  2.31294E-02,  2.15723E-02,  1.99282E-02,  1.82160E-02,  1.64550E-02,  1.46644E-02,  1.28631E-02,  1.10688E-02,  9.29795E-03,  7.56523E-03,  5.88361E-03,  4.26408E-03,  2.71571E-03,  1.24563E-03, -1.40824E-04, -1.44002E-03, -2.64985E-03, -3.76956E-03, -4.79958E-03, -5.74134E-03, -6.59709E-03, -7.36976E-03, -8.06280E-03, -8.68003E-03, -9.22555E-03, -9.70362E-03, -1.01186E-02, -1.04748E-02, -1.07766E-02, -1.10281E-02, -1.12335E-02, -1.13966E-02, -1.15211E-02, -1.16106E-02, -1.16683E-02, -1.16975E-02, -1.17009E-02, -1.16813E-02, -1.16411E-02, -1.15827E-02, -1.15082E-02, -1.14195E-02, -1.13183E-02, -1.12063E-02, -1.10850E-02,
  1.74532E-02,  1.80429E-02,  1.86572E-02,  1.92966E-02,  1.99612E-02,  2.06510E-02,  2.13656E-02,  2.21043E-02,  2.28656E-02,  2.36479E-02,  2.44487E-02,  2.52646E-02,  2.60916E-02,  2.69246E-02,  2.77573E-02,  2.85822E-02,  2.93908E-02,  3.01730E-02,  3.09173E-02,  3.16112E-02,  3.22409E-02,  3.27914E-02,  3.32474E-02,  3.35929E-02,  3.38122E-02,  3.38903E-02,  3.38135E-02,  3.35699E-02,  3.31502E-02,  3.25481E-02,  3.17610E-02,  3.07902E-02,  2.96410E-02,  2.83226E-02,  2.68482E-02,  2.52340E-02,  2.34994E-02,  2.16654E-02,  1.97547E-02,  1.77904E-02,  1.57955E-02,  1.37921E-02,  1.18011E-02,  9.84136E-03,  7.92989E-03,  6.08125E-03,  4.30764E-03,  2.61889E-03,  1.02250E-03, -4.76150E-04, -1.87368E-03, -3.16845E-03, -4.36037E-03, -5.45064E-03, -6.44156E-03, -7.33632E-03, -8.13877E-03, -8.85330E-03, -9.48465E-03, -1.00378E-02, -1.05178E-02, -1.09298E-02, -1.12789E-02, -1.15700E-02, -1.18080E-02, -1.19973E-02, -1.21424E-02, -1.22474E-02, -1.23161E-02, -1.23524E-02, -1.23594E-02, -1.23403E-02, -1.22981E-02, -1.22354E-02, -1.21546E-02, -1.20580E-02, -1.19475E-02, -1.18251E-02, -1.16924E-02, -1.15510E-02,
  1.80043E-02,  1.86360E-02,  1.92964E-02,  1.99860E-02,  2.07055E-02,  2.14553E-02,  2.22352E-02,  2.30449E-02,  2.38835E-02,  2.47496E-02,  2.56408E-02,  2.65541E-02,  2.74855E-02,  2.84299E-02,  2.93807E-02,  3.03300E-02,  3.12684E-02,  3.21848E-02,  3.30665E-02,  3.38988E-02,  3.46659E-02,  3.53501E-02,  3.59331E-02,  3.63954E-02,  3.67180E-02,  3.68820E-02,  3.68701E-02,  3.66671E-02,  3.62607E-02,  3.56425E-02,  3.48086E-02,  3.37596E-02,  3.25014E-02,  3.10451E-02,  2.94062E-02,  2.76046E-02,  2.56635E-02,  2.36086E-02,  2.14674E-02,  1.92676E-02,  1.70366E-02,  1.48009E-02,  1.25847E-02,  1.04101E-02,  8.29656E-03,  6.26039E-03,  4.31507E-03,  2.47115E-03,  7.36383E-04, -8.83992E-04, -2.38705E-03, -3.77187E-03, -5.03925E-03, -6.19145E-03, -7.23185E-03, -8.16479E-03, -8.99529E-03, -9.72884E-03, -1.03713E-02, -1.09286E-02, -1.14068E-02, -1.18119E-02, -1.21499E-02, -1.24262E-02, -1.26465E-02, -1.28158E-02, -1.29390E-02, -1.30208E-02, -1.30654E-02, -1.30767E-02, -1.30584E-02, -1.30139E-02, -1.29463E-02, -1.28583E-02, -1.27527E-02, -1.26317E-02, -1.24975E-02, -1.23519E-02, -1.21967E-02, -1.20334E-02,
  1.85599E-02,  1.92353E-02,  1.99437E-02,  2.06861E-02,  2.14636E-02,  2.22769E-02,  2.31265E-02,  2.40124E-02,  2.49344E-02,  2.58913E-02,  2.68815E-02,  2.79021E-02,  2.89493E-02,  3.00182E-02,  3.11020E-02,  3.21926E-02,  3.32798E-02,  3.43514E-02,  3.53932E-02,  3.63886E-02,  3.73191E-02,  3.81641E-02,  3.89015E-02,  3.95079E-02,  3.99596E-02,  4.02332E-02,  4.03068E-02,  4.01607E-02,  3.97789E-02,  3.91499E-02,  3.82678E-02,  3.71325E-02,  3.57507E-02,  3.41353E-02,  3.23052E-02,  3.02846E-02,  2.81020E-02,  2.57888E-02,  2.33782E-02,  2.09041E-02,  1.83994E-02,  1.58953E-02,  1.34207E-02,  1.10012E-02,  8.65871E-03,  6.41177E-03,  4.27507E-03,  2.25975E-03,  3.73654E-04, -1.37840E-03, -2.99423E-03, -4.47394E-03, -5.81956E-03, -7.03468E-03, -8.12409E-03, -9.09353E-03, -9.94943E-03, -1.06986E-02, -1.13482E-02, -1.19053E-02, -1.23772E-02, -1.27707E-02, -1.30927E-02, -1.33496E-02, -1.35475E-02, -1.36923E-02, -1.37894E-02, -1.38438E-02, -1.38602E-02, -1.38429E-02, -1.37958E-02, -1.37226E-02, -1.36265E-02, -1.35106E-02, -1.33775E-02, -1.32297E-02, -1.30694E-02, -1.28986E-02, -1.27190E-02, -1.25323E-02,
  1.91178E-02,  1.98386E-02,  2.05969E-02,  2.13945E-02,  2.22327E-02,  2.31131E-02,  2.40366E-02,  2.50041E-02,  2.60156E-02,  2.70710E-02,  2.81689E-02,  2.93072E-02,  3.04826E-02,  3.16903E-02,  3.29238E-02,  3.41745E-02,  3.54319E-02,  3.66828E-02,  3.79113E-02,  3.90988E-02,  4.02238E-02,  4.12623E-02,  4.21877E-02,  4.29718E-02,  4.35852E-02,  4.39988E-02,  4.41844E-02,  4.41169E-02,  4.37749E-02,  4.31430E-02,  4.22123E-02,  4.09819E-02,  3.94590E-02,  3.76590E-02,  3.56050E-02,  3.33268E-02,  3.08596E-02,  2.82421E-02,  2.55152E-02,  2.27200E-02,  1.98962E-02,  1.70813E-02,  1.43091E-02,  1.16094E-02,  9.00736E-03,  6.52340E-03,  4.17344E-03,  1.96907E-03, -8.21341E-05, -1.97609E-03, -3.71177E-03, -5.29074E-03, -6.71662E-03, -7.99473E-03, -9.13164E-03, -1.01348E-02, -1.10123E-02, -1.17727E-02, -1.24244E-02, -1.29760E-02, -1.34359E-02, -1.38122E-02, -1.41127E-02, -1.43446E-02, -1.45149E-02, -1.46301E-02, -1.46962E-02, -1.47186E-02, -1.47025E-02, -1.46525E-02, -1.45728E-02, -1.44674E-02, -1.43396E-02, -1.41927E-02, -1.40293E-02, -1.38522E-02, -1.36635E-02, -1.34653E-02, -1.32593E-02, -1.30473E-02,
  1.96759E-02,  2.04433E-02,  2.12533E-02,  2.21081E-02,  2.30099E-02,  2.39607E-02,  2.49624E-02,  2.60164E-02,  2.71239E-02,  2.82852E-02,  2.95001E-02,  3.07672E-02,  3.20839E-02,  3.34459E-02,  3.48471E-02,  3.62791E-02,  3.77310E-02,  3.91886E-02,  4.06347E-02,  4.20484E-02,  4.34051E-02,  4.46766E-02,  4.58314E-02,  4.68350E-02,  4.76513E-02,  4.82435E-02,  4.85758E-02,  4.86154E-02,  4.83341E-02,  4.77108E-02,  4.67328E-02,  4.53974E-02,  4.37125E-02,  4.16966E-02,  3.93784E-02,  3.67949E-02,  3.39899E-02,  3.10117E-02,  2.79108E-02,  2.47375E-02,  2.15402E-02,  1.83636E-02,  1.52478E-02,  1.22272E-02,  9.33031E-03,  6.57972E-03,  3.99236E-03,  1.57987E-03, -6.50833E-04, -2.69694E-03, -4.55912E-03, -6.24087E-03, -7.74798E-03, -9.08793E-03, -1.02695E-02, -1.13022E-02, -1.21963E-02, -1.29619E-02, -1.36095E-02, -1.41490E-02, -1.45904E-02, -1.49428E-02, -1.52153E-02, -1.54159E-02, -1.55526E-02, -1.56325E-02, -1.56620E-02, -1.56474E-02, -1.55940E-02, -1.55069E-02, -1.53905E-02, -1.52490E-02, -1.50860E-02, -1.49048E-02, -1.47083E-02, -1.44991E-02, -1.42796E-02, -1.40518E-02, -1.38174E-02, -1.35782E-02,
  2.02315E-02,  2.10467E-02,  2.19098E-02,  2.28238E-02,  2.37915E-02,  2.48159E-02,  2.58996E-02,  2.70451E-02,  2.82546E-02,  2.95296E-02,  3.08709E-02,  3.22782E-02,  3.37499E-02,  3.52829E-02,  3.68716E-02,  3.85083E-02,  4.01818E-02,  4.18776E-02,  4.35771E-02,  4.52571E-02,  4.68898E-02,  4.84423E-02,  4.98771E-02,  5.11524E-02,  5.22236E-02,  5.30443E-02,  5.35685E-02,  5.37532E-02,  5.35611E-02,  5.29632E-02,  5.19412E-02,  5.04899E-02,  4.86179E-02,  4.63478E-02,  4.37151E-02,  4.07666E-02,  3.75575E-02,  3.41485E-02,  3.06024E-02,  2.69814E-02,  2.33447E-02,  1.97458E-02,  1.62320E-02,  1.28431E-02,  9.61109E-03,  6.56072E-03,  3.70949E-03,  1.06860E-03, -1.35637E-03, -3.56455E-03, -5.55900E-03, -7.34585E-03, -8.93365E-03, -1.03327E-02, -1.15543E-02, -1.26108E-02, -1.35146E-02, -1.42781E-02, -1.49138E-02, -1.54333E-02, -1.58482E-02, -1.61691E-02, -1.64060E-02, -1.65682E-02, -1.66644E-02, -1.67024E-02, -1.66895E-02, -1.66321E-02, -1.65362E-02, -1.64072E-02, -1.62497E-02, -1.60680E-02, -1.58661E-02, -1.56473E-02, -1.54145E-02, -1.51704E-02, -1.49175E-02, -1.46577E-02, -1.43929E-02, -1.41246E-02,
  2.07821E-02,  2.16457E-02,  2.25630E-02,  2.35377E-02,  2.45734E-02,  2.56740E-02,  2.68434E-02,  2.80851E-02,  2.94026E-02,  3.07987E-02,  3.22757E-02,  3.38348E-02,  3.54760E-02,  3.71974E-02,  3.89950E-02,  4.08617E-02,  4.27872E-02,  4.47568E-02,  4.67509E-02,  4.87443E-02,  5.07058E-02,  5.25973E-02,  5.43746E-02,  5.59871E-02,  5.73793E-02,  5.84928E-02,  5.92683E-02,  5.96492E-02,  5.95854E-02,  5.90370E-02,  5.79779E-02,  5.63990E-02,  5.43093E-02,  5.17366E-02,  4.87260E-02,  4.53371E-02,  4.16404E-02,  3.77126E-02,  3.36331E-02,  2.94791E-02,  2.53227E-02,  2.12288E-02,  1.72528E-02,  1.34406E-02,  9.82776E-03,  6.44068E-03,  3.29693E-03,  4.06408E-04, -2.22751E-03, -4.60685E-03, -6.73795E-03, -8.63046E-03, -1.02964E-02, -1.17496E-02, -1.30047E-02, -1.40770E-02, -1.49817E-02, -1.57339E-02, -1.63481E-02, -1.68383E-02, -1.72173E-02, -1.74976E-02, -1.76904E-02, -1.78060E-02, -1.78540E-02, -1.78430E-02, -1.77809E-02, -1.76746E-02, -1.75306E-02, -1.73543E-02, -1.71509E-02, -1.69248E-02, -1.66800E-02, -1.64199E-02, -1.61476E-02, -1.58658E-02, -1.55768E-02, -1.52826E-02, -1.49851E-02, -1.46858E-02,
  2.13245E-02,  2.22370E-02,  2.32092E-02,  2.42456E-02,  2.53509E-02,  2.65301E-02,  2.77881E-02,  2.91301E-02,  3.05609E-02,  3.20852E-02,  3.37070E-02,  3.54296E-02,  3.72549E-02,  3.91831E-02,  4.12120E-02,  4.33365E-02,  4.55474E-02,  4.78307E-02,  5.01666E-02,  5.25284E-02,  5.48813E-02,  5.71822E-02,  5.93790E-02,  6.14105E-02,  6.32084E-02,  6.46983E-02,  6.58036E-02,  6.64495E-02,  6.65680E-02,  6.61040E-02,  6.50201E-02,  6.33008E-02,  6.09558E-02,  5.80196E-02,  5.45501E-02,  5.06243E-02,  4.63334E-02,  4.17759E-02,  3.70524E-02,  3.22595E-02,  2.74860E-02,  2.28096E-02,  1.82958E-02,  1.39966E-02,  9.95113E-03,  6.18669E-03,  2.71985E-03, -4.41936E-04, -3.29877E-03, -5.85680E-03, -8.12684E-03, -1.01231E-02, -1.18621E-02, -1.33619E-02, -1.46411E-02, -1.57187E-02, -1.66133E-02, -1.73427E-02, -1.79240E-02, -1.83734E-02, -1.87058E-02, -1.89351E-02, -1.90738E-02, -1.91336E-02, -1.91248E-02, -1.90569E-02, -1.89383E-02, -1.87764E-02, -1.85780E-02, -1.83490E-02, -1.80946E-02, -1.78195E-02, -1.75276E-02, -1.72225E-02, -1.69073E-02, -1.65846E-02, -1.62568E-02, -1.59259E-02, -1.55935E-02, -1.52613E-02,
  2.18557E-02,  2.28170E-02,  2.38443E-02,  2.49429E-02,  2.61188E-02,  2.73780E-02,  2.87272E-02,  3.01728E-02,  3.17218E-02,  3.33807E-02,  3.51559E-02,  3.70531E-02,  3.90770E-02,  4.12305E-02,  4.35144E-02,  4.59260E-02,  4.84588E-02,  5.11004E-02,  5.38317E-02,  5.66253E-02,  5.94440E-02,  6.22392E-02,  6.49503E-02,  6.75041E-02,  6.98159E-02,  7.17916E-02,  7.33314E-02,  7.43356E-02,  7.47118E-02,  7.43827E-02,  7.32941E-02,  7.14215E-02,  6.87741E-02,  6.53959E-02,  6.13622E-02,  5.67746E-02,  5.17522E-02,  4.64233E-02,  4.09163E-02,  3.53530E-02,  2.98428E-02,  2.44792E-02,  1.93384E-02,  1.44790E-02,  9.94275E-03,  5.75674E-03,  1.93495E-03, -1.51933E-03, -4.61141E-03, -7.35319E-03, -9.76142E-03, -1.18562E-02, -1.36597E-02, -1.51951E-02, -1.64860E-02, -1.75554E-02, -1.84258E-02, -1.91185E-02, -1.96532E-02, -2.00487E-02, -2.03218E-02, -2.04881E-02, -2.05617E-02, -2.05553E-02, -2.04802E-02, -2.03465E-02, -2.01633E-02, -1.99386E-02, -1.96793E-02, -1.93915E-02, -1.90808E-02, -1.87517E-02, -1.84084E-02, -1.80544E-02, -1.76928E-02, -1.73262E-02, -1.69568E-02, -1.65866E-02, -1.62172E-02, -1.58500E-02,
  2.23723E-02,  2.33819E-02,  2.44638E-02,  2.56246E-02,  2.68713E-02,  2.82115E-02,  2.96532E-02,  3.12050E-02,  3.28758E-02,  3.46747E-02,  3.66109E-02,  3.86932E-02,  4.09296E-02,  4.33268E-02,  4.58895E-02,  4.86191E-02,  5.15127E-02,  5.45613E-02,  5.77483E-02,  6.10471E-02,  6.44189E-02,  6.78106E-02,  7.11528E-02,  7.43586E-02,  7.73238E-02,  7.99290E-02,  8.20439E-02,  8.35348E-02,  8.42745E-02,  8.41536E-02,  8.30931E-02,  8.10542E-02,  7.80449E-02,  7.41218E-02,  6.93855E-02,  6.39715E-02,  5.80386E-02,  5.17552E-02,  4.52875E-02,  3.87894E-02,  3.23960E-02,  2.62191E-02,  2.03468E-02,  1.48434E-02,  9.75209E-03,  5.09747E-03,  8.88594E-04, -2.87781E-03, -6.21455E-03, -9.14137E-03, -1.16828E-02, -1.38665E-02, -1.57216E-02, -1.72775E-02, -1.85636E-02, -1.96078E-02, -2.04369E-02, -2.10759E-02, -2.15478E-02, -2.18738E-02, -2.20730E-02, -2.21629E-02, -2.21588E-02, -2.20746E-02, -2.19227E-02, -2.17137E-02, -2.14574E-02, -2.11619E-02, -2.08346E-02, -2.04818E-02, -2.01090E-02, -1.97210E-02, -1.93217E-02, -1.89148E-02, -1.85032E-02, -1.80894E-02, -1.76757E-02, -1.72637E-02, -1.68550E-02, -1.64509E-02,
  2.28708E-02,  2.39276E-02,  2.50632E-02,  2.62854E-02,  2.76024E-02,  2.90233E-02,  3.05580E-02,  3.22172E-02,  3.40124E-02,  3.59553E-02,  3.80587E-02,  4.03349E-02,  4.27965E-02,  4.54549E-02,  4.83200E-02,  5.13988E-02,  5.46940E-02,  5.82023E-02,  6.19116E-02,  6.57986E-02,  6.98254E-02,  7.39359E-02,  7.80527E-02,  8.20739E-02,  8.58725E-02,  8.92973E-02,  9.21778E-02,  9.43333E-02,  9.55867E-02,  9.57819E-02,  9.48018E-02,  9.25851E-02,  8.91370E-02,  8.45320E-02,  7.89067E-02,  7.24465E-02,  6.53660E-02,  5.78897E-02,  5.02341E-02,  4.25949E-02,  3.51383E-02,  2.79972E-02,  2.12714E-02,  1.50296E-02,  9.31328E-03,  4.14138E-03, -4.85389E-04, -4.58018E-03, -8.16633E-03, -1.12741E-02, -1.39382E-02, -1.61955E-02, -1.80837E-02, -1.96400E-02, -2.09000E-02, -2.18977E-02, -2.26647E-02, -2.32299E-02, -2.36198E-02, -2.38585E-02, -2.39672E-02, -2.39652E-02, -2.38695E-02, -2.36949E-02, -2.34545E-02, -2.31599E-02, -2.28210E-02, -2.24465E-02, -2.20438E-02, -2.16193E-02, -2.11785E-02, -2.07263E-02, -2.02664E-02, -1.98025E-02, -1.93373E-02, -1.88731E-02, -1.84121E-02, -1.79559E-02, -1.75057E-02, -1.70628E-02,
  2.33478E-02,  2.44501E-02,  2.56377E-02,  2.69196E-02,  2.83053E-02,  2.98057E-02,  3.14326E-02,  3.31991E-02,  3.51194E-02,  3.72087E-02,  3.94834E-02,  4.19606E-02,  4.46580E-02,  4.75931E-02,  5.07827E-02,  5.42412E-02,  5.79795E-02,  6.20025E-02,  6.63064E-02,  7.08746E-02,  7.56738E-02,  8.06483E-02,  8.57148E-02,  9.07569E-02,  9.56218E-02,  1.00119E-01,  1.04025E-01,  1.07095E-01,  1.09079E-01,  1.09750E-01,  1.08933E-01,  1.06531E-01,  1.02543E-01,  9.70687E-02,  9.02994E-02,  8.24938E-02,  7.39475E-02,  6.49638E-02,  5.58272E-02,  4.67869E-02,  3.80464E-02,  2.97613E-02,  2.20415E-02,  1.49562E-02,  8.54088E-03,  2.80358E-03, -2.26814E-03, -6.70179E-03, -1.05351E-02, -1.38123E-02, -1.65808E-02, -1.88893E-02, -2.07855E-02, -2.23156E-02, -2.35230E-02, -2.44481E-02, -2.51277E-02, -2.55953E-02, -2.58811E-02, -2.60118E-02, -2.60113E-02, -2.59004E-02, -2.56974E-02, -2.54184E-02, -2.50772E-02, -2.46858E-02, -2.42544E-02, -2.37919E-02, -2.33059E-02, -2.28028E-02, -2.22880E-02, -2.17661E-02, -2.12410E-02, -2.07159E-02, -2.01933E-02, -1.96757E-02, -1.91646E-02, -1.86616E-02, -1.81678E-02, -1.76842E-02,
  2.37999E-02,  2.49453E-02,  2.61825E-02,  2.75214E-02,  2.89733E-02,  3.05507E-02,  3.22675E-02,  3.41394E-02,  3.61836E-02,  3.84192E-02,  4.08669E-02,  4.35492E-02,  4.64901E-02,  4.97145E-02,  5.32477E-02,  5.71141E-02,  6.13357E-02,  6.59295E-02,  7.09041E-02,  7.62551E-02,  8.19595E-02,  8.79679E-02,  9.41962E-02,  1.00517E-01,  1.06749E-01,  1.12656E-01,  1.17947E-01,  1.22285E-01,  1.25316E-01,  1.26706E-01,  1.26185E-01,  1.23599E-01,  1.18933E-01,  1.12327E-01,  1.04055E-01,  9.44890E-02,  8.40433E-02,  7.31331E-02,  6.21352E-02,  5.13659E-02,  4.10718E-02,  3.14303E-02,  2.25569E-02,  1.45145E-02,  7.32488E-03,  9.78036E-04, -4.55846E-03, -9.33232E-03, -1.34007E-02, -1.68257E-02, -1.96708E-02, -2.19987E-02, -2.38696E-02, -2.53398E-02, -2.64615E-02, -2.72822E-02, -2.78445E-02, -2.81868E-02, -2.83428E-02, -2.83423E-02, -2.82113E-02, -2.79725E-02, -2.76454E-02, -2.72468E-02, -2.67912E-02, -2.62910E-02, -2.57566E-02, -2.51970E-02, -2.46196E-02, -2.40307E-02, -2.34356E-02, -2.28386E-02, -2.22434E-02, -2.16529E-02, -2.10695E-02, -2.04951E-02, -1.99312E-02, -1.93791E-02, -1.88396E-02, -1.83134E-02,
  2.42235E-02,  2.54091E-02,  2.66926E-02,  2.80851E-02,  2.95994E-02,  3.12499E-02,  3.30527E-02,  3.50261E-02,  3.71908E-02,  3.95699E-02,  4.21891E-02,  4.50770E-02,  4.82649E-02,  5.17866E-02,  5.56780E-02,  5.99761E-02,  6.47175E-02,  6.99358E-02,  7.56580E-02,  8.18994E-02,  8.86555E-02,  9.58931E-02,  1.03537E-01,  1.11455E-01,  1.19443E-01,  1.27214E-01,  1.34387E-01,  1.40503E-01,  1.45053E-01,  1.47534E-01,  1.47526E-01,  1.44772E-01,  1.39236E-01,  1.31119E-01,  1.20830E-01,  1.08914E-01,  9.59684E-02,  8.25679E-02,  6.92127E-02,  5.63017E-02,  4.41269E-02,  3.28822E-02,  2.26782E-02,  1.35604E-02,  5.52492E-03, -1.46658E-03, -7.47558E-03, -1.25776E-02, -1.68551E-02, -2.03930E-02, -2.32745E-02, -2.55792E-02, -2.73815E-02, -2.87495E-02, -2.97450E-02, -3.04232E-02, -3.08331E-02, -3.10179E-02, -3.10149E-02, -3.08570E-02, -3.05721E-02, -3.01845E-02, -2.97147E-02, -2.91803E-02, -2.85960E-02, -2.79745E-02, -2.73261E-02, -2.66597E-02, -2.59825E-02, -2.53006E-02, -2.46189E-02, -2.39413E-02, -2.32712E-02, -2.26112E-02, -2.19633E-02, -2.13291E-02, -2.07098E-02, -2.01063E-02, -1.95191E-02, -1.89488E-02,
  2.46156E-02,  2.58377E-02,  2.71634E-02,  2.86050E-02,  3.01768E-02,  3.18949E-02,  3.37778E-02,  3.58468E-02,  3.81258E-02,  4.06423E-02,  4.34277E-02,  4.65172E-02,  4.99504E-02,  5.37715E-02,  5.80290E-02,  6.27754E-02,  6.80659E-02,  7.39562E-02,  8.04993E-02,  8.77392E-02,  9.57030E-02,  1.04388E-01,  1.13743E-01,  1.23650E-01,  1.33893E-01,  1.44133E-01,  1.53887E-01,  1.62527E-01,  1.69312E-01,  1.73472E-01,  1.74333E-01,  1.71462E-01,  1.64776E-01,  1.54581E-01,  1.41509E-01,  1.26389E-01,  1.10097E-01,  9.34404E-02,  7.70809E-02,  6.15120E-02,  4.70660E-02,  3.39376E-02,  2.22144E-02,  1.19051E-02,  2.96372E-03, -4.69119E-03, -1.11619E-02, -1.65608E-02, -2.10033E-02, -2.46023E-02, -2.74647E-02, -2.96900E-02, -3.13688E-02, -3.25823E-02, -3.34027E-02, -3.38936E-02, -3.41103E-02, -3.41007E-02, -3.39060E-02, -3.35614E-02, -3.30969E-02, -3.25378E-02, -3.19055E-02, -3.12179E-02, -3.04899E-02, -2.97339E-02, -2.89601E-02, -2.81771E-02, -2.73917E-02, -2.66093E-02, -2.58346E-02, -2.50711E-02, -2.43215E-02, -2.35879E-02, -2.28721E-02, -2.21752E-02, -2.14979E-02, -2.08408E-02, -2.02042E-02, -1.95881E-02,
  2.49733E-02,  2.62275E-02,  2.75905E-02,  2.90757E-02,  3.06988E-02,  3.24776E-02,  3.44330E-02,  3.65889E-02,  3.89731E-02,  4.16176E-02,  4.45594E-02,  4.78410E-02,  5.15113E-02,  5.56261E-02,  6.02485E-02,  6.54495E-02,  7.13070E-02,  7.79053E-02,  8.53317E-02,  9.36715E-02,  1.02999E-01,  1.13364E-01,  1.24767E-01,  1.37131E-01,  1.50259E-01,  1.63779E-01,  1.77096E-01,  1.89362E-01,  1.99494E-01,  2.06288E-01,  2.08626E-01,  2.05750E-01,  1.97489E-01,  1.84330E-01,  1.67299E-01,  1.47702E-01,  1.26856E-01,  1.05898E-01,  8.56935E-02,  6.68301E-02,  4.96573E-02,  3.43390E-02,  2.09072E-02,  9.30503E-03, -5.79750E-04, -8.89051E-03, -1.57850E-02, -2.14239E-02, -2.59632E-02, -2.95500E-02, -3.23193E-02, -3.43931E-02, -3.58801E-02, -3.68756E-02, -3.74630E-02, -3.77143E-02, -3.76909E-02, -3.74454E-02, -3.70223E-02, -3.64589E-02, -3.57868E-02, -3.50319E-02, -3.42160E-02, -3.33569E-02, -3.24694E-02, -3.15655E-02, -3.06548E-02, -2.97452E-02, -2.88429E-02, -2.79530E-02, -2.70791E-02, -2.62242E-02, -2.53906E-02, -2.45797E-02, -2.37927E-02, -2.30303E-02, -2.22927E-02, -2.15801E-02, -2.08923E-02, -2.02291E-02,
  2.52940E-02,  2.65755E-02,  2.79701E-02,  2.94924E-02,  3.11592E-02,  3.29902E-02,  3.50084E-02,  3.72404E-02,  3.97176E-02,  4.24765E-02,  4.55600E-02,  4.90182E-02,  5.29097E-02,  5.73030E-02,  6.22776E-02,  6.79254E-02,  7.43517E-02,  8.16754E-02,  9.00279E-02,  9.95502E-02,  1.10385E-01,  1.22662E-01,  1.36474E-01,  1.51837E-01,  1.68626E-01,  1.86492E-01,  2.04754E-01,  2.22299E-01,  2.37548E-01,  2.48579E-01,  2.53470E-01,  2.50833E-01,  2.40308E-01,  2.22733E-01,  1.99864E-01,  1.73846E-01,  1.46695E-01,  1.20009E-01,  9.48797E-02,  7.19564E-02,  5.15469E-02,  3.37248E-02,  1.84140E-02,  5.45030E-03, -5.37672E-03, -1.42964E-02, -2.15393E-02, -2.73268E-02, -3.18647E-02, -3.53401E-02, -3.79201E-02, -3.97518E-02, -4.09634E-02, -4.16652E-02, -4.19517E-02, -4.19029E-02, -4.15865E-02, -4.10588E-02, -4.03670E-02, -3.95501E-02, -3.86402E-02, -3.76637E-02, -3.66421E-02, -3.55928E-02, -3.45297E-02, -3.34641E-02, -3.24048E-02, -3.13588E-02, -3.03314E-02, -2.93267E-02, -2.83476E-02, -2.73964E-02, -2.64745E-02, -2.55827E-02, -2.47216E-02, -2.38911E-02, -2.30912E-02, -2.23213E-02, -2.15810E-02, -2.08694E-02,
  2.55757E-02,  2.68791E-02,  2.82990E-02,  2.98509E-02,  3.15529E-02,  3.34261E-02,  3.54954E-02,  3.77901E-02,  4.03448E-02,  4.32005E-02,  4.64057E-02,  5.00181E-02,  5.41064E-02,  5.87521E-02,  6.40522E-02,  7.01218E-02,  7.70968E-02,  8.51370E-02,  9.44277E-02,  1.05180E-01,  1.17630E-01,  1.32025E-01,  1.48603E-01,  1.67550E-01,  1.88919E-01,  2.12501E-01,  2.37632E-01,  2.62954E-01,  2.86209E-01,  3.04280E-01,  3.13722E-01,  3.11841E-01,  2.97859E-01,  2.73335E-01,  2.41494E-01,  2.06006E-01,  1.69998E-01,  1.35654E-01,  1.04254E-01,  7.63909E-02,  5.22125E-02,  3.15995E-02,  1.42897E-02, -4.50326E-05, -1.17537E-02, -2.11795E-02, -2.86454E-02, -3.44467E-02, -3.88477E-02, -4.20814E-02, -4.43502E-02, -4.58283E-02, -4.66642E-02, -4.69832E-02, -4.68904E-02, -4.64734E-02, -4.58047E-02, -4.49439E-02, -4.39398E-02, -4.28320E-02, -4.16528E-02, -4.04278E-02, -3.91777E-02, -3.79188E-02, -3.66640E-02, -3.54231E-02, -3.42037E-02, -3.30116E-02, -3.18510E-02, -3.07247E-02, -2.96349E-02, -2.85827E-02, -2.75685E-02, -2.65926E-02, -2.56547E-02, -2.47540E-02, -2.38899E-02, -2.30613E-02, -2.22672E-02, -2.15064E-02,
  2.58172E-02,  2.71364E-02,  2.85746E-02,  3.01480E-02,  3.18755E-02,  3.37795E-02,  3.58866E-02,  3.82283E-02,  4.08420E-02,  4.37727E-02,  4.70742E-02,  5.08115E-02,  5.50627E-02,  5.99225E-02,  6.55056E-02,  7.19512E-02,  7.94282E-02,  8.81415E-02,  9.83386E-02,  1.10316E-01,  1.24427E-01,  1.41077E-01,  1.60720E-01,  1.83820E-01,  2.10773E-01,  2.41741E-01,  2.76353E-01,  3.13214E-01,  3.49296E-01,  3.79549E-01,  3.97503E-01,  3.97523E-01,  3.77810E-01,  3.41597E-01,  2.95294E-01,  2.45451E-01,  1.96878E-01,  1.52347E-01,  1.13080E-01,  7.93459E-02,  5.09106E-02,  2.73040E-02,  7.97128E-03, -7.65036E-03, -2.00946E-02, -2.98489E-02, -3.73483E-02, -4.29747E-02, -4.70589E-02, -4.98841E-02, -5.16908E-02, -5.26808E-02, -5.30227E-02, -5.28559E-02, -5.22949E-02, -5.14335E-02, -5.03477E-02, -4.90987E-02, -4.77357E-02, -4.62979E-02, -4.48164E-02, -4.33153E-02, -4.18137E-02, -4.03261E-02, -3.88634E-02, -3.74338E-02, -3.60433E-02, -3.46960E-02, -3.33945E-02, -3.21406E-02, -3.09348E-02, -2.97773E-02, -2.86675E-02, -2.76047E-02, -2.65876E-02, -2.56149E-02, -2.46852E-02, -2.37967E-02, -2.29479E-02, -2.21372E-02,
  2.60176E-02,  2.73465E-02,  2.87956E-02,  3.03816E-02,  3.21242E-02,  3.40465E-02,  3.61764E-02,  3.85471E-02,  4.11985E-02,  4.41787E-02,  4.75461E-02,  5.13719E-02,  5.57430E-02,  6.07659E-02,  6.65724E-02,  7.33251E-02,  8.12261E-02,  9.05274E-02,  1.01543E-01,  1.14666E-01,  1.30387E-01,  1.49311E-01,  1.72179E-01,  1.99869E-01,  2.33351E-01,  2.73551E-01,  3.20973E-01,  3.74905E-01,  4.31973E-01,  4.84335E-01,  5.19343E-01,  5.24006E-01,  4.93683E-01,  4.36083E-01,  3.65217E-01,  2.93127E-01,  2.26763E-01,  1.68930E-01,  1.20090E-01,  7.96464E-02,  4.66259E-02,  1.99921E-02, -1.23165E-03, -1.79201E-02, -3.08385E-02, -4.06474E-02, -4.79116E-02, -5.31101E-02, -5.66459E-02, -5.88554E-02, -6.00170E-02, -6.03599E-02, -6.00708E-02, -5.93013E-02, -5.81731E-02, -5.67837E-02, -5.52107E-02, -5.35149E-02, -5.17444E-02, -4.99361E-02, -4.81188E-02, -4.63140E-02, -4.45380E-02, -4.28028E-02, -4.11168E-02, -3.94860E-02, -3.79139E-02, -3.64029E-02, -3.49538E-02, -3.35665E-02, -3.22403E-02, -3.09739E-02, -2.97656E-02, -2.86135E-02, -2.75155E-02, -2.64694E-02, -2.54730E-02, -2.45239E-02, -2.36199E-02, -2.27588E-02,
  2.61771E-02,  2.75092E-02,  2.89616E-02,  3.05511E-02,  3.22976E-02,  3.42250E-02,  3.63616E-02,  3.87418E-02,  4.14071E-02,  4.44080E-02,  4.78063E-02,  5.16780E-02,  5.61170E-02,  6.12400E-02,  6.71932E-02,  7.41603E-02,  8.23741E-02,  9.21312E-02,  1.03812E-01,  1.17908E-01,  1.35057E-01,  1.56093E-01,  1.82104E-01,  2.14512E-01,  2.55135E-01,  3.06207E-01,  3.70152E-01,  4.48704E-01,  5.40364E-01,  6.34996E-01,  7.07604E-01,  7.24363E-01,  6.71169E-01,  5.70119E-01,  4.55344E-01,  3.48563E-01,  2.57621E-01,  1.83157E-01,  1.23289E-01,  7.56460E-02,  3.80407E-02,  8.62302E-03, -1.41342E-02, -3.14872E-02, -4.44716E-02, -5.39434E-02, -6.06097E-02, -6.50531E-02, -6.77510E-02, -6.90925E-02, -6.93924E-02, -6.89037E-02, -6.78282E-02, -6.63257E-02, -6.45219E-02, -6.25149E-02, -6.03806E-02, -5.81773E-02, -5.59493E-02, -5.37298E-02, -5.15433E-02, -4.94077E-02, -4.73354E-02, -4.53347E-02, -4.34111E-02, -4.15673E-02, -3.98044E-02, -3.81222E-02, -3.65194E-02, -3.49941E-02, -3.35437E-02, -3.21655E-02, -3.08565E-02, -2.96135E-02, -2.84333E-02, -2.73129E-02, -2.62491E-02, -2.52390E-02, -2.42796E-02, -2.33681E-02,
  2.62966E-02,  2.76256E-02,  2.90735E-02,  3.06572E-02,  3.23964E-02,  3.43149E-02,  3.64414E-02,  3.88105E-02,  4.14645E-02,  4.44550E-02,  4.78456E-02,  5.17154E-02,  5.61629E-02,  6.13121E-02,  6.73198E-02,  7.43862E-02,  8.27689E-02,  9.28021E-02,  1.04924E-01,  1.19717E-01,  1.37959E-01,  1.60710E-01,  1.89430E-01,  2.26160E-01,  2.73788E-01,  3.36419E-01,  4.19807E-01,  5.31434E-01,  6.78424E-01,  8.57147E-01,  1.02412E+00,  1.07788E+00,  9.63333E-01,  7.62230E-01,  5.66521E-01,  4.07458E-01,  2.84817E-01,  1.91253E-01,  1.19815E-01,  6.52042E-02,  2.35463E-02, -8.01990E-03, -3.16580E-02, -4.90463E-02, -6.15118E-02, -7.01168E-02, -7.57150E-02, -7.89932E-02, -8.05007E-02, -8.06751E-02, -7.98621E-02, -7.83328E-02, -7.62981E-02, -7.39209E-02, -7.13256E-02, -6.86066E-02, -6.58346E-02, -6.30620E-02, -6.03267E-02, -5.76560E-02, -5.50683E-02, -5.25762E-02, -5.01870E-02, -4.79047E-02, -4.57304E-02, -4.36635E-02, -4.17018E-02, -3.98422E-02, -3.80810E-02, -3.64139E-02, -3.48366E-02, -3.33446E-02, -3.19333E-02, -3.05984E-02, -2.93355E-02, -2.81404E-02, -2.70092E-02, -2.59381E-02, -2.49234E-02, -2.39618E-02,
  2.63779E-02,  2.76975E-02,  2.91335E-02,  3.07022E-02,  3.24229E-02,  3.43189E-02,  3.64183E-02,  3.87555E-02,  4.13720E-02,  4.43195E-02,  4.76618E-02,  5.14786E-02,  5.58701E-02,  6.09635E-02,  6.69214E-02,  7.39535E-02,  8.23330E-02,  9.24200E-02,  1.04694E-01,  1.19805E-01,  1.38642E-01,  1.62455E-01,  1.93028E-01,  2.32980E-01,  2.86280E-01,  3.59146E-01,  4.61718E-01,  6.11103E-01,  8.36168E-01,  1.17727E+00,  1.61994E+00,  1.82723E+00,  1.48407E+00,  1.02383E+00,  6.86227E-01,  4.57807E-01,  3.00086E-01,  1.87794E-01,  1.06029E-01,  4.57857E-02,  1.31592E-03, -3.12795E-02, -5.47963E-02, -7.13279E-02, -8.24881E-02, -8.95411E-02, -9.34826E-02, -9.50961E-02, -9.49951E-02, -9.36558E-02, -9.14454E-02, -8.86438E-02, -8.54625E-02, -8.20597E-02, -7.85521E-02, -7.50248E-02, -7.15386E-02, -6.81359E-02, -6.48454E-02, -6.16855E-02, -5.86669E-02, -5.57950E-02, -5.30708E-02, -5.04927E-02, -4.80569E-02, -4.57586E-02, -4.35918E-02, -4.15501E-02, -3.96270E-02, -3.78157E-02, -3.61099E-02, -3.45030E-02, -3.29889E-02, -3.15618E-02, -3.02162E-02, -2.89467E-02, -2.77485E-02, -2.66169E-02, -2.55476E-02, -2.45366E-02,
  2.64236E-02,  2.77282E-02,  2.91452E-02,  3.06902E-02,  3.23817E-02,  3.42420E-02,  3.62980E-02,  3.85826E-02,  4.11361E-02,  4.40082E-02,  4.72611E-02,  5.09725E-02,  5.52411E-02,  6.01926E-02,  6.59891E-02,  7.28413E-02,  8.10265E-02,  9.09135E-02,  1.03000E-01,  1.17967E-01,  1.36767E-01,  1.60756E-01,  1.91917E-01,  2.33252E-01,  2.89484E-01,  3.68440E-01,  4.84002E-01,  6.63093E-01,  9.64608E-01,  1.53893E+00,  2.79455E+00,  4.06373E+00,  2.36738E+00,  1.29094E+00,  7.71275E-01,  4.77792E-01,  2.92149E-01,  1.66408E-01,  7.79595E-02,  1.47038E-02, -3.05651E-02, -6.25534E-02, -8.45703E-02, -9.90666E-02, -1.07914E-01, -1.12561E-01, -1.14130E-01, -1.13487E-01, -1.11293E-01, -1.08049E-01, -1.04127E-01, -9.98029E-02, -9.52772E-02, -9.06932E-02, -8.61514E-02, -8.17205E-02, -7.74459E-02, -7.33557E-02, -6.94656E-02, -6.57824E-02, -6.23068E-02, -5.90352E-02, -5.59610E-02, -5.30758E-02, -5.03704E-02, -4.78346E-02, -4.54585E-02, -4.32318E-02, -4.11450E-02, -3.91886E-02, -3.73538E-02, -3.56321E-02, -3.40156E-02, -3.24970E-02, -3.10694E-02, -2.97265E-02, -2.84623E-02, -2.72713E-02, -2.61485E-02, -2.50891E-02,
  2.64373E-02,  2.77215E-02,  2.91132E-02,  3.06267E-02,  3.22794E-02,  3.40919E-02,  3.60894E-02,  3.83024E-02,  4.07686E-02,  4.35346E-02,  4.66585E-02,  5.02139E-02,  5.42938E-02,  5.90178E-02,  6.45405E-02,  7.10642E-02,  7.88566E-02,  8.82760E-02,  9.98092E-02,  1.14127E-01,  1.32174E-01,  1.55304E-01,  1.85518E-01,  2.25866E-01,  2.81196E-01,  3.59651E-01,  4.75922E-01,  6.59290E-01,  9.77093E-01,  1.62201E+00,  3.35848E+00,  6.37891E+00,  2.70534E+00,  1.33004E+00,  7.54916E-01,  4.43773E-01,  2.50593E-01,  1.21473E-01,  3.20289E-02, -3.05671E-02, -7.39644E-02, -1.03229E-01, -1.21990E-01, -1.32970E-01, -1.38260E-01, -1.39466E-01, -1.37815E-01, -1.34231E-01, -1.29398E-01, -1.23817E-01, -1.17847E-01, -1.11739E-01, -1.05667E-01, -9.97467E-02, -9.40523E-02, -8.86278E-02, -8.34967E-02, -7.86675E-02, -7.41392E-02, -6.99042E-02, -6.59504E-02, -6.22638E-02, -5.88286E-02, -5.56288E-02, -5.26485E-02, -4.98721E-02, -4.72848E-02, -4.48725E-02, -4.26220E-02, -4.05210E-02, -3.85582E-02, -3.67229E-02, -3.50055E-02, -3.33969E-02, -3.18891E-02, -3.04743E-02, -2.91457E-02, -2.78969E-02, -2.67221E-02, -2.56159E-02,
  2.64230E-02,  2.76826E-02,  2.90436E-02,  3.05191E-02,  3.21246E-02,  3.38789E-02,  3.58045E-02,  3.79291E-02,  4.02866E-02,  4.29188E-02,  4.58783E-02,  4.92312E-02,  5.30617E-02,  5.74783E-02,  6.26212E-02,  6.86749E-02,  7.58836E-02,  8.45753E-02,  9.51960E-02,  1.08362E-01,  1.24937E-01,  1.46160E-01,  1.73846E-01,  2.10736E-01,  2.61104E-01,  3.31918E-01,  4.35140E-01,  5.92640E-01,  8.47051E-01,  1.28202E+00,  1.98649E+00,  2.41183E+00,  1.74344E+00,  1.04663E+00,  6.16514E-01,  3.48328E-01,  1.71254E-01,  4.98767E-02, -3.43582E-02, -9.22088E-02, -1.30651E-01, -1.54667E-01, -1.68035E-01, -1.73693E-01, -1.73922E-01, -1.70460E-01, -1.64607E-01, -1.57308E-01, -1.49237E-01, -1.40859E-01, -1.32491E-01, -1.24336E-01, -1.16520E-01, -1.09117E-01, -1.02161E-01, -9.56631E-02, -8.96169E-02, -8.40066E-02, -7.88099E-02, -7.40016E-02, -6.95552E-02, -6.54438E-02, -6.16416E-02, -5.81238E-02, -5.48672E-02, -5.18502E-02, -4.90526E-02, -4.64562E-02, -4.40441E-02, -4.18009E-02, -3.97125E-02, -3.77663E-02, -3.59505E-02, -3.42545E-02, -3.26688E-02, -3.11846E-02, -2.97939E-02, -2.84895E-02, -2.72647E-02, -2.61136E-02,
  2.63857E-02,  2.76174E-02,  2.89435E-02,  3.03757E-02,  3.19275E-02,  3.36152E-02,  3.54585E-02,  3.74811E-02,  3.97122E-02,  4.21878E-02,  4.49529E-02,  4.80641E-02,  5.15936E-02,  5.56339E-02,  6.03051E-02,  6.57646E-02,  7.22212E-02,  7.99544E-02,  8.93432E-02,  1.00908E-01,  1.15374E-01,  1.33765E-01,  1.57555E-01,  1.88899E-01,  2.31013E-01,  2.88786E-01,  3.69709E-01,  4.85055E-01,  6.49778E-01,  8.72663E-01,  1.10815E+00,  1.18324E+00,  9.84645E-01,  6.77693E-01,  4.08851E-01,  2.05583E-01,  5.73721E-02, -4.88456E-02, -1.22947E-01, -1.72227E-01, -2.02422E-01, -2.18261E-01, -2.23667E-01, -2.21818E-01, -2.15187E-01, -2.05623E-01, -1.94451E-01, -1.82587E-01, -1.70640E-01, -1.58994E-01, -1.47882E-01, -1.37427E-01, -1.27687E-01, -1.18671E-01, -1.10361E-01, -1.02725E-01, -9.57193E-02, -8.92977E-02, -8.34132E-02, -7.80198E-02, -7.30739E-02, -6.85350E-02, -6.43656E-02, -6.05313E-02, -5.70012E-02, -5.37469E-02, -5.07431E-02, -4.79668E-02, -4.53973E-02, -4.30160E-02, -4.08063E-02, -3.87530E-02, -3.68425E-02, -3.50627E-02, -3.34025E-02, -3.18520E-02, -3.04021E-02, -2.90447E-02, -2.77725E-02, -2.65788E-02,
  2.63307E-02,  2.75322E-02,  2.88207E-02,  3.02061E-02,  3.16997E-02,  3.33152E-02,  3.50686E-02,  3.69796E-02,  3.90717E-02,  4.13740E-02,  4.39226E-02,  4.67628E-02,  4.99518E-02,  5.35628E-02,  5.76908E-02,  6.24592E-02,  6.80313E-02,  7.46244E-02,  8.25307E-02,  9.21469E-02,  1.04016E-01,  1.18890E-01,  1.37810E-01,  1.62231E-01,  1.94169E-01,  2.36355E-01,  2.92247E-01,  3.65407E-01,  4.56794E-01,  5.56995E-01,  6.33013E-01,  6.30917E-01,  5.26650E-01,  3.60155E-01,  1.86378E-01,  3.49577E-02, -8.53388E-02, -1.74542E-01, -2.35704E-01, -2.73075E-01, -2.91438E-01, -2.95588E-01, -2.89859E-01, -2.77819E-01, -2.62177E-01, -2.44853E-01, -2.27125E-01, -2.09793E-01, -1.93320E-01, -1.77946E-01, -1.63768E-01, -1.50792E-01, -1.38974E-01, -1.28242E-01, -1.18512E-01, -1.09695E-01, -1.01704E-01, -9.44567E-02, -8.78780E-02, -8.18986E-02, -7.64560E-02, -7.14945E-02, -6.69640E-02, -6.28203E-02, -5.90240E-02, -5.55399E-02, -5.23369E-02, -4.93876E-02, -4.66673E-02, -4.41541E-02, -4.18287E-02, -3.96737E-02, -3.76735E-02, -3.58144E-02, -3.40840E-02, -3.24710E-02, -3.09655E-02, -2.95585E-02, -2.82419E-02, -2.70084E-02,
  2.62637E-02,  2.74340E-02,  2.86837E-02,  3.00206E-02,  3.14540E-02,  3.29944E-02,  3.46542E-02,  3.64484E-02,  3.83946E-02,  4.05142E-02,  4.28335E-02,  4.53849E-02,  4.82092E-02,  5.13580E-02,  5.48971E-02,  5.89120E-02,  6.35139E-02,  6.88493E-02,  7.51122E-02,  8.25605E-02,  9.15384E-02,  1.02503E-01,  1.16056E-01,  1.32970E-01,  1.54189E-01,  1.80735E-01,  2.13381E-01,  2.51772E-01,  2.92527E-01,  3.26241E-01,  3.35708E-01,  3.01765E-01,  2.18144E-01,  9.90722E-02, -3.15305E-02, -1.53586E-01, -2.54854E-01, -3.29533E-01, -3.76604E-01, -3.98687E-01, -4.00750E-01, -3.88597E-01, -3.67596E-01, -3.41991E-01, -3.14760E-01, -2.87796E-01, -2.62183E-01, -2.38466E-01, -2.16848E-01, -1.97334E-01, -1.79819E-01, -1.64149E-01, -1.50147E-01, -1.37637E-01, -1.26452E-01, -1.16438E-01, -1.07459E-01, -9.93913E-02, -9.21279E-02, -8.55744E-02, -7.96483E-02, -7.42777E-02, -6.93996E-02, -6.49593E-02, -6.09089E-02, -5.72063E-02, -5.38149E-02, -5.07022E-02, -4.78400E-02, -4.52031E-02, -4.27695E-02, -4.05195E-02, -3.84358E-02, -3.65030E-02, -3.47074E-02, -3.30366E-02, -3.14797E-02, -3.00269E-02, -2.86694E-02, -2.73992E-02,
  2.61904E-02,  2.73299E-02,  2.85411E-02,  2.98300E-02,  3.12035E-02,  3.26691E-02,  3.42356E-02,  3.59128E-02,  3.77125E-02,  3.96480E-02,  4.17353E-02,  4.39936E-02,  4.64462E-02,  4.91219E-02,  5.20562E-02,  5.52942E-02,  5.88930E-02,  6.29252E-02,  6.74837E-02,  7.26865E-02,  7.86805E-02,  8.56437E-02,  9.37773E-02,  1.03277E-01,  1.14260E-01,  1.26594E-01,  1.39559E-01,  1.51241E-01,  1.57642E-01,  1.51932E-01,  1.25038E-01,  6.90174E-02, -1.77405E-02, -1.27929E-01, -2.47853E-01, -3.62025E-01, -4.56606E-01, -5.21830E-01, -5.53997E-01, -5.55914E-01, -5.34934E-01, -4.99730E-01, -4.57762E-01, -4.14271E-01, -3.72393E-01, -3.33724E-01, -2.98880E-01, -2.67923E-01, -2.40631E-01, -2.16659E-01, -1.95627E-01, -1.77165E-01, -1.60935E-01, -1.46634E-01, -1.34002E-01, -1.22810E-01, -1.12867E-01, -1.04005E-01, -9.60834E-02, -8.89817E-02, -8.25966E-02, -7.68396E-02, -7.16348E-02, -6.69170E-02, -6.26297E-02, -5.87242E-02, -5.51581E-02, -5.18947E-02, -4.89018E-02, -4.61513E-02, -4.36185E-02, -4.12817E-02, -3.91219E-02, -3.71220E-02, -3.52671E-02, -3.35438E-02, -3.19404E-02, -3.04461E-02, -2.90517E-02, -2.77484E-02,
  2.61165E-02,  2.72268E-02,  2.84015E-02,  2.96448E-02,  3.09613E-02,  3.23557E-02,  3.38330E-02,  3.53984E-02,  3.70574E-02,  3.88156E-02,  4.06791E-02,  4.26538E-02,  4.47457E-02,  4.69610E-02,  4.93056E-02,  5.17846E-02,  5.44021E-02,  5.71594E-02,  6.00530E-02,  6.30696E-02,  6.61773E-02,  6.93093E-02,  7.23332E-02,  7.49962E-02,  7.68282E-02,  7.69790E-02,  7.39652E-02,  6.53304E-02,  4.73161E-02,  1.48354E-02, -3.77744E-02, -1.14926E-01, -2.17401E-01, -3.40615E-01, -4.74164E-01, -6.02366E-01, -7.06360E-01, -7.69389E-01, -7.84208E-01, -7.56548E-01, -7.00710E-01, -6.31772E-01, -5.60750E-01, -4.93879E-01, -4.33874E-01, -3.81398E-01, -3.36103E-01, -2.97227E-01, -2.63906E-01, -2.35311E-01, -2.10705E-01, -1.89456E-01, -1.71034E-01, -1.54994E-01, -1.40971E-01, -1.28659E-01, -1.17805E-01, -1.08198E-01, -9.96642E-02, -9.20552E-02, -8.52473E-02, -7.91361E-02, -7.36331E-02, -6.86629E-02, -6.41609E-02, -6.00721E-02, -5.63487E-02, -5.29499E-02, -4.98399E-02, -4.69877E-02, -4.43665E-02, -4.19524E-02, -3.97248E-02, -3.76653E-02, -3.57579E-02, -3.39882E-02, -3.23436E-02, -3.08128E-02, -2.93858E-02, -2.80534E-02,
  2.60474E-02,  2.71313E-02,  2.82731E-02,  2.94752E-02,  3.07401E-02,  3.20699E-02,  3.34661E-02,  3.49296E-02,  3.64603E-02,  3.80566E-02,  3.97149E-02,  4.14291E-02,  4.31892E-02,  4.49802E-02,  4.67803E-02,  4.85582E-02,  5.02691E-02,  5.18498E-02,  5.32107E-02,  5.42236E-02,  5.47043E-02,  5.43847E-02,  5.28710E-02,  4.95787E-02,  4.36368E-02,  3.37505E-02,  1.80228E-02, -6.23856E-03, -4.26511E-02, -9.56745E-02, -1.70135E-01, -2.70262E-01, -3.98298E-01, -5.52639E-01, -7.25043E-01, -8.96682E-01, -1.03626E+00, -1.10899E+00, -1.09860E+00, -1.02041E+00, -9.07115E-01, -7.86945E-01, -6.75548E-01, -5.78710E-01, -4.97006E-01, -4.28905E-01, -3.72306E-01, -3.25173E-01, -2.85748E-01, -2.52584E-01, -2.24514E-01, -2.00609E-01, -1.80125E-01, -1.62469E-01, -1.47165E-01, -1.33830E-01, -1.22151E-01, -1.11875E-01, -1.02793E-01, -9.47321E-02, -8.75495E-02, -8.11257E-02, -7.53603E-02, -7.01687E-02, -6.54791E-02, -6.12304E-02, -5.73703E-02, -5.38539E-02, -5.06425E-02, -4.77025E-02, -4.50049E-02, -4.25242E-02, -4.02383E-02, -3.81277E-02, -3.61753E-02, -3.43658E-02, -3.26860E-02, -3.11239E-02, -2.96690E-02, -2.83119E-02,
  2.59879E-02,  2.70495E-02,  2.81633E-02,  2.93304E-02,  3.05514E-02,  3.18260E-02,  3.31530E-02,  3.45293E-02,  3.59500E-02,  3.74071E-02,  3.88889E-02,  4.03785E-02,  4.18521E-02,  4.32764E-02,  4.46055E-02,  4.57765E-02,  4.67032E-02,  4.72676E-02,  4.73081E-02,  4.66024E-02,  4.48444E-02,  4.16098E-02,  3.63089E-02,  2.81201E-02,  1.58993E-02, -1.93864E-03, -2.75620E-02, -6.38735E-02, -1.14635E-01, -1.84515E-01, -2.79021E-01, -4.04272E-01, -5.66479E-01, -7.70426E-01, -1.01479E+00, -1.28021E+00, -1.51099E+00, -1.62008E+00, -1.56002E+00, -1.37961E+00, -1.16365E+00, -9.64270E-01, -7.98000E-01, -6.64464E-01, -5.58251E-01, -4.73561E-01, -4.05516E-01, -3.50324E-01, -3.05110E-01, -2.67710E-01, -2.36487E-01, -2.10198E-01, -1.87888E-01, -1.68814E-01, -1.52397E-01, -1.38179E-01, -1.25793E-01, -1.14946E-01, -1.05398E-01, -9.69549E-02, -8.94567E-02, -8.27704E-02, -7.67854E-02, -7.14091E-02, -6.65632E-02, -6.21817E-02, -5.82081E-02, -5.45945E-02, -5.12992E-02, -4.82868E-02, -4.55263E-02, -4.29909E-02, -4.06571E-02, -3.85045E-02, -3.65151E-02, -3.46731E-02, -3.29644E-02, -3.13768E-02, -2.98991E-02, -2.85217E-02,
  2.59421E-02,  2.69864E-02,  2.80784E-02,  2.92182E-02,  3.04049E-02,  3.16365E-02,  3.29091E-02,  3.42170E-02,  3.55511E-02,  3.68986E-02,  3.82411E-02,  3.95532E-02,  4.08000E-02,  4.19336E-02,  4.28892E-02,  4.35789E-02,  4.38839E-02,  4.36435E-02,  4.26409E-02,  4.05825E-02,  3.70713E-02,  3.15695E-02,  2.33487E-02,  1.14238E-02, -5.53499E-03, -2.93125E-02, -6.22878E-02, -1.07602E-01, -1.69367E-01, -2.52943E-01, -3.65365E-01, -5.16056E-01, -7.17939E-01, -9.88580E-01, -1.34836E+00, -1.80244E+00, -2.27153E+00, -2.50264E+00, -2.30488E+00, -1.87924E+00, -1.47137E+00, -1.15368E+00, -9.18282E-01, -7.43840E-01, -6.12589E-01, -5.11981E-01, -4.33447E-01, -3.71116E-01, -3.20905E-01, -2.79920E-01, -2.46072E-01, -2.17823E-01, -1.94025E-01, -1.73807E-01, -1.56498E-01, -1.41576E-01, -1.28629E-01, -1.17330E-01, -1.07416E-01, -9.86737E-02, -9.09288E-02, -8.40379E-02, -7.78821E-02, -7.23623E-02, -6.73954E-02, -6.29111E-02, -5.88500E-02, -5.51613E-02, -5.18015E-02, -4.87334E-02, -4.59245E-02, -4.33470E-02, -4.09765E-02, -3.87917E-02, -3.67741E-02, -3.49071E-02, -3.31764E-02, -3.15692E-02, -3.00742E-02, -2.86813E-02,
  2.59133E-02,  2.69460E-02,  2.80234E-02,  2.91449E-02,  3.03085E-02,  3.15109E-02,  3.27468E-02,  3.40082E-02,  3.52834E-02,  3.65560E-02,  3.78032E-02,  3.89938E-02,  4.00849E-02,  4.10188E-02,  4.17175E-02,  4.20758E-02,  4.19527E-02,  4.11584E-02,  3.94386E-02,  3.64521E-02,  3.17420E-02,  2.46964E-02,  1.44981E-02,  5.76674E-05, -2.00727E-02, -4.78117E-02, -8.56974E-02, -1.37094E-01, -2.06499E-01, -3.00060E-01, -4.26505E-01, -5.98938E-01, -8.38445E-01, -1.18144E+00, -1.69408E+00, -2.49044E+00, -3.64382E+00, -4.41816E+00, -3.64118E+00, -2.53986E+00, -1.79630E+00, -1.32713E+00, -1.01903E+00, -8.06615E-01, -6.53953E-01, -5.40468E-01, -4.53772E-01, -3.86040E-01, -3.32126E-01, -2.88527E-01, -2.52785E-01, -2.23136E-01, -1.98285E-01, -1.77261E-01, -1.59326E-01, -1.43913E-01, -1.30576E-01, -1.18965E-01, -1.08798E-01, -9.98488E-02, -9.19340E-02, -8.49025E-02, -7.86295E-02, -7.30115E-02, -6.79617E-02, -6.34072E-02, -5.92863E-02, -5.55464E-02, -5.21426E-02, -4.90365E-02, -4.61947E-02, -4.35886E-02, -4.11931E-02, -3.89865E-02, -3.69496E-02, -3.50657E-02, -3.33200E-02, -3.16995E-02, -3.01927E-02, -2.87893E-02,
  2.59035E-02,  2.69310E-02,  2.80017E-02,  2.91146E-02,  3.02673E-02,  3.14560E-02,  3.26744E-02,  3.39135E-02,  3.51603E-02,  3.63966E-02,  3.75974E-02,  3.87284E-02,  3.97430E-02,  4.05783E-02,  4.11497E-02,  4.13433E-02,  4.10068E-02,  3.99359E-02,  3.78573E-02,  3.44061E-02,  2.90953E-02,  2.12765E-02,  1.00884E-02, -5.60976E-03, -2.73252E-02, -5.70462E-02, -9.74008E-02, -1.51889E-01, -2.25260E-01, -3.24173E-01, -4.58465E-01, -6.43740E-01, -9.07059E-01, -1.30077E+00, -1.94122E+00, -3.14073E+00, -5.95032E+00, -1.06198E+01, -5.82643E+00, -3.15901E+00, -2.02980E+00, -1.43625E+00, -1.07797E+00, -8.41809E-01, -6.76531E-01, -5.55749E-01, -4.64546E-01, -3.93885E-01, -3.37989E-01, -2.93003E-01, -2.56266E-01, -2.25885E-01, -2.00484E-01, -1.79041E-01, -1.60783E-01, -1.45115E-01, -1.31577E-01, -1.19805E-01, -1.09507E-01, -1.00452E-01, -9.24502E-02, -8.53464E-02, -7.90133E-02, -7.33448E-02, -6.82525E-02, -6.36620E-02, -5.95103E-02, -5.57442E-02, -5.23178E-02, -4.91922E-02, -4.63336E-02, -4.37128E-02, -4.13045E-02, -3.90866E-02, -3.70398E-02, -3.51473E-02, -3.33939E-02, -3.17667E-02, -3.02538E-02, -2.88450E-02,
  2.59140E-02,  2.69427E-02,  2.80149E-02,  2.91295E-02,  3.02842E-02,  3.14751E-02,  3.26961E-02,  3.39382E-02,  3.51886E-02,  3.64290E-02,  3.76347E-02,  3.87713E-02,  3.97925E-02,  4.06355E-02,  4.12159E-02,  4.14201E-02,  4.10957E-02,  4.00388E-02,  3.79761E-02,  3.45427E-02,  2.92515E-02,  2.14533E-02,  1.02861E-02, -5.39266E-03, -2.70924E-02, -5.68045E-02, -9.71602E-02, -1.51663E-01, -2.25065E-01, -3.24027E-01, -4.58386E-01, -6.43743E-01, -9.07163E-01, -1.30102E+00, -1.94174E+00, -3.14210E+00, -5.95684E+00, -1.06517E+01, -5.83249E+00, -3.16034E+00, -2.03035E+00, -1.43657E+00, -1.07820E+00, -8.41983E-01, -6.76672E-01, -5.55866E-01, -4.64645E-01, -3.93970E-01, -3.38062E-01, -2.93066E-01, -2.56320E-01, -2.25932E-01, -2.00525E-01, -1.79077E-01, -1.60815E-01, -1.45144E-01, -1.31602E-01, -1.19827E-01, -1.09527E-01, -1.00470E-01, -9.24659E-02, -8.53605E-02, -7.90259E-02, -7.33562E-02, -6.82628E-02, -6.36713E-02, -5.95188E-02, -5.57519E-02, -5.23248E-02, -4.91986E-02, -4.63394E-02, -4.37181E-02, -4.13094E-02, -3.90911E-02, -3.70440E-02, -3.51511E-02, -3.33975E-02, -3.17700E-02, -3.02569E-02, -2.88478E-02,
  2.59445E-02,  2.69810E-02,  2.80629E-02,  2.91893E-02,  3.03588E-02,  3.15679E-02,  3.28117E-02,  3.40821E-02,  3.53679E-02,  3.66529E-02,  3.79145E-02,  3.91219E-02,  4.02328E-02,  4.11898E-02,  4.19155E-02,  4.23054E-02,  4.22188E-02,  4.14667E-02,  3.97951E-02,  3.68629E-02,  3.22124E-02,  2.52306E-02,  1.50972E-02,  7.18207E-04, -1.93611E-02, -4.70688E-02, -8.49541E-02, -1.36392E-01, -2.05891E-01, -2.99601E-01, -4.26248E-01, -5.98931E-01, -8.38736E-01, -1.18211E+00, -1.69534E+00, -2.49301E+00, -3.64960E+00, -4.42725E+00, -3.64681E+00, -2.54241E+00, -1.79766E+00, -1.32801E+00, -1.01968E+00, -8.07126E-01, -6.54371E-01, -5.40818E-01, -4.54068E-01, -3.86293E-01, -3.32344E-01, -2.88714E-01, -2.52948E-01, -2.23278E-01, -1.98409E-01, -1.77369E-01, -1.59422E-01, -1.43997E-01, -1.30651E-01, -1.19031E-01, -1.08856E-01, -9.99012E-02, -9.19810E-02, -8.49446E-02, -7.86674E-02, -7.30456E-02, -6.79925E-02, -6.34351E-02, -5.93116E-02, -5.55694E-02, -5.21636E-02, -4.90556E-02, -4.62122E-02, -4.36047E-02, -4.12079E-02, -3.90000E-02, -3.69621E-02, -3.50772E-02, -3.33307E-02, -3.17094E-02, -3.02019E-02, -2.87978E-02,
  2.59938E-02,  2.70444E-02,  2.81437E-02,  2.92918E-02,  3.04881E-02,  3.17308E-02,  3.30164E-02,  3.43392E-02,  3.56908E-02,  3.70586E-02,  3.84249E-02,  3.97650E-02,  4.10444E-02,  4.22164E-02,  4.32170E-02,  4.39593E-02,  4.43255E-02,  4.41562E-02,  4.32352E-02,  4.12694E-02,  3.78614E-02,  3.24714E-02,  2.43669E-02,  1.25553E-02, -4.30465E-03, -2.80144E-02, -6.09738E-02, -1.06347E-01, -1.68265E-01, -2.52098E-01, -3.64875E-01, -5.15998E-01, -7.18372E-01, -9.89560E-01, -1.35000E+00, -1.80500E+00, -2.27528E+00, -2.50705E+00, -2.30860E+00, -1.88182E+00, -1.47315E+00, -1.15499E+00, -9.19300E-01, -7.44663E-01, -6.13271E-01, -5.12555E-01, -4.33934E-01, -3.71533E-01, -3.21264E-01, -2.80230E-01, -2.46341E-01, -2.18057E-01, -1.94230E-01, -1.73986E-01, -1.56656E-01, -1.41715E-01, -1.28752E-01, -1.17439E-01, -1.07513E-01, -9.87605E-02, -9.10065E-02, -8.41076E-02, -7.79448E-02, -7.24188E-02, -6.74465E-02, -6.29574E-02, -5.88920E-02, -5.51995E-02, -5.18363E-02, -4.87652E-02, -4.59536E-02, -4.33737E-02, -4.10010E-02, -3.88143E-02, -3.67948E-02, -3.49262E-02, -3.31941E-02, -3.15856E-02, -3.00894E-02, -2.86954E-02,
  2.60595E-02,  2.71298E-02,  2.82536E-02,  2.94322E-02,  3.06665E-02,  3.19565E-02,  3.33012E-02,  3.46982E-02,  3.61430E-02,  3.76282E-02,  3.91430E-02,  4.06712E-02,  4.21901E-02,  4.36677E-02,  4.50594E-02,  4.63040E-02,  4.73169E-02,  4.79820E-02,  4.81392E-02,  4.75678E-02,  4.59616E-02,  4.28950E-02,  3.77740E-02,  2.97677E-02,  1.77161E-02,  9.44883E-06, -2.55545E-02, -6.19192E-02, -1.12885E-01, -1.83144E-01, -2.78195E-01, -4.04111E-01, -5.67036E-01, -7.71696E-01, -1.01674E+00, -1.28281E+00, -1.51411E+00, -1.62341E+00, -1.56309E+00, -1.38216E+00, -1.16569E+00, -9.65910E-01, -7.99339E-01, -6.65573E-01, -5.59181E-01, -4.74348E-01, -4.06187E-01, -3.50899E-01, -3.05605E-01, -2.68138E-01, -2.36859E-01, -2.10522E-01, -1.88171E-01, -1.69062E-01, -1.52616E-01, -1.38372E-01, -1.25964E-01, -1.15097E-01, -1.05532E-01, -9.70752E-02, -8.95644E-02, -8.28670E-02, -7.68724E-02, -7.14875E-02, -6.66341E-02, -6.22459E-02, -5.82665E-02, -5.46475E-02, -5.13476E-02, -4.83310E-02, -4.55668E-02, -4.30280E-02, -4.06912E-02, -3.85359E-02, -3.65440E-02, -3.46997E-02, -3.29891E-02, -3.13996E-02, -2.99203E-02, -2.85414E-02,
  2.61381E-02,  2.72331E-02,  2.83875E-02,  2.96041E-02,  3.08857E-02,  3.22348E-02,  3.36535E-02,  3.51431E-02,  3.67041E-02,  3.83359E-02,  4.00359E-02,  4.17989E-02,  4.36164E-02,  4.54751E-02,  4.73551E-02,  4.92273E-02,  5.10495E-02,  5.27613E-02,  5.42759E-02,  5.54681E-02,  5.61557E-02,  5.60712E-02,  5.48177E-02,  5.18023E-02,  4.61355E-02,  3.64898E-02,  2.09171E-02, -3.34451E-03, -3.99897E-02, -9.35350E-02, -1.68803E-01, -2.69937E-01, -3.99026E-01, -5.54317E-01, -7.27476E-01, -8.99645E-01, -1.03952E+00, -1.11228E+00, -1.10168E+00, -1.02312E+00, -9.09427E-01, -7.88889E-01, -6.77180E-01, -5.80084E-01, -4.98169E-01, -4.29894E-01, -3.73151E-01, -3.25899E-01, -2.86373E-01, -2.53124E-01, -2.24984E-01, -2.01018E-01, -1.80482E-01, -1.62783E-01, -1.47442E-01, -1.34074E-01, -1.22367E-01, -1.12067E-01, -1.02964E-01, -9.48846E-02, -8.76861E-02, -8.12484E-02, -7.54707E-02, -7.02683E-02, -6.55692E-02, -6.13121E-02, -5.74445E-02, -5.39214E-02, -5.07041E-02, -4.77588E-02, -4.50564E-02, -4.25715E-02, -4.02818E-02, -3.81677E-02, -3.62121E-02, -3.43999E-02, -3.27175E-02, -3.11531E-02, -2.96961E-02, -2.83370E-02,
  2.62255E-02,  2.73489E-02,  2.85386E-02,  2.97993E-02,  3.11357E-02,  3.25532E-02,  3.40572E-02,  3.56536E-02,  3.73488E-02,  3.91495E-02,  4.10626E-02,  4.30956E-02,  4.52564E-02,  4.75531E-02,  4.99941E-02,  5.25875E-02,  5.53410E-02,  5.82601E-02,  6.13459E-02,  6.45903E-02,  6.79667E-02,  7.14127E-02,  7.47977E-02,  7.78650E-02,  8.01287E-02,  8.07020E-02,  7.80319E-02,  6.95483E-02,  5.13413E-02,  1.81804E-02, -3.56351E-02, -1.14361E-01, -2.18456E-01, -3.43014E-01, -4.77464E-01, -6.06132E-01, -7.10244E-01, -7.73139E-01, -7.87655E-01, -7.59603E-01, -7.03353E-01, -6.34029E-01, -5.62666E-01, -4.95505E-01, -4.35255E-01, -3.82576E-01, -3.37111E-01, -2.98093E-01, -2.64653E-01, -2.35957E-01, -2.11266E-01, -1.89946E-01, -1.71462E-01, -1.55370E-01, -1.41302E-01, -1.28951E-01, -1.18064E-01, -1.08428E-01, -9.98694E-02, -9.22385E-02, -8.54116E-02, -7.92838E-02, -7.37661E-02, -6.87829E-02, -6.42695E-02, -6.01705E-02, -5.64382E-02, -5.30314E-02, -4.99142E-02, -4.70557E-02, -4.44288E-02, -4.20096E-02, -3.97773E-02, -3.77137E-02, -3.58025E-02, -3.40295E-02, -3.23818E-02, -3.08482E-02, -2.94185E-02, -2.80839E-02,
  2.63165E-02,  2.74710E-02,  2.86995E-02,  3.00083E-02,  3.14047E-02,  3.28967E-02,  3.44938E-02,  3.62067E-02,  3.80478E-02,  4.00318E-02,  4.21761E-02,  4.45015E-02,  4.70334E-02,  4.98030E-02,  5.28491E-02,  5.62205E-02,  5.99789E-02,  6.42030E-02,  6.89924E-02,  7.44736E-02,  8.08034E-02,  8.81709E-02,  9.67878E-02,  1.06858E-01,  1.18495E-01,  1.31541E-01,  1.45198E-01,  1.57385E-01,  1.63819E-01,  1.57312E-01,  1.28575E-01,  6.99267E-02, -1.95040E-02, -1.31690E-01, -2.52687E-01, -3.67172E-01, -4.61591E-01, -5.26410E-01, -5.58068E-01, -5.59456E-01, -5.37975E-01, -5.02320E-01, -4.59961E-01, -4.16137E-01, -3.73980E-01, -3.35077E-01, -3.00038E-01, -2.68918E-01, -2.41489E-01, -2.17401E-01, -1.96272E-01, -1.77728E-01, -1.61428E-01, -1.47067E-01, -1.34383E-01, -1.23148E-01, -1.13166E-01, -1.04271E-01, -9.63208E-02, -8.91940E-02, -8.27870E-02, -7.70108E-02, -7.17891E-02, -6.70563E-02, -6.27559E-02, -5.88387E-02, -5.52622E-02, -5.19896E-02, -4.89884E-02, -4.62305E-02, -4.36911E-02, -4.13484E-02, -3.91832E-02, -3.71785E-02, -3.53192E-02, -3.35920E-02, -3.19849E-02, -3.04875E-02, -2.90900E-02, -2.77841E-02,
  2.64056E-02,  2.75928E-02,  2.88617E-02,  3.02208E-02,  3.16796E-02,  3.32494E-02,  3.49434E-02,  3.67771E-02,  3.87694E-02,  4.09430E-02,  4.33256E-02,  4.59518E-02,  4.88645E-02,  5.21183E-02,  5.57829E-02,  5.99483E-02,  6.47317E-02,  7.02870E-02,  7.68179E-02,  8.45949E-02,  9.39776E-02,  1.05444E-01,  1.19619E-01,  1.37307E-01,  1.59478E-01,  1.87168E-01,  2.21108E-01,  2.60759E-01,  3.02266E-01,  3.35357E-01,  3.41954E-01,  3.03183E-01,  2.14719E-01,  9.25978E-02, -3.90615E-02, -1.60924E-01, -2.61459E-01, -3.35263E-01, -3.81490E-01, -4.02820E-01, -4.04234E-01, -3.91532E-01, -3.70071E-01, -3.44084E-01, -3.16536E-01, -2.89308E-01, -2.63477E-01, -2.39577E-01, -2.17806E-01, -1.98164E-01, -1.80541E-01, -1.64779E-01, -1.50699E-01, -1.38122E-01, -1.26880E-01, -1.16817E-01, -1.07795E-01, -9.96906E-02, -9.23952E-02, -8.58136E-02, -7.98630E-02, -7.44709E-02, -6.95739E-02, -6.51169E-02, -6.10517E-02, -5.73360E-02, -5.39329E-02, -5.08098E-02, -4.79383E-02, -4.52931E-02, -4.28520E-02, -4.05953E-02, -3.85056E-02, -3.65673E-02, -3.47667E-02, -3.30914E-02, -3.15305E-02, -3.00740E-02, -2.87131E-02, -2.74399E-02,
  2.64870E-02,  2.77069E-02,  2.90165E-02,  3.04259E-02,  3.19473E-02,  3.35947E-02,  3.53851E-02,  3.73390E-02,  3.94811E-02,  4.18419E-02,  4.44593E-02,  4.73805E-02,  5.06655E-02,  5.43910E-02,  5.86559E-02,  6.35894E-02,  6.93616E-02,  7.61992E-02,  8.44067E-02,  9.43974E-02,  1.06737E-01,  1.22208E-01,  1.41897E-01,  1.67317E-01,  2.00568E-01,  2.44482E-01,  3.02616E-01,  3.78506E-01,  4.72591E-01,  5.73662E-01,  6.45410E-01,  6.33091E-01,  5.18852E-01,  3.47953E-01,  1.74139E-01,  2.43405E-02, -9.41027E-02, -1.81681E-01, -2.41525E-01, -2.77847E-01, -2.95376E-01, -2.98859E-01, -2.92593E-01, -2.80118E-01, -2.64121E-01, -2.46506E-01, -2.28537E-01, -2.11005E-01, -1.94366E-01, -1.78853E-01, -1.64557E-01, -1.51481E-01, -1.39578E-01, -1.28774E-01, -1.18981E-01, -1.10111E-01, -1.02073E-01, -9.47861E-02, -8.81724E-02, -8.21624E-02, -7.66931E-02, -7.17080E-02, -6.71568E-02, -6.29948E-02, -5.91822E-02, -5.56837E-02, -5.24679E-02, -4.95071E-02, -4.67766E-02, -4.42542E-02, -4.19206E-02, -3.97581E-02, -3.77513E-02, -3.58862E-02, -3.41502E-02, -3.25323E-02, -3.10223E-02, -2.96112E-02, -2.82908E-02, -2.70539E-02,
  2.65550E-02,  2.78063E-02,  2.91549E-02,  3.06128E-02,  3.21942E-02,  3.39159E-02,  3.57985E-02,  3.78668E-02,  4.01510E-02,  4.26887E-02,  4.55267E-02,  4.87239E-02,  5.23553E-02,  5.65171E-02,  6.13341E-02,  6.69698E-02,  7.36409E-02,  8.16378E-02,  9.13541E-02,  1.03331E-01,  1.18322E-01,  1.37394E-01,  1.62083E-01,  1.94643E-01,  2.38445E-01,  2.98622E-01,  3.83060E-01,  5.03594E-01,  6.75594E-01,  9.05948E-01,  1.13814E+00,  1.18619E+00,  9.63166E-01,  6.52927E-01,  3.88830E-01,  1.90534E-01,  4.60646E-02, -5.74980E-02, -1.29707E-01, -1.77610E-01, -2.06777E-01, -2.21830E-01, -2.26625E-01, -2.24291E-01, -2.17271E-01, -2.07392E-01, -1.95961E-01, -1.83884E-01, -1.71759E-01, -1.59965E-01, -1.48727E-01, -1.38167E-01, -1.28336E-01, -1.19243E-01, -1.10867E-01, -1.03174E-01, -9.61185E-02, -8.96539E-02, -8.37320E-02, -7.83058E-02, -7.33312E-02, -6.87670E-02, -6.45753E-02, -6.07213E-02, -5.71736E-02, -5.39038E-02, -5.08861E-02, -4.80974E-02, -4.55169E-02, -4.31256E-02, -4.09069E-02, -3.88455E-02, -3.69278E-02, -3.51414E-02, -3.34753E-02, -3.19193E-02, -3.04645E-02, -2.91027E-02, -2.78264E-02, -2.66289E-02,
  2.66036E-02,  2.78840E-02,  2.92686E-02,  3.07711E-02,  3.24075E-02,  3.41974E-02,  3.61642E-02,  3.83365E-02,  4.07492E-02,  4.34461E-02,  4.64814E-02,  4.99236E-02,  5.38600E-02,  5.84028E-02,  6.36972E-02,  6.99342E-02,  7.73666E-02,  8.63342E-02,  9.72993E-02,  1.10901E-01,  1.28037E-01,  1.49998E-01,  1.78678E-01,  2.16946E-01,  2.69301E-01,  3.43113E-01,  4.51129E-01,  6.16861E-01,  8.86570E-01,  1.35071E+00,  2.08590E+00,  2.40848E+00,  1.67035E+00,  9.96663E-01,  5.85860E-01,  3.28439E-01,  1.57516E-01,  3.98941E-02, -4.19019E-02, -9.80832E-02, -1.35333E-01, -1.58466E-01, -1.71163E-01, -1.76299E-01, -1.76113E-01, -1.72318E-01, -1.66193E-01, -1.58671E-01, -1.50414E-01, -1.41882E-01, -1.33382E-01, -1.25117E-01, -1.17207E-01, -1.09723E-01, -1.02698E-01, -9.61397E-02, -9.00416E-02, -8.43861E-02, -7.91500E-02, -7.43072E-02, -6.98304E-02, -6.56923E-02, -6.18665E-02, -5.83278E-02, -5.50527E-02, -5.20190E-02, -4.92067E-02, -4.65971E-02, -4.41732E-02, -4.19193E-02, -3.98214E-02, -3.78665E-02, -3.60428E-02, -3.43398E-02, -3.27477E-02, -3.12577E-02, -2.98617E-02, -2.85525E-02, -2.73233E-02, -2.61681E-02,
  2.66276E-02,  2.79333E-02,  2.93495E-02,  3.08910E-02,  3.25757E-02,  3.44249E-02,  3.64646E-02,  3.87265E-02,  4.12494E-02,  4.40815E-02,  4.72829E-02,  5.09293E-02,  5.51170E-02,  5.99692E-02,  6.56457E-02,  7.23554E-02,  8.03748E-02,  9.00743E-02,  1.01957E-01,  1.16719E-01,  1.35339E-01,  1.59227E-01,  1.90469E-01,  2.32258E-01,  2.89699E-01,  3.71420E-01,  4.93134E-01,  6.86570E-01,  1.02613E+00,  1.73141E+00,  3.70925E+00,  6.10821E+00,  2.49018E+00,  1.25121E+00,  7.15783E-01,  4.20620E-01,  2.35349E-01,  1.10701E-01,  2.40302E-02, -3.67248E-02, -7.88351E-02, -1.07163E-01, -1.25219E-01, -1.35656E-01, -1.40518E-01, -1.41382E-01, -1.39452E-01, -1.35639E-01, -1.30617E-01, -1.24877E-01, -1.18773E-01, -1.12551E-01, -1.06383E-01, -1.00380E-01, -9.46137E-02, -8.91275E-02, -8.39427E-02, -7.90668E-02, -7.44976E-02, -7.02266E-02, -6.62413E-02, -6.25268E-02, -5.90669E-02, -5.58453E-02, -5.28455E-02, -5.00517E-02, -4.74489E-02, -4.50227E-02, -4.27597E-02, -4.06475E-02, -3.86745E-02, -3.68301E-02, -3.51044E-02, -3.34884E-02, -3.19737E-02, -3.05528E-02, -2.92185E-02, -2.79646E-02, -2.67851E-02, -2.56746E-02,
  2.66220E-02,  2.79485E-02,  2.93906E-02,  3.09641E-02,  3.26882E-02,  3.45859E-02,  3.66848E-02,  3.90188E-02,  4.16295E-02,  4.45682E-02,  4.78987E-02,  5.17013E-02,  5.60774E-02,  6.11566E-02,  6.71058E-02,  7.41422E-02,  8.25514E-02,  9.27141E-02,  1.05144E-01,  1.20546E-01,  1.39904E-01,  1.64628E-01,  1.96781E-01,  2.39499E-01,  2.97737E-01,  3.79759E-01,  5.00329E-01,  6.88369E-01,  1.00796E+00,  1.62468E+00,  2.96659E+00,  3.92011E+00,  2.20222E+00,  1.21807E+00,  7.33259E-01,  4.54898E-01,  2.76960E-01,  1.55636E-01,  6.99453E-02,  8.52606E-03, -3.54574E-02, -6.65097E-02, -8.78230E-02, -1.01777E-01, -1.10197E-01, -1.14502E-01, -1.15792E-01, -1.14921E-01, -1.12537E-01, -1.09133E-01, -1.05076E-01, -1.00638E-01, -9.60144E-02, -9.13464E-02, -8.67321E-02, -8.22384E-02, -7.79091E-02, -7.37711E-02, -6.98391E-02, -6.61191E-02, -6.26110E-02, -5.93107E-02, -5.62110E-02, -5.33032E-02, -5.05776E-02, -4.80238E-02, -4.56315E-02, -4.33904E-02, -4.12906E-02, -3.93224E-02, -3.74770E-02, -3.57457E-02, -3.41206E-02, -3.25941E-02, -3.11594E-02, -2.98100E-02, -2.85398E-02, -2.73434E-02, -2.62156E-02, -2.51517E-02,
  2.65826E-02,  2.79246E-02,  2.93859E-02,  3.09833E-02,  3.27368E-02,  3.46702E-02,  3.68126E-02,  3.91990E-02,  4.18724E-02,  4.48859E-02,  4.83048E-02,  5.22113E-02,  5.67082E-02,  6.19262E-02,  6.80325E-02,  7.52426E-02,  8.38375E-02,  9.41878E-02,  1.06788E-01,  1.22306E-01,  1.41664E-01,  1.66151E-01,  1.97618E-01,  2.38788E-01,  2.93796E-01,  3.69144E-01,  4.75460E-01,  6.30682E-01,  8.64765E-01,  1.21685E+00,  1.65302E+00,  1.80104E+00,  1.42651E+00,  9.79817E-01,  6.57247E-01,  4.38361E-01,  2.86434E-01,  1.77790E-01,  9.84331E-02,  3.98501E-02, -3.43022E-03, -3.51458E-02, -5.79938E-02, -7.40053E-02, -8.47532E-02, -9.14742E-02, -9.51446E-02, -9.65342E-02, -9.62464E-02, -9.47502E-02, -9.24067E-02, -8.94916E-02, -8.62131E-02, -8.27265E-02, -7.91464E-02, -7.55560E-02, -7.20147E-02, -6.85637E-02, -6.52308E-02, -6.20336E-02, -5.89820E-02, -5.60808E-02, -5.33306E-02, -5.07293E-02, -4.82729E-02, -4.59561E-02, -4.37726E-02, -4.17160E-02, -3.97795E-02, -3.79561E-02, -3.62393E-02, -3.46225E-02, -3.30994E-02, -3.16641E-02, -3.03110E-02, -2.90348E-02, -2.78303E-02, -2.66931E-02, -2.56186E-02, -2.46028E-02,
  2.65060E-02,  2.78574E-02,  2.93307E-02,  3.09430E-02,  3.27148E-02,  3.46704E-02,  3.68393E-02,  3.92569E-02,  4.19667E-02,  4.50215E-02,  4.84867E-02,  5.24433E-02,  5.69923E-02,  6.22608E-02,  6.84097E-02,  7.56442E-02,  8.42287E-02,  9.45062E-02,  1.06927E-01,  1.22089E-01,  1.40793E-01,  1.64131E-01,  1.93607E-01,  2.31326E-01,  2.80266E-01,  3.44656E-01,  4.30383E-01,  5.44953E-01,  6.94906E-01,  8.73968E-01,  1.03263E+00,  1.06828E+00,  9.40604E-01,  7.38505E-01,  5.47071E-01,  3.92560E-01,  2.73485E-01,  1.82517E-01,  1.12956E-01,  5.97194E-02,  1.90868E-02, -1.16985E-02, -3.47302E-02, -5.16392E-02, -6.37202E-02, -7.20122E-02, -7.73529E-02, -8.04168E-02, -8.17447E-02, -8.17671E-02, -8.08248E-02, -7.91847E-02, -7.70546E-02, -7.45948E-02, -7.19278E-02, -6.91463E-02, -6.63195E-02, -6.34988E-02, -6.07211E-02, -5.80129E-02, -5.53920E-02, -5.28704E-02, -5.04549E-02, -4.81491E-02, -4.59538E-02, -4.38680E-02, -4.18894E-02, -4.00146E-02, -3.82396E-02, -3.65601E-02, -3.49715E-02, -3.34693E-02, -3.20487E-02, -3.07054E-02, -2.94347E-02, -2.82326E-02, -2.70950E-02, -2.60180E-02, -2.49979E-02, -2.40314E-02,
  2.63896E-02,  2.77440E-02,  2.92215E-02,  3.08393E-02,  3.26178E-02,  3.45815E-02,  3.67595E-02,  3.91869E-02,  4.19062E-02,  4.49691E-02,  4.84389E-02,  5.23932E-02,  5.69283E-02,  6.21634E-02,  6.82482E-02,  7.53707E-02,  8.37689E-02,  9.37465E-02,  1.05693E-01,  1.20111E-01,  1.37654E-01,  1.59175E-01,  1.85788E-01,  2.18942E-01,  2.60488E-01,  3.12670E-01,  3.77867E-01,  4.57580E-01,  5.49667E-01,  6.42690E-01,  7.10284E-01,  7.19513E-01,  6.60161E-01,  5.56827E-01,  4.42698E-01,  3.37709E-01,  2.48672E-01,  1.75859E-01,  1.17326E-01,  7.07382E-02,  3.39640E-02,  5.20463E-03, -1.70261E-02, -3.39534E-02, -4.65901E-02, -5.57751E-02, -6.22025E-02, -6.64453E-02, -6.89735E-02, -7.01705E-02, -7.03466E-02, -6.97513E-02, -6.85835E-02, -6.70008E-02, -6.51270E-02, -6.30587E-02, -6.08705E-02, -5.86196E-02, -5.63496E-02, -5.40929E-02, -5.18733E-02, -4.97082E-02, -4.76095E-02, -4.55853E-02, -4.36404E-02, -4.17776E-02, -3.99976E-02, -3.83000E-02, -3.66832E-02, -3.51452E-02, -3.36834E-02, -3.22948E-02, -3.09763E-02, -2.97246E-02, -2.85366E-02, -2.74089E-02, -2.63386E-02, -2.53224E-02, -2.43574E-02, -2.34408E-02,
  2.62318E-02,  2.75825E-02,  2.90563E-02,  3.06699E-02,  3.24437E-02,  3.44013E-02,  3.65711E-02,  3.89871E-02,  4.16901E-02,  4.47292E-02,  4.81642E-02,  5.20676E-02,  5.65281E-02,  6.16547E-02,  6.75815E-02,  7.44747E-02,  8.25405E-02,  9.20355E-02,  1.03280E-01,  1.16675E-01,  1.32718E-01,  1.52026E-01,  1.75348E-01,  2.03567E-01,  2.37647E-01,  2.78476E-01,  3.26463E-01,  3.80678E-01,  4.37359E-01,  4.88165E-01,  5.20209E-01,  5.21088E-01,  4.87485E-01,  4.28079E-01,  3.56864E-01,  2.85319E-01,  2.19865E-01,  1.62997E-01,  1.15042E-01,  7.53609E-02,  4.29801E-02,  1.68774E-02, -3.90619E-03, -2.02289E-02, -3.28420E-02, -4.23945E-02, -4.94420E-02, -5.44564E-02, -5.78349E-02, -5.99091E-02, -6.09541E-02, -6.11957E-02, -6.08185E-02, -5.99719E-02, -5.87762E-02, -5.73274E-02, -5.57018E-02, -5.39596E-02, -5.21479E-02, -5.03029E-02, -4.84529E-02, -4.66188E-02, -4.48167E-02, -4.30580E-02, -4.13508E-02, -3.97009E-02, -3.81117E-02, -3.65852E-02, -3.51220E-02, -3.37219E-02, -3.23841E-02, -3.11071E-02, -2.98892E-02, -2.87283E-02, -2.76223E-02, -2.65688E-02, -2.55656E-02, -2.46103E-02, -2.37006E-02, -2.28343E-02,
  2.60315E-02,  2.73721E-02,  2.88342E-02,  3.04344E-02,  3.21919E-02,  3.41298E-02,  3.62750E-02,  3.86597E-02,  4.13222E-02,  4.43083E-02,  4.76728E-02,  5.14819E-02,  5.58152E-02,  6.07691E-02,  6.64604E-02,  7.30306E-02,  8.06514E-02,  8.95310E-02,  9.99204E-02,  1.12120E-01,  1.26486E-01,  1.43428E-01,  1.63396E-01,  1.86849E-01,  2.14159E-01,  2.45443E-01,  2.80239E-01,  3.17009E-01,  3.52531E-01,  3.81583E-01,  3.97701E-01,  3.95571E-01,  3.73928E-01,  3.36434E-01,  2.89594E-01,  2.39789E-01,  1.91594E-01,  1.47587E-01,  1.08874E-01,  7.56666E-02,  4.77036E-02,  2.45099E-02,  5.53327E-03, -9.78308E-03, -2.19659E-02, -3.14962E-02, -3.88031E-02, -4.42636E-02, -4.82043E-02, -5.09050E-02, -5.26032E-02, -5.34984E-02, -5.37571E-02, -5.35171E-02, -5.28917E-02, -5.19732E-02, -5.08367E-02, -4.95427E-02, -4.81397E-02, -4.66661E-02, -4.51525E-02, -4.36227E-02, -4.20953E-02, -4.05844E-02, -3.91007E-02, -3.76522E-02, -3.62446E-02, -3.48817E-02, -3.35662E-02, -3.22994E-02, -3.10820E-02, -2.99138E-02, -2.87943E-02, -2.77226E-02, -2.66974E-02, -2.57173E-02, -2.47807E-02, -2.38859E-02, -2.30314E-02, -2.22153E-02,
  2.57890E-02,  2.71130E-02,  2.85559E-02,  3.01335E-02,  3.18642E-02,  3.37696E-02,  3.58750E-02,  3.82102E-02,  4.08105E-02,  4.37175E-02,  4.69807E-02,  5.06587E-02,  5.48212E-02,  5.95511E-02,  6.49468E-02,  7.11249E-02,  7.82231E-02,  8.64027E-02,  9.58508E-02,  1.06780E-01,  1.19425E-01,  1.34032E-01,  1.50833E-01,  1.70001E-01,  1.91563E-01,  2.15271E-01,  2.40395E-01,  2.65494E-01,  2.88220E-01,  3.05406E-01,  3.13651E-01,  3.10437E-01,  2.95233E-01,  2.69806E-01,  2.37463E-01,  2.01829E-01,  1.65932E-01,  1.31849E-01,  1.00779E-01,  7.32650E-02,  4.94236E-02,  2.91219E-02,  1.20924E-02, -1.99370E-03, -1.34836E-02, -2.27176E-02, -3.00156E-02, -3.56699E-02, -3.99421E-02, -4.30626E-02, -4.52318E-02, -4.66222E-02, -4.73805E-02, -4.76308E-02, -4.74770E-02, -4.70058E-02, -4.62887E-02, -4.53847E-02, -4.43419E-02, -4.31995E-02, -4.19891E-02, -4.07361E-02, -3.94607E-02, -3.81790E-02, -3.69035E-02, -3.56439E-02, -3.44075E-02, -3.32000E-02, -3.20254E-02, -3.08864E-02, -2.97849E-02, -2.87220E-02, -2.76981E-02, -2.67133E-02, -2.57671E-02, -2.48589E-02, -2.39879E-02, -2.31529E-02, -2.23530E-02, -2.15867E-02,
  2.55049E-02,  2.68063E-02,  2.82229E-02,  2.97696E-02,  3.14637E-02,  3.33250E-02,  3.53769E-02,  3.76467E-02,  4.01660E-02,  4.29721E-02,  4.61083E-02,  4.96257E-02,  5.35835E-02,  5.80510E-02,  6.31087E-02,  6.88493E-02,  7.53790E-02,  8.28172E-02,  9.12956E-02,  1.00954E-01,  1.11934E-01,  1.24360E-01,  1.38317E-01,  1.53807E-01,  1.70685E-01,  1.88569E-01,  2.06737E-01,  2.24031E-01,  2.38834E-01,  2.49213E-01,  2.53288E-01,  2.49770E-01,  2.38427E-01,  2.20204E-01,  1.96915E-01,  1.70700E-01,  1.43535E-01,  1.16959E-01,  9.20154E-02,  6.93147E-02,  4.91388E-02,  3.15456E-02,  1.64504E-02,  3.68493E-03, -6.96244E-03, -1.57208E-02, -2.28196E-02, -2.84788E-02, -3.29026E-02, -3.62766E-02, -3.87663E-02, -4.05177E-02, -4.16576E-02, -4.22955E-02, -4.25249E-02, -4.24250E-02, -4.20627E-02, -4.14939E-02, -4.07651E-02, -3.99148E-02, -3.89749E-02, -3.79713E-02, -3.69251E-02, -3.58535E-02, -3.47702E-02, -3.36862E-02, -3.26102E-02, -3.15490E-02, -3.05077E-02, -2.94903E-02, -2.84997E-02, -2.75379E-02, -2.66062E-02, -2.57055E-02, -2.48362E-02, -2.39982E-02, -2.31913E-02, -2.24150E-02, -2.16688E-02, -2.09518E-02,
  2.51809E-02,  2.64540E-02,  2.78379E-02,  2.93462E-02,  3.09948E-02,  3.28019E-02,  3.47887E-02,  3.69794E-02,  3.94022E-02,  4.20895E-02,  4.50788E-02,  4.84132E-02,  5.21418E-02,  5.63212E-02,  6.10148E-02,  6.62939E-02,  7.22367E-02,  7.89272E-02,  8.64519E-02,  9.48946E-02,  1.04326E-01,  1.14791E-01,  1.26283E-01,  1.38712E-01,  1.51863E-01,  1.65344E-01,  1.78536E-01,  1.90564E-01,  2.00333E-01,  2.06641E-01,  2.08402E-01,  2.04915E-01,  1.96080E-01,  1.82447E-01,  1.65077E-01,  1.45284E-01,  1.24368E-01,  1.03437E-01,  8.33278E-02,  6.46009E-02,  4.75855E-02,  3.24319E-02,  1.91628E-02,  7.71588E-03, -2.02380E-03, -1.02009E-02, -1.69735E-02, -2.25019E-02, -2.69414E-02, -3.04383E-02, -3.31266E-02, -3.51276E-02, -3.65491E-02, -3.74857E-02, -3.80201E-02, -3.82236E-02, -3.81571E-02, -3.78727E-02, -3.74144E-02, -3.68193E-02, -3.61183E-02, -3.53372E-02, -3.44976E-02, -3.36169E-02, -3.27098E-02, -3.17879E-02, -3.08609E-02, -2.99364E-02, -2.90205E-02, -2.81180E-02, -2.72327E-02, -2.63673E-02, -2.55240E-02, -2.47042E-02, -2.39091E-02, -2.31391E-02, -2.23946E-02, -2.16756E-02, -2.09819E-02, -2.03131E-02,
  2.48189E-02,  2.60589E-02,  2.74042E-02,  2.88675E-02,  3.04631E-02,  3.22075E-02,  3.41193E-02,  3.62200E-02,  3.85340E-02,  4.10891E-02,  4.39168E-02,  4.70527E-02,  5.05368E-02,  5.44133E-02,  5.87309E-02,  6.35421E-02,  6.89018E-02,  7.48649E-02,  8.14831E-02,  8.87984E-02,  9.68342E-02,  1.05583E-01,  1.14986E-01,  1.24917E-01,  1.35146E-01,  1.45321E-01,  1.54944E-01,  1.63374E-01,  1.69866E-01,  1.73658E-01,  1.74097E-01,  1.70786E-01,  1.63683E-01,  1.53132E-01,  1.39789E-01,  1.24491E-01,  1.08110E-01,  9.14378E-02,  7.51185E-02,  5.96285E-02,  4.52855E-02,  3.22730E-02,  2.06705E-02,  1.04810E-02,  1.65516E-03, -5.89051E-03, -1.22593E-02, -1.75642E-02, -2.19203E-02, -2.54403E-02, -2.82309E-02, -3.03909E-02, -3.20103E-02, -3.31699E-02, -3.39415E-02, -3.43881E-02, -3.45646E-02, -3.45185E-02, -3.42906E-02, -3.39158E-02, -3.34238E-02, -3.28397E-02, -3.21846E-02, -3.14762E-02, -3.07291E-02, -2.99558E-02, -2.91661E-02, -2.83685E-02, -2.75697E-02, -2.67751E-02, -2.59891E-02, -2.52152E-02, -2.44561E-02, -2.37137E-02, -2.29898E-02, -2.22854E-02, -2.16012E-02, -2.09377E-02, -2.02951E-02, -1.96735E-02,
  2.44217E-02,  2.56241E-02,  2.69260E-02,  2.83387E-02,  2.98751E-02,  3.15496E-02,  3.33788E-02,  3.53811E-02,  3.75772E-02,  3.99906E-02,  4.26472E-02,  4.55756E-02,  4.88072E-02,  5.23759E-02,  5.63175E-02,  6.06685E-02,  6.54651E-02,  7.07397E-02,  7.65180E-02,  8.28128E-02,  8.96165E-02,  9.68914E-02,  1.04556E-01,  1.12472E-01,  1.20426E-01,  1.28121E-01,  1.35170E-01,  1.41106E-01,  1.45420E-01,  1.47617E-01,  1.47293E-01,  1.44212E-01,  1.38365E-01,  1.29975E-01,  1.19469E-01,  1.07399E-01,  9.43606E-02,  8.09227E-02,  6.75750E-02,  5.47053E-02,  4.25954E-02,  3.14305E-02,  2.13145E-02,  1.22878E-02,  4.34327E-03, -2.55993E-03, -8.48471E-03, -1.35074E-02, -1.77109E-02, -2.11802E-02, -2.39984E-02, -2.62450E-02, -2.79939E-02, -2.93130E-02, -3.02639E-02, -3.09013E-02, -3.12739E-02, -3.14246E-02, -3.13905E-02, -3.12041E-02, -3.08933E-02, -3.04818E-02, -2.99903E-02, -2.94359E-02, -2.88333E-02, -2.81950E-02, -2.75312E-02, -2.68507E-02, -2.61605E-02, -2.54666E-02, -2.47738E-02, -2.40860E-02, -2.34066E-02, -2.27379E-02, -2.20820E-02, -2.14403E-02, -2.08142E-02, -2.02043E-02, -1.96113E-02, -1.90354E-02,
  2.39923E-02,  2.51534E-02,  2.64077E-02,  2.77653E-02,  2.92374E-02,  3.08369E-02,  3.25776E-02,  3.44755E-02,  3.65477E-02,  3.88136E-02,  4.12939E-02,  4.40112E-02,  4.69893E-02,  5.02531E-02,  5.38275E-02,  5.77366E-02,  6.20014E-02,  6.66379E-02,  7.16531E-02,  7.70406E-02,  8.27744E-02,  8.88013E-02,  9.50327E-02,  1.01335E-01,  1.07524E-01,  1.13355E-01,  1.18532E-01,  1.22717E-01,  1.25557E-01,  1.26725E-01,  1.25962E-01,  1.23126E-01,  1.18222E-01,  1.11403E-01,  1.02957E-01,  9.32584E-02,  8.27251E-02,  7.17684E-02,  6.07593E-02,  5.00071E-02,  3.97514E-02,  3.01634E-02,  2.13530E-02,  1.33792E-02,  6.26024E-03, -1.59497E-05, -5.48345E-03, -1.01911E-02, -1.41966E-02, -1.75624E-02, -2.03522E-02, -2.26287E-02, -2.44520E-02, -2.58782E-02, -2.69593E-02, -2.77426E-02, -2.82706E-02, -2.85813E-02, -2.87083E-02, -2.86811E-02, -2.85256E-02, -2.82643E-02, -2.79164E-02, -2.74988E-02, -2.70257E-02, -2.65094E-02, -2.59602E-02, -2.53868E-02, -2.47968E-02, -2.41963E-02, -2.35904E-02, -2.29835E-02, -2.23791E-02, -2.17800E-02, -2.11887E-02, -2.06070E-02, -2.00364E-02, -1.94780E-02, -1.89326E-02, -1.84010E-02,
  2.35340E-02,  2.46508E-02,  2.58543E-02,  2.71532E-02,  2.85574E-02,  3.00778E-02,  3.17263E-02,  3.35159E-02,  3.54610E-02,  3.75769E-02,  3.98798E-02,  4.23869E-02,  4.51157E-02,  4.80834E-02,  5.13064E-02,  5.47987E-02,  5.85703E-02,  6.26249E-02,  6.69573E-02,  7.15490E-02,  7.63641E-02,  8.13441E-02,  8.64021E-02,  9.14181E-02,  9.62351E-02,  1.00659E-01,  1.04465E-01,  1.07405E-01,  1.09234E-01,  1.09729E-01,  1.08722E-01,  1.06126E-01,  1.01952E-01,  9.63092E-02,  8.93974E-02,  8.14796E-02,  7.28534E-02,  6.38207E-02,  5.46628E-02,  4.56244E-02,  3.69044E-02,  2.86538E-02,  2.09783E-02,  1.39438E-02,  7.58284E-03,  1.90157E-03, -3.11410E-03, -7.49283E-03, -1.12731E-02, -1.44997E-02, -1.72202E-02, -1.94835E-02, -2.13375E-02, -2.28282E-02, -2.39990E-02, -2.48901E-02, -2.55382E-02, -2.59767E-02, -2.62355E-02, -2.63414E-02, -2.63179E-02, -2.61858E-02, -2.59632E-02, -2.56661E-02, -2.53082E-02, -2.49013E-02, -2.44557E-02, -2.39801E-02, -2.34819E-02, -2.29675E-02, -2.24422E-02, -2.19107E-02, -2.13766E-02, -2.08431E-02, -2.03128E-02, -1.97880E-02, -1.92703E-02, -1.87611E-02, -1.82615E-02, -1.77725E-02,
  2.30502E-02,  2.41204E-02,  2.52706E-02,  2.65084E-02,  2.78421E-02,  2.92810E-02,  3.08350E-02,  3.25148E-02,  3.43317E-02,  3.62977E-02,  3.84253E-02,  4.07269E-02,  4.32146E-02,  4.58997E-02,  4.87916E-02,  5.18967E-02,  5.52169E-02,  5.87479E-02,  6.24762E-02,  6.63769E-02,  7.04101E-02,  7.45173E-02,  7.86185E-02,  8.26093E-02,  8.63600E-02,  8.97173E-02,  9.25094E-02,  9.45559E-02,  9.56818E-02,  9.57347E-02,  9.46032E-02,  9.22332E-02,  8.86373E-02,  8.38970E-02,  7.81548E-02,  7.15995E-02,  6.44477E-02,  5.69234E-02,  4.92415E-02,  4.15950E-02,  3.41468E-02,  2.70266E-02,  2.03312E-02,  1.41264E-02,  8.45152E-03,  3.32366E-03, -1.25792E-03, -5.30750E-03, -8.84920E-03, -1.19139E-02, -1.45366E-02, -1.67545E-02, -1.86055E-02, -2.01267E-02, -2.13538E-02, -2.23208E-02, -2.30590E-02, -2.35975E-02, -2.39626E-02, -2.41781E-02, -2.42654E-02, -2.42435E-02, -2.41293E-02, -2.39376E-02, -2.36814E-02, -2.33721E-02, -2.30196E-02, -2.26324E-02, -2.22179E-02, -2.17826E-02, -2.13317E-02, -2.08701E-02, -2.04015E-02, -1.99295E-02, -1.94567E-02, -1.89856E-02, -1.85180E-02, -1.80556E-02, -1.75998E-02, -1.71515E-02,
  2.25446E-02,  2.35665E-02,  2.46618E-02,  2.58368E-02,  2.70986E-02,  2.84549E-02,  2.99137E-02,  3.14835E-02,  3.31733E-02,  3.49921E-02,  3.69489E-02,  3.90524E-02,  4.13104E-02,  4.37292E-02,  4.63130E-02,  4.90627E-02,  5.19746E-02,  5.50389E-02,  5.82376E-02,  6.15428E-02,  6.49143E-02,  6.82969E-02,  7.16196E-02,  7.47934E-02,  7.77126E-02,  8.02565E-02,  8.22944E-02,  8.36931E-02,  8.43270E-02,  8.40902E-02,  8.29075E-02,  8.07452E-02,  7.76167E-02,  7.35835E-02,  6.87503E-02,  6.32556E-02,  5.72597E-02,  5.09311E-02,  4.44353E-02,  3.79245E-02,  3.15315E-02,  2.53660E-02,  1.95136E-02,  1.40368E-02,  8.97671E-03,  4.35642E-03,  1.83715E-04, -3.54570E-03, -6.84541E-03, -9.73577E-03, -1.22418E-02, -1.43913E-02, -1.62136E-02, -1.77385E-02, -1.89951E-02, -2.00116E-02, -2.08147E-02, -2.14292E-02, -2.18783E-02, -2.21829E-02, -2.23623E-02, -2.24335E-02, -2.24121E-02, -2.23119E-02, -2.21449E-02, -2.19221E-02, -2.16527E-02, -2.13451E-02, -2.10066E-02, -2.06434E-02, -2.02608E-02, -1.98637E-02, -1.94560E-02, -1.90412E-02, -1.86223E-02, -1.82017E-02, -1.77815E-02, -1.73635E-02, -1.69493E-02, -1.65399E-02,
  2.20207E-02,  2.29933E-02,  2.40326E-02,  2.51441E-02,  2.63335E-02,  2.76071E-02,  2.89713E-02,  3.04328E-02,  3.19981E-02,  3.36740E-02,  3.54666E-02,  3.73815E-02,  3.94229E-02,  4.15937E-02,  4.38939E-02,  4.63206E-02,  4.88663E-02,  5.15179E-02,  5.42555E-02,  5.70503E-02,  5.98640E-02,  6.26466E-02,  6.53361E-02,  6.78581E-02,  7.01269E-02,  7.20475E-02,  7.35203E-02,  7.44461E-02,  7.47341E-02,  7.43094E-02,  7.31208E-02,  7.11476E-02,  6.84028E-02,  6.49339E-02,  6.08194E-02,  5.61630E-02,  5.10853E-02,  4.57148E-02,  4.01797E-02,  3.46007E-02,  2.90857E-02,  2.37268E-02,  1.85985E-02,  1.37576E-02,  9.24452E-03,  5.08503E-03,  1.29199E-03, -2.13221E-03, -5.19361E-03, -7.90469E-03, -1.02826E-02, -1.23479E-02, -1.41228E-02, -1.56308E-02, -1.68955E-02, -1.79401E-02, -1.87869E-02, -1.94573E-02, -1.99712E-02, -2.03470E-02, -2.06016E-02, -2.07507E-02, -2.08081E-02, -2.07866E-02, -2.06974E-02, -2.05505E-02, -2.03550E-02, -2.01188E-02, -1.98487E-02, -1.95510E-02, -1.92308E-02, -1.88930E-02, -1.85416E-02, -1.81800E-02, -1.78112E-02, -1.74379E-02, -1.70623E-02, -1.66863E-02, -1.63114E-02, -1.59391E-02,
  2.14821E-02,  2.24049E-02,  2.33880E-02,  2.44359E-02,  2.55532E-02,  2.67451E-02,  2.80163E-02,  2.93720E-02,  3.08170E-02,  3.23557E-02,  3.39921E-02,  3.57291E-02,  3.75685E-02,  3.95102E-02,  4.15515E-02,  4.36869E-02,  4.59064E-02,  4.81956E-02,  5.05336E-02,  5.28928E-02,  5.52377E-02,  5.75239E-02,  5.96984E-02,  6.16994E-02,  6.34575E-02,  6.48983E-02,  6.59452E-02,  6.65242E-02,  6.65685E-02,  6.60249E-02,  6.48583E-02,  6.30561E-02,  6.06305E-02,  5.76189E-02,  5.40814E-02,  5.00968E-02,  4.57573E-02,  4.11620E-02,  3.64114E-02,  3.16014E-02,  2.68200E-02,  2.21438E-02,  1.76369E-02,  1.33502E-02,  9.32161E-03,  5.57743E-03,  2.13327E-03, -1.00419E-03, -3.83573E-03, -6.36803E-03, -8.61233E-03, -1.05832E-02, -1.22973E-02, -1.37730E-02, -1.50290E-02, -1.60844E-02, -1.69578E-02, -1.76670E-02, -1.82293E-02, -1.86607E-02, -1.89761E-02, -1.91893E-02, -1.93130E-02, -1.93587E-02, -1.93366E-02, -1.92563E-02, -1.91260E-02, -1.89532E-02, -1.87446E-02, -1.85060E-02, -1.82426E-02, -1.79591E-02, -1.76593E-02, -1.73469E-02, -1.70248E-02, -1.66956E-02, -1.63618E-02, -1.60252E-02, -1.56875E-02, -1.53502E-02,
  2.09322E-02,  2.18051E-02,  2.27322E-02,  2.37172E-02,  2.47636E-02,  2.58754E-02,  2.70563E-02,  2.83098E-02,  2.96393E-02,  3.10475E-02,  3.25365E-02,  3.41074E-02,  3.57598E-02,  3.74916E-02,  3.92983E-02,  4.11725E-02,  4.31033E-02,  4.50754E-02,  4.70686E-02,  4.90570E-02,  5.10084E-02,  5.28843E-02,  5.46395E-02,  5.62230E-02,  5.75790E-02,  5.86488E-02,  5.93734E-02,  5.96969E-02,  5.95702E-02,  5.89549E-02,  5.78269E-02,  5.61787E-02,  5.40218E-02,  5.13858E-02,  4.83176E-02,  4.48781E-02,  4.11388E-02,  3.71769E-02,  3.30718E-02,  2.89004E-02,  2.47343E-02,  2.06374E-02,  1.66644E-02,  1.28601E-02,  9.25930E-03,  5.88751E-03,  2.76152E-03, -1.09461E-04, -2.72262E-03, -5.08049E-03, -7.18979E-03, -9.06050E-03, -1.07049E-02, -1.21370E-02, -1.33716E-02, -1.44241E-02, -1.53098E-02, -1.60438E-02, -1.66407E-02, -1.71143E-02, -1.74778E-02, -1.77433E-02, -1.79221E-02, -1.80245E-02, -1.80601E-02, -1.80374E-02, -1.79643E-02, -1.78477E-02, -1.76939E-02, -1.75086E-02, -1.72966E-02, -1.70625E-02, -1.68101E-02, -1.65429E-02, -1.62640E-02, -1.59759E-02, -1.56810E-02, -1.53814E-02, -1.50787E-02, -1.47745E-02,
  2.03741E-02,  2.11977E-02,  2.20696E-02,  2.29927E-02,  2.39699E-02,  2.50040E-02,  2.60977E-02,  2.72533E-02,  2.84730E-02,  2.97581E-02,  3.11092E-02,  3.25259E-02,  3.40064E-02,  3.55471E-02,  3.71424E-02,  3.87838E-02,  4.04600E-02,  4.21559E-02,  4.38522E-02,  4.55255E-02,  4.71470E-02,  4.86835E-02,  5.00970E-02,  5.13453E-02,  5.23836E-02,  5.31654E-02,  5.36452E-02,  5.37805E-02,  5.35347E-02,  5.28801E-02,  5.18000E-02,  5.02905E-02,  4.83618E-02,  4.60381E-02,  4.33562E-02,  4.03640E-02,  3.71176E-02,  3.36779E-02,  3.01080E-02,  2.64699E-02,  2.28224E-02,  1.92185E-02,  1.57049E-02,  1.23205E-02,  9.09686E-03,  6.05784E-03,  3.22038E-03,  5.95087E-04, -1.81294E-03, -4.00327E-03, -5.97932E-03, -7.74755E-03, -9.31674E-03, -1.06973E-02, -1.19009E-02, -1.29398E-02, -1.38266E-02, -1.45738E-02, -1.51937E-02, -1.56983E-02, -1.60988E-02, -1.64060E-02, -1.66300E-02, -1.67800E-02, -1.68646E-02, -1.68917E-02, -1.68684E-02, -1.68013E-02, -1.66962E-02, -1.65585E-02, -1.63928E-02, -1.62035E-02, -1.59943E-02, -1.57687E-02, -1.55295E-02, -1.52794E-02, -1.50208E-02, -1.47557E-02, -1.44858E-02, -1.42128E-02,
  1.98111E-02,  2.05861E-02,  2.14039E-02,  2.22668E-02,  2.31768E-02,  2.41361E-02,  2.51463E-02,  2.62090E-02,  2.73249E-02,  2.84946E-02,  2.97175E-02,  3.09920E-02,  3.23153E-02,  3.36830E-02,  3.50885E-02,  3.65232E-02,  3.79757E-02,  3.94316E-02,  4.08731E-02,  4.22788E-02,  4.36239E-02,  4.48795E-02,  4.60140E-02,  4.69926E-02,  4.77791E-02,  4.83368E-02,  4.86302E-02,  4.86269E-02,  4.82996E-02,  4.76280E-02,  4.66006E-02,  4.52157E-02,  4.34827E-02,  4.14212E-02,  3.90607E-02,  3.64393E-02,  3.36015E-02,  3.05958E-02,  2.74729E-02,  2.42831E-02,  2.10747E-02,  1.78919E-02,  1.47742E-02,  1.17557E-02,  8.86421E-03,  6.12187E-03,  3.54506E-03,  1.14494E-03, -1.07200E-03, -3.10333E-03, -4.95005E-03, -6.61594E-03, -8.10700E-03, -9.43093E-03, -1.05966E-02, -1.16138E-02, -1.24927E-02, -1.32436E-02, -1.38770E-02, -1.44029E-02, -1.48311E-02, -1.51711E-02, -1.54315E-02, -1.56209E-02, -1.57468E-02, -1.58164E-02, -1.58363E-02, -1.58124E-02, -1.57503E-02, -1.56550E-02, -1.55309E-02, -1.53821E-02, -1.52122E-02, -1.50245E-02, -1.48218E-02, -1.46068E-02, -1.43818E-02, -1.41488E-02, -1.39096E-02, -1.36658E-02,
  1.92457E-02,  1.99733E-02,  2.07385E-02,  2.15432E-02,  2.23887E-02,  2.32763E-02,  2.42072E-02,  2.51819E-02,  2.62005E-02,  2.72626E-02,  2.83669E-02,  2.95110E-02,  3.06913E-02,  3.19029E-02,  3.31389E-02,  3.43907E-02,  3.56472E-02,  3.68950E-02,  3.81178E-02,  3.92967E-02,  4.04099E-02,  4.14330E-02,  4.23393E-02,  4.31004E-02,  4.36870E-02,  4.40698E-02,  4.42213E-02,  4.41165E-02,  4.37347E-02,  4.30614E-02,  4.20884E-02,  4.08157E-02,  3.92516E-02,  3.74123E-02,  3.53219E-02,  3.30107E-02,  3.05145E-02,  2.78723E-02,  2.51253E-02,  2.23145E-02,  1.94796E-02,  1.66577E-02,  1.38823E-02,  1.11829E-02,  8.58402E-03,  6.10586E-03,  3.76387E-03,  1.56922E-03, -4.70867E-04, -2.35264E-03, -4.07538E-03, -5.64086E-03, -7.05297E-03, -8.31717E-03, -9.44018E-03, -1.04296E-02, -1.12936E-02, -1.20408E-02, -1.26797E-02, -1.32189E-02, -1.36669E-02, -1.40317E-02, -1.43212E-02, -1.45426E-02, -1.47029E-02, -1.48086E-02, -1.48656E-02, -1.48794E-02, -1.48551E-02, -1.47973E-02, -1.47103E-02, -1.45979E-02, -1.44635E-02, -1.43103E-02, -1.41411E-02, -1.39584E-02, -1.37645E-02, -1.35613E-02, -1.33506E-02, -1.31341E-02,
  1.86807E-02,  1.93622E-02,  2.00766E-02,  2.08253E-02,  2.16090E-02,  2.24285E-02,  2.32843E-02,  2.41764E-02,  2.51041E-02,  2.60665E-02,  2.70616E-02,  2.80865E-02,  2.91373E-02,  3.02086E-02,  3.12937E-02,  3.23840E-02,  3.34691E-02,  3.45367E-02,  3.55721E-02,  3.65586E-02,  3.74774E-02,  3.83077E-02,  3.90272E-02,  3.96126E-02,  4.00400E-02,  4.02864E-02,  4.03298E-02,  4.01511E-02,  3.97348E-02,  3.90700E-02,  3.81514E-02,  3.69798E-02,  3.55625E-02,  3.39131E-02,  3.20513E-02,  3.00018E-02,  2.77936E-02,  2.54583E-02,  2.30294E-02,  2.05407E-02,  1.80250E-02,  1.55136E-02,  1.30349E-02,  1.06143E-02,  8.27337E-03,  6.03034E-03,  3.89953E-03,  1.89177E-03,  1.45881E-05, -1.72747E-03, -3.33249E-03, -4.80079E-03, -6.13460E-03, -7.33767E-03, -8.41494E-03, -9.37227E-03, -1.02162E-02, -1.09536E-02, -1.15916E-02, -1.21376E-02, -1.25985E-02, -1.29816E-02, -1.32935E-02, -1.35407E-02, -1.37293E-02, -1.38653E-02, -1.39539E-02, -1.40002E-02, -1.40089E-02, -1.39842E-02, -1.39302E-02, -1.38504E-02, -1.37481E-02, -1.36262E-02, -1.34875E-02, -1.33344E-02, -1.31690E-02, -1.29934E-02, -1.28093E-02, -1.26182E-02,
  1.81182E-02,  1.87553E-02,  1.94209E-02,  2.01160E-02,  2.08409E-02,  2.15960E-02,  2.23812E-02,  2.31959E-02,  2.40392E-02,  2.49095E-02,  2.58045E-02,  2.67210E-02,  2.76547E-02,  2.86004E-02,  2.95513E-02,  3.04993E-02,  3.14349E-02,  3.23466E-02,  3.32215E-02,  3.40449E-02,  3.48006E-02,  3.54709E-02,  3.60372E-02,  3.64804E-02,  3.67810E-02,  3.69206E-02,  3.68821E-02,  3.66504E-02,  3.62140E-02,  3.55647E-02,  3.46991E-02,  3.36186E-02,  3.23296E-02,  3.08438E-02,  2.91773E-02,  2.73503E-02,  2.53864E-02,  2.33118E-02,  2.11538E-02,  1.89404E-02,  1.66990E-02,  1.44557E-02,  1.22349E-02,  1.00583E-02,  7.94504E-03,  5.91129E-03,  3.97022E-03,  2.13209E-03,  4.04423E-04, -1.20780E-03, -2.70186E-03, -4.07704E-03, -5.33433E-03, -6.47611E-03, -7.50593E-03, -8.42822E-03, -9.24809E-03, -9.97113E-03, -1.06032E-02, -1.11504E-02, -1.16188E-02, -1.20143E-02, -1.23430E-02, -1.26104E-02, -1.28221E-02, -1.29832E-02, -1.30985E-02, -1.31727E-02, -1.32101E-02, -1.32145E-02, -1.31896E-02, -1.31389E-02, -1.30653E-02, -1.29717E-02, -1.28607E-02, -1.27346E-02, -1.25955E-02, -1.24453E-02, -1.22858E-02, -1.21184E-02,
  1.75605E-02,  1.81547E-02,  1.87737E-02,  1.94178E-02,  2.00871E-02,  2.07814E-02,  2.15004E-02,  2.22431E-02,  2.30082E-02,  2.37939E-02,  2.45974E-02,  2.54155E-02,  2.62438E-02,  2.70771E-02,  2.79091E-02,  2.87320E-02,  2.95371E-02,  3.03142E-02,  3.10516E-02,  3.17367E-02,  3.23554E-02,  3.28928E-02,  3.33334E-02,  3.36613E-02,  3.38609E-02,  3.39172E-02,  3.38168E-02,  3.35479E-02,  3.31018E-02,  3.24725E-02,  3.16579E-02,  3.06596E-02,  2.94836E-02,  2.81394E-02,  2.66407E-02,  2.50042E-02,  2.32493E-02,  2.13976E-02,  1.94716E-02,  1.74947E-02,  1.54898E-02,  1.34790E-02,  1.14830E-02,  9.52059E-03,  7.60851E-03,  5.76114E-03,  3.99047E-03,  2.30608E-03,  7.15290E-04, -7.76746E-04, -2.16682E-03, -3.45349E-03, -4.63679E-03, -5.71809E-03, -6.69980E-03, -7.58520E-03, -8.37826E-03, -9.08342E-03, -9.70549E-03, -1.02495E-02, -1.07206E-02, -1.11239E-02, -1.14645E-02, -1.17474E-02, -1.19774E-02, -1.21591E-02, -1.22968E-02, -1.23948E-02, -1.24568E-02, -1.24865E-02, -1.24874E-02, -1.24624E-02, -1.24146E-02, -1.23465E-02, -1.22606E-02, -1.21591E-02, -1.20440E-02, -1.19172E-02, -1.17803E-02, -1.16349E-02,
  1.70092E-02,  1.75626E-02,  1.81371E-02,  1.87328E-02,  1.93496E-02,  1.99869E-02,  2.06441E-02,  2.13200E-02,  2.20130E-02,  2.27210E-02,  2.34412E-02,  2.41702E-02,  2.49039E-02,  2.56370E-02,  2.63636E-02,  2.70767E-02,  2.77682E-02,  2.84288E-02,  2.90486E-02,  2.96163E-02,  3.01199E-02,  3.05468E-02,  3.08841E-02,  3.11186E-02,  3.12376E-02,  3.12290E-02,  3.10823E-02,  3.07882E-02,  3.03400E-02,  2.97335E-02,  2.89674E-02,  2.80436E-02,  2.69672E-02,  2.57466E-02,  2.43931E-02,  2.29207E-02,  2.13456E-02,  1.96855E-02,  1.79594E-02,  1.61867E-02,  1.43868E-02,  1.25782E-02,  1.07788E-02,  9.00477E-03,  7.27076E-03,  5.58952E-03,  3.97188E-03,  2.42672E-03,  9.61005E-04, -4.20119E-04, -1.71317E-03, -2.91620E-03, -4.02858E-03, -5.05088E-03, -5.98463E-03, -6.83219E-03, -7.59656E-03, -8.28127E-03, -8.89020E-03, -9.42750E-03, -9.89748E-03, -1.03045E-02, -1.06530E-02, -1.09472E-02, -1.11915E-02, -1.13898E-02, -1.15460E-02, -1.16640E-02, -1.17471E-02, -1.17988E-02, -1.18221E-02, -1.18200E-02, -1.17951E-02, -1.17498E-02, -1.16865E-02, -1.16074E-02, -1.15142E-02, -1.14088E-02, -1.12928E-02, -1.11677E-02,
  1.64659E-02,  1.69804E-02,  1.75127E-02,  1.80628E-02,  1.86302E-02,  1.92142E-02,  1.98139E-02,  2.04280E-02,  2.10546E-02,  2.16916E-02,  2.23361E-02,  2.29848E-02,  2.36335E-02,  2.42774E-02,  2.49109E-02,  2.55276E-02,  2.61201E-02,  2.66803E-02,  2.71992E-02,  2.76673E-02,  2.80741E-02,  2.84092E-02,  2.86615E-02,  2.88202E-02,  2.88750E-02,  2.88162E-02,  2.86352E-02,  2.83249E-02,  2.78802E-02,  2.72980E-02,  2.65778E-02,  2.57214E-02,  2.47335E-02,  2.36212E-02,  2.23941E-02,  2.10639E-02,  1.96442E-02,  1.81499E-02,  1.65969E-02,  1.50013E-02,  1.33797E-02,  1.17478E-02,  1.01208E-02,  8.51293E-03,  6.93683E-03,  5.40384E-03,  3.92372E-03,  2.50459E-03,  1.15302E-03, -1.25978E-04, -1.32880E-03, -2.45319E-03, -3.49804E-03, -4.46331E-03, -5.34987E-03, -6.15931E-03, -6.89387E-03, -7.55630E-03, -8.14971E-03, -8.67750E-03, -9.14327E-03, -9.55072E-03, -9.90361E-03, -1.02057E-02, -1.04606E-02, -1.06720E-02, -1.08434E-02, -1.09780E-02, -1.10791E-02, -1.11497E-02, -1.11926E-02, -1.12105E-02, -1.12059E-02, -1.11811E-02, -1.11382E-02, -1.10792E-02, -1.10060E-02, -1.09202E-02, -1.08234E-02, -1.07169E-02,
  1.59320E-02,  1.64095E-02,  1.69020E-02,  1.74091E-02,  1.79303E-02,  1.84646E-02,  1.90110E-02,  1.95680E-02,  2.01338E-02,  2.07060E-02,  2.12819E-02,  2.18581E-02,  2.24308E-02,  2.29953E-02,  2.35466E-02,  2.40787E-02,  2.45851E-02,  2.50585E-02,  2.54911E-02,  2.58746E-02,  2.62001E-02,  2.64586E-02,  2.66410E-02,  2.67384E-02,  2.67421E-02,  2.66445E-02,  2.64386E-02,  2.61190E-02,  2.56817E-02,  2.51246E-02,  2.44475E-02,  2.36523E-02,  2.27432E-02,  2.17263E-02,  2.06098E-02,  1.94036E-02,  1.81192E-02,  1.67690E-02,  1.53664E-02,  1.39253E-02,  1.24594E-02,  1.09823E-02,  9.50717E-03,  8.04610E-03,  6.61031E-03,  5.20980E-03,  3.85332E-03,  2.54829E-03,  1.30082E-03,  1.15712E-04, -1.00343E-03, -2.05414E-03, -3.03502E-03, -3.94558E-03, -4.78614E-03, -5.55772E-03, -6.26194E-03, -6.90089E-03, -7.47704E-03, -7.99316E-03, -8.45222E-03, -8.85735E-03, -9.21175E-03, -9.51864E-03, -9.78125E-03, -1.00027E-02, -1.01862E-02, -1.03346E-02, -1.04508E-02, -1.05375E-02, -1.05974E-02, -1.06328E-02, -1.06461E-02, -1.06394E-02, -1.06148E-02, -1.05740E-02, -1.05189E-02, -1.04509E-02, -1.03717E-02, -1.02825E-02,
  1.54086E-02,  1.58511E-02,  1.63061E-02,  1.67729E-02,  1.72508E-02,  1.77390E-02,  1.82361E-02,  1.87406E-02,  1.92506E-02,  1.97638E-02,  2.02776E-02,  2.07886E-02,  2.12933E-02,  2.17874E-02,  2.22661E-02,  2.27241E-02,  2.31555E-02,  2.35540E-02,  2.39127E-02,  2.42243E-02,  2.44813E-02,  2.46761E-02,  2.48011E-02,  2.48487E-02,  2.48121E-02,  2.46848E-02,  2.44614E-02,  2.41377E-02,  2.37105E-02,  2.31785E-02,  2.25418E-02,  2.18023E-02,  2.09636E-02,  2.00312E-02,  1.90120E-02,  1.79144E-02,  1.67482E-02,  1.55239E-02,  1.42529E-02,  1.29468E-02,  1.16175E-02,  1.02767E-02,  8.93546E-03,  7.60454E-03,  6.29369E-03,  5.01174E-03,  3.76655E-03,  2.56484E-03,  1.41226E-03,  3.13381E-04, -7.28284E-04, -1.71020E-03, -2.63073E-03, -3.48908E-03, -4.28517E-03, -5.01956E-03, -5.69336E-03, -6.30812E-03, -6.86580E-03, -7.36860E-03, -7.81899E-03, -8.21958E-03, -8.57308E-03, -8.88227E-03, -9.14995E-03, -9.37887E-03, -9.57178E-03, -9.73131E-03, -9.86005E-03, -9.96046E-03, -1.00349E-02, -1.00856E-02, -1.01146E-02, -1.01240E-02, -1.01157E-02, -1.00913E-02, -1.00525E-02, -1.00008E-02, -9.93758E-03, -9.86417E-03,
