 -2.07341E-04, -8.98794E-05,  4.03958E-05,  1.84441E-04,  3.43245E-04,  5.17819E-04,  7.09190E-04,  9.18391E-04,  1.14644E-03,  1.39435E-03,  1.66305E-03,  1.95344E-03,  2.26630E-03,  2.60229E-03,  2.96193E-03,  3.34552E-03,  3.75312E-03,  4.18454E-03,  4.63924E-03,  5.11629E-03,  5.61438E-03,  6.13170E-03,  6.66595E-03,  7.21430E-03,  7.77335E-03,  8.33912E-03,  8.90708E-03,  9.47217E-03,  1.00288E-02,  1.05710E-02,  1.10925E-02,  1.15867E-02,  1.20470E-02,  1.24670E-02,  1.28404E-02,  1.31614E-02,  1.34250E-02,  1.36267E-02,  1.37631E-02,  1.38319E-02,  1.38319E-02,  1.37631E-02,  1.36267E-02,  1.34250E-02,  1.31614E-02,  1.28404E-02,  1.24670E-02,  1.20470E-02,  1.15867E-02,  1.10925E-02,  1.05710E-02,  1.00288E-02,  9.47217E-03,  8.90708E-03,  8.33912E-03,  7.77335E-03,  7.21430E-03,  6.66595E-03,  6.13170E-03,  5.61438E-03,  5.11629E-03,  4.63924E-03,  4.18454E-03,  3.75312E-03,  3.34552E-03,  2.96193E-03,  2.60229E-03,  2.26630E-03,  1.95344E-03,  1.66305E-03,  1.39435E-03,  1.14644E-03,  9.18391E-04,  7.09190E-04,  5.17818E-04,  3.43245E-04,  1.84441E-04,  4.03958E-05, -8.98794E-05, -2.07341E-04,
 -3.52640E-04, -2.36910E-04, -1.07741E-04,  3.59380E-05,  1.95242E-04,  3.71323E-04,  5.65363E-04,  7.78560E-04,  1.01212E-03,  1.26723E-03,  1.54505E-03,  1.84669E-03,  2.17315E-03,  2.52533E-03,  2.90396E-03,  3.30959E-03,  3.74249E-03,  4.20265E-03,  4.68970E-03,  5.20286E-03,  5.74088E-03,  6.30197E-03,  6.88377E-03,  7.48330E-03,  8.09691E-03,  8.72026E-03,  9.34834E-03,  9.97545E-03,  1.05953E-02,  1.12010E-02,  1.17854E-02,  1.23408E-02,  1.28595E-02,  1.33338E-02,  1.37564E-02,  1.41205E-02,  1.44198E-02,  1.46491E-02,  1.48043E-02,  1.48826E-02,  1.48826E-02,  1.48043E-02,  1.46491E-02,  1.44198E-02,  1.41205E-02,  1.37564E-02,  1.33338E-02,  1.28595E-02,  1.23408E-02,  1.17854E-02,  1.12010E-02,  1.05953E-02,  9.97545E-03,  9.34834E-03,  8.72026E-03,  8.09691E-03,  7.48330E-03,  6.88377E-03,  6.30197E-03,  5.74088E-03,  5.20286E-03,  4.68970E-03,  4.20265E-03,  3.74249E-03,  3.30959E-03,  2.90396E-03,  2.52533E-03,  2.17315E-03,  1.84669E-03,  1.54505E-03,  1.26723E-03,  1.01212E-03,  7.78560E-04,  5.65363E-04,  3.71323E-04,  1.95242E-04,  3.59380E-05, -1.07741E-04, -2.36910E-04, -3.52640E-04,
 -5.11620E-04, -3.98560E-04, -2.71462E-04, -1.29135E-04,  2.96732E-05,  2.06265E-04,  4.01990E-04,  6.18232E-04,  8.56397E-04,  1.11790E-03,  1.40412E-03,  1.71642E-03,  2.05607E-03,  2.42424E-03,  2.82194E-03,  3.24999E-03,  3.70893E-03,  4.19900E-03,  4.72007E-03,  5.27153E-03,  5.85227E-03,  6.46057E-03,  7.09406E-03,  7.74962E-03,  8.42337E-03,  9.11061E-03,  9.80579E-03,  1.05026E-02,  1.11938E-02,  1.18717E-02,  1.25278E-02,  1.31533E-02,  1.37391E-02,  1.42763E-02,  1.47560E-02,  1.51700E-02,  1.55109E-02,  1.57725E-02,  1.59497E-02,  1.60392E-02,  1.60392E-02,  1.59497E-02,  1.57725E-02,  1.55109E-02,  1.51700E-02,  1.47560E-02,  1.42763E-02,  1.37391E-02,  1.31533E-02,  1.25278E-02,  1.18717E-02,  1.11938E-02,  1.05026E-02,  9.80579E-03,  9.11061E-03,  8.42337E-03,  7.74962E-03,  7.09406E-03,  6.46057E-03,  5.85227E-03,  5.27153E-03,  4.72007E-03,  4.19900E-03,  3.70893E-03,  3.24999E-03,  2.82194E-03,  2.42424E-03,  2.05607E-03,  1.71642E-03,  1.40412E-03,  1.11789E-03,  8.56397E-04,  6.18232E-04,  4.01990E-04,  2.06265E-04,  2.96732E-05, -1.29135E-04, -2.71462E-04, -3.98560E-04, -5.11620E-04,
 -6.85085E-04, -5.75753E-04, -4.51827E-04, -3.11987E-04, -1.54837E-04,  2.10886E-05,  2.17320E-04,  4.35445E-04,  6.77091E-04,  9.43912E-04,  1.23757E-03,  1.55969E-03,  1.91186E-03,  2.29557E-03,  2.71215E-03,  3.16275E-03,  3.64826E-03,  4.16924E-03,  4.72585E-03,  5.31773E-03,  5.94399E-03,  6.60304E-03,  7.29254E-03,  8.00932E-03,  8.74926E-03,  9.50732E-03,  1.02774E-02,  1.10524E-02,  1.18244E-02,  1.25842E-02,  1.33223E-02,  1.40284E-02,  1.46917E-02,  1.53016E-02,  1.58476E-02,  1.63199E-02,  1.67095E-02,  1.70088E-02,  1.72119E-02,  1.73145E-02,  1.73145E-02,  1.72119E-02,  1.70088E-02,  1.67095E-02,  1.63199E-02,  1.58476E-02,  1.53016E-02,  1.46917E-02,  1.40284E-02,  1.33223E-02,  1.25842E-02,  1.18244E-02,  1.10524E-02,  1.02774E-02,  9.50732E-03,  8.74926E-03,  8.00932E-03,  7.29254E-03,  6.60304E-03,  5.94399E-03,  5.31773E-03,  4.72585E-03,  4.16924E-03,  3.64826E-03,  3.16275E-03,  2.71215E-03,  2.29557E-03,  1.91186E-03,  1.55969E-03,  1.23757E-03,  9.43912E-04,  6.77091E-04,  4.35445E-04,  2.17320E-04,  2.10886E-05, -1.54837E-04, -3.11987E-04, -4.51827E-04, -5.75753E-04, -6.85085E-04,
 -8.73828E-04, -7.69414E-04, -6.49906E-04, -5.13851E-04, -3.59701E-04, -1.85818E-04,  9.52429E-06,  2.28131E-04,  4.71876E-04,  7.42683E-04,  1.04251E-03,  1.37331E-03,  1.73701E-03,  2.13547E-03,  2.57042E-03,  3.04341E-03,  3.55573E-03,  4.10834E-03,  4.70178E-03,  5.33606E-03,  6.01057E-03,  6.72393E-03,  7.47395E-03,  8.25742E-03,  9.07009E-03,  9.90655E-03,  1.07602E-02,  1.16231E-02,  1.24863E-02,  1.33394E-02,  1.41713E-02,  1.49700E-02,  1.57230E-02,  1.64174E-02,  1.70407E-02,  1.75812E-02,  1.80280E-02,  1.83717E-02,  1.86052E-02,  1.87232E-02,  1.87232E-02,  1.86052E-02,  1.83717E-02,  1.80280E-02,  1.75812E-02,  1.70407E-02,  1.64174E-02,  1.57230E-02,  1.49700E-02,  1.41713E-02,  1.33394E-02,  1.24863E-02,  1.16231E-02,  1.07602E-02,  9.90655E-03,  9.07009E-03,  8.25742E-03,  7.47395E-03,  6.72393E-03,  6.01057E-03,  5.33606E-03,  4.70178E-03,  4.10834E-03,  3.55573E-03,  3.04341E-03,  2.57042E-03,  2.13547E-03,  1.73701E-03,  1.37331E-03,  1.04251E-03,  7.42683E-04,  4.71876E-04,  2.28131E-04,  9.52427E-06, -1.85818E-04, -3.59701E-04, -5.13851E-04, -6.49906E-04, -7.69414E-04, -8.73828E-04,
 -1.07862E-03, -9.80454E-04, -8.66767E-04, -7.35970E-04, -5.86358E-04, -4.16112E-04, -2.23297E-04, -5.87222E-06,  2.38300E-04,  5.11441E-04,  8.15835E-04,  1.15381E-03,  1.52767E-03,  1.93972E-03,  2.39213E-03,  2.88694E-03,  3.42592E-03,  4.01053E-03,  4.64180E-03,  5.32019E-03,  6.04550E-03,  6.81671E-03,  7.63180E-03,  8.48771E-03,  9.38007E-03,  1.03032E-02,  1.12499E-02,  1.22115E-02,  1.31778E-02,  1.41372E-02,  1.50766E-02,  1.59821E-02,  1.68389E-02,  1.76317E-02,  1.83456E-02,  1.89661E-02,  1.94802E-02,  1.98764E-02,  2.01459E-02,  2.02822E-02,  2.02822E-02,  2.01459E-02,  1.98764E-02,  1.94802E-02,  1.89661E-02,  1.83456E-02,  1.76317E-02,  1.68389E-02,  1.59821E-02,  1.50766E-02,  1.41372E-02,  1.31778E-02,  1.22115E-02,  1.12499E-02,  1.03032E-02,  9.38007E-03,  8.48771E-03,  7.63180E-03,  6.81671E-03,  6.04550E-03,  5.32019E-03,  4.64180E-03,  4.01053E-03,  3.42592E-03,  2.88694E-03,  2.39213E-03,  1.93972E-03,  1.52767E-03,  1.15381E-03,  8.15835E-04,  5.11441E-04,  2.38300E-04, -5.87225E-06, -2.23297E-04, -4.16112E-04, -5.86358E-04, -7.35970E-04, -8.66767E-04, -9.80454E-04, -1.07862E-03,
 -1.30021E-03, -1.20976E-03, -1.10346E-03, -9.79581E-04, -8.36257E-04, -6.71477E-04, -4.83092E-04, -2.68809E-04, -2.62069E-05,  2.47260E-04,  5.54239E-04,  8.97454E-04,  1.27968E-03,  1.70367E-03,  2.17216E-03,  2.68771E-03,  3.25272E-03,  3.86923E-03,  4.53889E-03,  5.26274E-03,  6.04113E-03,  6.87350E-03,  7.75824E-03,  8.69246E-03,  9.67185E-03,  1.06905E-02,  1.17407E-02,  1.28130E-02,  1.38959E-02,  1.49762E-02,  1.60390E-02,  1.70678E-02,  1.80452E-02,  1.89529E-02,  1.97730E-02,  2.04879E-02,  2.10815E-02,  2.15400E-02,  2.18522E-02,  2.20103E-02,  2.20103E-02,  2.18522E-02,  2.15400E-02,  2.10815E-02,  2.04879E-02,  1.97730E-02,  1.89529E-02,  1.80452E-02,  1.70678E-02,  1.60390E-02,  1.49762E-02,  1.38959E-02,  1.28130E-02,  1.17407E-02,  1.06905E-02,  9.67185E-03,  8.69246E-03,  7.75824E-03,  6.87350E-03,  6.04113E-03,  5.26274E-03,  4.53889E-03,  3.86923E-03,  3.25272E-03,  2.68771E-03,  2.17216E-03,  1.70367E-03,  1.27968E-03,  8.97454E-04,  5.54238E-04,  2.47260E-04, -2.62070E-05, -2.68810E-04, -4.83092E-04, -6.71477E-04, -8.36257E-04, -9.79581E-04, -1.10346E-03, -1.20976E-03, -1.30021E-03,
 -1.53927E-03, -1.45817E-03, -1.36100E-03, -1.24590E-03, -1.11083E-03, -9.53607E-04, -7.71841E-04, -5.62983E-04, -3.24307E-04, -5.29215E-05,  2.54215E-04,  6.00274E-04,  9.88520E-04,  1.42228E-03,  1.90486E-03,  2.43950E-03,  3.02928E-03,  3.67699E-03,  4.38500E-03,  5.15511E-03,  5.98840E-03,  6.88495E-03,  7.84370E-03,  8.86215E-03,  9.93618E-03,  1.10598E-02,  1.22249E-02,  1.34211E-02,  1.46357E-02,  1.58538E-02,  1.70582E-02,  1.82295E-02,  1.93472E-02,  2.03895E-02,  2.13345E-02,  2.21609E-02,  2.28491E-02,  2.33816E-02,  2.37448E-02,  2.39289E-02,  2.39289E-02,  2.37448E-02,  2.33816E-02,  2.28491E-02,  2.21609E-02,  2.13345E-02,  2.03895E-02,  1.93472E-02,  1.82295E-02,  1.70582E-02,  1.58538E-02,  1.46357E-02,  1.34211E-02,  1.22249E-02,  1.10598E-02,  9.93618E-03,  8.86215E-03,  7.84369E-03,  6.88495E-03,  5.98840E-03,  5.15511E-03,  4.38500E-03,  3.67699E-03,  3.02928E-03,  2.43950E-03,  1.90486E-03,  1.42228E-03,  9.88520E-04,  6.00274E-04,  2.54215E-04, -5.29215E-05, -3.24307E-04, -5.62983E-04, -7.71841E-04, -9.53607E-04, -1.11083E-03, -1.24590E-03, -1.36100E-03, -1.45817E-03, -1.53927E-03,
 -1.79645E-03, -1.72647E-03, -1.64034E-03, -1.53608E-03, -1.41149E-03, -1.26417E-03, -1.09153E-03, -8.90730E-04, -6.58733E-04, -3.92280E-04, -8.79043E-05,  2.58048E-04,  6.49394E-04,  1.09007E-03,  1.58408E-03,  2.13541E-03,  2.74795E-03,  3.42537E-03,  4.17094E-03,  4.98741E-03,  5.87675E-03,  6.83993E-03,  7.87667E-03,  8.98509E-03,  1.01615E-02,  1.13999E-02,  1.26920E-02,  1.40267E-02,  1.53900E-02,  1.67649E-02,  1.81317E-02,  1.94680E-02,  2.07492E-02,  2.19494E-02,  2.30419E-02,  2.40007E-02,  2.48013E-02,  2.54225E-02,  2.58468E-02,  2.60621E-02,  2.60621E-02,  2.58468E-02,  2.54225E-02,  2.48013E-02,  2.40007E-02,  2.30419E-02,  2.19494E-02,  2.07492E-02,  1.94680E-02,  1.81317E-02,  1.67649E-02,  1.53900E-02,  1.40267E-02,  1.26920E-02,  1.13999E-02,  1.01615E-02,  8.98509E-03,  7.87667E-03,  6.83993E-03,  5.87675E-03,  4.98741E-03,  4.17094E-03,  3.42537E-03,  2.74795E-03,  2.13541E-03,  1.58408E-03,  1.09007E-03,  6.49394E-04,  2.58048E-04, -8.79043E-05, -3.92280E-04, -6.58733E-04, -8.90730E-04, -1.09153E-03, -1.26417E-03, -1.41149E-03, -1.53608E-03, -1.64034E-03, -1.72647E-03, -1.79645E-03,
 -2.07229E-03, -2.01536E-03, -1.94238E-03, -1.85123E-03, -1.73957E-03, -1.60481E-03, -1.44411E-03, -1.25438E-03, -1.03225E-03, -7.74069E-04, -4.75925E-04, -1.33643E-04,  2.57193E-04,  7.01201E-04,  1.20315E-03,  1.76789E-03,  2.40026E-03,  3.10493E-03,  3.88630E-03,  4.74823E-03,  5.69387E-03,  6.72532E-03,  7.84336E-03,  9.04705E-03,  1.03333E-02,  1.16967E-02,  1.31287E-02,  1.46176E-02,  1.61481E-02,  1.77014E-02,  1.92547E-02,  2.07819E-02,  2.22540E-02,  2.36398E-02,  2.49068E-02,  2.60231E-02,  2.69584E-02,  2.76858E-02,  2.81837E-02,  2.84366E-02,  2.84366E-02,  2.81837E-02,  2.76858E-02,  2.69584E-02,  2.60231E-02,  2.49068E-02,  2.36398E-02,  2.22540E-02,  2.07819E-02,  1.92547E-02,  1.77014E-02,  1.61481E-02,  1.46176E-02,  1.31287E-02,  1.16967E-02,  1.03333E-02,  9.04705E-03,  7.84336E-03,  6.72532E-03,  5.69387E-03,  4.74823E-03,  3.88630E-03,  3.10493E-03,  2.40026E-03,  1.76789E-03,  1.20315E-03,  7.01201E-04,  2.57193E-04, -1.33643E-04, -4.75925E-04, -7.74069E-04, -1.03225E-03, -1.25438E-03, -1.44411E-03, -1.60481E-03, -1.73957E-03, -1.85123E-03, -1.94238E-03, -2.01536E-03, -2.07229E-03,
 -2.36723E-03, -2.32542E-03, -2.26787E-03, -2.19233E-03, -2.09631E-03, -1.97705E-03, -1.83148E-03, -1.65623E-03, -1.44761E-03, -1.20158E-03, -9.13740E-04, -5.79378E-04, -1.93432E-04,  2.49460E-04,  7.54920E-04,  1.32876E-03,  1.97689E-03,  2.70519E-03,  3.51934E-03,  4.42460E-03,  5.42554E-03,  6.52573E-03,  7.72737E-03,  9.03080E-03,  1.04341E-02,  1.19324E-02,  1.35175E-02,  1.51774E-02,  1.68956E-02,  1.86512E-02,  2.04183E-02,  2.21665E-02,  2.38616E-02,  2.54658E-02,  2.69399E-02,  2.82442E-02,  2.93410E-02,  3.01966E-02,  3.07835E-02,  3.10820E-02,  3.10820E-02,  3.07835E-02,  3.01966E-02,  2.93410E-02,  2.82442E-02,  2.69399E-02,  2.54658E-02,  2.38616E-02,  2.21665E-02,  2.04183E-02,  1.86512E-02,  1.68956E-02,  1.51774E-02,  1.35175E-02,  1.19324E-02,  1.04341E-02,  9.03080E-03,  7.72737E-03,  6.52573E-03,  5.42554E-03,  4.42460E-03,  3.51934E-03,  2.70519E-03,  1.97689E-03,  1.32876E-03,  7.54920E-04,  2.49460E-04, -1.93433E-04, -5.79379E-04, -9.13740E-04, -1.20158E-03, -1.44761E-03, -1.65623E-03, -1.83148E-03, -1.97705E-03, -2.09631E-03, -2.19233E-03, -2.26787E-03, -2.32542E-03, -2.36723E-03,
 -2.68157E-03, -2.65714E-03, -2.61747E-03, -2.56025E-03, -2.48284E-03, -2.38232E-03, -2.25541E-03, -2.09849E-03, -1.90751E-03, -1.67806E-03, -1.40527E-03, -1.08384E-03, -7.08022E-04, -2.71667E-04,  2.31779E-04,  8.09196E-04,  1.46771E-03,  2.21457E-03,  3.05697E-03,  4.00181E-03,  5.05545E-03,  6.22327E-03,  7.50930E-03,  8.91566E-03,  1.04419E-02,  1.20846E-02,  1.38361E-02,  1.56845E-02,  1.76124E-02,  1.95968E-02,  2.16084E-02,  2.36124E-02,  2.55678E-02,  2.74297E-02,  2.91497E-02,  3.06790E-02,  3.19703E-02,  3.29810E-02,  3.36759E-02,  3.40298E-02,  3.40298E-02,  3.36759E-02,  3.29810E-02,  3.19703E-02,  3.06790E-02,  2.91497E-02,  2.74297E-02,  2.55678E-02,  2.36124E-02,  2.16084E-02,  1.95968E-02,  1.76124E-02,  1.56845E-02,  1.38361E-02,  1.20846E-02,  1.04419E-02,  8.91566E-03,  7.50930E-03,  6.22327E-03,  5.05545E-03,  4.00181E-03,  3.05697E-03,  2.21457E-03,  1.46771E-03,  8.09196E-04,  2.31778E-04, -2.71667E-04, -7.08022E-04, -1.08384E-03, -1.40527E-03, -1.67806E-03, -1.90751E-03, -2.09849E-03, -2.25541E-03, -2.38232E-03, -2.48284E-03, -2.56025E-03, -2.61747E-03, -2.65714E-03, -2.68157E-03,
 -3.01549E-03, -3.01080E-03, -2.99166E-03, -2.95566E-03, -2.90009E-03, -2.82186E-03, -2.71752E-03, -2.58318E-03, -2.41452E-03, -2.20670E-03, -1.95440E-03, -1.65172E-03, -1.29222E-03, -8.68913E-04, -3.74242E-04,  1.99836E-04,  8.61799E-04,  1.62044E-03,  2.48469E-03,  3.46340E-03,  4.56504E-03,  5.79726E-03,  7.16641E-03,  8.67694E-03,  1.03306E-02,  1.21258E-02,  1.40564E-02,  1.61109E-02,  1.82716E-02,  2.05135E-02,  2.28042E-02,  2.51031E-02,  2.73625E-02,  2.95281E-02,  3.15408E-02,  3.33399E-02,  3.48660E-02,  3.60649E-02,  3.68914E-02,  3.73131E-02,  3.73131E-02,  3.68914E-02,  3.60649E-02,  3.48660E-02,  3.33399E-02,  3.15408E-02,  2.95281E-02,  2.73625E-02,  2.51031E-02,  2.28042E-02,  2.05135E-02,  1.82716E-02,  1.61109E-02,  1.40564E-02,  1.21258E-02,  1.03306E-02,  8.67694E-03,  7.16641E-03,  5.79726E-03,  4.56504E-03,  3.46340E-03,  2.48469E-03,  1.62044E-03,  8.61799E-04,  1.99836E-04, -3.74242E-04, -8.68913E-04, -1.29222E-03, -1.65172E-03, -1.95440E-03, -2.20670E-03, -2.41452E-03, -2.58318E-03, -2.71752E-03, -2.82186E-03, -2.90009E-03, -2.95566E-03, -2.99166E-03, -3.01080E-03, -3.01549E-03,
 -3.36898E-03, -3.38653E-03, -3.39070E-03, -3.37906E-03, -3.34879E-03, -3.29671E-03, -3.21920E-03, -3.11216E-03, -2.97099E-03, -2.79048E-03, -2.56485E-03, -2.28764E-03, -1.95168E-03, -1.54912E-03, -1.07137E-03, -5.09127E-04,  1.47552E-04,  9.09175E-04,  1.78665E-03,  2.79108E-03,  3.93342E-03,  5.22406E-03,  6.67226E-03,  8.28548E-03,  1.00685E-02,  1.20222E-02,  1.41429E-02,  1.64205E-02,  1.88374E-02,  2.13675E-02,  2.39748E-02,  2.66132E-02,  2.92266E-02,  3.17498E-02,  3.41108E-02,  3.62338E-02,  3.80439E-02,  3.94717E-02,  4.04590E-02,  4.09637E-02,  4.09637E-02,  4.04590E-02,  3.94717E-02,  3.80439E-02,  3.62338E-02,  3.41108E-02,  3.17498E-02,  2.92266E-02,  2.66132E-02,  2.39748E-02,  2.13675E-02,  1.88374E-02,  1.64205E-02,  1.41429E-02,  1.20222E-02,  1.00685E-02,  8.28548E-03,  6.67226E-03,  5.22406E-03,  3.93342E-03,  2.79108E-03,  1.78665E-03,  9.09174E-04,  1.47551E-04, -5.09128E-04, -1.07137E-03, -1.54912E-03, -1.95168E-03, -2.28764E-03, -2.56485E-03, -2.79049E-03, -2.97099E-03, -3.11216E-03, -3.21920E-03, -3.29671E-03, -3.34879E-03, -3.37906E-03, -3.39070E-03, -3.38653E-03, -3.36898E-03,
 -3.74182E-03, -3.78422E-03, -3.81466E-03, -3.83066E-03, -3.82940E-03, -3.80760E-03, -3.76155E-03, -3.68696E-03, -3.57899E-03, -3.43212E-03, -3.24013E-03, -2.99601E-03, -2.69192E-03, -2.31911E-03, -1.86794E-03, -1.32780E-03, -6.87174E-04,  6.63117E-05,  9.45764E-04,  1.96482E-03,  3.13733E-03,  4.47695E-03,  5.99649E-03,  7.70718E-03,  9.61764E-03,  1.17327E-02,  1.40517E-02,  1.65673E-02,  1.92633E-02,  2.21128E-02,  2.50770E-02,  2.81039E-02,  3.11281E-02,  3.40716E-02,  3.68464E-02,  3.93581E-02,  4.15117E-02,  4.32183E-02,  4.44024E-02,  4.50090E-02,  4.50090E-02,  4.44024E-02,  4.32183E-02,  4.15117E-02,  3.93581E-02,  3.68464E-02,  3.40716E-02,  3.11281E-02,  2.81039E-02,  2.50770E-02,  2.21128E-02,  1.92633E-02,  1.65673E-02,  1.40517E-02,  1.17327E-02,  9.61764E-03,  7.70718E-03,  5.99649E-03,  4.47695E-03,  3.13733E-03,  1.96482E-03,  9.45763E-04,  6.63111E-05, -6.87174E-04, -1.32780E-03, -1.86794E-03, -2.31912E-03, -2.69192E-03, -2.99601E-03, -3.24013E-03, -3.43212E-03, -3.57899E-03, -3.68696E-03, -3.76155E-03, -3.80760E-03, -3.82940E-03, -3.83066E-03, -3.81466E-03, -3.78422E-03, -3.74182E-03,
 -4.13358E-03, -4.20353E-03, -4.26328E-03, -4.31040E-03, -4.34204E-03, -4.35494E-03, -4.34530E-03, -4.30873E-03, -4.24020E-03, -4.13394E-03, -3.98334E-03, -3.78091E-03, -3.51815E-03, -3.18549E-03, -2.77220E-03, -2.26637E-03, -1.65485E-03, -9.23271E-04, -5.61502E-05,  9.62972E-04,  2.15125E-03,  3.52609E-03,  5.10458E-03,  6.90258E-03,  8.93368E-03,  1.12077E-02,  1.37288E-02,  1.64936E-02,  1.94888E-02,  2.26881E-02,  2.60508E-02,  2.95189E-02,  3.30170E-02,  3.64523E-02,  3.97171E-02,  4.26940E-02,  4.52625E-02,  4.73083E-02,  4.87330E-02,  4.94646E-02,  4.94646E-02,  4.87330E-02,  4.73083E-02,  4.52625E-02,  4.26940E-02,  3.97171E-02,  3.64523E-02,  3.30170E-02,  2.95189E-02,  2.60508E-02,  2.26881E-02,  1.94888E-02,  1.64936E-02,  1.37288E-02,  1.12077E-02,  8.93368E-03,  6.90258E-03,  5.10457E-03,  3.52609E-03,  2.15124E-03,  9.62971E-04, -5.61510E-05, -9.23271E-04, -1.65485E-03, -2.26637E-03, -2.77220E-03, -3.18549E-03, -3.51815E-03, -3.78091E-03, -3.98334E-03, -4.13394E-03, -4.24020E-03, -4.30873E-03, -4.34530E-03, -4.35494E-03, -4.34204E-03, -4.31040E-03, -4.26328E-03, -4.20353E-03, -4.13358E-03,
 -4.54357E-03, -4.64384E-03, -4.73605E-03, -4.81786E-03, -4.88650E-03, -4.93873E-03, -4.97076E-03, -4.97817E-03, -4.95582E-03, -4.89775E-03, -4.79707E-03, -4.64588E-03, -4.43511E-03, -4.15442E-03, -3.79207E-03, -3.33486E-03, -2.76798E-03, -2.07504E-03, -1.23802E-03, -2.37407E-04,  9.47592E-04,  2.33869E-03,  3.95791E-03,  5.82674E-03,  7.96486E-03,  1.03886E-02,  1.31086E-02,  1.61277E-02,  1.94370E-02,  2.30132E-02,  2.68147E-02,  3.07786E-02,  3.48186E-02,  3.88249E-02,  4.26666E-02,  4.61974E-02,  4.92645E-02,  5.17208E-02,  5.34384E-02,  5.43224E-02,  5.43224E-02,  5.34384E-02,  5.17208E-02,  4.92645E-02,  4.61974E-02,  4.26666E-02,  3.88249E-02,  3.48186E-02,  3.07786E-02,  2.68147E-02,  2.30132E-02,  1.94370E-02,  1.61277E-02,  1.31086E-02,  1.03886E-02,  7.96486E-03,  5.82674E-03,  3.95791E-03,  2.33869E-03,  9.47591E-04, -2.37408E-04, -1.23802E-03, -2.07504E-03, -2.76798E-03, -3.33486E-03, -3.79207E-03, -4.15442E-03, -4.43511E-03, -4.64588E-03, -4.79707E-03, -4.89775E-03, -4.95582E-03, -4.97817E-03, -4.97076E-03, -4.93873E-03, -4.88650E-03, -4.81786E-03, -4.73605E-03, -4.64384E-03, -4.54357E-03,
 -4.97083E-03, -5.10421E-03, -5.23208E-03, -5.35226E-03, -5.46211E-03, -5.55849E-03, -5.63772E-03, -5.69540E-03, -5.72641E-03, -5.72470E-03, -5.68322E-03, -5.59377E-03, -5.44682E-03, -5.23139E-03, -4.93484E-03, -4.54275E-03, -4.03874E-03, -3.40438E-03, -2.61909E-03, -1.66014E-03, -5.02796E-04,  8.79385E-04,  2.51406E-03,  4.42924E-03,  6.65202E-03,  9.20685E-03,  1.21130E-02,  1.53816E-02,  1.90113E-02,  2.29841E-02,  2.72601E-02,  3.17726E-02,  3.64245E-02,  4.10869E-02,  4.56010E-02,  4.97850E-02,  5.34454E-02,  5.63935E-02,  5.84634E-02,  5.95314E-02,  5.95314E-02,  5.84634E-02,  5.63935E-02,  5.34455E-02,  4.97850E-02,  4.56011E-02,  4.10869E-02,  3.64245E-02,  3.17726E-02,  2.72601E-02,  2.29841E-02,  1.90113E-02,  1.53816E-02,  1.21130E-02,  9.20684E-03,  6.65202E-03,  4.42923E-03,  2.51406E-03,  8.79383E-04, -5.02798E-04, -1.66014E-03, -2.61909E-03, -3.40439E-03, -4.03874E-03, -4.54275E-03, -4.93484E-03, -5.23139E-03, -5.44682E-03, -5.59377E-03, -5.68322E-03, -5.72470E-03, -5.72641E-03, -5.69540E-03, -5.63772E-03, -5.55849E-03, -5.46211E-03, -5.35226E-03, -5.23208E-03, -5.10421E-03, -4.97083E-03,
 -5.41411E-03, -5.58336E-03, -5.75011E-03, -5.91237E-03, -6.06772E-03, -6.21321E-03, -6.34534E-03, -6.45989E-03, -6.55182E-03, -6.61516E-03, -6.64283E-03, -6.62649E-03, -6.55633E-03, -6.42088E-03, -6.20680E-03, -5.89861E-03, -5.47851E-03, -4.92613E-03, -4.21837E-03, -3.32927E-03, -2.23002E-03, -8.89098E-04,  7.27347E-04,  2.65473E-03,  4.92882E-03,  7.58392E-03,  1.06502E-02,  1.41499E-02,  1.80926E-02,  2.24693E-02,  2.72450E-02,  3.23519E-02,  3.76828E-02,  4.30875E-02,  4.83740E-02,  5.33168E-02,  5.76716E-02,  6.11977E-02,  6.36826E-02,  6.49676E-02,  6.49676E-02,  6.36826E-02,  6.11977E-02,  5.76716E-02,  5.33168E-02,  4.83740E-02,  4.30875E-02,  3.76828E-02,  3.23519E-02,  2.72450E-02,  2.24693E-02,  1.80926E-02,  1.41499E-02,  1.06502E-02,  7.58391E-03,  4.92881E-03,  2.65472E-03,  7.27342E-04, -8.89102E-04, -2.23003E-03, -3.32927E-03, -4.21837E-03, -4.92613E-03, -5.47851E-03, -5.89861E-03, -6.20680E-03, -6.42088E-03, -6.55633E-03, -6.62649E-03, -6.64283E-03, -6.61516E-03, -6.55182E-03, -6.45989E-03, -6.34534E-03, -6.21321E-03, -6.06772E-03, -5.91237E-03, -5.75011E-03, -5.58336E-03, -5.41411E-03,
 -5.87183E-03, -6.07968E-03, -6.28848E-03, -6.49651E-03, -6.70165E-03, -6.90127E-03, -7.09213E-03, -7.27031E-03, -7.43102E-03, -7.56852E-03, -7.67587E-03, -7.74480E-03, -7.76544E-03, -7.72608E-03, -7.61289E-03, -7.40962E-03, -7.09729E-03, -6.65384E-03, -6.05385E-03, -5.26826E-03, -4.26420E-03, -3.00492E-03, -1.45004E-03,  4.43951E-04,  2.72262E-03,  5.43181E-03,  8.61486E-03,  1.23085E-02,  1.65372E-02,  2.13054E-02,  2.65881E-02,  3.23204E-02,  3.83867E-02,  4.46138E-02,  5.07704E-02,  5.65762E-02,  6.17238E-02,  6.59089E-02,  6.88650E-02,  7.03953E-02,  7.03953E-02,  6.88650E-02,  6.59089E-02,  6.17238E-02,  5.65762E-02,  5.07704E-02,  4.46138E-02,  3.83867E-02,  3.23204E-02,  2.65881E-02,  2.13054E-02,  1.65372E-02,  1.23085E-02,  8.61484E-03,  5.43180E-03,  2.72261E-03,  4.43944E-04, -1.45005E-03, -3.00493E-03, -4.26420E-03, -5.26827E-03, -6.05385E-03, -6.65384E-03, -7.09729E-03, -7.40962E-03, -7.61289E-03, -7.72608E-03, -7.76544E-03, -7.74480E-03, -7.67587E-03, -7.56852E-03, -7.43102E-03, -7.27031E-03, -7.09213E-03, -6.90127E-03, -6.70165E-03, -6.49651E-03, -6.28848E-03, -6.07968E-03, -5.87183E-03,
 -6.34210E-03, -6.59114E-03, -6.84506E-03, -7.10249E-03, -7.36167E-03, -7.62039E-03, -7.87584E-03, -8.12450E-03, -8.36203E-03, -8.58307E-03, -8.78109E-03, -8.94809E-03, -9.07443E-03, -9.14847E-03, -9.15622E-03, -9.08103E-03, -8.90310E-03, -8.59909E-03, -8.14163E-03, -7.49889E-03, -6.63419E-03, -5.50574E-03, -4.06651E-03, -2.26453E-03, -4.36747E-05,  2.65487E-03,  5.88986E-03,  9.71577E-03,  1.41764E-02,  1.92954E-02,  2.50645E-02,  3.14277E-02,  3.82654E-02,  4.53804E-02,  5.24941E-02,  5.92574E-02,  6.52818E-02,  7.01869E-02,  7.36489E-02,  7.54384E-02,  7.54384E-02,  7.36489E-02,  7.01868E-02,  6.52818E-02,  5.92573E-02,  5.24941E-02,  4.53804E-02,  3.82653E-02,  3.14277E-02,  2.50645E-02,  1.92954E-02,  1.41763E-02,  9.71574E-03,  5.88984E-03,  2.65485E-03, -4.36877E-05, -2.26454E-03, -4.06651E-03, -5.50574E-03, -6.63420E-03, -7.49889E-03, -8.14163E-03, -8.59909E-03, -8.90310E-03, -9.08103E-03, -9.15622E-03, -9.14847E-03, -9.07443E-03, -8.94809E-03, -8.78109E-03, -8.58307E-03, -8.36203E-03, -8.12450E-03, -7.87584E-03, -7.62039E-03, -7.36167E-03, -7.10249E-03, -6.84506E-03, -6.59114E-03, -6.34210E-03,
 -6.82267E-03, -7.11537E-03, -7.41730E-03, -7.72757E-03, -8.04490E-03, -8.36759E-03, -8.69337E-03, -9.01933E-03, -9.34174E-03, -9.65586E-03, -9.95577E-03, -1.02341E-02, -1.04817E-02, -1.06875E-02, -1.08376E-02, -1.09156E-02, -1.09013E-02, -1.07706E-02, -1.04948E-02, -1.00400E-02, -9.36614E-03, -8.42686E-03, -7.16888E-03, -5.53187E-03, -3.44879E-03, -8.47038E-04,  2.34932E-03,  6.21546E-03,  1.08191E-02,  1.62100E-02,  2.24048E-02,  2.93666E-02,  3.69798E-02,  4.50262E-02,  5.31719E-02,  6.09788E-02,  6.79514E-02,  7.36136E-02,  7.75858E-02,  7.96265E-02,  7.96264E-02,  7.75857E-02,  7.36135E-02,  6.79513E-02,  6.09787E-02,  5.31718E-02,  4.50261E-02,  3.69797E-02,  2.93665E-02,  2.24048E-02,  1.62099E-02,  1.08190E-02,  6.21542E-03,  2.34929E-03, -8.47062E-04, -3.44881E-03, -5.53188E-03, -7.16889E-03, -8.42687E-03, -9.36614E-03, -1.00400E-02, -1.04948E-02, -1.07706E-02, -1.09013E-02, -1.09156E-02, -1.08376E-02, -1.06875E-02, -1.04817E-02, -1.02341E-02, -9.95577E-03, -9.65586E-03, -9.34174E-03, -9.01933E-03, -8.69337E-03, -8.36759E-03, -8.04490E-03, -7.72757E-03, -7.41730E-03, -7.11537E-03, -6.82267E-03,
 -7.31098E-03, -7.64954E-03, -8.00218E-03, -8.36850E-03, -8.74783E-03, -9.13911E-03, -9.54077E-03, -9.95066E-03, -1.03659E-02, -1.07825E-02, -1.11956E-02, -1.15987E-02, -1.19836E-02, -1.23401E-02, -1.26551E-02, -1.29129E-02, -1.30936E-02, -1.31733E-02, -1.31225E-02, -1.29061E-02, -1.24816E-02, -1.17991E-02, -1.07998E-02, -9.41562E-03, -7.56906E-03, -5.17363E-03, -2.13535E-03,  1.64377E-03,  6.25953E-03,  1.17948E-02,  1.83024E-02,  2.57790E-02,  3.41302E-02,  4.31299E-02,  5.23894E-02,  6.13604E-02,  6.93996E-02,  7.58949E-02,  8.04000E-02,  8.26871E-02,  8.26870E-02,  8.03997E-02,  7.58946E-02,  6.93992E-02,  6.13601E-02,  5.23891E-02,  4.31297E-02,  3.41300E-02,  2.57789E-02,  1.83023E-02,  1.17947E-02,  6.25945E-03,  1.64371E-03, -2.13540E-03, -5.17366E-03, -7.56909E-03, -9.41563E-03, -1.07998E-02, -1.17991E-02, -1.24816E-02, -1.29061E-02, -1.31225E-02, -1.31733E-02, -1.30936E-02, -1.29129E-02, -1.26551E-02, -1.23401E-02, -1.19836E-02, -1.15987E-02, -1.11956E-02, -1.07825E-02, -1.03659E-02, -9.95066E-03, -9.54077E-03, -9.13911E-03, -8.74783E-03, -8.36850E-03, -8.00218E-03, -7.64954E-03, -7.31098E-03,
 -7.80412E-03, -8.19048E-03, -8.59618E-03, -9.02145E-03, -9.46629E-03, -9.93042E-03, -1.04131E-02, -1.09132E-02, -1.14288E-02, -1.19572E-02, -1.24945E-02, -1.30357E-02, -1.35740E-02, -1.41004E-02, -1.46036E-02, -1.50689E-02, -1.54778E-02, -1.58072E-02, -1.60283E-02, -1.61057E-02, -1.59959E-02, -1.56465E-02, -1.49947E-02, -1.39659E-02, -1.24735E-02, -1.04178E-02, -7.68709E-03, -4.15978E-03,  2.90970E-04,  5.78781E-03,  1.24325E-02,  2.02777E-02,  2.92824E-02,  3.92523E-02,  4.97763E-02,  6.01983E-02,  6.96801E-02,  7.73842E-02,  8.27070E-02,  8.53868E-02,  8.53867E-02,  8.27065E-02,  7.73835E-02,  6.96793E-02,  6.01976E-02,  4.97757E-02,  3.92519E-02,  2.92821E-02,  2.02774E-02,  1.24323E-02,  5.78765E-03,  2.90855E-04, -4.15986E-03, -7.68714E-03, -1.04178E-02, -1.24735E-02, -1.39659E-02, -1.49947E-02, -1.56465E-02, -1.59959E-02, -1.61057E-02, -1.60283E-02, -1.58072E-02, -1.54778E-02, -1.50689E-02, -1.46036E-02, -1.41004E-02, -1.35740E-02, -1.30357E-02, -1.24945E-02, -1.19572E-02, -1.14288E-02, -1.09132E-02, -1.04131E-02, -9.93042E-03, -9.46629E-03, -9.02145E-03, -8.59618E-03, -8.19048E-03, -7.80412E-03,
 -8.29885E-03, -8.73461E-03, -9.19535E-03, -9.68203E-03, -1.01955E-02, -1.07362E-02, -1.13047E-02, -1.19007E-02, -1.25237E-02, -1.31724E-02, -1.38445E-02, -1.45367E-02, -1.52440E-02, -1.59596E-02, -1.66741E-02, -1.73751E-02, -1.80463E-02, -1.86667E-02, -1.92093E-02, -1.96399E-02, -1.99156E-02, -1.99835E-02, -1.97783E-02, -1.92213E-02, -1.82181E-02, -1.66579E-02, -1.44127E-02, -1.13377E-02, -7.27379E-03, -2.05326E-03,  4.48859E-03,  1.24902E-02,  2.20203E-02,  3.30046E-02,  4.51228E-02,  5.77075E-02,  6.97286E-02,  7.99593E-02,  8.73103E-02,  9.11114E-02,  9.11110E-02,  8.73093E-02,  7.99580E-02,  6.97273E-02,  5.77064E-02,  4.51218E-02,  3.30039E-02,  2.20197E-02,  1.24898E-02,  4.48828E-03, -2.05348E-03, -7.27394E-03, -1.13378E-02, -1.44128E-02, -1.66580E-02, -1.82181E-02, -1.92213E-02, -1.97784E-02, -1.99835E-02, -1.99156E-02, -1.96399E-02, -1.92093E-02, -1.86667E-02, -1.80463E-02, -1.73751E-02, -1.66741E-02, -1.59596E-02, -1.52440E-02, -1.45367E-02, -1.38445E-02, -1.31724E-02, -1.25237E-02, -1.19007E-02, -1.13047E-02, -1.07362E-02, -1.01955E-02, -9.68203E-03, -9.19535E-03, -8.73461E-03, -8.29885E-03,
 -8.79165E-03, -9.27797E-03, -9.79529E-03, -1.03453E-02, -1.09298E-02, -1.15504E-02, -1.22086E-02, -1.29055E-02, -1.36422E-02, -1.44190E-02, -1.52356E-02, -1.60908E-02, -1.69821E-02, -1.79051E-02, -1.88537E-02, -1.98183E-02, -2.07862E-02, -2.17395E-02, -2.26547E-02, -2.35007E-02, -2.42373E-02, -2.48128E-02, -2.51624E-02, -2.52050E-02, -2.48413E-02, -2.39514E-02, -2.23927E-02, -1.99986E-02, -1.65776E-02, -1.19127E-02, -5.76298E-03,  2.13155E-03,  1.20294E-02,  2.41320E-02,  3.84593E-02,  5.46360E-02,  7.16338E-02,  8.76408E-02,  1.00290E-01,  1.07309E-01,  1.07309E-01,  1.00289E-01,  8.76391E-02,  7.16321E-02,  5.46344E-02,  3.84580E-02,  2.41310E-02,  1.20286E-02,  2.13097E-03, -5.76338E-03, -1.19130E-02, -1.65777E-02, -1.99987E-02, -2.23928E-02, -2.39514E-02, -2.48413E-02, -2.52050E-02, -2.51624E-02, -2.48128E-02, -2.42373E-02, -2.35007E-02, -2.26547E-02, -2.17395E-02, -2.07861E-02, -1.98183E-02, -1.88537E-02, -1.79051E-02, -1.69821E-02, -1.60908E-02, -1.52356E-02, -1.44190E-02, -1.36422E-02, -1.29055E-02, -1.22086E-02, -1.15504E-02, -1.09298E-02, -1.03453E-02, -9.79529E-03, -9.27797E-03, -8.79165E-03,
 -9.27871E-03, -9.81631E-03, -1.03912E-02, -1.10060E-02, -1.16634E-02, -1.23662E-02, -1.31172E-02, -1.39192E-02, -1.47747E-02, -1.56863E-02, -1.66559E-02, -1.76848E-02, -1.87735E-02, -1.99211E-02, -2.11250E-02, -2.23800E-02, -2.36778E-02, -2.50057E-02, -2.63450E-02, -2.76699E-02, -2.89451E-02, -3.01233E-02, -3.11422E-02, -3.19217E-02, -3.23598E-02, -3.23294E-02, -3.16743E-02, -3.02058E-02, -2.76979E-02, -2.38794E-02, -1.84191E-02, -1.09003E-02, -7.84916E-04,  1.26046E-02,  3.00095E-02,  5.19125E-02,  7.78189E-02,  1.05260E-01,  1.29275E-01,  1.43574E-01,  1.43574E-01,  1.29275E-01,  1.05259E-01,  7.78175E-02,  5.19110E-02,  3.00081E-02,  1.26034E-02, -7.85803E-04, -1.09009E-02, -1.84195E-02, -2.38796E-02, -2.76980E-02, -3.02059E-02, -3.16743E-02, -3.23294E-02, -3.23598E-02, -3.19217E-02, -3.11422E-02, -3.01233E-02, -2.89451E-02, -2.76699E-02, -2.63450E-02, -2.50056E-02, -2.36778E-02, -2.23800E-02, -2.11250E-02, -1.99211E-02, -1.87735E-02, -1.76848E-02, -1.66559E-02, -1.56863E-02, -1.47747E-02, -1.39192E-02, -1.31172E-02, -1.23662E-02, -1.16634E-02, -1.10060E-02, -1.03912E-02, -9.81631E-03, -9.27871E-03,
 -9.75603E-03, -1.03451E-02, -1.09779E-02, -1.16581E-02, -1.23895E-02, -1.31760E-02, -1.40220E-02, -1.49319E-02, -1.59103E-02, -1.69619E-02, -1.80912E-02, -1.93028E-02, -2.06006E-02, -2.19877E-02, -2.34662E-02, -2.50362E-02, -2.66952E-02, -2.84371E-02, -3.02506E-02, -3.21174E-02, -3.40099E-02, -3.58879E-02, -3.76956E-02, -3.93563E-02, -4.07678E-02, -4.17968E-02, -4.22721E-02, -4.19778E-02, -4.06441E-02, -3.79311E-02, -3.33974E-02, -2.64360E-02, -1.61616E-02, -1.26011E-03,  2.00805E-02,  4.98164E-02,  8.87140E-02,  1.33830E-01,  1.76265E-01,  2.02730E-01,  2.02731E-01,  1.76267E-01,  1.33831E-01,  8.87145E-02,  4.98161E-02,  2.00798E-02, -1.26084E-03, -1.61622E-02, -2.64364E-02, -3.33976E-02, -3.79312E-02, -4.06441E-02, -4.19778E-02, -4.22721E-02, -4.17968E-02, -4.07678E-02, -3.93562E-02, -3.76956E-02, -3.58879E-02, -3.40099E-02, -3.21174E-02, -3.02506E-02, -2.84371E-02, -2.66952E-02, -2.50362E-02, -2.34662E-02, -2.19877E-02, -2.06006E-02, -1.93028E-02, -1.80912E-02, -1.69619E-02, -1.59103E-02, -1.49319E-02, -1.40220E-02, -1.31760E-02, -1.23895E-02, -1.16581E-02, -1.09779E-02, -1.03451E-02, -9.75603E-03,
 -1.02194E-02, -1.08595E-02, -1.15500E-02, -1.22955E-02, -1.31010E-02, -1.39718E-02, -1.49138E-02, -1.59332E-02, -1.70368E-02, -1.82319E-02, -1.95259E-02, -2.09269E-02, -2.24427E-02, -2.40815E-02, -2.58507E-02, -2.77568E-02, -2.98049E-02, -3.19972E-02, -3.43317E-02, -3.68006E-02, -3.93873E-02, -4.20626E-02, -4.47807E-02, -4.74724E-02, -5.00379E-02, -5.23374E-02, -5.41798E-02, -5.53093E-02, -5.53887E-02, -5.39740E-02, -5.04683E-02, -4.40297E-02, -3.33961E-02, -1.66107E-02,  9.22056E-03,  4.76257E-02,  1.00878E-01,  1.65777E-01,  2.29178E-01,  2.69670E-01,  2.69672E-01,  2.29184E-01,  1.65784E-01,  1.00883E-01,  4.76286E-02,  9.22206E-03, -1.66100E-02, -3.33957E-02, -4.40295E-02, -5.04681E-02, -5.39739E-02, -5.53886E-02, -5.53092E-02, -5.41797E-02, -5.23374E-02, -5.00379E-02, -4.74724E-02, -4.47807E-02, -4.20626E-02, -3.93873E-02, -3.68006E-02, -3.43317E-02, -3.19972E-02, -2.98049E-02, -2.77568E-02, -2.58507E-02, -2.40815E-02, -2.24427E-02, -2.09269E-02, -1.95259E-02, -1.82319E-02, -1.70368E-02, -1.59332E-02, -1.49138E-02, -1.39718E-02, -1.31010E-02, -1.22955E-02, -1.15500E-02, -1.08595E-02, -1.02194E-02,
 -1.06645E-02, -1.13546E-02, -1.21018E-02, -1.29118E-02, -1.37905E-02, -1.47450E-02, -1.57826E-02, -1.69116E-02, -1.81411E-02, -1.94811E-02, -2.09423E-02, -2.25366E-02, -2.42766E-02, -2.61756E-02, -2.82475E-02, -3.05065E-02, -3.29665E-02, -3.56400E-02, -3.85371E-02, -4.16633E-02, -4.50168E-02, -4.85843E-02, -5.23350E-02, -5.62123E-02, -6.01230E-02, -6.39214E-02, -6.73896E-02, -7.02121E-02, -7.19429E-02, -7.19640E-02, -6.94252E-02, -6.31477E-02, -5.14561E-02, -3.19165E-02, -1.09321E-03,  4.51280E-02,  1.09415E-01,  1.87988E-01,  2.65025E-01,  3.14376E-01,  3.14381E-01,  2.65036E-01,  1.88002E-01,  1.09426E-01,  4.51365E-02, -1.08754E-03, -3.19128E-02, -5.14537E-02, -6.31461E-02, -6.94242E-02, -7.19634E-02, -7.19425E-02, -7.02118E-02, -6.73894E-02, -6.39213E-02, -6.01229E-02, -5.62123E-02, -5.23349E-02, -4.85843E-02, -4.50168E-02, -4.16633E-02, -3.85371E-02, -3.56400E-02, -3.29665E-02, -3.05065E-02, -2.82475E-02, -2.61756E-02, -2.42766E-02, -2.25366E-02, -2.09423E-02, -1.94811E-02, -1.81411E-02, -1.69116E-02, -1.57826E-02, -1.47450E-02, -1.37905E-02, -1.29118E-02, -1.21018E-02, -1.13546E-02, -1.06645E-02,
 -1.10869E-02, -1.18254E-02, -1.26276E-02, -1.35001E-02, -1.44504E-02, -1.54867E-02, -1.66182E-02, -1.78552E-02, -1.92093E-02, -2.06933E-02, -2.23216E-02, -2.41100E-02, -2.60763E-02, -2.82397E-02, -3.06214E-02, -3.32443E-02, -3.61325E-02, -3.93109E-02, -4.28041E-02, -4.66348E-02, -5.08204E-02, -5.53689E-02, -6.02720E-02, -6.54939E-02, -7.09554E-02, -7.65105E-02, -8.19122E-02, -8.67653E-02, -9.04628E-02, -9.21073E-02, -9.04190E-02, -8.36476E-02, -6.95101E-02, -4.52100E-02, -7.66443E-03,  4.57258E-02,  1.15106E-01,  1.94548E-01,  2.68601E-01,  3.14609E-01,  3.14616E-01,  2.68619E-01,  1.94571E-01,  1.15127E-01,  4.57429E-02, -7.65212E-03, -4.52017E-02, -6.95047E-02, -8.36441E-02, -9.04168E-02, -9.21058E-02, -9.04619E-02, -8.67647E-02, -8.19118E-02, -7.65102E-02, -7.09552E-02, -6.54938E-02, -6.02720E-02, -5.53689E-02, -5.08203E-02, -4.66348E-02, -4.28041E-02, -3.93109E-02, -3.61325E-02, -3.32443E-02, -3.06214E-02, -2.82397E-02, -2.60763E-02, -2.41100E-02, -2.23216E-02, -2.06933E-02, -1.92093E-02, -1.78552E-02, -1.66182E-02, -1.54867E-02, -1.44504E-02, -1.35001E-02, -1.26276E-02, -1.18254E-02, -1.10869E-02,
 -1.14824E-02, -1.22669E-02, -1.31215E-02, -1.40539E-02, -1.50728E-02, -1.61878E-02, -1.74099E-02, -1.87516E-02, -2.02268E-02, -2.18515E-02, -2.36437E-02, -2.56235E-02, -2.78140E-02, -3.02411E-02, -3.29337E-02, -3.59244E-02, -3.92489E-02, -4.29464E-02, -4.70589E-02, -5.16296E-02, -5.67007E-02, -6.23088E-02, -6.84774E-02, -7.52038E-02, -8.24383E-02, -9.00509E-02, -9.77784E-02, -1.05145E-01, -1.11344E-01, -1.15085E-01, -1.14409E-01, -1.06555E-01, -8.80234E-02, -5.51692E-02, -5.69524E-03,  5.89167E-02,  1.31199E-01,  1.98409E-01,  2.47851E-01,  2.72955E-01,  2.72965E-01,  2.47879E-01,  1.98445E-01,  1.31235E-01,  5.89465E-02, -5.67321E-03, -5.51542E-02, -8.80137E-02, -1.06549E-01, -1.14406E-01, -1.15082E-01, -1.11342E-01, -1.05144E-01, -9.77779E-02, -9.00506E-02, -8.24381E-02, -7.52036E-02, -6.84773E-02, -6.23088E-02, -5.67007E-02, -5.16296E-02, -4.70589E-02, -4.29464E-02, -3.92489E-02, -3.59243E-02, -3.29337E-02, -3.02411E-02, -2.78140E-02, -2.56235E-02, -2.36437E-02, -2.18515E-02, -2.02268E-02, -1.87516E-02, -1.74099E-02, -1.61878E-02, -1.50728E-02, -1.40539E-02, -1.31215E-02, -1.22669E-02, -1.14824E-02,
 -1.18467E-02, -1.26742E-02, -1.35779E-02, -1.45666E-02, -1.56500E-02, -1.68393E-02, -1.81473E-02, -1.95884E-02, -2.11791E-02, -2.29384E-02, -2.48880E-02, -2.70526E-02, -2.94607E-02, -3.21449E-02, -3.51427E-02, -3.84968E-02, -4.22560E-02, -4.64753E-02, -5.12165E-02, -5.65474E-02, -6.25404E-02, -6.92693E-02, -7.68017E-02, -8.51859E-02, -9.44271E-02, -1.04445E-01, -1.15004E-01, -1.25592E-01, -1.35229E-01, -1.42183E-01, -1.43581E-01, -1.35015E-01, -1.10481E-01, -6.34789E-02,  9.33167E-03,  1.01125E-01,  1.88268E-01,  2.36544E-01,  2.30934E-01,  2.03437E-01,  2.03453E-01,  2.30979E-01,  2.36604E-01,  1.88328E-01,  1.01175E-01,  9.36746E-03, -6.34555E-02, -1.10467E-01, -1.35007E-01, -1.43576E-01, -1.42180E-01, -1.35227E-01, -1.25591E-01, -1.15004E-01, -1.04445E-01, -9.44269E-02, -8.51858E-02, -7.68016E-02, -6.92693E-02, -6.25404E-02, -5.65473E-02, -5.12165E-02, -4.64753E-02, -4.22560E-02, -3.84968E-02, -3.51427E-02, -3.21449E-02, -2.94606E-02, -2.70526E-02, -2.48880E-02, -2.29384E-02, -2.11791E-02, -1.95884E-02, -1.81473E-02, -1.68393E-02, -1.56500E-02, -1.45666E-02, -1.35779E-02, -1.26742E-02, -1.18467E-02,
 -1.21758E-02, -1.30426E-02, -1.39914E-02, -1.50317E-02, -1.61746E-02, -1.74325E-02, -1.88199E-02, -2.03533E-02, -2.20516E-02, -2.39367E-02, -2.60339E-02, -2.83725E-02, -3.09865E-02, -3.39154E-02, -3.72051E-02, -4.09093E-02, -4.50902E-02, -4.98201E-02, -5.51826E-02, -6.12737E-02, -6.82017E-02, -7.60862E-02, -8.50535E-02, -9.52258E-02, -1.06699E-01, -1.19500E-01, -1.33503E-01, -1.48283E-01, -1.62845E-01, -1.75166E-01, -1.81461E-01, -1.75137E-01, -1.45757E-01, -7.93497E-02,  3.63292E-02,  1.95571E-01,  3.47665E-01,  3.92067E-01,  2.67048E-01,  9.39611E-02,  9.39912E-02,  2.67132E-01,  3.92181E-01,  3.47774E-01,  1.95654E-01,  3.63840E-02, -7.93168E-02, -1.45738E-01, -1.75126E-01, -1.81455E-01, -1.75163E-01, -1.62843E-01, -1.48282E-01, -1.33503E-01, -1.19500E-01, -1.06699E-01, -9.52257E-02, -8.50534E-02, -7.60861E-02, -6.82016E-02, -6.12737E-02, -5.51826E-02, -4.98201E-02, -4.50902E-02, -4.09093E-02, -3.72051E-02, -3.39154E-02, -3.09865E-02, -2.83725E-02, -2.60339E-02, -2.39367E-02, -2.20516E-02, -2.03533E-02, -1.88199E-02, -1.74325E-02, -1.61746E-02, -1.50317E-02, -1.39914E-02, -1.30426E-02, -1.21758E-02,
 -1.24659E-02, -1.33678E-02, -1.43567E-02, -1.54433E-02, -1.66394E-02, -1.79590E-02, -1.94180E-02, -2.10347E-02, -2.28303E-02, -2.48296E-02, -2.70614E-02, -2.95591E-02, -3.23621E-02, -3.55167E-02, -3.90772E-02, -4.31081E-02, -4.76852E-02, -5.28988E-02, -5.88558E-02, -6.56824E-02, -7.35277E-02, -8.25652E-02, -9.29943E-02, -1.05036E-01, -1.18921E-01, -1.34855E-01, -1.52955E-01, -1.73093E-01, -1.94605E-01, -2.15699E-01, -2.32318E-01, -2.36056E-01, -2.10698E-01, -1.27861E-01,  5.32332E-02,  3.63316E-01,  7.41231E-01,  9.10877E-01,  5.20357E-01, -1.46753E-01, -1.46689E-01,  5.20551E-01,  9.11135E-01,  7.41451E-01,  3.63458E-01,  5.33120E-02, -1.27820E-01, -2.10677E-01, -2.36046E-01, -2.32312E-01, -2.15696E-01, -1.94604E-01, -1.73092E-01, -1.52955E-01, -1.34855E-01, -1.18920E-01, -1.05036E-01, -9.29943E-02, -8.25652E-02, -7.35277E-02, -6.56824E-02, -5.88558E-02, -5.28988E-02, -4.76852E-02, -4.31081E-02, -3.90772E-02, -3.55167E-02, -3.23621E-02, -2.95591E-02, -2.70614E-02, -2.48296E-02, -2.28303E-02, -2.10347E-02, -1.94180E-02, -1.79590E-02, -1.66394E-02, -1.54433E-02, -1.43567E-02, -1.33678E-02, -1.24659E-02,
 -1.27135E-02, -1.36456E-02, -1.46693E-02, -1.57958E-02, -1.70381E-02, -1.84112E-02, -1.99323E-02, -2.16216E-02, -2.35022E-02, -2.56016E-02, -2.79514E-02, -3.05894E-02, -3.35596E-02, -3.69146E-02, -4.07167E-02, -4.50405E-02, -4.99754E-02, -5.56290E-02, -6.21315E-02, -6.96405E-02, -7.83478E-02, -8.84867E-02, -1.00340E-01, -1.14250E-01, -1.30622E-01, -1.49924E-01, -1.72659E-01, -1.99284E-01, -2.29996E-01, -2.64208E-01, -2.99310E-01, -3.27751E-01, -3.30318E-01, -2.61514E-01, -2.29166E-02,  5.58454E-01,  1.61819E+00,  2.66565E+00,  1.94126E+00, -7.17052E-01, -7.16897E-01,  1.94186E+00,  2.66639E+00,  1.61867E+00,  5.58688E-01, -2.28183E-02, -2.61474E-01, -3.30302E-01, -3.27744E-01, -2.99307E-01, -2.64207E-01, -2.29995E-01, -1.99284E-01, -1.72659E-01, -1.49924E-01, -1.30622E-01, -1.14250E-01, -1.00340E-01, -8.84867E-02, -7.83478E-02, -6.96405E-02, -6.21315E-02, -5.56290E-02, -4.99754E-02, -4.50405E-02, -4.07167E-02, -3.69146E-02, -3.35596E-02, -3.05894E-02, -2.79514E-02, -2.56016E-02, -2.35022E-02, -2.16216E-02, -1.99323E-02, -1.84112E-02, -1.70381E-02, -1.57958E-02, -1.46693E-02, -1.36456E-02, -1.27135E-02,
 -1.29158E-02, -1.38728E-02, -1.49250E-02, -1.60845E-02, -1.73649E-02, -1.87822E-02, -2.03549E-02, -2.21044E-02, -2.40558E-02, -2.62385E-02, -2.86871E-02, -3.14426E-02, -3.45533E-02, -3.80774E-02, -4.20841E-02, -4.66573E-02, -5.18983E-02, -5.79310E-02, -6.49070E-02, -7.30141E-02, -8.24861E-02, -9.36160E-02, -1.06775E-01, -1.22436E-01, -1.41207E-01, -1.63873E-01, -1.91455E-01, -2.25262E-01, -2.66939E-01, -3.18374E-01, -3.81165E-01, -4.54563E-01, -5.28435E-01, -5.60151E-01, -4.01240E-01,  4.11396E-01,  3.03934E+00,  8.63430E+00,  1.13060E+01, -4.13139E-01, -4.12781E-01,  1.13090E+01,  8.63699E+00,  3.04043E+00,  4.11710E-01, -4.01162E-01, -5.60134E-01, -5.28432E-01, -4.54563E-01, -3.81166E-01, -3.18374E-01, -2.66939E-01, -2.25263E-01, -1.91455E-01, -1.63873E-01, -1.41207E-01, -1.22436E-01, -1.06775E-01, -9.36160E-02, -8.24861E-02, -7.30141E-02, -6.49070E-02, -5.79310E-02, -5.18984E-02, -4.66573E-02, -4.20841E-02, -3.80774E-02, -3.45533E-02, -3.14426E-02, -2.86871E-02, -2.62385E-02, -2.40558E-02, -2.21044E-02, -2.03549E-02, -1.87822E-02, -1.73649E-02, -1.60845E-02, -1.49250E-02, -1.38728E-02, -1.29158E-02,
 -1.30702E-02, -1.40463E-02, -1.51205E-02, -1.63053E-02, -1.76151E-02, -1.90665E-02, -2.06790E-02, -2.24750E-02, -2.44812E-02, -2.67285E-02, -2.92539E-02, -3.21008E-02, -3.53212E-02, -3.89776E-02, -4.31451E-02, -4.79148E-02, -5.33983E-02, -5.97326E-02, -6.70881E-02, -7.56783E-02, -8.57737E-02, -9.77216E-02, -1.11974E-01, -1.29128E-01, -1.49993E-01, -1.75682E-01, -2.07774E-01, -2.48570E-01, -3.01530E-01, -3.72018E-01, -4.68547E-01, -6.04661E-01, -8.00517E-01, -1.07641E+00, -1.39127E+00, -1.25908E+00,  2.37100E+00,  2.38212E+01,  8.35171E+01,  4.48540E+01,  4.48536E+01,  8.35460E+01,  2.38316E+01,  2.37261E+00, -1.25897E+00, -1.39132E+00, -1.07645E+00, -8.00537E-01, -6.04671E-01, -4.68552E-01, -3.72020E-01, -3.01531E-01, -2.48570E-01, -2.07774E-01, -1.75682E-01, -1.49993E-01, -1.29129E-01, -1.11974E-01, -9.77216E-02, -8.57738E-02, -7.56783E-02, -6.70881E-02, -5.97326E-02, -5.33983E-02, -4.79148E-02, -4.31451E-02, -3.89776E-02, -3.53212E-02, -3.21008E-02, -2.92539E-02, -2.67285E-02, -2.44812E-02, -2.24750E-02, -2.06790E-02, -1.90665E-02, -1.76151E-02, -1.63053E-02, -1.51205E-02, -1.40463E-02, -1.30702E-02,
 -1.31748E-02, -1.41639E-02, -1.52530E-02, -1.64551E-02, -1.77849E-02, -1.92595E-02, -2.08991E-02, -2.27270E-02, -2.47706E-02, -2.70622E-02, -2.96401E-02, -3.25498E-02, -3.58457E-02, -3.95933E-02, -4.38717E-02, -4.87776E-02, -5.44296E-02, -6.09744E-02, -6.85959E-02, -7.75266E-02, -8.80646E-02, -1.00598E-01, -1.15641E-01, -1.33890E-01, -1.56314E-01, -1.84296E-01, -2.19892E-01, -2.66277E-01, -3.28598E-01, -4.15657E-01, -5.43455E-01, -7.43124E-01, -1.08000E+00, -1.70271E+00, -2.97447E+00, -5.77704E+00, -1.10638E+01,  5.85682E+00,  5.23368E+02,  1.91335E+03,  1.91337E+03,  5.23731E+02,  5.87128E+00, -1.10655E+01, -5.77786E+00, -2.97476E+00, -1.70282E+00, -1.08004E+00, -7.43144E-01, -5.43464E-01, -4.15662E-01, -3.28601E-01, -2.66279E-01, -2.19893E-01, -1.84296E-01, -1.56314E-01, -1.33891E-01, -1.15641E-01, -1.00598E-01, -8.80646E-02, -7.75266E-02, -6.85959E-02, -6.09744E-02, -5.44296E-02, -4.87777E-02, -4.38718E-02, -3.95933E-02, -3.58457E-02, -3.25498E-02, -2.96401E-02, -2.70622E-02, -2.47706E-02, -2.27270E-02, -2.08991E-02, -1.92595E-02, -1.77849E-02, -1.64551E-02, -1.52530E-02, -1.41639E-02, -1.31748E-02,
 -1.32284E-02, -1.42241E-02, -1.53208E-02, -1.65317E-02, -1.78717E-02, -1.93583E-02, -2.10118E-02, -2.28559E-02, -2.49187E-02, -2.72330E-02, -2.98379E-02, -3.27798E-02, -3.61145E-02, -3.99090E-02, -4.42446E-02, -4.92207E-02, -5.49597E-02, -6.16135E-02, -6.93731E-02, -7.84811E-02, -8.92503E-02, -1.02091E-01, -1.17550E-01, -1.36379E-01, -1.59632E-01, -1.88842E-01, -2.26328E-01, -2.75751E-01, -3.43213E-01, -4.39503E-01, -5.85107E-01, -8.22289E-01, -1.24759E+00, -2.11147E+00, -4.18034E+00, -1.03784E+01, -3.58345E+01, -1.99975E+02, -1.85388E+03,  7.97812E+04,  7.98192E+04, -1.85492E+03, -2.00065E+02, -3.58445E+01, -1.03802E+01, -4.18080E+00, -2.11162E+00, -1.24764E+00, -8.22313E-01, -5.85118E-01, -4.39509E-01, -3.43215E-01, -2.75753E-01, -2.26329E-01, -1.88843E-01, -1.59632E-01, -1.36379E-01, -1.17550E-01, -1.02091E-01, -8.92503E-02, -7.84811E-02, -6.93731E-02, -6.16135E-02, -5.49597E-02, -4.92208E-02, -4.42446E-02, -3.99090E-02, -3.61145E-02, -3.27798E-02, -2.98379E-02, -2.72330E-02, -2.49187E-02, -2.28559E-02, -2.10118E-02, -1.93583E-02, -1.78717E-02, -1.65317E-02, -1.53208E-02, -1.42241E-02, -1.32284E-02,
 -1.32301E-02, -1.42260E-02, -1.53230E-02, -1.65341E-02, -1.78744E-02, -1.93612E-02, -2.10150E-02, -2.28596E-02, -2.49228E-02, -2.72376E-02, -2.98431E-02, -3.27857E-02, -3.61212E-02, -3.99167E-02, -4.42535E-02, -4.92310E-02, -5.49717E-02, -6.16275E-02, -6.93895E-02, -7.85004E-02, -8.92728E-02, -1.02116E-01, -1.17579E-01, -1.36407E-01, -1.59653E-01, -1.88837E-01, -2.26253E-01, -2.75503E-01, -3.42540E-01, -4.37789E-01, -5.80761E-01, -8.10973E-01, -1.21646E+00, -2.01810E+00, -3.86189E+00, -9.06533E+00, -2.86344E+01, -1.38803E+02, -9.04466E+02,  6.30603E+04,  6.30683E+04, -9.04803E+02, -1.38856E+02, -2.86409E+01, -9.06660E+00, -3.86223E+00, -2.01822E+00, -1.21651E+00, -8.10994E-01, -5.80771E-01, -4.37794E-01, -3.42543E-01, -2.75504E-01, -2.26254E-01, -1.88838E-01, -1.59653E-01, -1.36408E-01, -1.17579E-01, -1.02117E-01, -8.92728E-02, -7.85004E-02, -6.93896E-02, -6.16276E-02, -5.49717E-02, -4.92311E-02, -4.42535E-02, -3.99167E-02, -3.61212E-02, -3.27857E-02, -2.98431E-02, -2.72376E-02, -2.49228E-02, -2.28596E-02, -2.10150E-02, -1.93612E-02, -1.78744E-02, -1.65341E-02, -1.53230E-02, -1.42260E-02, -1.32301E-02,
 -1.31801E-02, -1.41697E-02, -1.52595E-02, -1.64622E-02, -1.77927E-02, -1.92683E-02, -2.09088E-02, -2.27379E-02, -2.47828E-02, -2.70759E-02, -2.96556E-02, -3.25674E-02, -3.58658E-02, -3.96163E-02, -4.38982E-02, -4.88083E-02, -5.44652E-02, -6.10160E-02, -6.86447E-02, -7.75839E-02, -8.81316E-02, -1.00675E-01, -1.15727E-01, -1.33979E-01, -1.56386E-01, -1.84308E-01, -2.19735E-01, -2.65698E-01, -3.26997E-01, -4.11589E-01, -5.33326E-01, -7.17590E-01, -1.01330E+00, -1.51844E+00, -2.42590E+00, -4.00273E+00, -5.14246E+00,  1.74309E+01,  3.60760E+02,  1.98336E+03,  1.98398E+03,  3.60938E+02,  1.74396E+01, -5.14274E+00, -4.00304E+00, -2.42604E+00, -1.51850E+00, -1.01333E+00, -7.17603E-01, -5.33333E-01, -4.11593E-01, -3.26999E-01, -2.65699E-01, -2.19736E-01, -1.84308E-01, -1.56387E-01, -1.33979E-01, -1.15727E-01, -1.00675E-01, -8.81316E-02, -7.75839E-02, -6.86447E-02, -6.10160E-02, -5.44652E-02, -4.88083E-02, -4.38982E-02, -3.96163E-02, -3.58658E-02, -3.25674E-02, -2.96556E-02, -2.70759E-02, -2.47828E-02, -2.27379E-02, -2.09088E-02, -1.92683E-02, -1.77927E-02, -1.64622E-02, -1.52595E-02, -1.41697E-02, -1.31801E-02,
 -1.30790E-02, -1.40560E-02, -1.51312E-02, -1.63171E-02, -1.76281E-02, -1.90810E-02, -2.06950E-02, -2.24930E-02, -2.45013E-02, -2.67512E-02, -2.92794E-02, -3.21297E-02, -3.53542E-02, -3.90154E-02, -4.31885E-02, -4.79651E-02, -5.34566E-02, -5.98007E-02, -6.71679E-02, -7.57719E-02, -8.58834E-02, -9.78489E-02, -1.12118E-01, -1.29284E-01, -1.50141E-01, -1.75773E-01, -2.07692E-01, -2.48047E-01, -2.99953E-01, -3.67989E-01, -4.58843E-01, -5.81790E-01, -7.47076E-01, -9.53493E-01, -1.12684E+00, -8.43105E-01,  1.83526E+00,  1.42411E+01,  5.21136E+01,  1.03316E+02,  1.03346E+02,  5.21325E+01,  1.42444E+01,  1.83565E+00, -8.43094E-01, -1.12687E+00, -9.53511E-01, -7.47087E-01, -5.81796E-01, -4.58846E-01, -3.67991E-01, -2.99955E-01, -2.48047E-01, -2.07693E-01, -1.75774E-01, -1.50141E-01, -1.29284E-01, -1.12118E-01, -9.78489E-02, -8.58834E-02, -7.57719E-02, -6.71679E-02, -5.98007E-02, -5.34566E-02, -4.79651E-02, -4.31885E-02, -3.90154E-02, -3.53542E-02, -3.21297E-02, -2.92794E-02, -2.67512E-02, -2.45013E-02, -2.24930E-02, -2.06950E-02, -1.90810E-02, -1.76281E-02, -1.63171E-02, -1.51312E-02, -1.40560E-02, -1.30790E-02,
 -1.29281E-02, -1.38863E-02, -1.49399E-02, -1.61008E-02, -1.73830E-02, -1.88023E-02, -2.03772E-02, -2.21293E-02, -2.40837E-02, -2.62698E-02, -2.87224E-02, -3.14825E-02, -3.45987E-02, -3.81292E-02, -4.21437E-02, -4.67260E-02, -5.19779E-02, -5.80236E-02, -6.50153E-02, -7.31411E-02, -8.26351E-02, -9.37904E-02, -1.06977E-01, -1.22664E-01, -1.41451E-01, -1.64104E-01, -1.91600E-01, -2.25162E-01, -2.66252E-01, -3.16410E-01, -3.76617E-01, -4.45288E-01, -5.12410E-01, -5.43107E-01, -4.34323E-01,  8.36019E-02,  1.58265E+00,  4.74633E+00,  9.06801E+00,  1.21604E+01,  1.21635E+01,  9.07141E+00,  4.74748E+00,  1.58292E+00,  8.36599E-02, -4.34310E-01, -5.43106E-01, -5.12411E-01, -4.45289E-01, -3.76617E-01, -3.16410E-01, -2.66252E-01, -2.25162E-01, -1.91600E-01, -1.64104E-01, -1.41451E-01, -1.22664E-01, -1.06977E-01, -9.37904E-02, -8.26351E-02, -7.31411E-02, -6.50153E-02, -5.80236E-02, -5.19779E-02, -4.67260E-02, -4.21437E-02, -3.81293E-02, -3.45987E-02, -3.14825E-02, -2.87224E-02, -2.62698E-02, -2.40837E-02, -2.21293E-02, -2.03772E-02, -1.88023E-02, -1.73830E-02, -1.61008E-02, -1.49399E-02, -1.38863E-02, -1.29281E-02,
 -1.27292E-02, -1.36628E-02, -1.46882E-02, -1.58166E-02, -1.70611E-02, -1.84366E-02, -1.99606E-02, -2.16531E-02, -2.35375E-02, -2.56411E-02, -2.79960E-02, -3.06397E-02, -3.36167E-02, -3.69796E-02, -4.07911E-02, -4.51261E-02, -5.00742E-02, -5.57436E-02, -6.22650E-02, -6.97967E-02, -7.85312E-02, -8.87023E-02, -1.00594E-01, -1.14546E-01, -1.30965E-01, -1.50314E-01, -1.73091E-01, -1.99749E-01, -2.30502E-01, -2.64869E-01, -3.00674E-01, -3.31878E-01, -3.44124E-01, -3.06397E-01, -1.58753E-01,  1.93059E-01,  8.33532E-01,  1.68865E+00,  2.42449E+00,  2.77079E+00,  2.77131E+00,  2.42533E+00,  1.68912E+00,  8.33715E-01,  1.93124E-01, -1.58727E-01, -3.06386E-01, -3.44119E-01, -3.31875E-01, -3.00673E-01, -2.64869E-01, -2.30502E-01, -1.99749E-01, -1.73091E-01, -1.50314E-01, -1.30965E-01, -1.14546E-01, -1.00594E-01, -8.87023E-02, -7.85312E-02, -6.97968E-02, -6.22650E-02, -5.57436E-02, -5.00742E-02, -4.51261E-02, -4.07911E-02, -3.69796E-02, -3.36167E-02, -3.06397E-02, -2.79960E-02, -2.56411E-02, -2.35375E-02, -2.16531E-02, -1.99606E-02, -1.84366E-02, -1.70611E-02, -1.58166E-02, -1.46882E-02, -1.36628E-02, -1.27292E-02,
 -1.24848E-02, -1.33885E-02, -1.43795E-02, -1.54683E-02, -1.66671E-02, -1.79897E-02, -1.94520E-02, -2.10725E-02, -2.28725E-02, -2.48769E-02, -2.71145E-02, -2.96190E-02, -3.24300E-02, -3.55938E-02, -3.91651E-02, -4.32087E-02, -4.78010E-02, -5.30325E-02, -5.90108E-02, -6.58630E-02, -7.37390E-02, -8.28135E-02, -9.32876E-02, -1.05385E-01, -1.19341E-01, -1.35372E-01, -1.53617E-01, -1.74006E-01, -1.96011E-01, -2.18181E-01, -2.37290E-01, -2.46903E-01, -2.35254E-01, -1.83001E-01, -6.35939E-02,  1.46751E-01,  4.41498E-01,  7.52967E-01,  9.78687E-01,  1.07669E+00,  1.07683E+00,  9.78951E-01,  7.53178E-01,  4.41617E-01,  1.46809E-01, -6.35648E-02, -1.82986E-01, -2.35246E-01, -2.46898E-01, -2.37287E-01, -2.18180E-01, -1.96010E-01, -1.74005E-01, -1.53617E-01, -1.35372E-01, -1.19341E-01, -1.05385E-01, -9.32876E-02, -8.28135E-02, -7.37390E-02, -6.58630E-02, -5.90108E-02, -5.30325E-02, -4.78010E-02, -4.32087E-02, -3.91651E-02, -3.55938E-02, -3.24300E-02, -2.96190E-02, -2.71145E-02, -2.48769E-02, -2.28725E-02, -2.10725E-02, -1.94520E-02, -1.79897E-02, -1.66671E-02, -1.54683E-02, -1.43795E-02, -1.33885E-02, -1.24848E-02,
 -1.21979E-02, -1.30668E-02, -1.40179E-02, -1.50609E-02, -1.62067E-02, -1.74681E-02, -1.88593E-02, -2.03971E-02, -2.21004E-02, -2.39912E-02, -2.60951E-02, -2.84413E-02, -3.10641E-02, -3.40032E-02, -3.73050E-02, -4.10231E-02, -4.52204E-02, -4.99697E-02, -5.53550E-02, -6.14732E-02, -6.84335E-02, -7.63570E-02, -8.53722E-02, -9.56050E-02, -1.07159E-01, -1.20076E-01, -1.34264E-01, -1.49369E-01, -1.64552E-01, -1.78122E-01, -1.86981E-01, -1.85868E-01, -1.66647E-01, -1.18365E-01, -2.97291E-02,  1.03990E-01,  2.70558E-01,  4.36384E-01,  5.61468E-01,  6.24469E-01,  6.24515E-01,  5.61571E-01,  4.36488E-01,  2.70633E-01,  1.04037E-01, -2.97017E-02, -1.18349E-01, -1.66638E-01, -1.85863E-01, -1.86978E-01, -1.78120E-01, -1.64551E-01, -1.49369E-01, -1.34264E-01, -1.20076E-01, -1.07159E-01, -9.56050E-02, -8.53721E-02, -7.63570E-02, -6.84335E-02, -6.14732E-02, -5.53550E-02, -4.99697E-02, -4.52204E-02, -4.10231E-02, -3.73050E-02, -3.40032E-02, -3.10641E-02, -2.84413E-02, -2.60951E-02, -2.39912E-02, -2.21004E-02, -2.03971E-02, -1.88593E-02, -1.74681E-02, -1.62067E-02, -1.50609E-02, -1.40179E-02, -1.30668E-02, -1.21979E-02,
 -1.18718E-02, -1.27016E-02, -1.36080E-02, -1.45996E-02, -1.56864E-02, -1.68795E-02, -1.81917E-02, -1.96377E-02, -2.12340E-02, -2.29996E-02, -2.49564E-02, -2.71294E-02, -2.95471E-02, -3.22424E-02, -3.52530E-02, -3.86220E-02, -4.23985E-02, -4.66379E-02, -5.14025E-02, -5.67607E-02, -6.27859E-02, -6.95528E-02, -7.71309E-02, -8.55717E-02, -9.48866E-02, -1.05008E-01, -1.15725E-01, -1.26576E-01, -1.36686E-01, -1.44514E-01, -1.47524E-01, -1.41817E-01, -1.21927E-01, -8.12112E-02, -1.35684E-02,  8.29817E-02,  2.01680E-01,  3.24681E-01,  4.26836E-01,  4.84698E-01,  4.84719E-01,  4.26887E-01,  3.24740E-01,  2.01729E-01,  8.30172E-02, -1.35454E-02, -8.11970E-02, -1.21918E-01, -1.41812E-01, -1.47521E-01, -1.44512E-01, -1.36685E-01, -1.26576E-01, -1.15724E-01, -1.05008E-01, -9.48865E-02, -8.55716E-02, -7.71309E-02, -6.95528E-02, -6.27859E-02, -5.67607E-02, -5.14025E-02, -4.66379E-02, -4.23985E-02, -3.86220E-02, -3.52530E-02, -3.22424E-02, -2.95471E-02, -2.71294E-02, -2.49564E-02, -2.29996E-02, -2.12340E-02, -1.96377E-02, -1.81917E-02, -1.68795E-02, -1.56864E-02, -1.45996E-02, -1.36080E-02, -1.27016E-02, -1.18718E-02,
 -1.15103E-02, -1.22974E-02, -1.31549E-02, -1.40906E-02, -1.51131E-02, -1.62322E-02, -1.74590E-02, -1.88060E-02, -2.02873E-02, -2.19188E-02, -2.37187E-02, -2.57075E-02, -2.79082E-02, -3.03470E-02, -3.30530E-02, -3.60591E-02, -3.94013E-02, -4.31192E-02, -4.72550E-02, -5.18524E-02, -5.69540E-02, -6.25970E-02, -6.88056E-02, -7.55783E-02, -8.28680E-02, -9.05492E-02, -9.83681E-02, -1.05865E-01, -1.12265E-01, -1.16315E-01, -1.16092E-01, -1.08789E-01, -9.05747E-02, -5.67403E-02, -2.46650E-03,  7.52893E-02,  1.74495E-01,  2.84056E-01,  3.82092E-01,  4.41112E-01,  4.41124E-01,  3.82123E-01,  2.84094E-01,  1.74529E-01,  7.53154E-02, -2.44871E-03, -5.67290E-02, -9.05677E-02, -1.08784E-01, -1.16089E-01, -1.16313E-01, -1.12264E-01, -1.05865E-01, -9.83677E-02, -9.05490E-02, -8.28678E-02, -7.55782E-02, -6.88055E-02, -6.25970E-02, -5.69540E-02, -5.18524E-02, -4.72550E-02, -4.31192E-02, -3.94013E-02, -3.60591E-02, -3.30530E-02, -3.03470E-02, -2.79082E-02, -2.57075E-02, -2.37187E-02, -2.19188E-02, -2.02873E-02, -1.88060E-02, -1.74590E-02, -1.62322E-02, -1.51131E-02, -1.40906E-02, -1.31549E-02, -1.22974E-02, -1.15103E-02,
 -1.11175E-02, -1.18588E-02, -1.26641E-02, -1.35402E-02, -1.44944E-02, -1.55351E-02, -1.66716E-02, -1.79143E-02, -1.92748E-02, -2.07660E-02, -2.24026E-02, -2.42004E-02, -2.61773E-02, -2.83528E-02, -3.07484E-02, -3.33870E-02, -3.62930E-02, -3.94917E-02, -4.30077E-02, -4.68638E-02, -5.10776E-02, -5.56570E-02, -6.05930E-02, -6.58489E-02, -7.13438E-02, -7.69285E-02, -8.23501E-02, -8.72012E-02, -9.08497E-02, -9.23416E-02, -9.02746E-02, -8.26386E-02, -6.66413E-02, -3.85933E-02,  5.90084E-03,  7.08469E-02,  1.56929E-01,  2.56504E-01,  3.49492E-01,  4.07148E-01,  4.07156E-01,  3.49512E-01,  2.56529E-01,  1.56952E-01,  7.08647E-02,  5.91307E-03, -3.85854E-02, -6.66364E-02, -8.26355E-02, -9.02727E-02, -9.23404E-02, -9.08490E-02, -8.72008E-02, -8.23498E-02, -7.69283E-02, -7.13437E-02, -6.58488E-02, -6.05930E-02, -5.56570E-02, -5.10776E-02, -4.68638E-02, -4.30077E-02, -3.94917E-02, -3.62930E-02, -3.33870E-02, -3.07484E-02, -2.83528E-02, -2.61773E-02, -2.42004E-02, -2.24026E-02, -2.07660E-02, -1.92748E-02, -1.79143E-02, -1.66716E-02, -1.55351E-02, -1.44944E-02, -1.35402E-02, -1.26641E-02, -1.18588E-02, -1.11175E-02,
 -1.06976E-02, -1.13907E-02, -1.21412E-02, -1.29549E-02, -1.38379E-02, -1.47970E-02, -1.58399E-02, -1.69749E-02, -1.82111E-02, -1.95587E-02, -2.10285E-02, -2.26325E-02, -2.43835E-02, -2.62949E-02, -2.83809E-02, -3.06558E-02, -3.31336E-02, -3.58271E-02, -3.87463E-02, -4.18967E-02, -4.52763E-02, -4.88708E-02, -5.26481E-02, -5.65492E-02, -6.04760E-02, -6.42747E-02, -6.77127E-02, -7.04481E-02, -7.19875E-02, -7.16284E-02, -6.83750E-02, -6.08147E-02, -4.69403E-02, -2.39492E-02,  1.17843E-02,  6.39930E-02,  1.34077E-01,  2.16504E-01,  2.94637E-01,  3.43566E-01,  3.43571E-01,  2.94648E-01,  2.16518E-01,  1.34090E-01,  6.40030E-02,  1.17912E-02, -2.39447E-02, -4.69375E-02, -6.08130E-02, -6.83739E-02, -7.16277E-02, -7.19871E-02, -7.04478E-02, -6.77125E-02, -6.42745E-02, -6.04759E-02, -5.65492E-02, -5.26481E-02, -4.88708E-02, -4.52762E-02, -4.18967E-02, -3.87463E-02, -3.58271E-02, -3.31336E-02, -3.06558E-02, -2.83809E-02, -2.62949E-02, -2.43835E-02, -2.26325E-02, -2.10285E-02, -1.95587E-02, -1.82111E-02, -1.69749E-02, -1.58399E-02, -1.47970E-02, -1.38379E-02, -1.29549E-02, -1.21412E-02, -1.13907E-02, -1.06976E-02,
 -1.02548E-02, -1.08980E-02, -1.15921E-02, -1.23416E-02, -1.31514E-02, -1.40271E-02, -1.49746E-02, -1.60002E-02, -1.71108E-02, -1.83137E-02, -1.96166E-02, -2.10275E-02, -2.25546E-02, -2.42061E-02, -2.59894E-02, -2.79115E-02, -2.99774E-02, -3.21893E-02, -3.45454E-02, -3.70376E-02, -3.96486E-02, -4.23486E-02, -4.50895E-02, -4.77991E-02, -5.03720E-02, -5.26589E-02, -5.44526E-02, -5.54710E-02, -5.53340E-02, -5.35316E-02, -4.93739E-02, -4.19108E-02, -2.98096E-02, -1.12151E-02,  1.62595E-02,  5.50054E-02,  1.05705E-01,  1.64227E-01,  2.18973E-01,  2.52983E-01,  2.52985E-01,  2.18977E-01,  1.64232E-01,  1.05709E-01,  5.50090E-02,  1.62620E-02, -1.12135E-02, -2.98086E-02, -4.19101E-02, -4.93734E-02, -5.35313E-02, -5.53338E-02, -5.54708E-02, -5.44525E-02, -5.26588E-02, -5.03720E-02, -4.77991E-02, -4.50895E-02, -4.23485E-02, -3.96486E-02, -3.70376E-02, -3.45454E-02, -3.21893E-02, -2.99774E-02, -2.79115E-02, -2.59894E-02, -2.42060E-02, -2.25546E-02, -2.10275E-02, -1.96166E-02, -1.83137E-02, -1.71108E-02, -1.60002E-02, -1.49746E-02, -1.40271E-02, -1.31514E-02, -1.23416E-02, -1.15921E-02, -1.08980E-02, -1.02548E-02,
 -9.79356E-03, -1.03859E-02, -1.10224E-02, -1.17067E-02, -1.24427E-02, -1.32343E-02, -1.40860E-02, -1.50023E-02, -1.59878E-02, -1.70475E-02, -1.81859E-02, -1.94076E-02, -2.07167E-02, -2.21166E-02, -2.36094E-02, -2.51953E-02, -2.68720E-02, -2.86335E-02, -3.04682E-02, -3.23577E-02, -3.42739E-02, -3.61756E-02, -3.80052E-02, -3.96830E-02, -4.11021E-02, -4.21211E-02, -4.25567E-02, -4.21749E-02, -4.06801E-02, -3.77015E-02, -3.27713E-02, -2.52915E-02, -1.44897E-02,  6.08232E-04,  2.10922E-02,  4.77682E-02,  8.02073E-02,  1.15340E-01,  1.46604E-01,  1.65415E-01,  1.65415E-01,  1.46604E-01,  1.15339E-01,  8.02066E-02,  4.77676E-02,  2.10918E-02,  6.07992E-04, -1.44898E-02, -2.52915E-02, -3.27713E-02, -3.77014E-02, -4.06800E-02, -4.21748E-02, -4.25567E-02, -4.21211E-02, -4.11020E-02, -3.96830E-02, -3.80051E-02, -3.61756E-02, -3.42739E-02, -3.23577E-02, -3.04682E-02, -2.86335E-02, -2.68720E-02, -2.51953E-02, -2.36094E-02, -2.21166E-02, -2.07167E-02, -1.94076E-02, -1.81859E-02, -1.70475E-02, -1.59878E-02, -1.50023E-02, -1.40860E-02, -1.32343E-02, -1.24427E-02, -1.17067E-02, -1.10224E-02, -1.03859E-02, -9.79356E-03,
 -9.31820E-03, -9.85922E-03, -1.04379E-02, -1.10569E-02, -1.17190E-02, -1.24271E-02, -1.31839E-02, -1.39924E-02, -1.48553E-02, -1.57751E-02, -1.67538E-02, -1.77930E-02, -1.88931E-02, -2.00536E-02, -2.12718E-02, -2.25428E-02, -2.38583E-02, -2.52055E-02, -2.65659E-02, -2.79136E-02, -2.92126E-02, -3.04150E-02, -3.14573E-02, -3.22571E-02, -3.27093E-02, -3.26817E-02, -3.20117E-02, -3.05022E-02, -2.79190E-02, -2.39891E-02, -1.83998E-02, -1.08034E-02, -8.35036E-04,  1.18293E-02,  2.73313E-02,  4.53616E-02,  6.48008E-02,  8.34875E-02,  9.84674E-02,  1.06846E-01,  1.06845E-01,  9.84647E-02,  8.34842E-02,  6.47977E-02,  4.53592E-02,  2.73296E-02,  1.18282E-02, -8.35705E-04, -1.08038E-02, -1.84000E-02, -2.39892E-02, -2.79191E-02, -3.05022E-02, -3.20117E-02, -3.26817E-02, -3.27093E-02, -3.22571E-02, -3.14573E-02, -3.04150E-02, -2.92126E-02, -2.79136E-02, -2.65659E-02, -2.52055E-02, -2.38583E-02, -2.25428E-02, -2.12718E-02, -2.00536E-02, -1.88931E-02, -1.77930E-02, -1.67538E-02, -1.57751E-02, -1.48553E-02, -1.39924E-02, -1.31839E-02, -1.24271E-02, -1.17190E-02, -1.10569E-02, -1.04379E-02, -9.85922E-03, -9.31820E-03,
 -8.83288E-03, -9.32274E-03, -9.84396E-03, -1.03983E-02, -1.09877E-02, -1.16136E-02, -1.22777E-02, -1.29813E-02, -1.37254E-02, -1.45104E-02, -1.53363E-02, -1.62018E-02, -1.71046E-02, -1.80405E-02, -1.90033E-02, -1.99839E-02, -2.09694E-02, -2.19422E-02, -2.28786E-02, -2.37477E-02, -2.45088E-02, -2.51101E-02, -2.54858E-02, -2.55540E-02, -2.52138E-02, -2.43433E-02, -2.27981E-02, -2.04107E-02, -1.69926E-02, -1.23401E-02, -6.24616E-03,  1.47339E-03,  1.09305E-02,  2.20755E-02,  3.45626E-02,  4.76074E-02,  5.99638E-02,  7.01937E-02,  7.72120E-02,  8.06654E-02,  8.06644E-02,  7.72093E-02,  7.01904E-02,  5.99607E-02,  4.76049E-02,  3.45608E-02,  2.20743E-02,  1.09297E-02,  1.47291E-03, -6.24645E-03, -1.23403E-02, -1.69927E-02, -2.04107E-02, -2.27981E-02, -2.43434E-02, -2.52138E-02, -2.55540E-02, -2.54858E-02, -2.51101E-02, -2.45088E-02, -2.37477E-02, -2.28786E-02, -2.19422E-02, -2.09694E-02, -1.99839E-02, -1.90033E-02, -1.80405E-02, -1.71046E-02, -1.62018E-02, -1.53363E-02, -1.45104E-02, -1.37254E-02, -1.29813E-02, -1.22777E-02, -1.16136E-02, -1.09877E-02, -1.03983E-02, -9.84396E-03, -9.32274E-03, -8.83288E-03,
 -8.34165E-03, -8.78102E-03, -9.24574E-03, -9.73682E-03, -1.02551E-02, -1.08013E-02, -1.13758E-02, -1.19785E-02, -1.26090E-02, -1.32660E-02, -1.39474E-02, -1.46499E-02, -1.53687E-02, -1.60971E-02, -1.68259E-02, -1.75428E-02, -1.82317E-02, -1.88715E-02, -1.94356E-02, -1.98896E-02, -2.01910E-02, -2.02864E-02, -2.01107E-02, -1.95848E-02, -1.86143E-02, -1.70886E-02, -1.48805E-02, -1.18485E-02, -7.84078E-03, -2.70521E-03,  3.69241E-03,  1.14354E-02,  2.05007E-02,  3.06764E-02,  4.14655E-02,  5.20346E-02,  6.13161E-02,  6.83487E-02,  7.27187E-02,  7.46815E-02,  7.46809E-02,  7.27169E-02,  6.83464E-02,  6.13139E-02,  5.20327E-02,  4.14641E-02,  3.06754E-02,  2.05001E-02,  1.14350E-02,  3.69214E-03, -2.70538E-03, -7.84088E-03, -1.18486E-02, -1.48806E-02, -1.70886E-02, -1.86143E-02, -1.95848E-02, -2.01107E-02, -2.02864E-02, -2.01910E-02, -1.98896E-02, -1.94356E-02, -1.88715E-02, -1.82317E-02, -1.75428E-02, -1.68259E-02, -1.60971E-02, -1.53687E-02, -1.46499E-02, -1.39474E-02, -1.32660E-02, -1.26090E-02, -1.19785E-02, -1.13758E-02, -1.08013E-02, -1.02551E-02, -9.73682E-03, -9.24574E-03, -8.78102E-03, -8.34165E-03,
 -7.84831E-03, -8.23833E-03, -8.64806E-03, -9.07778E-03, -9.52756E-03, -9.99716E-03, -1.04859E-02, -1.09928E-02, -1.15158E-02, -1.20525E-02, -1.25991E-02, -1.31506E-02, -1.37003E-02, -1.42395E-02, -1.47569E-02, -1.52379E-02, -1.56644E-02, -1.60134E-02, -1.62561E-02, -1.63574E-02, -1.62741E-02, -1.59539E-02, -1.53342E-02, -1.43412E-02, -1.28885E-02, -1.08781E-02, -8.20021E-03, -4.73736E-03, -3.69755E-04,  5.01320E-03,  1.14934E-02,  1.90924E-02,  2.77233E-02,  3.71292E-02,  4.68266E-02,  5.61013E-02,  6.41229E-02,  7.02002E-02,  7.40531E-02,  7.58425E-02,  7.58421E-02,  7.40521E-02,  7.01989E-02,  6.41216E-02,  5.61002E-02,  4.68258E-02,  3.71285E-02,  2.77229E-02,  1.90921E-02,  1.14932E-02,  5.01307E-03, -3.69843E-04, -4.73742E-03, -8.20025E-03, -1.08781E-02, -1.28886E-02, -1.43412E-02, -1.53342E-02, -1.59539E-02, -1.62741E-02, -1.63574E-02, -1.62561E-02, -1.60134E-02, -1.56644E-02, -1.52379E-02, -1.47569E-02, -1.42395E-02, -1.37003E-02, -1.31506E-02, -1.25991E-02, -1.20525E-02, -1.15158E-02, -1.09928E-02, -1.04859E-02, -9.99716E-03, -9.52756E-03, -9.07778E-03, -8.64806E-03, -8.23833E-03, -7.84831E-03,
 -7.35637E-03, -7.69863E-03, -8.05533E-03, -8.42613E-03, -8.81042E-03, -9.20717E-03, -9.61489E-03, -1.00315E-02, -1.04541E-02, -1.08791E-02, -1.13013E-02, -1.17146E-02, -1.21109E-02, -1.24800E-02, -1.28091E-02, -1.30826E-02, -1.32808E-02, -1.33799E-02, -1.33508E-02, -1.31585E-02, -1.27611E-02, -1.21089E-02, -1.11436E-02, -9.79792E-03, -7.99546E-03, -5.65119E-03, -2.67342E-03,  1.03247E-03,  5.55729E-03,  1.09767E-02,  1.73331E-02,  2.46088E-02,  3.26896E-02,  4.13238E-02,  5.00932E-02,  5.84267E-02,  6.56895E-02,  7.13436E-02,  7.51014E-02,  7.69400E-02,  7.69398E-02,  7.51009E-02,  7.13430E-02,  6.56888E-02,  5.84262E-02,  5.00927E-02,  4.13234E-02,  3.26894E-02,  2.46087E-02,  1.73330E-02,  1.09766E-02,  5.55723E-03,  1.03242E-03, -2.67345E-03, -5.65121E-03, -7.99548E-03, -9.79793E-03, -1.11436E-02, -1.21089E-02, -1.27611E-02, -1.31585E-02, -1.33508E-02, -1.33799E-02, -1.32808E-02, -1.30826E-02, -1.28091E-02, -1.24800E-02, -1.21109E-02, -1.17146E-02, -1.13013E-02, -1.08791E-02, -1.04541E-02, -1.00315E-02, -9.61489E-03, -9.20717E-03, -8.81042E-03, -8.42613E-03, -8.05533E-03, -7.69863E-03, -7.35637E-03,
 -6.86909E-03, -7.16549E-03, -7.47151E-03, -7.78626E-03, -8.10854E-03, -8.43668E-03, -8.76850E-03, -9.10113E-03, -9.43092E-03, -9.75323E-03, -1.00622E-02, -1.03506E-02, -1.06095E-02, -1.08277E-02, -1.09917E-02, -1.10851E-02, -1.10880E-02, -1.09766E-02, -1.07224E-02, -1.02917E-02, -9.64495E-03, -8.73630E-03, -7.51307E-03, -5.91571E-03, -3.87827E-03, -1.32949E-03,  1.80475E-03,  5.59733E-03,  1.01131E-02,  1.53982E-02,  2.14648E-02,  2.82700E-02,  3.56898E-02,  4.34944E-02,  5.13348E-02,  5.87606E-02,  6.52807E-02,  7.04604E-02,  7.40085E-02,  7.57963E-02,  7.57962E-02,  7.40083E-02,  7.04601E-02,  6.52804E-02,  5.87603E-02,  5.13346E-02,  4.34942E-02,  3.56897E-02,  2.82699E-02,  2.14647E-02,  1.53981E-02,  1.01130E-02,  5.59730E-03,  1.80473E-03, -1.32951E-03, -3.87828E-03, -5.91572E-03, -7.51307E-03, -8.73631E-03, -9.64495E-03, -1.02917E-02, -1.07224E-02, -1.09766E-02, -1.10880E-02, -1.10851E-02, -1.09917E-02, -1.08276E-02, -1.06095E-02, -1.03506E-02, -1.00622E-02, -9.75323E-03, -9.43092E-03, -9.10113E-03, -8.76850E-03, -8.43668E-03, -8.10854E-03, -7.78626E-03, -7.47151E-03, -7.16549E-03, -6.86909E-03,
 -6.38937E-03, -6.64212E-03, -6.90011E-03, -7.16200E-03, -7.42611E-03, -7.69025E-03, -7.95167E-03, -8.20693E-03, -8.45175E-03, -8.68086E-03, -8.88780E-03, -9.06472E-03, -9.20205E-03, -9.28830E-03, -9.30964E-03, -9.24960E-03, -9.08856E-03, -8.80344E-03, -8.36714E-03, -7.74817E-03, -6.91027E-03, -5.81211E-03, -4.40730E-03, -2.64461E-03, -4.68780E-04,  2.17791E-03,  5.35300E-03,  9.10962E-03,  1.34900E-02,  1.85166E-02,  2.41788E-02,  3.04183E-02,  3.71109E-02,  4.40522E-02,  5.09539E-02,  5.74591E-02,  6.31837E-02,  6.77750E-02,  7.09656E-02,  7.25951E-02,  7.25951E-02,  7.09656E-02,  6.77749E-02,  6.31836E-02,  5.74590E-02,  5.09538E-02,  4.40521E-02,  3.71108E-02,  3.04183E-02,  2.41788E-02,  1.85165E-02,  1.34900E-02,  9.10960E-03,  5.35299E-03,  2.17790E-03, -4.68788E-04, -2.64461E-03, -4.40730E-03, -5.81212E-03, -6.91027E-03, -7.74817E-03, -8.36714E-03, -8.80344E-03, -9.08856E-03, -9.24960E-03, -9.30964E-03, -9.28830E-03, -9.20205E-03, -9.06472E-03, -8.88780E-03, -8.68086E-03, -8.45175E-03, -8.20693E-03, -7.95167E-03, -7.69025E-03, -7.42611E-03, -7.16200E-03, -6.90011E-03, -6.64212E-03, -6.38937E-03,
 -5.91979E-03, -6.13133E-03, -6.34417E-03, -6.55664E-03, -6.76666E-03, -6.97163E-03, -7.16839E-03, -7.35306E-03, -7.52094E-03, -7.66634E-03, -7.78245E-03, -7.86106E-03, -7.89244E-03, -7.86499E-03, -7.76503E-03, -7.57650E-03, -7.28060E-03, -6.85552E-03, -6.27610E-03, -5.51361E-03, -4.53555E-03, -3.30565E-03, -1.78404E-03,  7.21788E-05,  2.30787E-03,  4.96811E-03,  8.09549E-03,  1.17260E-02,  1.58834E-02,  2.05715E-02,  2.57643E-02,  3.13952E-02,  3.73454E-02,  4.34363E-02,  4.94301E-02,  5.50429E-02,  5.99723E-02,  6.39354E-02,  6.67041E-02,  6.81256E-02,  6.81256E-02,  6.67041E-02,  6.39353E-02,  5.99722E-02,  5.50429E-02,  4.94301E-02,  4.34363E-02,  3.73453E-02,  3.13952E-02,  2.57643E-02,  2.05715E-02,  1.58834E-02,  1.17260E-02,  8.09548E-03,  4.96811E-03,  2.30786E-03,  7.21741E-05, -1.78404E-03, -3.30565E-03, -4.53556E-03, -5.51361E-03, -6.27610E-03, -6.85552E-03, -7.28060E-03, -7.57650E-03, -7.76503E-03, -7.86499E-03, -7.89244E-03, -7.86106E-03, -7.78245E-03, -7.66634E-03, -7.52094E-03, -7.35306E-03, -7.16839E-03, -6.97163E-03, -6.76666E-03, -6.55664E-03, -6.34417E-03, -6.13133E-03, -5.91979E-03,
 -5.46260E-03, -5.63551E-03, -5.80627E-03, -5.97291E-03, -6.13306E-03, -6.28383E-03, -6.42175E-03, -6.54266E-03, -6.64160E-03, -6.71267E-03, -6.74887E-03, -6.74195E-03, -6.68222E-03, -6.55832E-03, -6.35706E-03, -6.06311E-03, -5.65887E-03, -5.12419E-03, -4.43621E-03, -3.56927E-03, -2.49491E-03, -1.18197E-03,  4.02945E-04,  2.29477E-03,  4.52877E-03,  7.13874E-03,  1.01544E-02,  1.35975E-02,  1.74774E-02,  2.17846E-02,  2.64834E-02,  3.15045E-02,  3.67381E-02,  4.20303E-02,  4.71853E-02,  5.19765E-02,  5.61659E-02,  5.95292E-02,  6.18804E-02,  6.30891E-02,  6.30891E-02,  6.18804E-02,  5.95292E-02,  5.61659E-02,  5.19765E-02,  4.71853E-02,  4.20303E-02,  3.67381E-02,  3.15045E-02,  2.64834E-02,  2.17846E-02,  1.74774E-02,  1.35975E-02,  1.01544E-02,  7.13874E-03,  4.52876E-03,  2.29476E-03,  4.02942E-04, -1.18197E-03, -2.49491E-03, -3.56928E-03, -4.43621E-03, -5.12419E-03, -5.65887E-03, -6.06311E-03, -6.35706E-03, -6.55832E-03, -6.68222E-03, -6.74195E-03, -6.74887E-03, -6.71267E-03, -6.64160E-03, -6.54266E-03, -6.42175E-03, -6.28383E-03, -6.13306E-03, -5.97291E-03, -5.80627E-03, -5.63551E-03, -5.46260E-03,
 -5.01971E-03, -5.15670E-03, -5.28852E-03, -5.41302E-03, -5.52758E-03, -5.62914E-03, -5.71402E-03, -5.77793E-03, -5.81577E-03, -5.82157E-03, -5.78837E-03, -5.70805E-03, -5.57117E-03, -5.36688E-03, -5.08266E-03, -4.70425E-03, -4.21544E-03, -3.59798E-03, -2.83152E-03, -1.89360E-03, -7.59763E-04,  5.96118E-04,  2.20135E-03,  4.08359E-03,  6.26958E-03,  8.78341E-03,  1.16441E-02,  1.48624E-02,  1.84369E-02,  2.23492E-02,  2.65587E-02,  3.09974E-02,  3.55664E-02,  4.01342E-02,  4.45405E-02,  4.86043E-02,  5.21381E-02,  5.49657E-02,  5.69394E-02,  5.79535E-02,  5.79535E-02,  5.69394E-02,  5.49657E-02,  5.21381E-02,  4.86043E-02,  4.45405E-02,  4.01342E-02,  3.55664E-02,  3.09974E-02,  2.65587E-02,  2.23492E-02,  1.84369E-02,  1.48624E-02,  1.16441E-02,  8.78341E-03,  6.26958E-03,  4.08359E-03,  2.20135E-03,  5.96117E-04, -7.59764E-04, -1.89360E-03, -2.83152E-03, -3.59798E-03, -4.21544E-03, -4.70425E-03, -5.08266E-03, -5.36688E-03, -5.57117E-03, -5.70805E-03, -5.78837E-03, -5.82157E-03, -5.81577E-03, -5.77793E-03, -5.71402E-03, -5.62914E-03, -5.52758E-03, -5.41302E-03, -5.28852E-03, -5.15670E-03, -5.01971E-03,
 -4.59269E-03, -4.69652E-03, -4.79261E-03, -4.87865E-03, -4.95191E-03, -5.00919E-03, -5.04674E-03, -5.06020E-03, -5.04448E-03, -4.99368E-03, -4.90101E-03, -4.75861E-03, -4.55753E-03, -4.28752E-03, -3.93698E-03, -3.49281E-03, -2.94038E-03, -2.26346E-03, -1.44422E-03, -4.63376E-04,  6.99646E-04,  2.06630E-03,  3.65836E-03,  5.49702E-03,  7.60173E-03,  9.98857E-03,  1.26681E-02,  1.56427E-02,  1.89036E-02,  2.24270E-02,  2.61708E-02,  3.00710E-02,  3.40402E-02,  3.79674E-02,  4.17211E-02,  4.51570E-02,  4.81275E-02,  5.04948E-02,  5.21430E-02,  5.29888E-02,  5.29888E-02,  5.21430E-02,  5.04948E-02,  4.81276E-02,  4.51570E-02,  4.17211E-02,  3.79674E-02,  3.40403E-02,  3.00710E-02,  2.61708E-02,  2.24270E-02,  1.89036E-02,  1.56427E-02,  1.26681E-02,  9.98857E-03,  7.60173E-03,  5.49702E-03,  3.65836E-03,  2.06630E-03,  6.99645E-04, -4.63377E-04, -1.44422E-03, -2.26346E-03, -2.94038E-03, -3.49281E-03, -3.93698E-03, -4.28752E-03, -4.55753E-03, -4.75861E-03, -4.90101E-03, -4.99368E-03, -5.04448E-03, -5.06020E-03, -5.04674E-03, -5.00919E-03, -4.95191E-03, -4.87865E-03, -4.79261E-03, -4.69652E-03, -4.59269E-03,
 -4.18281E-03, -4.25626E-03, -4.31981E-03, -4.37105E-03, -4.40721E-03, -4.42502E-03, -4.42074E-03, -4.39003E-03, -4.32792E-03, -4.22867E-03, -4.08577E-03, -3.89178E-03, -3.63829E-03, -3.31583E-03, -2.91377E-03, -2.42032E-03, -1.82245E-03, -1.10595E-03, -2.55492E-04,  7.45205E-04,  1.91310E-03,  3.26543E-03,  4.81906E-03,  6.58968E-03,  8.59068E-03,  1.08317E-02,  1.33169E-02,  1.60427E-02,  1.89954E-02,  2.21488E-02,  2.54614E-02,  2.88750E-02,  3.23131E-02,  3.56826E-02,  3.88764E-02,  4.17790E-02,  4.42742E-02,  4.62543E-02,  4.76289E-02,  4.83332E-02,  4.83332E-02,  4.76289E-02,  4.62543E-02,  4.42742E-02,  4.17790E-02,  3.88764E-02,  3.56826E-02,  3.23131E-02,  2.88750E-02,  2.54615E-02,  2.21488E-02,  1.89954E-02,  1.60427E-02,  1.33169E-02,  1.08317E-02,  8.59068E-03,  6.58968E-03,  4.81906E-03,  3.26543E-03,  1.91310E-03,  7.45204E-04, -2.55493E-04, -1.10595E-03, -1.82245E-03, -2.42032E-03, -2.91377E-03, -3.31583E-03, -3.63829E-03, -3.89178E-03, -4.08577E-03, -4.22867E-03, -4.32792E-03, -4.39003E-03, -4.42074E-03, -4.42502E-03, -4.40721E-03, -4.37105E-03, -4.31981E-03, -4.25626E-03, -4.18281E-03,
 -3.79104E-03, -3.83686E-03, -3.87100E-03, -3.89103E-03, -3.89415E-03, -3.87712E-03, -3.83626E-03, -3.76733E-03, -3.66554E-03, -3.52542E-03, -3.34080E-03, -3.10475E-03, -2.80949E-03, -2.44638E-03, -2.00583E-03, -1.47737E-03, -8.49570E-04, -1.10191E-04,  7.53746E-04,  1.75574E-03,  2.90949E-03,  4.22850E-03,  5.72545E-03,  7.41143E-03,  9.29493E-03,  1.13806E-02,  1.36679E-02,  1.61493E-02,  1.88082E-02,  2.16178E-02,  2.45390E-02,  2.75194E-02,  3.04933E-02,  3.33828E-02,  3.61007E-02,  3.85545E-02,  4.06526E-02,  4.23106E-02,  4.34584E-02,  4.40454E-02,  4.40454E-02,  4.34584E-02,  4.23106E-02,  4.06526E-02,  3.85545E-02,  3.61007E-02,  3.33829E-02,  3.04933E-02,  2.75194E-02,  2.45390E-02,  2.16178E-02,  1.88082E-02,  1.61493E-02,  1.36679E-02,  1.13806E-02,  9.29493E-03,  7.41143E-03,  5.72545E-03,  4.22850E-03,  2.90949E-03,  1.75574E-03,  7.53746E-04, -1.10191E-04, -8.49570E-04, -1.47737E-03, -2.00583E-03, -2.44638E-03, -2.80949E-03, -3.10475E-03, -3.34080E-03, -3.52542E-03, -3.66554E-03, -3.76733E-03, -3.83626E-03, -3.87712E-03, -3.89415E-03, -3.89103E-03, -3.87100E-03, -3.83686E-03, -3.79104E-03,
 -3.41807E-03, -3.43895E-03, -3.44674E-03, -3.43901E-03, -3.41299E-03, -3.36552E-03, -3.29302E-03, -3.19143E-03, -3.05618E-03, -2.88214E-03, -2.66355E-03, -2.39401E-03, -2.06644E-03, -1.67305E-03, -1.20531E-03, -6.54033E-04, -9.34804E-06,  7.39146E-04,  1.60226E-03,  2.59097E-03,  3.71613E-03,  4.98802E-03,  6.41580E-03,  8.00682E-03,  9.76575E-03,  1.16935E-02,  1.37863E-02,  1.60338E-02,  1.84186E-02,  2.09142E-02,  2.34847E-02,  2.60838E-02,  2.86554E-02,  3.11346E-02,  3.34502E-02,  3.55283E-02,  3.72962E-02,  3.86879E-02,  3.96487E-02,  4.01392E-02,  4.01392E-02,  3.96487E-02,  3.86879E-02,  3.72962E-02,  3.55283E-02,  3.34502E-02,  3.11346E-02,  2.86554E-02,  2.60838E-02,  2.34847E-02,  2.09142E-02,  1.84186E-02,  1.60338E-02,  1.37863E-02,  1.16935E-02,  9.76575E-03,  8.00682E-03,  6.41580E-03,  4.98802E-03,  3.71613E-03,  2.59097E-03,  1.60226E-03,  7.39146E-04, -9.34822E-06, -6.54033E-04, -1.20531E-03, -1.67305E-03, -2.06644E-03, -2.39401E-03, -2.66355E-03, -2.88214E-03, -3.05618E-03, -3.19143E-03, -3.29302E-03, -3.36552E-03, -3.41299E-03, -3.43901E-03, -3.44674E-03, -3.43895E-03, -3.41807E-03,
 -3.06436E-03, -3.06290E-03, -3.04727E-03, -3.01507E-03, -2.96360E-03, -2.88982E-03, -2.79029E-03, -2.66118E-03, -2.49819E-03, -2.29654E-03, -2.05093E-03, -1.75554E-03, -1.40398E-03, -9.89301E-04, -5.04037E-04,  5.97937E-05,  7.10590E-04,  1.45706E-03,  2.30807E-03,  3.27237E-03,  4.35834E-03,  5.57357E-03,  6.92432E-03,  8.41499E-03,  1.00473E-02,  1.18195E-02,  1.37256E-02,  1.57539E-02,  1.78867E-02,  2.00990E-02,  2.23583E-02,  2.46243E-02,  2.68491E-02,  2.89788E-02,  3.09556E-02,  3.27197E-02,  3.42138E-02,  3.53856E-02,  3.61925E-02,  3.66039E-02,  3.66039E-02,  3.61925E-02,  3.53856E-02,  3.42138E-02,  3.27197E-02,  3.09556E-02,  2.89788E-02,  2.68491E-02,  2.46243E-02,  2.23584E-02,  2.00990E-02,  1.78867E-02,  1.57539E-02,  1.37256E-02,  1.18195E-02,  1.00473E-02,  8.41499E-03,  6.92432E-03,  5.57357E-03,  4.35834E-03,  3.27237E-03,  2.30807E-03,  1.45706E-03,  7.10590E-04,  5.97936E-05, -5.04037E-04, -9.89301E-04, -1.40398E-03, -1.75554E-03, -2.05093E-03, -2.29654E-03, -2.49819E-03, -2.66118E-03, -2.79029E-03, -2.88982E-03, -2.96360E-03, -3.01507E-03, -3.04727E-03, -3.06290E-03, -3.06436E-03,
 -2.73011E-03, -2.70882E-03, -2.67255E-03, -2.61899E-03, -2.54554E-03, -2.44929E-03, -2.32701E-03, -2.17508E-03, -1.98953E-03, -1.76594E-03, -1.49950E-03, -1.18496E-03, -8.16620E-04, -3.88373E-04,  1.06273E-04,  6.74143E-04,  1.32230E-03,  2.05793E-03,  2.88816E-03,  3.81984E-03,  4.85924E-03,  6.01171E-03,  7.28122E-03,  8.66985E-03,  1.01772E-02,  1.17996E-02,  1.35296E-02,  1.53552E-02,  1.72590E-02,  1.92180E-02,  2.12032E-02,  2.31794E-02,  2.51063E-02,  2.69392E-02,  2.86306E-02,  3.01327E-02,  3.13994E-02,  3.23897E-02,  3.30700E-02,  3.34163E-02,  3.34163E-02,  3.30700E-02,  3.23897E-02,  3.13994E-02,  3.01327E-02,  2.86306E-02,  2.69392E-02,  2.51063E-02,  2.31794E-02,  2.12032E-02,  1.92180E-02,  1.72590E-02,  1.53552E-02,  1.35296E-02,  1.17996E-02,  1.01772E-02,  8.66985E-03,  7.28122E-03,  6.01171E-03,  4.85924E-03,  3.81984E-03,  2.88816E-03,  2.05793E-03,  1.32230E-03,  6.74143E-04,  1.06273E-04, -3.88373E-04, -8.16620E-04, -1.18496E-03, -1.49950E-03, -1.76594E-03, -1.98953E-03, -2.17508E-03, -2.32701E-03, -2.44929E-03, -2.54554E-03, -2.61899E-03, -2.67255E-03, -2.70882E-03, -2.73011E-03,
 -2.41535E-03, -2.37660E-03, -2.32232E-03, -2.25032E-03, -2.15810E-03, -2.04294E-03, -1.90179E-03, -1.73132E-03, -1.52785E-03, -1.28738E-03, -1.00555E-03, -6.77690E-04, -2.98767E-04,  1.36533E-04,  6.33787E-04,  1.19876E-03,  1.83732E-03,  2.55528E-03,  3.35828E-03,  4.25154E-03,  5.23958E-03,  6.32595E-03,  7.51278E-03,  8.80042E-03,  1.01869E-02,  1.16674E-02,  1.32337E-02,  1.48738E-02,  1.65713E-02,  1.83052E-02,  2.00498E-02,  2.17750E-02,  2.34465E-02,  2.50273E-02,  2.64785E-02,  2.77614E-02,  2.88392E-02,  2.96794E-02,  3.02552E-02,  3.05480E-02,  3.05480E-02,  3.02552E-02,  2.96794E-02,  2.88392E-02,  2.77614E-02,  2.64785E-02,  2.50273E-02,  2.34465E-02,  2.17750E-02,  2.00498E-02,  1.83052E-02,  1.65713E-02,  1.48738E-02,  1.32337E-02,  1.16674E-02,  1.01869E-02,  8.80042E-03,  7.51278E-03,  6.32595E-03,  5.23958E-03,  4.25154E-03,  3.35828E-03,  2.55528E-03,  1.83732E-03,  1.19876E-03,  6.33787E-04,  1.36533E-04, -2.98767E-04, -6.77690E-04, -1.00555E-03, -1.28738E-03, -1.52785E-03, -1.73132E-03, -1.90179E-03, -2.04294E-03, -2.15810E-03, -2.25032E-03, -2.32232E-03, -2.37660E-03, -2.41535E-03,
 -2.11993E-03, -2.06594E-03, -1.99612E-03, -1.90837E-03, -1.80036E-03, -1.66952E-03, -1.51305E-03, -1.32786E-03, -1.11062E-03, -8.57705E-04, -5.65235E-04, -2.29064E-04,  1.55189E-04,  5.92108E-04,  1.08643E-03,  1.64295E-03,  2.26649E-03,  2.96167E-03,  3.73285E-03,  4.58388E-03,  5.51785E-03,  6.53686E-03,  7.64166E-03,  8.83131E-03,  1.01028E-02,  1.14505E-02,  1.28660E-02,  1.43378E-02,  1.58505E-02,  1.73852E-02,  1.89196E-02,  2.04275E-02,  2.18802E-02,  2.32469E-02,  2.44956E-02,  2.55950E-02,  2.65155E-02,  2.72310E-02,  2.77204E-02,  2.79690E-02,  2.79690E-02,  2.77204E-02,  2.72310E-02,  2.65155E-02,  2.55950E-02,  2.44956E-02,  2.32469E-02,  2.18802E-02,  2.04275E-02,  1.89196E-02,  1.73852E-02,  1.58505E-02,  1.43378E-02,  1.28660E-02,  1.14505E-02,  1.01028E-02,  8.83131E-03,  7.64166E-03,  6.53686E-03,  5.51785E-03,  4.58388E-03,  3.73285E-03,  2.96167E-03,  2.26649E-03,  1.64295E-03,  1.08643E-03,  5.92108E-04,  1.55189E-04, -2.29064E-04, -5.65235E-04, -8.57705E-04, -1.11062E-03, -1.32786E-03, -1.51305E-03, -1.66952E-03, -1.80036E-03, -1.90837E-03, -1.99612E-03, -2.06594E-03, -2.11993E-03,
 -1.84354E-03, -1.77639E-03, -1.69330E-03, -1.59230E-03, -1.47120E-03, -1.32763E-03, -1.15901E-03, -9.62527E-04, -7.35164E-04, -4.73686E-04, -1.74653E-04,  1.65565E-04,  5.50755E-04,  9.84826E-04,  1.47175E-03,  2.01549E-03,  2.61990E-03,  3.28862E-03,  4.02491E-03,  4.83147E-03,  5.71028E-03,  6.66229E-03,  7.68720E-03,  8.78314E-03,  9.94641E-03,  1.11711E-02,  1.24489E-02,  1.37687E-02,  1.51166E-02,  1.64758E-02,  1.78266E-02,  1.91467E-02,  2.04119E-02,  2.15965E-02,  2.26743E-02,  2.36196E-02,  2.44086E-02,  2.50205E-02,  2.54382E-02,  2.56502E-02,  2.56502E-02,  2.54382E-02,  2.50205E-02,  2.44086E-02,  2.36196E-02,  2.26743E-02,  2.15965E-02,  2.04119E-02,  1.91467E-02,  1.78266E-02,  1.64758E-02,  1.51166E-02,  1.37687E-02,  1.24489E-02,  1.11711E-02,  9.94641E-03,  8.78314E-03,  7.68720E-03,  6.66229E-03,  5.71028E-03,  4.83148E-03,  4.02491E-03,  3.28862E-03,  2.61990E-03,  2.01549E-03,  1.47175E-03,  9.84826E-04,  5.50755E-04,  1.65565E-04, -1.74653E-04, -4.73686E-04, -7.35164E-04, -9.62527E-04, -1.15901E-03, -1.32763E-03, -1.47120E-03, -1.59230E-03, -1.69330E-03, -1.77639E-03, -1.84354E-03,
 -1.58575E-03, -1.50737E-03, -1.41312E-03, -1.30113E-03, -1.16941E-03, -1.01575E-03, -8.37812E-04, -6.33046E-04, -3.98751E-04, -1.32054E-04,  1.70063E-04,  5.10750E-04,  8.93252E-04,  1.32086E-03,  1.79688E-03,  2.32452E-03,  2.90683E-03,  3.54658E-03,  4.24613E-03,  5.00728E-03,  5.83107E-03,  6.71759E-03,  7.66577E-03,  8.67315E-03,  9.73559E-03,  1.08471E-02,  1.19997E-02,  1.31830E-02,  1.43845E-02,  1.55891E-02,  1.67799E-02,  1.79377E-02,  1.90421E-02,  2.00717E-02,  2.10047E-02,  2.18204E-02,  2.24992E-02,  2.30245E-02,  2.33825E-02,  2.35640E-02,  2.35640E-02,  2.33825E-02,  2.30245E-02,  2.24992E-02,  2.18204E-02,  2.10047E-02,  2.00717E-02,  1.90421E-02,  1.79377E-02,  1.67799E-02,  1.55891E-02,  1.43845E-02,  1.31830E-02,  1.19997E-02,  1.08471E-02,  9.73559E-03,  8.67315E-03,  7.66577E-03,  6.71759E-03,  5.83107E-03,  5.00728E-03,  4.24613E-03,  3.54658E-03,  2.90683E-03,  2.32452E-03,  1.79688E-03,  1.32086E-03,  8.93252E-04,  5.10750E-04,  1.70063E-04, -1.32054E-04, -3.98751E-04, -6.33046E-04, -8.37812E-04, -1.01575E-03, -1.16941E-03, -1.30113E-03, -1.41312E-03, -1.50737E-03, -1.58575E-03,
 -1.34601E-03, -1.25818E-03, -1.15468E-03, -1.03379E-03, -8.93645E-04, -7.32264E-04, -5.47506E-04, -3.37097E-04, -9.86290E-05,  1.70425E-04,  4.72695E-04,  8.10889E-04,  1.18776E-03,  1.60605E-03,  2.06846E-03,  2.57757E-03,  3.13572E-03,  3.74496E-03,  4.40692E-03,  5.12265E-03,  5.89247E-03,  6.71585E-03,  7.59117E-03,  8.51555E-03,  9.48471E-03,  1.04928E-02,  1.15321E-02,  1.25932E-02,  1.36647E-02,  1.47335E-02,  1.57848E-02,  1.68023E-02,  1.77686E-02,  1.86658E-02,  1.94761E-02,  2.01823E-02,  2.07685E-02,  2.12211E-02,  2.15293E-02,  2.16853E-02,  2.16853E-02,  2.15293E-02,  2.12211E-02,  2.07685E-02,  2.01823E-02,  1.94761E-02,  1.86658E-02,  1.77686E-02,  1.68023E-02,  1.57848E-02,  1.47335E-02,  1.36647E-02,  1.25932E-02,  1.15321E-02,  1.04928E-02,  9.48471E-03,  8.51555E-03,  7.59117E-03,  6.71585E-03,  5.89247E-03,  5.12265E-03,  4.40692E-03,  3.74496E-03,  3.13572E-03,  2.57757E-03,  2.06846E-03,  1.60605E-03,  1.18776E-03,  8.10889E-04,  4.72695E-04,  1.70425E-04, -9.86290E-05, -3.37097E-04, -5.47506E-04, -7.32264E-04, -8.93645E-04, -1.03379E-03, -1.15468E-03, -1.25818E-03, -1.34601E-03,
 -1.12372E-03, -1.02806E-03, -9.17049E-04, -7.89099E-04, -6.42519E-04, -4.75501E-04, -2.86124E-04, -7.23591E-05,  1.67917E-04,  4.36912E-04,  7.36896E-04,  1.07018E-03,  1.43906E-03,  1.84582E-03,  2.29263E-03,  2.78149E-03,  3.31419E-03,  3.89216E-03,  4.51644E-03,  5.18748E-03,  5.90507E-03,  6.66821E-03,  7.47490E-03,  8.32206E-03,  9.20539E-03,  1.01192E-02,  1.10564E-02,  1.20083E-02,  1.29648E-02,  1.39143E-02,  1.48440E-02,  1.57399E-02,  1.65874E-02,  1.73715E-02,  1.80774E-02,  1.86908E-02,  1.91988E-02,  1.95904E-02,  1.98566E-02,  1.99912E-02,  1.99912E-02,  1.98566E-02,  1.95904E-02,  1.91988E-02,  1.86908E-02,  1.80774E-02,  1.73715E-02,  1.65874E-02,  1.57399E-02,  1.48440E-02,  1.39143E-02,  1.29648E-02,  1.20083E-02,  1.10564E-02,  1.01192E-02,  9.20539E-03,  8.32206E-03,  7.47490E-03,  6.66821E-03,  5.90507E-03,  5.18748E-03,  4.51644E-03,  3.89216E-03,  3.31419E-03,  2.78149E-03,  2.29263E-03,  1.84582E-03,  1.43906E-03,  1.07018E-03,  7.36896E-04,  4.36912E-04,  1.67917E-04, -7.23591E-05, -2.86124E-04, -4.75501E-04, -6.42519E-04, -7.89099E-04, -9.17049E-04, -1.02806E-03, -1.12372E-03,
 -9.18175E-04, -8.16167E-04, -6.99213E-04, -5.65872E-04, -4.14605E-04, -2.43785E-04, -5.16951E-05,  1.63458E-04,  4.03537E-04,  6.70453E-04,  9.66152E-04,  1.29258E-03,  1.65165E-03,  2.04522E-03,  2.47499E-03,  2.94251E-03,  3.44908E-03,  3.99563E-03,  4.58271E-03,  5.21034E-03,  5.87790E-03,  6.58403E-03,  7.32653E-03,  8.10224E-03,  8.90693E-03,  9.73521E-03,  1.05805E-02,  1.14350E-02,  1.22897E-02,  1.31344E-02,  1.39580E-02,  1.47486E-02,  1.54937E-02,  1.61809E-02,  1.67976E-02,  1.73322E-02,  1.77740E-02,  1.81140E-02,  1.83448E-02,  1.84615E-02,  1.84615E-02,  1.83448E-02,  1.81140E-02,  1.77740E-02,  1.73322E-02,  1.67976E-02,  1.61809E-02,  1.54937E-02,  1.47486E-02,  1.39580E-02,  1.31344E-02,  1.22897E-02,  1.14350E-02,  1.05805E-02,  9.73521E-03,  8.90693E-03,  8.10224E-03,  7.32653E-03,  6.58403E-03,  5.87790E-03,  5.21034E-03,  4.58271E-03,  3.99563E-03,  3.44908E-03,  2.94251E-03,  2.47499E-03,  2.04522E-03,  1.65165E-03,  1.29258E-03,  9.66152E-04,  6.70453E-04,  4.03537E-04,  1.63458E-04, -5.16952E-05, -2.43785E-04, -4.14605E-04, -5.65872E-04, -6.99213E-04, -8.16167E-04, -9.18175E-04,
 -7.28654E-04, -6.21621E-04, -5.00132E-04, -3.62875E-04, -2.08464E-04, -3.54399E-05,  1.57718E-04,  3.72587E-04,  6.10787E-04,  8.73962E-04,  1.16376E-03,  1.48181E-03,  1.82968E-03,  2.20885E-03,  2.62066E-03,  3.06624E-03,  3.54648E-03,  4.06194E-03,  4.61276E-03,  5.19863E-03,  5.81863E-03,  6.47118E-03,  7.15398E-03,  7.86385E-03,  8.59673E-03,  9.34758E-03,  1.01104E-02,  1.08781E-02,  1.16426E-02,  1.23952E-02,  1.31262E-02,  1.38254E-02,  1.44821E-02,  1.50859E-02,  1.56264E-02,  1.60938E-02,  1.64794E-02,  1.67756E-02,  1.69765E-02,  1.70780E-02,  1.70780E-02,  1.69765E-02,  1.67756E-02,  1.64794E-02,  1.60938E-02,  1.56264E-02,  1.50859E-02,  1.44821E-02,  1.38254E-02,  1.31262E-02,  1.23952E-02,  1.16426E-02,  1.08781E-02,  1.01104E-02,  9.34758E-03,  8.59673E-03,  7.86385E-03,  7.15398E-03,  6.47118E-03,  5.81863E-03,  5.19863E-03,  4.61276E-03,  4.06194E-03,  3.54648E-03,  3.06624E-03,  2.62066E-03,  2.20885E-03,  1.82968E-03,  1.48181E-03,  1.16376E-03,  8.73962E-04,  6.10787E-04,  3.72587E-04,  1.57718E-04, -3.54399E-05, -2.08464E-04, -3.62875E-04, -5.00132E-04, -6.21621E-04, -7.28654E-04,
 -5.54384E-04, -4.43520E-04, -3.18745E-04, -1.78874E-04, -2.26638E-05,  1.51182E-04,  3.44005E-04,  5.57181E-04,  7.92110E-04,  1.05019E-03,  1.33282E-03,  1.64132E-03,  1.97699E-03,  2.34096E-03,  2.73426E-03,  3.15769E-03,  3.61180E-03,  4.09684E-03,  4.61266E-03,  5.15868E-03,  5.73377E-03,  6.33625E-03,  6.96374E-03,  7.61316E-03,  8.28065E-03,  8.96153E-03,  9.65031E-03,  1.03407E-02,  1.10255E-02,  1.16971E-02,  1.23471E-02,  1.29667E-02,  1.35470E-02,  1.40790E-02,  1.45541E-02,  1.49640E-02,  1.53016E-02,  1.55605E-02,  1.57360E-02,  1.58246E-02,  1.58246E-02,  1.57360E-02,  1.55605E-02,  1.53016E-02,  1.49640E-02,  1.45541E-02,  1.40790E-02,  1.35470E-02,  1.29667E-02,  1.23471E-02,  1.16971E-02,  1.10255E-02,  1.03407E-02,  9.65031E-03,  8.96153E-03,  8.28065E-03,  7.61316E-03,  6.96374E-03,  6.33625E-03,  5.73377E-03,  5.15868E-03,  4.61266E-03,  4.09684E-03,  3.61180E-03,  3.15769E-03,  2.73426E-03,  2.34096E-03,  1.97699E-03,  1.64132E-03,  1.33282E-03,  1.05019E-03,  7.92110E-04,  5.57181E-04,  3.44005E-04,  1.51182E-04, -2.26638E-05, -1.78874E-04, -3.18745E-04, -4.43520E-04, -5.54384E-04,
 -3.94580E-04, -2.80945E-04, -1.53987E-04, -1.26418E-05,  1.44200E-04,  3.17685E-04,  5.08987E-04,  7.19301E-04,  9.49823E-04,  1.20174E-03,  1.47620E-03,  1.77431E-03,  2.09707E-03,  2.44537E-03,  2.81994E-03,  3.22133E-03,  3.64981E-03,  4.10538E-03,  4.58766E-03,  5.09589E-03,  5.62881E-03,  6.18467E-03,  6.76111E-03,  7.35517E-03,  7.96322E-03,  8.58096E-03,  9.20340E-03,  9.82490E-03,  1.04392E-02,  1.10395E-02,  1.16186E-02,  1.21689E-02,  1.26829E-02,  1.31528E-02,  1.35715E-02,  1.39322E-02,  1.42286E-02,  1.44558E-02,  1.46095E-02,  1.46871E-02,  1.46871E-02,  1.46095E-02,  1.44558E-02,  1.42286E-02,  1.39322E-02,  1.35715E-02,  1.31528E-02,  1.26829E-02,  1.21689E-02,  1.16186E-02,  1.10395E-02,  1.04392E-02,  9.82490E-03,  9.20340E-03,  8.58096E-03,  7.96322E-03,  7.35517E-03,  6.76111E-03,  6.18467E-03,  5.62881E-03,  5.09589E-03,  4.58766E-03,  4.10538E-03,  3.64981E-03,  3.22133E-03,  2.81994E-03,  2.44537E-03,  2.09707E-03,  1.77431E-03,  1.47620E-03,  1.20174E-03,  9.49823E-04,  7.19301E-04,  5.08987E-04,  3.17685E-04,  1.44200E-04, -1.26418E-05, -1.53987E-04, -2.80945E-04, -3.94580E-04,
 -2.48443E-04, -1.32978E-04, -4.80565E-06,  1.37025E-04,  2.93497E-04,  4.65618E-04,  6.54410E-04,  8.60900E-04,  1.08611E-03,  1.33102E-03,  1.59659E-03,  1.88369E-03,  2.19312E-03,  2.52553E-03,  2.88143E-03,  3.26112E-03,  3.66469E-03,  4.09191E-03,  4.54227E-03,  5.01486E-03,  5.50835E-03,  6.02096E-03,  6.55041E-03,  7.09388E-03,  7.64798E-03,  8.20879E-03,  8.77179E-03,  9.33195E-03,  9.88374E-03,  1.04212E-02,  1.09381E-02,  1.14280E-02,  1.18842E-02,  1.23005E-02,  1.26706E-02,  1.29887E-02,  1.32499E-02,  1.34497E-02,  1.35849E-02,  1.36531E-02,  1.36531E-02,  1.35849E-02,  1.34497E-02,  1.32499E-02,  1.29887E-02,  1.26706E-02,  1.23005E-02,  1.18842E-02,  1.14280E-02,  1.09381E-02,  1.04212E-02,  9.88374E-03,  9.33195E-03,  8.77179E-03,  8.20879E-03,  7.64798E-03,  7.09388E-03,  6.55041E-03,  6.02096E-03,  5.50835E-03,  5.01486E-03,  4.54227E-03,  4.09191E-03,  3.66469E-03,  3.26112E-03,  2.88143E-03,  2.52553E-03,  2.19312E-03,  1.88369E-03,  1.59659E-03,  1.33102E-03,  1.08611E-03,  8.60900E-04,  6.54410E-04,  4.65618E-04,  2.93497E-04,  1.37025E-04, -4.80565E-06, -1.32978E-04, -2.48443E-04,
