 -1.30431E-04, -5.61237E-05,  2.55467E-05,  1.14997E-04,  2.12633E-04,  3.18838E-04,  4.33965E-04,  5.58326E-04,  6.92177E-04,  8.35702E-04,  9.88998E-04,  1.15206E-03,  1.32474E-03,  1.50676E-03,  1.69767E-03,  1.89681E-03,  2.10331E-03,  2.31606E-03,  2.53369E-03,  2.75457E-03,  2.97676E-03,  3.19808E-03,  3.41603E-03,  3.62792E-03,  3.83081E-03,  4.02164E-03,  4.19727E-03,  4.35458E-03,  4.49058E-03,  4.60252E-03,  4.68800E-03,  4.74511E-03,  4.77251E-03,  4.76948E-03,  4.73600E-03,  4.67273E-03,  4.58101E-03,  4.46276E-03,  4.32040E-03,  4.15674E-03,  3.97486E-03,  3.77799E-03,  3.56938E-03,  3.35223E-03,  3.12956E-03,  2.90418E-03,  2.67863E-03,  2.45517E-03,  2.23575E-03,  2.02200E-03,  1.81528E-03,  1.61664E-03,  1.42692E-03,  1.24670E-03,  1.07636E-03,  9.16115E-04,  7.66024E-04,  6.26020E-04,  4.95937E-04,  3.75521E-04,  2.64457E-04,  1.62377E-04,  6.88794E-05, -1.64620E-05, -9.40885E-05,
 -1.99641E-04, -1.24061E-04, -4.05256E-05,  5.14602E-05,  1.52386E-04,  2.62726E-04,  3.82928E-04,  5.13402E-04,  6.54504E-04,  8.06521E-04,  9.69648E-04,  1.14397E-03,  1.32944E-03,  1.52585E-03,  1.73280E-03,  1.94967E-03,  2.17559E-03,  2.40942E-03,  2.64972E-03,  2.89471E-03,  3.14229E-03,  3.39000E-03,  3.63502E-03,  3.87425E-03,  4.10429E-03,  4.32153E-03,  4.52222E-03,  4.70263E-03,  4.85912E-03,  4.98832E-03,  5.08729E-03,  5.15364E-03,  5.18568E-03,  5.18252E-03,  5.14413E-03,  5.07131E-03,  4.96571E-03,  4.82970E-03,  4.66627E-03,  4.47885E-03,  4.27120E-03,  4.04720E-03,  3.81073E-03,  3.56557E-03,  3.31524E-03,  3.06299E-03,  2.81169E-03,  2.56388E-03,  2.32169E-03,  2.08688E-03,  1.86088E-03,  1.64476E-03,  1.43933E-03,  1.24513E-03,  1.06246E-03,  8.91448E-04,  7.32049E-04,  5.84089E-04,  4.47290E-04,  3.21288E-04,  2.05659E-04,  9.99306E-05,  3.60265E-06, -8.38446E-05, -1.62939E-04,
 -2.76686E-04, -2.00197E-04, -1.15141E-04, -2.09339E-05,  8.30084E-05,  1.97263E-04,  3.22387E-04,  4.58905E-04,  6.07293E-04,  7.67959E-04,  9.41224E-04,  1.12729E-03,  1.32623E-03,  1.53793E-03,  1.76207E-03,  1.99811E-03,  2.24520E-03,  2.50219E-03,  2.76758E-03,  3.03948E-03,  3.31559E-03,  3.59316E-03,  3.86905E-03,  4.13968E-03,  4.40109E-03,  4.64904E-03,  4.87908E-03,  5.08668E-03,  5.26743E-03,  5.41717E-03,  5.53225E-03,  5.60968E-03,  5.64735E-03,  5.64410E-03,  5.59988E-03,  5.51570E-03,  5.39359E-03,  5.23652E-03,  5.04818E-03,  4.83280E-03,  4.59496E-03,  4.33937E-03,  4.07067E-03,  3.79331E-03,  3.51142E-03,  3.22873E-03,  2.94849E-03,  2.67352E-03,  2.40613E-03,  2.14822E-03,  1.90123E-03,  1.66626E-03,  1.44405E-03,  1.23505E-03,  1.03946E-03,  8.57297E-04,  6.88373E-04,  5.32383E-04,  3.88911E-04,  2.57463E-04,  1.37485E-04,  2.83853E-05, -7.04513E-05, -1.59650E-04, -2.39834E-04,
 -3.62198E-04, -2.85239E-04, -1.99086E-04, -1.03058E-04,  3.53759E-06,  1.21393E-04,  2.51190E-04,  3.93588E-04,  5.49202E-04,  7.18587E-04,  9.02213E-04,  1.10043E-03,  1.31346E-03,  1.54132E-03,  1.78382E-03,  2.04050E-03,  2.31059E-03,  2.59296E-03,  2.88607E-03,  3.18794E-03,  3.49606E-03,  3.80743E-03,  4.11849E-03,  4.42517E-03,  4.72289E-03,  5.00664E-03,  5.27110E-03,  5.51082E-03,  5.72038E-03,  5.89466E-03,  6.02908E-03,  6.11989E-03,  6.16439E-03,  6.16111E-03,  6.10996E-03,  6.01219E-03,  5.87037E-03,  5.68820E-03,  5.47029E-03,  5.22188E-03,  4.94860E-03,  4.65614E-03,  4.35008E-03,  4.03570E-03,  3.71779E-03,  3.40063E-03,  3.08790E-03,  2.78268E-03,  2.48750E-03,  2.20430E-03,  1.93458E-03,  1.67937E-03,  1.43931E-03,  1.21475E-03,  1.00574E-03,  8.12123E-04,  6.33555E-04,  4.69563E-04,  3.19569E-04,  1.82919E-04,  5.89119E-05, -5.31851E-05, -1.54116E-04, -2.44623E-04, -3.25439E-04,
 -4.56828E-04, -3.79921E-04, -2.93186E-04, -1.95833E-04, -8.70510E-05,  3.39823E-05,  1.68092E-04,  3.16089E-04,  4.78754E-04,  6.56814E-04,  8.50917E-04,  1.06160E-03,  1.28926E-03,  1.53409E-03,  1.79607E-03,  2.07488E-03,  2.36986E-03,  2.67994E-03,  3.00359E-03,  3.33873E-03,  3.68273E-03,  4.03228E-03,  4.38342E-03,  4.73152E-03,  5.07126E-03,  5.39678E-03,  5.70172E-03,  5.97947E-03,  6.22337E-03,  6.42707E-03,  6.58482E-03,  6.69185E-03,  6.74470E-03,  6.74149E-03,  6.68204E-03,  6.56795E-03,  6.40246E-03,  6.19025E-03,  5.93711E-03,  5.64956E-03,  5.33454E-03,  4.99899E-03,  4.64961E-03,  4.29262E-03,  3.93363E-03,  3.57750E-03,  3.22835E-03,  2.88955E-03,  2.56378E-03,  2.25305E-03,  1.95880E-03,  1.68198E-03,  1.42309E-03,  1.18229E-03,  9.59453E-04,  7.54203E-04,  5.66000E-04,  3.94165E-04,  2.37926E-04,  9.64443E-05, -3.11543E-05, -1.45760E-04, -2.48264E-04, -3.39540E-04, -4.20439E-04,
 -5.61243E-04, -4.85002E-04, -3.98298E-04, -3.00225E-04, -1.89840E-04, -6.61757E-05,  7.17537E-05,  2.24934E-04,  3.94334E-04,  5.80882E-04,  7.85440E-04,  1.00877E-03,  1.25148E-03,  1.51401E-03,  1.79653E-03,  2.09892E-03,  2.42069E-03,  2.76090E-03,  3.11805E-03,  3.49006E-03,  3.87415E-03,  4.26676E-03,  4.66350E-03,  5.05913E-03,  5.44754E-03,  5.82183E-03,  6.17442E-03,  6.49730E-03,  6.78227E-03,  7.02139E-03,  7.20739E-03,  7.33418E-03,  7.39730E-03,  7.39427E-03,  7.32484E-03,  7.19104E-03,  6.99700E-03,  6.74869E-03,  6.45341E-03,  6.11936E-03,  5.75510E-03,  5.36912E-03,  4.96946E-03,  4.56349E-03,  4.15769E-03,  3.75757E-03,  3.36772E-03,  2.99177E-03,  2.63250E-03,  2.29192E-03,  1.97137E-03,  1.67165E-03,  1.39303E-03,  1.13545E-03,  8.98525E-04,  6.81623E-04,  4.83952E-04,  3.04592E-04,  1.42539E-04, -3.25770E-06, -1.33870E-04, -2.50368E-04, -3.53805E-04, -4.45199E-04, -5.25533E-04,
 -6.76115E-04, -6.01254E-04, -5.15307E-04, -4.17239E-04, -3.05966E-04, -1.80359E-04, -3.92538E-05,  1.18532E-04,  2.94183E-04,  4.88863E-04,  7.03682E-04,  9.39663E-04,  1.19770E-03,  1.47849E-03,  1.78249E-03,  2.10985E-03,  2.46030E-03,  2.83308E-03,  3.22684E-03,  3.63952E-03,  4.06827E-03,  4.50930E-03,  4.95780E-03,  5.40791E-03,  5.85262E-03,  6.28386E-03,  6.69261E-03,  7.06913E-03,  7.40332E-03,  7.68521E-03,  7.90556E-03,  8.05654E-03,  8.13233E-03,  8.12966E-03,  8.04816E-03,  7.89044E-03,  7.66181E-03,  7.36993E-03,  7.02410E-03,  6.63466E-03,  6.21224E-03,  5.76721E-03,  5.30925E-03,  4.84702E-03,  4.38800E-03,  3.93840E-03,  3.50323E-03,  3.08635E-03,  2.69059E-03,  2.31786E-03,  1.96932E-03,  1.64552E-03,  1.34645E-03,  1.07173E-03,  8.20650E-04,  5.92273E-04,  3.85499E-04,  1.99120E-04,  3.18669E-05, -1.17558E-04, -2.50448E-04, -3.68076E-04, -4.71672E-04, -5.62415E-04, -6.41427E-04,
 -8.02115E-04, -7.29456E-04, -6.45109E-04, -5.47905E-04, -4.36605E-04, -3.09904E-04, -1.66442E-04, -4.81328E-06,  1.76409E-04,  3.78657E-04,  6.03331E-04,  8.51765E-04,  1.12518E-03,  1.42461E-03,  1.75088E-03,  2.10444E-03,  2.48535E-03,  2.89313E-03,  3.32666E-03,  3.78399E-03,  4.26227E-03,  4.75754E-03,  5.26464E-03,  5.77702E-03,  6.28675E-03,  6.78442E-03,  7.25933E-03,  7.69966E-03,  8.09293E-03,  8.42660E-03,  8.68887E-03,  8.86957E-03,  8.96105E-03,  8.95899E-03,  8.86284E-03,  8.67593E-03,  8.40522E-03,  8.06058E-03,  7.65397E-03,  7.19846E-03,  6.70728E-03,  6.19316E-03,  5.66767E-03,  5.14099E-03,  4.62167E-03,  4.11663E-03,  3.63126E-03,  3.16957E-03,  2.73431E-03,  2.32723E-03,  1.94917E-03,  1.60032E-03,  1.28030E-03,  9.88321E-04,  7.23275E-04,  4.83845E-04,  2.68570E-04,  7.59068E-05, -9.57224E-05, -2.47892E-04, -3.82147E-04, -4.99979E-04, -6.02814E-04, -6.92005E-04, -7.68821E-04,
 -9.39903E-04, -8.70381E-04, -7.88608E-04, -6.93272E-04, -5.82967E-04, -4.56199E-04, -3.11391E-04, -1.46895E-04,  3.89906E-05,  2.48001E-04,  4.81871E-04,  7.42296E-04,  1.03088E-03,  1.34909E-03,  1.69814E-03,  2.07893E-03,  2.49193E-03,  2.93704E-03,  3.41347E-03,  3.91951E-03,  4.45241E-03,  5.00816E-03,  5.58127E-03,  6.16459E-03,  6.74917E-03,  7.32417E-03,  7.87691E-03,  8.39311E-03,  8.85734E-03,  9.25379E-03,  9.56732E-03,  9.78464E-03,  9.89565E-03,  9.89453E-03,  9.78047E-03,  9.55783E-03,  9.23572E-03,  8.82705E-03,  8.34724E-03,  7.81287E-03,  7.24050E-03,  6.64565E-03,  6.04219E-03,  5.44196E-03,  4.85463E-03,  4.28782E-03,  3.74721E-03,  3.23681E-03,  2.75919E-03,  2.31574E-03,  1.90688E-03,  1.53232E-03,  1.19116E-03,  8.82117E-04,  6.03604E-04,  3.53845E-04,  1.30954E-04, -6.69975E-05, -2.41936E-04, -3.95748E-04, -5.30253E-04, -6.47185E-04, -7.48183E-04, -8.34779E-04, -9.08401E-04,
 -1.09011E-03, -1.02478E-03, -9.46696E-04, -8.54387E-04, -7.46275E-04, -6.20663E-04, -4.75739E-04, -3.09590E-04, -1.20210E-04,  9.44763E-05,  3.36583E-04,  6.08223E-04,  9.11458E-04,  1.24823E-03,  1.62027E-03,  2.02902E-03,  2.47546E-03,  2.96002E-03,  3.48235E-03,  4.04114E-03,  4.63388E-03,  5.25663E-03,  5.90369E-03,  6.56739E-03,  7.23775E-03,  7.90240E-03,  8.54643E-03,  9.15264E-03,  9.70200E-03,  1.01746E-02,  1.05508E-02,  1.08134E-02,  1.09487E-02,  1.09489E-02,  1.08129E-02,  1.05464E-02,  1.01614E-02,  9.67489E-03,  9.10689E-03,  8.47853E-03,  7.81048E-03,  7.12168E-03,  6.42859E-03,  5.74487E-03,  5.08136E-03,  4.44623E-03,  3.84533E-03,  3.28249E-03,  2.75990E-03,  2.27841E-03,  1.83786E-03,  1.43730E-03,  1.07522E-03,  7.49717E-04,  4.58614E-04,  1.99604E-04, -2.96875E-05, -2.31629E-04, -4.08537E-04, -5.62643E-04, -6.96065E-04, -8.10800E-04, -9.08710E-04, -9.91520E-04, -1.06082E-03,
 -1.25333E-03, -1.19338E-03, -1.12024E-03, -1.03228E-03, -9.27747E-04, -8.04726E-04, -6.61156E-04, -4.94834E-04, -3.03423E-04, -8.44694E-05,  1.64566E-04,  4.46273E-04,  7.63235E-04,  1.11796E-03,  1.51281E-03,  1.94983E-03,  2.43070E-03,  2.95648E-03,  3.52744E-03,  4.14283E-03,  4.80058E-03,  5.49697E-03,  6.22629E-03,  6.98042E-03,  7.74847E-03,  8.51643E-03,  9.26698E-03,  9.97952E-03,  1.06307E-02,  1.11953E-02,  1.16483E-02,  1.19666E-02,  1.21322E-02,  1.21343E-02,  1.19713E-02,  1.16508E-02,  1.11888E-02,  1.06077E-02,  9.93372E-03,  9.19370E-03,  8.41342E-03,  7.61585E-03,  6.82042E-03,  6.04268E-03,  5.29454E-03,  4.58458E-03,  3.91857E-03,  3.29991E-03,  2.73018E-03,  2.20950E-03,  1.73688E-03,  1.31059E-03,  9.28327E-04,  5.87437E-04,  2.85075E-04,  1.83088E-05, -2.15790E-04, -4.20083E-04, -5.97318E-04, -7.50098E-04, -8.80870E-04, -9.91903E-04, -1.08530E-03, -1.16297E-03, -1.22669E-03,
 -1.43011E-03, -1.37685E-03, -1.31005E-03, -1.22794E-03, -1.12857E-03, -1.00981E-03, -8.69318E-04, -7.04596E-04, -5.12944E-04, -2.91495E-04, -3.72361E-05,  2.52955E-04,  5.82260E-04,  9.53849E-04,  1.37079E-03,  1.83591E-03,  2.35167E-03,  2.91996E-03,  3.54185E-03,  4.21734E-03,  4.94500E-03,  5.72158E-03,  6.54153E-03,  7.39652E-03,  8.27485E-03,  9.16092E-03,  1.00348E-02,  1.08721E-02,  1.16442E-02,  1.23196E-02,  1.28659E-02,  1.32527E-02,  1.34558E-02,  1.34606E-02,  1.32643E-02,  1.28773E-02,  1.23213E-02,  1.16258E-02,  1.08249E-02,  9.95303E-03,  9.04206E-03,  8.11967E-03,  7.20846E-03,  6.32592E-03,  5.48481E-03,  4.69386E-03,  3.95843E-03,  3.28122E-03,  2.66288E-03,  2.10253E-03,  1.59818E-03,  1.14707E-03,  7.45970E-04,  3.91355E-04,  7.95899E-05, -1.92962E-04, -4.29851E-04, -6.34479E-04, -8.10063E-04, -9.59612E-04, -1.08591E-03, -1.19152E-03, -1.27878E-03, -1.34981E-03, -1.40654E-03,
 -1.62090E-03, -1.57577E-03, -1.51688E-03, -1.44230E-03, -1.34988E-03, -1.23727E-03, -1.10187E-03, -9.40840E-04, -7.51096E-04, -5.29325E-04, -2.71998E-04,  2.46014E-05,  3.64328E-04,  7.51101E-04,  1.18882E-03,  1.68120E-03,  2.23168E-03,  2.84313E-03,  3.51763E-03,  4.25615E-03,  5.05813E-03,  5.92104E-03,  6.83977E-03,  7.80601E-03,  8.80746E-03,  9.82703E-03,  1.08421E-02,  1.18242E-02,  1.27386E-02,  1.35460E-02,  1.42048E-02,  1.46752E-02,  1.49244E-02,  1.49323E-02,  1.46952E-02,  1.42270E-02,  1.35566E-02,  1.27236E-02,  1.17722E-02,  1.07461E-02,  9.68464E-03,  8.62067E-03,  7.58015E-03,  6.58231E-03,  5.64050E-03,  4.76318E-03,  3.95492E-03,  3.21735E-03,  2.54988E-03,  1.95031E-03,  1.41541E-03,  9.41213E-04,  5.23370E-04,  1.57359E-04, -1.61352E-04, -4.37185E-04, -6.74375E-04, -8.76912E-04, -1.04852E-03, -1.19262E-03, -1.31236E-03, -1.41059E-03, -1.48991E-03, -1.55263E-03, -1.60084E-03,
 -1.82609E-03, -1.79065E-03, -1.74137E-03, -1.67617E-03, -1.59272E-03, -1.48842E-03, -1.36040E-03, -1.20548E-03, -1.02018E-03, -8.00704E-04, -5.42959E-04, -2.42581E-04,  1.05031E-04,  5.04645E-04,  9.61099E-04,  1.47917E-03,  2.06339E-03,  2.71783E-03,  3.44579E-03,  4.24944E-03,  5.12937E-03,  6.08403E-03,  7.10904E-03,  8.19638E-03,  9.33342E-03,  1.05018E-02,  1.16762E-02,  1.28237E-02,  1.39029E-02,  1.48654E-02,  1.56579E-02,  1.62286E-02,  1.65335E-02,  1.65451E-02,  1.62581E-02,  1.56911E-02,  1.48834E-02,  1.38872E-02,  1.27597E-02,  1.15560E-02,  1.03237E-02,  9.10167E-03,  7.91905E-03,  6.79650E-03,  5.74748E-03,  4.77972E-03,  3.89656E-03,  3.09812E-03,  2.38219E-03,  1.74501E-03,  1.18179E-03,  6.87183E-04,  2.55548E-04, -1.18770E-04, -4.41299E-04, -7.17325E-04, -9.51819E-04, -1.14940E-03, -1.31432E-03, -1.45044E-03, -1.56126E-03, -1.64995E-03, -1.71933E-03, -1.77191E-03, -1.80994E-03,
 -2.04592E-03, -2.02187E-03, -1.98406E-03, -1.93027E-03, -1.85799E-03, -1.76441E-03, -1.64637E-03, -1.50034E-03, -1.32242E-03, -1.10833E-03, -8.53356E-04, -5.52441E-04, -2.00162E-04,  2.09189E-04,  6.81518E-04,  1.22279E-03,  1.83883E-03,  2.53510E-03,  3.31635E-03,  4.18620E-03,  5.14665E-03,  6.19741E-03,  7.33510E-03,  8.55230E-03,  9.83627E-03,  1.11676E-02,  1.25185E-02,  1.38513E-02,  1.51174E-02,  1.62578E-02,  1.72057E-02,  1.78938E-02,  1.82640E-02,  1.82792E-02,  1.79319E-02,  1.72472E-02,  1.62773E-02,  1.50911E-02,  1.37616E-02,  1.23572E-02,  1.09353E-02,  9.54032E-03,  8.20470E-03,  6.95000E-03,  5.78923E-03,  4.72886E-03,  3.77048E-03,  2.91229E-03,  2.15011E-03,  1.47827E-03,  8.90209E-04,  3.78952E-04, -6.25646E-05, -4.41260E-04, -7.63750E-04, -1.03625E-03, -1.26452E-03, -1.45382E-03, -1.60896E-03, -1.73424E-03, -1.83353E-03, -1.91028E-03, -1.96753E-03, -2.00800E-03, -2.03406E-03,
 -2.28051E-03, -2.26964E-03, -2.24530E-03, -2.20513E-03, -2.14645E-03, -2.06625E-03, -1.96107E-03, -1.82707E-03, -1.65990E-03, -1.45477E-03, -1.20634E-03, -9.08789E-04, -5.55815E-04, -1.40672E-04,  3.43734E-04,  9.04704E-04,  1.54956E-03,  2.28534E-03,  3.11850E-03,  4.05437E-03,  5.09661E-03,  6.24645E-03,  7.50176E-03,  8.85590E-03,  1.02963E-02,  1.18025E-02,  1.33444E-02,  1.48796E-02,  1.63517E-02,  1.76899E-02,  1.88122E-02,  1.96330E-02,  2.00767E-02,  2.00940E-02,  1.96751E-02,  1.88532E-02,  1.76971E-02,  1.62955E-02,  1.47407E-02,  1.31158E-02,  1.14884E-02,  9.90916E-03,  8.41285E-03,  7.02151E-03,  5.74716E-03,  4.59443E-03,  3.56273E-03,  2.64790E-03,  1.84343E-03,  1.14145E-03,  5.33384E-04,  1.04590E-05, -4.35978E-04, -8.14215E-04, -1.13204E-03, -1.39664E-03, -1.61459E-03, -1.79184E-03, -1.93372E-03, -2.04499E-03, -2.12986E-03, -2.19205E-03, -2.23483E-03, -2.26107E-03, -2.27326E-03,
 -2.52983E-03, -2.53404E-03, -2.52527E-03, -2.50108E-03, -2.45862E-03, -2.39469E-03, -2.30557E-03, -2.18708E-03, -2.03447E-03, -1.84238E-03, -1.60486E-03, -1.31529E-03, -9.66400E-04, -5.50329E-04, -5.86729E-05,  5.17368E-04,  1.18679E-03,  1.95847E-03,  2.84078E-03,  3.84106E-03,  4.96488E-03,  6.21522E-03,  7.59138E-03,  9.08758E-03,  1.06914E-02,  1.23814E-02,  1.41247E-02,  1.58742E-02,  1.75653E-02,  1.91149E-02,  2.04240E-02,  2.13867E-02,  2.19076E-02,  2.19235E-02,  2.14216E-02,  2.04452E-02,  1.90828E-02,  1.74461E-02,  1.56486E-02,  1.37894E-02,  1.19467E-02,  1.01766E-02,  8.51632E-03,  6.98766E-03,  5.60118E-03,  4.35926E-03,  3.25868E-03,  2.29254E-03,  1.45170E-03,  7.25835E-04,  1.04122E-04, -4.24194E-04, -8.69476E-04, -1.24147E-03, -1.54919E-03, -1.80085E-03, -2.00385E-03, -2.16480E-03, -2.28958E-03, -2.38336E-03, -2.45068E-03, -2.49552E-03, -2.52132E-03, -2.53109E-03, -2.52743E-03,
 -2.79364E-03, -2.81491E-03, -2.82394E-03, -2.81821E-03, -2.79477E-03, -2.75022E-03, -2.68063E-03, -2.58149E-03, -2.44764E-03, -2.27322E-03, -2.05159E-03, -1.77532E-03, -1.43615E-03, -1.02500E-03, -5.32034E-04,  5.32076E-05,  7.41600E-04,  1.54411E-03,  2.47134E-03,  3.53288E-03,  4.73652E-03,  6.08721E-03,  7.58575E-03,  9.22720E-03,  1.09989E-02,  1.28781E-02,  1.48288E-02,  1.67981E-02,  1.87127E-02,  2.04768E-02,  2.19740E-02,  2.30777E-02,  2.36718E-02,  2.36787E-02,  2.30834E-02,  2.19405E-02,  2.03598E-02,  1.84777E-02,  1.64296E-02,  1.43310E-02,  1.22703E-02,  1.03091E-02,  8.48659E-03,  6.82419E-03,  5.33067E-03,  4.00584E-03,  2.84354E-03,  1.83384E-03,  9.64675E-04,  2.23000E-04, -4.04433E-04, -9.30509E-04, -1.36741E-03, -1.72642E-03, -2.01782E-03, -2.25083E-03, -2.43370E-03, -2.57368E-03, -2.67716E-03, -2.74971E-03, -2.79614E-03, -2.82066E-03, -2.82685E-03, -2.81783E-03, -2.79626E-03,
 -3.07152E-03, -3.11186E-03, -3.14100E-03, -3.15633E-03, -3.15485E-03, -3.13299E-03, -3.08664E-03, -3.01100E-03, -2.90054E-03, -2.74888E-03, -2.54873E-03, -2.29185E-03, -1.96890E-03, -1.56954E-03, -1.08239E-03, -4.95144E-04,  2.05173E-04,  1.03190E-03,  1.99818E-03,  3.11624E-03,  4.39643E-03,  5.84589E-03,  7.46702E-03,  9.25553E-03,  1.11981E-02,  1.32695E-02,  1.54293E-02,  1.76178E-02,  1.97517E-02,  2.17219E-02,  2.33951E-02,  2.46253E-02,  2.52781E-02,  2.52635E-02,  2.45658E-02,  2.32513E-02,  2.14509E-02,  1.93246E-02,  1.70288E-02,  1.46946E-02,  1.24207E-02,  1.02741E-02,  8.29598E-03,  6.50748E-03,  4.91552E-03,  3.51717E-03,  2.30306E-03,  1.25997E-03,  3.72667E-04, -3.74865E-04, -9.98478E-04, -1.51332E-03, -1.93348E-03, -2.27182E-03, -2.53989E-03, -2.74795E-03, -2.90501E-03, -3.01897E-03, -3.09666E-03, -3.14399E-03, -3.16602E-03, -3.16712E-03, -3.15099E-03, -3.12079E-03, -3.07921E-03,
 -3.36281E-03, -3.42428E-03, -3.47585E-03, -3.51493E-03, -3.53844E-03, -3.54274E-03, -3.52355E-03, -3.47583E-03, -3.39373E-03, -3.27039E-03, -3.09791E-03, -2.86719E-03, -2.56786E-03, -2.18822E-03, -1.71523E-03, -1.13459E-03, -4.30959E-04,  4.11691E-04,  1.40947E-03,  2.57771E-03,  3.92974E-03,  5.47530E-03,  7.21858E-03,  9.15572E-03,  1.12720E-02,  1.35386E-02,  1.59086E-02,  1.83130E-02,  2.06568E-02,  2.28162E-02,  2.46421E-02,  2.59724E-02,  2.66591E-02,  2.66049E-02,  2.57958E-02,  2.43101E-02,  2.22965E-02,  1.99358E-02,  1.74028E-02,  1.48434E-02,  1.23659E-02,  1.00436E-02,  7.91994E-03,  6.01614E-03,  4.33730E-03,  2.87757E-03,  1.62415E-03,  5.60226E-04, -3.32943E-04, -1.07454E-03, -1.68322E-03, -2.17652E-03, -2.57049E-03, -2.87959E-03, -3.11663E-03, -3.29285E-03, -3.41802E-03, -3.50057E-03, -3.54774E-03, -3.56569E-03, -3.55970E-03, -3.53420E-03, -3.49298E-03, -3.43919E-03, -3.37551E-03,
 -3.66660E-03, -3.75123E-03, -3.82759E-03, -3.89311E-03, -3.94472E-03, -3.97873E-03, -3.99076E-03, -3.97562E-03, -3.92715E-03, -3.83810E-03, -3.69997E-03, -3.50288E-03, -3.23540E-03, -2.88445E-03, -2.43523E-03, -1.87126E-03, -1.17458E-03, -3.26062E-04,  6.93864E-04,  1.90423E-03,  3.32206E-03,  4.96033E-03,  6.82545E-03,  8.91410E-03,  1.12096E-02,  1.36780E-02,  1.62636E-02,  1.88851E-02,  2.14321E-02,  2.37647E-02,  2.57177E-02,  2.71168E-02,  2.78068E-02,  2.76896E-02,  2.67570E-02,  2.50985E-02,  2.28777E-02,  2.02919E-02,  1.75316E-02,  1.47564E-02,  1.20850E-02,  9.59699E-03,  7.33897E-03,  5.33230E-03,  3.58016E-03,  2.07347E-03,  7.95543E-04, -2.74494E-04, -1.15924E-03, -1.88137E-03, -2.46252E-03, -2.92272E-03, -3.28006E-03, -3.55057E-03, -3.74829E-03, -3.88535E-03, -3.97220E-03, -4.01772E-03, -4.02947E-03, -4.01380E-03, -3.97609E-03, -3.92081E-03, -3.85172E-03, -3.77196E-03, -3.68411E-03,
 -3.98172E-03, -4.09151E-03, -4.19497E-03, -4.28961E-03, -4.37241E-03, -4.43971E-03, -4.48712E-03, -4.50932E-03, -4.49996E-03, -4.45146E-03, -4.35483E-03, -4.19943E-03, -3.97281E-03, -3.66050E-03, -3.24589E-03, -2.71015E-03, -2.03240E-03, -1.18999E-03, -1.59255E-04,  1.08338E-03,  2.55958E-03,  4.28664E-03,  6.27419E-03,  8.52006E-03,  1.10056E-02,  1.36905E-02,  1.65080E-02,  1.93607E-02,  2.21189E-02,  2.46223E-02,  2.66886E-02,  2.81327E-02,  2.87972E-02,  2.85897E-02,  2.75122E-02,  2.56665E-02,  2.32299E-02,  2.04139E-02,  1.74239E-02,  1.44328E-02,  1.15701E-02,  8.92239E-03,  6.53940E-03,  4.44224E-03,  2.63148E-03,  1.09397E-03, -1.91683E-04, -1.25110E-03, -2.11131E-03, -2.79881E-03, -3.33849E-03, -3.75299E-03, -4.06241E-03, -4.28435E-03, -4.43398E-03, -4.52424E-03, -4.56613E-03, -4.56889E-03, -4.54027E-03, -4.48672E-03, -4.41362E-03, -4.32542E-03, -4.22578E-03, -4.11772E-03, -4.00372E-03,
 -4.30676E-03, -4.44359E-03, -4.57636E-03, -4.70270E-03, -4.81972E-03, -4.92387E-03, -5.01077E-03, -5.07512E-03, -5.11045E-03, -5.10897E-03, -5.06126E-03, -4.95606E-03, -4.77996E-03, -4.51716E-03, -4.14916E-03, -3.65468E-03, -3.00963E-03, -2.18735E-03, -1.15933E-03,  1.03565E-04,  1.62904E-03,  3.44033E-03,  5.55198E-03,  7.96455E-03,  1.06583E-02,  1.35865E-02,  1.66692E-02,  1.97895E-02,  2.27926E-02,  2.54919E-02,  2.76831E-02,  2.91679E-02,  2.97879E-02,  2.94597E-02,  2.82007E-02,  2.61293E-02,  2.34398E-02,  2.03608E-02,  1.71145E-02,  1.38888E-02,  1.08247E-02,  8.01543E-03,  5.51283E-03,  3.33627E-03,  1.48200E-03, -6.87944E-05, -1.34360E-03, -2.37384E-03, -3.19169E-03, -3.82800E-03, -4.31114E-03, -4.66644E-03, -4.91605E-03, -5.07902E-03, -5.17152E-03, -5.20721E-03, -5.19745E-03, -5.15173E-03, -5.07785E-03, -4.98225E-03, -4.87022E-03, -4.74606E-03, -4.61330E-03, -4.47476E-03, -4.33275E-03,
 -4.64000E-03, -4.80563E-03, -4.96976E-03, -5.13024E-03, -5.28437E-03, -5.42874E-03, -5.55915E-03, -5.67035E-03, -5.75592E-03, -5.80794E-03, -5.81673E-03, -5.77052E-03, -5.65508E-03, -5.45334E-03, -5.14498E-03, -4.70617E-03, -4.10937E-03, -3.32342E-03, -2.31414E-03, -1.04557E-03,  5.17768E-04,  2.40730E-03,  4.64523E-03,  7.23759E-03,  1.01659E-02,  1.33783E-02,  1.67809E-02,  2.02333E-02,  2.35492E-02,  2.65069E-02,  2.88700E-02,  3.04187E-02,  3.09887E-02,  3.05063E-02,  2.90091E-02,  2.66413E-02,  2.36243E-02,  2.02129E-02,  1.66527E-02,  1.31501E-02,  9.85842E-03,  6.87612E-03,  4.25448E-03,  2.00807E-03,  1.25834E-04, -1.41931E-03, -2.66294E-03, -3.64372E-03, -4.39994E-03, -4.96731E-03, -5.37797E-03, -5.66001E-03, -5.83755E-03, -5.93096E-03, -5.95730E-03, -5.93068E-03, -5.86274E-03, -5.76298E-03, -5.63915E-03, -5.49755E-03, -5.34325E-03, -5.18033E-03, -5.01206E-03, -4.84105E-03, -4.66935E-03,
 -4.97948E-03, -5.17544E-03, -5.37280E-03, -5.56964E-03, -5.76351E-03, -5.95127E-03, -6.12893E-03, -6.29148E-03, -6.43261E-03, -6.54445E-03, -6.61722E-03, -6.63883E-03, -6.59439E-03, -6.46571E-03, -6.23079E-03, -5.86323E-03, -5.33188E-03, -4.60068E-03, -3.62895E-03, -2.37252E-03, -7.86037E-04,  1.17301E-03,  3.53815E-03,  6.32517E-03,  9.52114E-03,  1.30719E-02,  1.68706E-02,  2.07502E-02,  2.44849E-02,  2.78049E-02,  3.04260E-02,  3.20916E-02,  3.26205E-02,  3.19454E-02,  3.01307E-02,  2.73606E-02,  2.39012E-02,  2.00494E-02,  1.60856E-02,  1.22405E-02,  8.67981E-03,  5.50458E-03,  2.76099E-03,  4.53874E-04, -1.43958E-03, -2.95828E-03, -4.14850E-03, -5.05791E-03, -5.73195E-03, -6.21180E-03, -6.53355E-03, -6.72805E-03, -6.82128E-03, -6.83473E-03, -6.78611E-03, -6.68979E-03, -6.55745E-03, -6.39847E-03, -6.22037E-03, -6.02914E-03, -5.82955E-03, -5.62535E-03, -5.41949E-03, -5.21425E-03, -5.01140E-03,
 -5.32296E-03, -5.55056E-03, -5.78273E-03, -6.01784E-03, -6.25378E-03, -6.48772E-03, -6.71603E-03, -6.93400E-03, -7.13561E-03, -7.31321E-03, -7.45711E-03, -7.55508E-03, -7.59183E-03, -7.54830E-03, -7.40097E-03, -7.12105E-03, -6.67377E-03, -6.01784E-03, -5.10540E-03, -3.88271E-03, -2.29231E-03, -2.77230E-04,  2.21199E-03,  5.20666E-03,  8.70558E-03,  1.26581E-02,  1.69468E-02,  2.13761E-02,  2.56715E-02,  2.94983E-02,  3.25018E-02,  3.43657E-02,  3.48741E-02,  3.39609E-02,  3.17260E-02,  2.84135E-02,  2.43592E-02,  1.99251E-02,  1.54416E-02,  1.11704E-02,  7.28938E-03,  3.89748E-03,  1.02901E-03, -1.32769E-03, -3.21293E-03, -4.68180E-03, -5.79428E-03, -6.60893E-03, -7.17940E-03, -7.55276E-03, -7.76917E-03, -7.86215E-03, -7.85925E-03, -7.78289E-03, -7.65109E-03, -7.47829E-03, -7.27594E-03, -7.05310E-03, -6.81690E-03, -6.57290E-03, -6.32543E-03, -6.07782E-03, -5.83261E-03, -5.59171E-03, -5.35653E-03,
 -5.66797E-03, -5.92823E-03, -6.19645E-03, -6.47139E-03, -6.75128E-03, -7.03375E-03, -7.31557E-03, -7.59249E-03, -7.85891E-03, -8.10757E-03, -8.32906E-03, -8.51130E-03, -8.63885E-03, -8.69212E-03, -8.64638E-03, -8.47072E-03, -8.12694E-03, -7.56850E-03, -6.73989E-03, -5.57670E-03, -4.00725E-03, -1.95659E-03,  6.45871E-04,  3.85389E-03,  7.68636E-03,  1.21042E-02,  1.69856E-02,  2.21056E-02,  2.71317E-02,  3.16438E-02,  3.51877E-02,  3.73556E-02,  3.78737E-02,  3.66691E-02,  3.38891E-02,  2.98646E-02,  2.50336E-02,  1.98514E-02,  1.47167E-02,  9.92869E-03,  5.67557E-03,  2.04663E-03, -9.44558E-04, -3.33449E-03, -5.18765E-03, -6.58003E-03, -7.58835E-03, -8.28379E-03, -8.72900E-03, -8.97720E-03, -9.07252E-03, -9.05084E-03, -8.94101E-03, -8.76596E-03, -8.54376E-03, -8.28858E-03, -8.01144E-03, -7.72087E-03, -7.42344E-03, -7.12413E-03, -6.82673E-03, -6.53405E-03, -6.24816E-03, -5.97052E-03, -5.70216E-03,
 -6.01184E-03, -6.30543E-03, -6.61057E-03, -6.92642E-03, -7.25168E-03, -7.58443E-03, -7.92199E-03, -8.26064E-03, -8.59536E-03, -8.91946E-03, -9.22402E-03, -9.49738E-03, -9.72428E-03, -9.88494E-03, -9.95388E-03, -9.89853E-03, -9.67765E-03, -9.23976E-03, -8.52165E-03, -7.44764E-03, -5.93021E-03, -3.87332E-03, -1.18009E-03,  2.23332E-03,  6.41569E-03,  1.13505E-02,  1.69203E-02,  2.28743E-02,  2.88134E-02,  3.42099E-02,  3.84754E-02,  4.10713E-02,  4.16360E-02,  4.00805E-02,  3.66145E-02,  3.16898E-02,  2.58856E-02,  1.97830E-02,  1.38674E-02,  8.48038E-03,  3.81509E-03, -5.89392E-05, -3.15980E-03, -5.55816E-03, -7.34952E-03, -8.63528E-03, -9.51143E-03, -1.00630E-02, -1.03619E-02, -1.04675E-02, -1.04275E-02, -1.02796E-02, -1.00536E-02, -9.77247E-03, -9.45401E-03, -9.11179E-03, -8.75618E-03, -8.39498E-03, -8.03401E-03, -7.67759E-03, -7.32884E-03, -6.99000E-03, -6.66257E-03, -6.34754E-03, -6.04550E-03,
 -6.35173E-03, -6.67894E-03, -7.02142E-03, -7.37879E-03, -7.75021E-03, -8.13434E-03, -8.52907E-03, -8.93134E-03, -9.33684E-03, -9.73956E-03, -1.01313E-02, -1.05012E-02, -1.08343E-02, -1.11112E-02, -1.13062E-02, -1.13855E-02, -1.13056E-02, -1.10108E-02, -1.04307E-02, -9.47829E-03, -8.04967E-03, -6.02559E-03, -3.27861E-03,  3.12274E-04,  4.83605E-03,  1.03114E-02,  1.66380E-02,  2.35464E-02,  3.05668E-02,  3.70431E-02,  4.22152E-02,  4.53700E-02,  4.60220E-02,  4.40554E-02,  3.97609E-02,  3.37499E-02,  2.67868E-02,  1.96109E-02,  1.28108E-02,  6.77052E-03,  1.67903E-03, -2.42663E-03, -5.60818E-03, -7.97958E-03, -9.67338E-03, -1.08197E-02, -1.15354E-02, -1.19196E-02, -1.20533E-02, -1.20012E-02, -1.18140E-02, -1.15309E-02, -1.11817E-02, -1.07891E-02, -1.03703E-02, -9.93793E-03, -9.50150E-03, -9.06790E-03, -8.64209E-03, -8.22760E-03, -7.82682E-03, -7.44133E-03, -7.07205E-03, -6.71945E-03, -6.38365E-03,
 -6.68466E-03, -7.04536E-03, -7.42514E-03, -7.82406E-03, -8.24182E-03, -8.67765E-03, -9.13010E-03, -9.59684E-03, -1.00743E-02, -1.05575E-02, -1.10389E-02, -1.15086E-02, -1.19527E-02, -1.23522E-02, -1.26817E-02, -1.29072E-02, -1.29837E-02, -1.28521E-02, -1.24359E-02, -1.16380E-02, -1.03386E-02, -8.39481E-03, -5.64635E-03, -1.92998E-03,  2.89238E-03,  8.88736E-03,  1.59863E-02,  2.39133E-02,  3.21305E-02,  3.98389E-02,  4.60738E-02,  4.99036E-02,  5.06828E-02,  4.82566E-02,  4.30158E-02,  3.57711E-02,  2.75131E-02,  1.91677E-02,  1.14353E-02,  4.73729E-03, -7.54715E-04, -5.04992E-03, -8.26465E-03, -1.05634E-02, -1.21195E-02, -1.30933E-02, -1.36222E-02, -1.38188E-02, -1.37721E-02, -1.35512E-02, -1.32087E-02, -1.27844E-02, -1.23079E-02, -1.18010E-02, -1.12799E-02, -1.07561E-02, -1.02380E-02, -9.73159E-03, -9.24074E-03, -8.76816E-03, -8.31547E-03, -7.88353E-03, -7.47267E-03, -7.08281E-03, -6.71357E-03,
 -7.00759E-03, -7.40124E-03, -7.81775E-03, -8.25766E-03, -8.72122E-03, -9.20826E-03, -9.71801E-03, -1.02489E-02, -1.07983E-02, -1.13619E-02, -1.19336E-02, -1.25042E-02, -1.30611E-02, -1.35863E-02, -1.40553E-02, -1.44343E-02, -1.46778E-02, -1.47247E-02, -1.44941E-02, -1.38807E-02, -1.27505E-02, -1.09389E-02, -8.25351E-03, -4.48736E-03,  5.51613E-04,  6.98753E-03,  1.47973E-02,  2.37141E-02,  3.31425E-02,  4.21389E-02,  4.95150E-02,  5.40892E-02,  5.50265E-02,  5.21227E-02,  4.58830E-02,  3.73474E-02,  2.77609E-02,  1.82501E-02,  9.62569E-03,  2.33444E-03, -3.48354E-03, -7.89533E-03, -1.10791E-02, -1.32528E-02, -1.46309E-02, -1.54024E-02, -1.57236E-02, -1.57182E-02, -1.54817E-02, -1.50861E-02, -1.45850E-02, -1.40178E-02, -1.34133E-02, -1.27922E-02, -1.21692E-02, -1.15548E-02, -1.09560E-02, -1.03777E-02, -9.82279E-03, -9.29311E-03, -8.78945E-03, -8.31198E-03, -7.86041E-03, -7.43410E-03, -7.03221E-03,
 -7.31746E-03, -7.74305E-03, -8.19522E-03, -8.67496E-03, -9.18306E-03, -9.71995E-03, -1.02856E-02, -1.08791E-02, -1.14987E-02, -1.21412E-02, -1.28014E-02, -1.34715E-02, -1.41400E-02, -1.47903E-02, -1.53989E-02, -1.59333E-02, -1.63482E-02, -1.65819E-02, -1.65508E-02, -1.61441E-02, -1.52171E-02, -1.35873E-02, -1.10344E-02, -7.31119E-03, -2.17305E-03,  4.56433E-03,  1.29321E-02,  2.26870E-02,  3.31943E-02,  4.33814E-02,  5.18433E-02,  5.71446E-02,  5.82513E-02,  5.49046E-02,  4.77263E-02,  3.79913E-02,  2.71990E-02,  1.66676E-02,  7.30260E-03, -4.39087E-04, -6.45997E-03, -1.08900E-02, -1.39693E-02, -1.59664E-02, -1.71324E-02, -1.76806E-02, -1.77822E-02, -1.75693E-02, -1.71414E-02, -1.65720E-02, -1.59145E-02, -1.52074E-02, -1.44781E-02, -1.37460E-02, -1.30244E-02, -1.23222E-02, -1.16454E-02, -1.09977E-02, -1.03810E-02, -9.79623E-03, -9.24342E-03, -8.72207E-03, -8.23126E-03, -7.76985E-03, -7.33652E-03,
 -7.61125E-03, -8.06735E-03, -8.55357E-03, -9.07138E-03, -9.62204E-03, -1.02066E-02, -1.08256E-02, -1.14789E-02, -1.21657E-02, -1.28836E-02, -1.36285E-02, -1.43938E-02, -1.51692E-02, -1.59396E-02, -1.66830E-02, -1.73682E-02, -1.79511E-02, -1.83705E-02, -1.85422E-02, -1.83525E-02, -1.76501E-02, -1.62405E-02, -1.38828E-02, -1.02985E-02, -5.19942E-03,  1.65208E-03,  1.03401E-02,  2.06536E-02,  3.19403E-02,  4.30329E-02,  5.23510E-02,  5.82434E-02,  5.95018E-02,  5.58164E-02,  4.79086E-02,  3.72541E-02,  2.55654E-02,  1.43137E-02,  4.47150E-03, -3.50899E-03, -9.57523E-03, -1.39147E-02, -1.68198E-02, -1.85997E-02, -1.95332E-02, -1.98510E-02, -1.97341E-02, -1.93194E-02, -1.87080E-02, -1.79734E-02, -1.71681E-02, -1.63292E-02, -1.54826E-02, -1.46461E-02, -1.38317E-02, -1.30469E-02, -1.22966E-02, -1.15834E-02, -1.09083E-02, -1.02715E-02, -9.67216E-03, -9.10927E-03, -8.58132E-03, -8.08666E-03, -7.62354E-03,
 -7.88606E-03, -8.37080E-03, -8.88899E-03, -9.44249E-03, -1.00330E-02, -1.06622E-02, -1.13311E-02, -1.20403E-02, -1.27897E-02, -1.35777E-02, -1.44012E-02, -1.52547E-02, -1.61290E-02, -1.70104E-02, -1.78784E-02, -1.87031E-02, -1.94421E-02, -2.00354E-02, -2.03999E-02, -2.04214E-02, -1.99466E-02, -1.87752E-02, -1.66555E-02, -1.32906E-02, -8.36444E-03, -1.60306E-03,  7.11765E-03,  1.76177E-02,  2.92470E-02,  4.07919E-02,  5.05710E-02,  5.68011E-02,  5.81626E-02,  5.43104E-02,  4.60253E-02,  3.49061E-02,  2.27937E-02,  1.12458E-02,  1.26612E-03, -6.70624E-03, -1.26545E-02, -1.68059E-02, -1.94871E-02, -2.10315E-02, -2.17335E-02, -2.18326E-02, -2.15140E-02, -2.09158E-02, -2.01390E-02, -1.92560E-02, -1.83180E-02, -1.73605E-02, -1.64080E-02, -1.54770E-02, -1.45781E-02, -1.37179E-02, -1.29003E-02, -1.21269E-02, -1.13980E-02, -1.07131E-02, -1.00707E-02, -9.46931E-03, -8.90685E-03, -8.38128E-03, -7.89043E-03,
 -8.13914E-03, -8.65026E-03, -9.19786E-03, -9.78415E-03, -1.04113E-02, -1.10812E-02, -1.17956E-02, -1.25557E-02, -1.33617E-02, -1.42130E-02, -1.51071E-02, -1.60393E-02, -1.70014E-02, -1.79807E-02, -1.89578E-02, -1.99042E-02, -2.07789E-02, -2.15237E-02, -2.20568E-02, -2.22660E-02, -2.19993E-02, -2.10568E-02, -1.91859E-02, -1.60855E-02, -1.14317E-02, -4.93732E-03,  3.53965E-03,  1.38391E-02,  2.53273E-02,  3.67967E-02,  4.65579E-02,  5.28077E-02,  5.42055E-02,  5.03945E-02,  4.21601E-02,  3.11168E-02,  1.91213E-02,  7.73814E-03, -2.03426E-03, -9.77032E-03, -1.54691E-02, -1.93719E-02, -2.18146E-02, -2.31365E-02, -2.36340E-02, -2.35472E-02, -2.30601E-02, -2.23097E-02, -2.13957E-02, -2.03888E-02, -1.93390E-02, -1.82807E-02, -1.72374E-02, -1.62245E-02, -1.52519E-02, -1.43254E-02, -1.34481E-02, -1.26210E-02, -1.18440E-02, -1.11157E-02, -1.04345E-02, -9.79821E-03, -9.20441E-03, -8.65068E-03, -8.13455E-03,
 -8.36795E-03, -8.90284E-03, -9.47687E-03, -1.00926E-02, -1.07524E-02, -1.14587E-02, -1.22135E-02, -1.30183E-02, -1.38741E-02, -1.47804E-02, -1.57353E-02, -1.67346E-02, -1.77707E-02, -1.88314E-02, -1.98980E-02, -2.09428E-02, -2.19255E-02, -2.27893E-02, -2.34542E-02, -2.38102E-02, -2.37091E-02, -2.29560E-02, -2.13051E-02, -1.84645E-02, -1.41208E-02, -7.99735E-03,  4.14249E-05,  9.83954E-03,  2.07871E-02,  3.17272E-02,  4.10480E-02,  4.70336E-02,  4.84084E-02,  4.48279E-02,  3.70286E-02,  2.65373E-02,  1.51206E-02,  4.27699E-03, -5.02909E-03, -1.23799E-02, -1.77669E-02, -2.14173E-02, -2.36529E-02, -2.48006E-02, -2.51478E-02, -2.49279E-02, -2.43208E-02, -2.34610E-02, -2.24461E-02, -2.13462E-02, -2.02104E-02, -1.90729E-02, -1.79567E-02, -1.68769E-02, -1.58431E-02, -1.48608E-02, -1.39328E-02, -1.30596E-02, -1.22408E-02, -1.14748E-02, -1.07595E-02, -1.00924E-02, -9.47087E-03, -8.89215E-03, -8.35350E-03,
 -8.57022E-03, -9.12595E-03, -9.72310E-03, -1.03644E-02, -1.10526E-02, -1.17902E-02, -1.25796E-02, -1.34226E-02, -1.43201E-02, -1.52721E-02, -1.62769E-02, -1.73303E-02, -1.84248E-02, -1.95481E-02, -2.06814E-02, -2.17971E-02, -2.28548E-02, -2.37980E-02, -2.45474E-02, -2.49954E-02, -2.49974E-02, -2.43660E-02, -2.28668E-02, -2.02255E-02, -1.61521E-02, -1.03974E-02, -2.85075E-03,  6.32343E-03,  1.65414E-02,  2.67237E-02,  3.53869E-02,  4.09646E-02,  4.22950E-02,  3.90573E-02,  3.19071E-02,  2.22234E-02,  1.16201E-02,  1.48730E-03, -7.25981E-03, -1.42042E-02, -1.93112E-02, -2.27734E-02, -2.48810E-02, -2.59363E-02, -2.62106E-02, -2.59269E-02, -2.52599E-02, -2.43412E-02, -2.32680E-02, -2.21101E-02, -2.09175E-02, -1.97247E-02, -1.85554E-02, -1.74253E-02, -1.63441E-02, -1.53175E-02, -1.43484E-02, -1.34375E-02, -1.25840E-02, -1.17863E-02, -1.10422E-02, -1.03488E-02, -9.70352E-03, -9.10327E-03, -8.54516E-03,
 -8.74399E-03, -9.31739E-03, -9.93404E-03, -1.05969E-02, -1.13087E-02, -1.20723E-02, -1.28900E-02, -1.37638E-02, -1.46947E-02, -1.56825E-02, -1.67254E-02, -1.78189E-02, -1.89551E-02, -2.01210E-02, -2.12969E-02, -2.24540E-02, -2.35509E-02, -2.45298E-02, -2.53110E-02, -2.57870E-02, -2.58163E-02, -2.52176E-02, -2.37689E-02, -2.12149E-02, -1.72936E-02, -1.17885E-02, -4.61893E-03,  4.03927E-03,  1.36298E-02,  2.31537E-02,  3.12541E-02,  3.65018E-02,  3.78297E-02,  3.49294E-02,  2.83806E-02,  1.94283E-02,  9.54501E-03,  1.57031E-05, -8.29231E-03, -1.49597E-02, -1.99197E-02, -2.33234E-02, -2.54234E-02, -2.64942E-02, -2.67889E-02, -2.65207E-02, -2.58597E-02, -2.49369E-02, -2.38501E-02, -2.26711E-02, -2.14518E-02, -2.02287E-02, -1.90270E-02, -1.78636E-02, -1.67493E-02, -1.56906E-02, -1.46907E-02, -1.37507E-02, -1.28700E-02, -1.20471E-02, -1.12796E-02, -1.05649E-02, -9.90007E-03, -9.28202E-03, -8.70771E-03,
 -8.88761E-03, -9.47530E-03, -1.01076E-02, -1.07876E-02, -1.15182E-02, -1.23020E-02, -1.31416E-02, -1.40387E-02, -1.49942E-02, -1.60077E-02, -1.70768E-02, -1.81963E-02, -1.93574E-02, -2.05458E-02, -2.17402E-02, -2.29095E-02, -2.40099E-02, -2.49808E-02, -2.57399E-02, -2.61780E-02, -2.61532E-02, -2.54875E-02, -2.39668E-02, -2.13510E-02, -1.73991E-02, -1.19196E-02, -4.85070E-03,  3.63272E-03,  1.30084E-02,  2.23426E-02,  3.03463E-02,  3.56196E-02,  3.70740E-02,  3.43645E-02,  2.80518E-02,  1.93655E-02,  9.74007E-03,  4.09611E-04, -7.79427E-03, -1.44572E-02, -1.94921E-02, -2.30189E-02, -2.52602E-02, -2.64685E-02, -2.68832E-02, -2.67116E-02, -2.61227E-02, -2.52493E-02, -2.41927E-02, -2.30284E-02, -2.18119E-02, -2.05826E-02, -1.93687E-02, -1.81889E-02, -1.70558E-02, -1.59771E-02, -1.49567E-02, -1.39965E-02, -1.30962E-02, -1.22547E-02, -1.14697E-02, -1.07387E-02, -1.00587E-02, -9.42677E-03, -8.83970E-03,
 -8.99979E-03, -9.59827E-03, -1.02423E-02, -1.09350E-02, -1.16792E-02, -1.24775E-02, -1.33323E-02, -1.42451E-02, -1.52166E-02, -1.62456E-02, -1.73293E-02, -1.84613E-02, -1.96313E-02, -2.08234E-02, -2.20136E-02, -2.31681E-02, -2.42392E-02, -2.51621E-02, -2.58497E-02, -2.61881E-02, -2.60314E-02, -2.51995E-02, -2.34792E-02, -2.06344E-02, -1.64308E-02, -1.06809E-02, -3.31446E-03,  5.52608E-03,  1.53772E-02,  2.53591E-02,  3.41526E-02,  4.01630E-02,  4.20017E-02,  3.91614E-02,  3.23333E-02,  2.30154E-02,  1.28197E-02,  3.01639E-03, -5.59521E-03, -1.26343E-02, -1.80261E-02, -2.18867E-02, -2.44290E-02, -2.58972E-02, -2.65273E-02, -2.65273E-02, -2.60703E-02, -2.52945E-02, -2.43071E-02, -2.31896E-02, -2.20023E-02, -2.07892E-02, -1.95816E-02, -1.84014E-02, -1.72630E-02, -1.61758E-02, -1.51451E-02, -1.41733E-02, -1.32612E-02, -1.24076E-02, -1.16110E-02, -1.08688E-02, -1.01782E-02, -9.53631E-03, -8.94001E-03,
 -9.07959E-03, -9.68529E-03, -1.03371E-02, -1.10379E-02, -1.17905E-02, -1.25975E-02, -1.34610E-02, -1.43822E-02, -1.53611E-02, -1.63962E-02, -1.74834E-02, -1.86153E-02, -1.97798E-02, -2.09587E-02, -2.21253E-02, -2.32419E-02, -2.42563E-02, -2.50980E-02, -2.56733E-02, -2.58607E-02, -2.55063E-02, -2.44215E-02, -2.23843E-02, -1.91490E-02, -1.44676E-02, -8.12764E-03, -1.09900E-05,  9.82409E-03,  2.10327E-02,  3.28298E-02,  4.37913E-02,  5.17732E-02,  5.44797E-02,  5.09199E-02,  4.22844E-02,  3.09470E-02,  1.90301E-02,  7.89798E-03, -1.73124E-03, -9.57435E-03, -1.56224E-02, -2.00272E-02, -2.30202E-02, -2.48571E-02, -2.57833E-02, -2.60166E-02, -2.57396E-02, -2.50999E-02, -2.42134E-02, -2.31689E-02, -2.20330E-02, -2.08550E-02, -1.96702E-02, -1.85036E-02, -1.73723E-02, -1.62875E-02, -1.52558E-02, -1.42809E-02, -1.33641E-02, -1.25051E-02, -1.17026E-02, -1.09543E-02, -1.02576E-02, -9.60983E-03, -9.00788E-03,
 -9.12644E-03, -9.73575E-03, -1.03912E-02, -1.10956E-02, -1.18517E-02, -1.26618E-02, -1.35276E-02, -1.44499E-02, -1.54284E-02, -1.64606E-02, -1.75413E-02, -1.86620E-02, -1.98085E-02, -2.09604E-02, -2.20876E-02, -2.31485E-02, -2.40858E-02, -2.48223E-02, -2.52565E-02, -2.52570E-02, -2.46580E-02, -2.32564E-02, -2.08121E-02, -1.70553E-02, -1.17031E-02, -4.48881E-03,  4.79442E-03,  1.62322E-02,  2.96941E-02,  4.46354E-02,  5.96271E-02,  7.15904E-02,  7.60650E-02,  7.07300E-02,  5.82234E-02,  4.30168E-02,  2.80777E-02,  1.47500E-02,  3.52274E-03, -5.51559E-03, -1.24829E-02, -1.76080E-02, -2.11700E-02, -2.34562E-02, -2.47355E-02, -2.52440E-02, -2.51793E-02, -2.47019E-02, -2.39383E-02, -2.29857E-02, -2.19180E-02, -2.07899E-02, -1.96412E-02, -1.85003E-02, -1.73868E-02, -1.63140E-02, -1.52901E-02, -1.43198E-02, -1.34054E-02, -1.25472E-02, -1.17443E-02, -1.09949E-02, -1.02966E-02, -9.64693E-03, -9.04291E-03,
 -9.14009E-03, -9.74945E-03, -1.04046E-02, -1.11082E-02, -1.18628E-02, -1.26704E-02, -1.35325E-02, -1.44494E-02, -1.54200E-02, -1.64412E-02, -1.75068E-02, -1.86067E-02, -1.97251E-02, -2.08390E-02, -2.19155E-02, -2.29088E-02, -2.37564E-02, -2.43745E-02, -2.46528E-02, -2.44490E-02, -2.35829E-02, -2.18323E-02, -1.89315E-02, -1.45754E-02, -8.43034E-03, -1.54961E-04,  1.05707E-02,  2.40098E-02,  4.03171E-02,  5.93794E-02,  8.01486E-02,  9.86358E-02,  1.06281E-01,  9.75687E-02,  7.86381E-02,  5.78573E-02,  3.89472E-02,  2.28517E-02,  9.64721E-03, -8.42792E-04, -8.89822E-03, -1.48507E-02, -1.90477E-02, -2.18238E-02, -2.34818E-02, -2.42830E-02, -2.44445E-02, -2.41414E-02, -2.35118E-02, -2.26622E-02, -2.16735E-02, -2.06058E-02, -1.95032E-02, -1.83975E-02, -1.73108E-02, -1.62584E-02, -1.52500E-02, -1.42915E-02, -1.33859E-02, -1.25344E-02, -1.17365E-02, -1.09908E-02, -1.02953E-02, -9.64761E-03, -9.04502E-03,
 -9.12066E-03, -9.72656E-03, -1.03775E-02, -1.10760E-02, -1.18244E-02, -1.26243E-02, -1.34770E-02, -1.43822E-02, -1.53383E-02, -1.63414E-02, -1.73843E-02, -1.84556E-02, -1.95381E-02, -2.06064E-02, -2.16250E-02, -2.25445E-02, -2.32978E-02, -2.37949E-02, -2.39174E-02, -2.35120E-02, -2.23834E-02, -2.02887E-02, -1.69335E-02, -1.19718E-02, -5.01309E-03,  4.36196E-03,  1.65788E-02,  3.20440E-02,  5.11238E-02,  7.40603E-02,  1.00329E-01,  1.25620E-01,  1.36915E-01,  1.24275E-01,  9.86648E-02,  7.25832E-02,  4.99299E-02,  3.11311E-02,  1.59279E-02,  3.94728E-03, -5.22319E-03, -1.20128E-02, -1.68417E-02, -2.00982E-02, -2.21243E-02, -2.32093E-02, -2.35910E-02, -2.34597E-02, -2.29648E-02, -2.22212E-02, -2.13162E-02, -2.03150E-02, -1.92654E-02, -1.82021E-02, -1.71495E-02, -1.61246E-02, -1.51384E-02, -1.41980E-02, -1.33073E-02, -1.24680E-02, -1.16801E-02, -1.09427E-02, -1.02542E-02, -9.61223E-03, -9.01448E-03,
 -9.06857E-03, -9.66762E-03, -1.03106E-02, -1.09999E-02, -1.17375E-02, -1.25249E-02, -1.33628E-02, -1.42506E-02, -1.51862E-02, -1.61649E-02, -1.71788E-02, -1.82154E-02, -1.92560E-02, -2.02740E-02, -2.12314E-02, -2.20763E-02, -2.27378E-02, -2.31213E-02, -2.31017E-02, -2.25164E-02, -2.11572E-02, -1.87622E-02, -1.50101E-02, -9.51694E-03, -1.84109E-03,  8.50033E-03,  2.19991E-02,  3.91052E-02,  6.01556E-02,  8.52177E-02,  1.13391E-01,  1.39888E-01,  1.51551E-01,  1.38607E-01,  1.11831E-01,  8.38829E-02,  5.91423E-02,  3.84022E-02,  2.15730E-02,  8.31130E-03, -1.83565E-03, -9.35931E-03, -1.47397E-02, -1.84137E-02, -2.07596E-02, -2.20930E-02, -2.26703E-02, -2.26949E-02, -2.23255E-02, -2.16839E-02, -2.08623E-02, -1.99298E-02, -1.89372E-02, -1.79213E-02, -1.69084E-02, -1.59168E-02, -1.49587E-02, -1.40421E-02, -1.31716E-02, -1.23495E-02, -1.15764E-02, -1.08517E-02, -1.01740E-02, -9.54146E-03, -8.95186E-03,
 -8.98453E-03, -9.57348E-03, -1.02050E-02, -1.08811E-02, -1.16037E-02, -1.23740E-02, -1.31922E-02, -1.40574E-02, -1.49670E-02, -1.59159E-02, -1.68954E-02, -1.78923E-02, -1.88872E-02, -1.98522E-02, -2.07483E-02, -2.15217E-02, -2.20997E-02, -2.23848E-02, -2.22480E-02, -2.15209E-02, -1.99865E-02, -1.73700E-02, -1.33307E-02, -7.45753E-03,  7.25821E-04,  1.17382E-02,  2.60869E-02,  4.41625E-02,  6.60517E-02,  9.11871E-02,  1.17550E-01,  1.39897E-01,  1.48915E-01,  1.39003E-01,  1.16355E-01,  9.01151E-02,  6.52528E-02,  4.36613E-02,  2.58600E-02,  1.17436E-02,  9.15802E-04, -7.12957E-03, -1.29065E-02, -1.68848E-02, -1.94686E-02, -2.09923E-02, -2.17249E-02, -2.18784E-02, -2.16176E-02, -2.10682E-02, -2.03257E-02, -1.94611E-02, -1.85271E-02, -1.75619E-02, -1.65930E-02, -1.56394E-02, -1.47145E-02, -1.38267E-02, -1.29813E-02, -1.21811E-02, -1.14271E-02, -1.07191E-02, -1.00560E-02, -9.43633E-03, -8.85800E-03,
 -8.86957E-03, -9.44531E-03, -1.00619E-02, -1.07213E-02, -1.14249E-02, -1.21736E-02, -1.29676E-02, -1.38055E-02, -1.46843E-02, -1.55985E-02, -1.65391E-02, -1.74925E-02, -1.84388E-02, -1.93498E-02, -2.01862E-02, -2.08941E-02, -2.14004E-02, -2.16075E-02, -2.13858E-02, -2.05658E-02, -1.89284E-02, -1.61950E-02, -1.20179E-02, -5.97664E-03,  2.41555E-03,  1.36802E-02,  2.82967E-02,  4.65455E-02,  6.82249E-02,  9.21898E-02,  1.15697E-01,  1.33861E-01,  1.40690E-01,  1.33297E-01,  1.14873E-01,  9.14100E-02,  6.76573E-02,  4.62455E-02,  2.82561E-02,  1.38603E-02,  2.76761E-03, -5.50090E-03, -1.14612E-02, -1.55924E-02, -1.83075E-02, -1.99471E-02, -2.07840E-02, -2.10324E-02, -2.08583E-02, -2.03880E-02, -1.97175E-02, -1.89181E-02, -1.80428E-02, -1.71303E-02, -1.62085E-02, -1.52971E-02, -1.44096E-02, -1.35551E-02, -1.27392E-02, -1.19650E-02, -1.12342E-02, -1.05466E-02, -9.90173E-03, -9.29811E-03, -8.73402E-03,
 -8.72493E-03, -9.28456E-03, -9.88309E-03, -1.05222E-02, -1.12031E-02, -1.19264E-02, -1.26919E-02, -1.34982E-02, -1.43418E-02, -1.52170E-02, -1.61147E-02, -1.70212E-02, -1.79167E-02, -1.87735E-02, -1.95528E-02, -2.02020E-02, -2.06497E-02, -2.08007E-02, -2.05289E-02, -1.96693E-02, -1.80084E-02, -1.52744E-02, -1.11286E-02, -5.16228E-03,  3.09333E-03,  1.41283E-02,  2.83623E-02,  4.59615E-02,  6.65251E-02,  8.86409E-02,  1.09460E-01,  1.24776E-01,  1.30360E-01,  1.24417E-01,  1.08916E-01,  8.81252E-02,  6.61863E-02,  4.58614E-02,  2.85002E-02,  1.44693E-02,  3.58980E-03, -4.55801E-03, -1.04585E-02, -1.45726E-02, -1.73010E-02, -1.89754E-02, -1.98617E-02, -2.01686E-02, -2.00576E-02, -1.96521E-02, -1.90455E-02, -1.83076E-02, -1.74905E-02, -1.66321E-02, -1.57601E-02, -1.48942E-02, -1.40479E-02, -1.32306E-02, -1.24481E-02, -1.17040E-02, -1.10000E-02, -1.03364E-02, -9.71290E-03, -9.12835E-03, -8.58126E-03,
 -8.55213E-03, -9.09293E-03, -9.67043E-03, -1.02860E-02, -1.09408E-02, -1.16350E-02, -1.23683E-02, -1.31388E-02, -1.39432E-02, -1.47754E-02, -1.56265E-02, -1.64831E-02, -1.73259E-02, -1.81281E-02, -1.88526E-02, -1.94493E-02, -1.98503E-02, -1.99656E-02, -1.96762E-02, -1.88270E-02, -1.72178E-02, -1.45950E-02, -1.06443E-02, -4.99013E-03,  2.79091E-03,  1.31267E-02,  2.63535E-02,  4.25338E-02,  6.11668E-02,  8.08237E-02,  9.89019E-02,  1.11903E-01,  1.16598E-01,  1.11683E-01,  9.85762E-02,  8.05437E-02,  6.10483E-02,  4.26292E-02,  2.66617E-02,  1.36154E-02,  3.41504E-03, -4.27582E-03, -9.87961E-03, -1.38119E-02, -1.64405E-02, -1.80728E-02, -1.89568E-02, -1.92881E-02, -1.92185E-02, -1.88645E-02, -1.83144E-02, -1.76348E-02, -1.68752E-02, -1.60721E-02, -1.52523E-02, -1.44349E-02, -1.36334E-02, -1.28569E-02, -1.21115E-02, -1.14009E-02, -1.07271E-02, -1.00907E-02, -9.49153E-03, -8.92882E-03, -8.40130E-03,
 -8.35287E-03, -8.87236E-03, -9.42612E-03, -1.00153E-02, -1.06408E-02, -1.13026E-02, -1.20000E-02, -1.27312E-02, -1.34924E-02, -1.42780E-02, -1.50790E-02, -1.58826E-02, -1.66703E-02, -1.74170E-02, -1.80878E-02, -1.86361E-02, -1.89991E-02, -1.90942E-02, -1.88127E-02, -1.80138E-02, -1.65173E-02, -1.40968E-02, -1.04754E-02, -5.32774E-03,  1.70321E-03,  1.09613E-02,  2.26854E-02,  3.68472E-02,  5.29130E-02,  6.95777E-02,  8.46429E-02,  9.53263E-02,  9.91747E-02,  9.52194E-02,  8.45046E-02,  6.95121E-02,  5.30018E-02,  3.71267E-02,  2.31503E-02,  1.15809E-02,  2.43602E-03, -4.52323E-03, -9.63560E-03, -1.32508E-02, -1.56870E-02, -1.72146E-02, -1.80547E-02, -1.83833E-02, -1.83381E-02, -1.80254E-02, -1.75266E-02, -1.69030E-02, -1.62010E-02, -1.54548E-02, -1.46895E-02, -1.39236E-02, -1.31699E-02, -1.24376E-02, -1.17326E-02, -1.10588E-02, -1.04182E-02, -9.81191E-03, -9.23986E-03, -8.70153E-03, -8.19591E-03,
 -8.12909E-03, -8.62500E-03, -9.15258E-03, -9.71275E-03, -1.03060E-02, -1.09323E-02, -1.15907E-02, -1.22790E-02, -1.29937E-02, -1.37291E-02, -1.44765E-02, -1.52237E-02, -1.59536E-02, -1.66427E-02, -1.72590E-02, -1.77601E-02, -1.80894E-02, -1.81729E-02, -1.79145E-02, -1.71906E-02, -1.58454E-02, -1.36857E-02, -1.04797E-02, -5.96206E-03,  1.47344E-04,  8.10006E-03,  1.80378E-02,  2.98602E-02,  4.30471E-02,  5.64860E-02,  6.84355E-02,  7.68060E-02,  7.98221E-02,  7.67939E-02,  6.84581E-02,  5.66079E-02,  4.33187E-02,  3.03006E-02,  1.86364E-02,  8.82737E-03,  9.65839E-04, -5.08959E-03, -9.58573E-03, -1.27961E-02, -1.49795E-02, -1.63618E-02, -1.71314E-02, -1.74404E-02, -1.74094E-02, -1.71326E-02, -1.66826E-02, -1.61148E-02, -1.54715E-02, -1.47841E-02, -1.40761E-02, -1.33645E-02, -1.26618E-02, -1.19767E-02, -1.13152E-02, -1.06810E-02, -1.00765E-02, -9.50286E-03, -8.96035E-03, -8.44865E-03, -7.96704E-03,
 -7.88288E-03, -8.35321E-03, -8.85242E-03, -9.38119E-03, -9.93976E-03, -1.05278E-02, -1.11442E-02, -1.17866E-02, -1.24515E-02, -1.31332E-02, -1.38235E-02, -1.45109E-02, -1.51795E-02, -1.58077E-02, -1.63667E-02, -1.68185E-02, -1.71131E-02, -1.71858E-02, -1.69538E-02, -1.63123E-02, -1.51311E-02, -1.32522E-02, -1.04911E-02, -6.64383E-03, -1.50651E-03,  5.08577E-03,  1.31920E-02,  2.26658E-02,  3.30350E-02,  4.34039E-02,  5.24684E-02,  5.87432E-02,  6.10111E-02,  5.88054E-02,  5.26177E-02,  4.36747E-02,  3.34516E-02,  2.32322E-02,  1.38924E-02,  5.89146E-03, -6.29283E-04, -5.72795E-03, -9.56506E-03, -1.23387E-02, -1.42469E-02, -1.54692E-02, -1.61591E-02, -1.64433E-02, -1.64242E-02, -1.61828E-02, -1.57826E-02, -1.52725E-02, -1.46903E-02, -1.40644E-02, -1.34164E-02, -1.27622E-02, -1.21134E-02, -1.14784E-02, -1.08630E-02, -1.02711E-02, -9.70509E-03, -9.16643E-03, -8.65561E-03, -8.17256E-03, -7.71679E-03,
 -7.61649E-03, -8.05951E-03, -8.52848E-03, -9.02380E-03, -9.54545E-03, -1.00929E-02, -1.06647E-02, -1.12585E-02, -1.18706E-02, -1.24954E-02, -1.31252E-02, -1.37490E-02, -1.43523E-02, -1.49153E-02, -1.54123E-02, -1.58095E-02, -1.60635E-02, -1.61187E-02, -1.59053E-02, -1.53364E-02, -1.43067E-02, -1.26917E-02, -1.03510E-02, -7.13636E-03, -2.91057E-03,  2.42004E-03,  8.85419E-03,  1.62264E-02,  2.41324E-02,  3.18843E-02,  3.85471E-02,  4.31091E-02,  4.47687E-02,  4.32224E-02,  3.87841E-02,  3.22578E-02,  2.46479E-02,  1.68762E-02,  9.61847E-03,  3.27084E-03, -2.00381E-03, -6.20265E-03, -9.41528E-03, -1.17739E-02, -1.34214E-02, -1.44937E-02, -1.51116E-02, -1.53773E-02, -1.53753E-02, -1.51740E-02, -1.48277E-02, -1.43791E-02, -1.38614E-02, -1.33004E-02, -1.27155E-02, -1.21215E-02, -1.15293E-02, -1.09470E-02, -1.03801E-02, -9.83275E-03, -9.30744E-03, -8.80574E-03, -8.32844E-03, -7.87575E-03, -7.44742E-03,
 -7.33233E-03, -7.74657E-03, -8.18372E-03, -8.64389E-03, -9.12679E-03, -9.63158E-03, -1.01566E-02, -1.06994E-02, -1.12561E-02, -1.18212E-02, -1.23872E-02, -1.29438E-02, -1.34774E-02, -1.39702E-02, -1.43990E-02, -1.47341E-02, -1.49377E-02, -1.49626E-02, -1.47506E-02, -1.42309E-02, -1.33200E-02, -1.19224E-02, -9.93502E-03, -7.25553E-03, -3.79901E-03,  4.76144E-04,  5.53105E-03,  1.12012E-02,  1.71551E-02,  2.28790E-02,  2.77193E-02,  3.10017E-02,  3.22081E-02,  3.11441E-02,  2.80059E-02,  2.33093E-02,  1.77227E-02,  1.18911E-02,  6.32065E-03,  1.33856E-03, -2.89155E-03, -6.32879E-03, -9.01100E-03, -1.10186E-02, -1.24494E-02, -1.34024E-02, -1.39699E-02, -1.42326E-02, -1.42591E-02, -1.41064E-02, -1.38206E-02, -1.34387E-02, -1.29900E-02, -1.24974E-02, -1.19788E-02, -1.14478E-02, -1.09147E-02, -1.03872E-02, -9.87100E-03, -9.37006E-03, -8.88715E-03, -8.42405E-03, -7.98180E-03, -7.56087E-03, -7.16130E-03,
 -7.03289E-03, -7.41720E-03, -7.82128E-03, -8.24496E-03, -8.68765E-03, -9.14823E-03, -9.62483E-03, -1.01147E-02, -1.06138E-02, -1.11167E-02, -1.16161E-02, -1.21020E-02, -1.25619E-02, -1.29792E-02, -1.33331E-02, -1.35970E-02, -1.37382E-02, -1.37163E-02, -1.34828E-02, -1.29800E-02, -1.21421E-02, -1.08968E-02, -9.16975E-03, -6.89315E-03, -4.01929E-03, -5.40706E-04,  3.48396E-03,  7.90194E-03,  1.24454E-02,  1.67319E-02,  2.03028E-02,  2.27046E-02,  2.35986E-02,  2.28582E-02,  2.06072E-02,  1.71799E-02,  1.30242E-02,  8.59307E-03,  4.26419E-03,  3.03164E-04, -3.13703E-03, -5.99552E-03, -8.27634E-03, -1.00232E-02, -1.13001E-02, -1.21777E-02, -1.27254E-02, -1.30066E-02, -1.30771E-02, -1.29840E-02, -1.27668E-02, -1.24576E-02, -1.20824E-02, -1.16619E-02, -1.12125E-02, -1.07469E-02, -1.02749E-02, -9.80416E-03, -9.34019E-03, -8.88716E-03, -8.44801E-03, -8.02477E-03, -7.61874E-03, -7.23068E-03, -6.86089E-03,
 -6.72074E-03, -7.07427E-03, -7.44438E-03, -7.83061E-03, -8.23207E-03, -8.64732E-03, -9.07422E-03, -9.50975E-03, -9.94974E-03, -1.03886E-02, -1.08191E-02, -1.12316E-02, -1.16141E-02, -1.19511E-02, -1.22235E-02, -1.24073E-02, -1.24736E-02, -1.23874E-02, -1.21073E-02, -1.15859E-02, -1.07705E-02, -9.60574E-03, -8.03774E-03, -6.02217E-03, -3.53545E-03, -5.90169E-04,  2.74678E-03,  6.33688E-03,  9.96029E-03,  1.33229E-02,  1.60884E-02,  1.79360E-02,  1.86316E-02,  1.80877E-02,  1.63870E-02,  1.37587E-02,  1.05187E-02,  6.99872E-03,  3.48988E-03,  2.10778E-04, -2.69942E-03, -5.17171E-03, -7.19044E-03, -8.77578E-03, -9.96867E-03, -1.08198E-02, -1.13819E-02, -1.17056E-02, -1.18366E-02, -1.18149E-02, -1.16745E-02, -1.14440E-02, -1.11465E-02, -1.08013E-02, -1.04234E-02, -1.00251E-02, -9.61585E-03, -9.20309E-03, -8.79250E-03, -8.38839E-03, -7.99393E-03, -7.61141E-03, -7.24241E-03, -6.88798E-03, -6.54870E-03,
 -6.39850E-03, -6.72072E-03, -7.05632E-03, -7.40453E-03, -7.76416E-03, -8.13346E-03, -8.50999E-03, -8.89044E-03, -9.27039E-03, -9.64413E-03, -1.00043E-02, -1.03415E-02, -1.06439E-02, -1.08969E-02, -1.10824E-02, -1.11784E-02, -1.11586E-02, -1.09918E-02, -1.06420E-02, -1.00687E-02, -9.22823E-03, -8.07645E-03, -6.57285E-03, -4.68761E-03, -2.41112E-03,  2.33677E-04,  3.17781E-03,  6.29467E-03,  9.39546E-03,  1.22381E-02,  1.45541E-02,  1.60934E-02,  1.66758E-02,  1.62343E-02,  1.48311E-02,  1.26416E-02,  9.91165E-03,  6.90593E-03,  3.86415E-03,  9.74248E-04, -1.63656E-03, -3.89752E-03, -5.78313E-03, -7.30007E-03, -8.47524E-03, -9.34641E-03, -9.95546E-03, -1.03440E-02, -1.05510E-02, -1.06113E-02, -1.05550E-02, -1.04079E-02, -1.01916E-02, -9.92389E-03, -9.61921E-03, -9.28933E-03, -8.94364E-03, -8.58956E-03, -8.23292E-03, -7.87822E-03, -7.52890E-03, -7.18755E-03, -6.85602E-03, -6.53565E-03, -6.22731E-03,
 -6.06881E-03, -6.35952E-03, -6.66041E-03, -6.97045E-03, -7.28812E-03, -7.61136E-03, -7.93742E-03, -8.26268E-03, -8.58245E-03, -8.89079E-03, -9.18018E-03, -9.44121E-03, -9.66225E-03, -9.82904E-03, -9.92424E-03, -9.92707E-03, -9.81290E-03, -9.55311E-03, -9.11510E-03, -8.46293E-03, -7.55866E-03, -6.36487E-03, -4.84883E-03, -2.98867E-03, -7.81875E-04,  1.74424E-03,  4.52126E-03,  7.43041E-03,  1.02995E-02,  1.29116E-02,  1.50287E-02,  1.64305E-02,  1.69591E-02,  1.65557E-02,  1.52751E-02,  1.32713E-02,  1.07609E-02,  7.97852E-03,  5.13913E-03,  2.41389E-03, -7.81347E-05, -2.26721E-03, -4.12399E-03, -5.64859E-03, -6.86042E-03, -7.78986E-03, -8.47223E-03, -8.94370E-03, -9.23876E-03, -9.38885E-03, -9.42172E-03, -9.36135E-03, -9.22808E-03, -9.03893E-03, -8.80798E-03, -8.54678E-03, -8.26469E-03, -7.96926E-03, -7.66650E-03, -7.36116E-03, -7.05697E-03, -6.75679E-03, -6.46277E-03, -6.17655E-03, -5.89927E-03,
 -5.73428E-03, -5.99358E-03, -6.25995E-03, -6.53205E-03, -6.80810E-03, -7.08570E-03, -7.36180E-03, -7.63246E-03, -7.89272E-03, -8.13636E-03, -8.35565E-03, -8.54108E-03, -8.68102E-03, -8.76137E-03, -8.76522E-03, -8.67248E-03, -8.45963E-03, -8.09958E-03, -7.56186E-03, -6.81323E-03, -5.81904E-03, -4.54569E-03, -2.96446E-03, -1.05730E-03,  1.17540E-03,  3.70508E-03,  6.46458E-03,  9.33917E-03,  1.21633E-02,  1.47277E-02,  1.68023E-02,  1.81725E-02,  1.86841E-02,  1.82799E-02,  1.70144E-02,  1.50388E-02,  1.25645E-02,  9.81898E-03,  7.00915E-03,  4.29940E-03,  1.80431E-03, -4.08145E-04, -2.30794E-03, -3.89279E-03, -5.17869E-03, -6.19235E-03, -6.96556E-03, -7.53134E-03, -7.92159E-03, -8.16572E-03, -8.28996E-03, -8.31718E-03, -8.26701E-03, -8.15603E-03, -7.99812E-03, -7.80479E-03, -7.58548E-03, -7.34790E-03, -7.09831E-03, -6.84172E-03, -6.58213E-03, -6.32268E-03, -6.06585E-03, -5.81351E-03, -5.56711E-03,
 -5.39746E-03, -5.62576E-03, -5.85812E-03, -6.09295E-03, -6.32815E-03, -6.56106E-03, -6.78832E-03, -7.00568E-03, -7.20790E-03, -7.38850E-03, -7.53953E-03, -7.65131E-03, -7.71215E-03, -7.70800E-03, -7.62216E-03, -7.43497E-03, -7.12359E-03, -6.66192E-03, -6.02078E-03, -5.16860E-03, -4.07266E-03, -2.70145E-03, -1.02832E-03,  9.63104E-04,  3.27141E-03,  5.86805E-03,  8.68683E-03,  1.16146E-02,  1.44867E-02,  1.70935E-02,  1.92014E-02,  2.05911E-02,  2.11038E-02,  2.06808E-02,  1.93793E-02,  1.73561E-02,  1.48282E-02,  1.20266E-02,  9.15869E-03,  6.38759E-03,  3.82590E-03,  1.54010E-03, -4.40262E-04, -2.11237E-03, -3.49093E-03, -4.60090E-03, -5.47222E-03, -6.13616E-03, -6.62309E-03, -6.96117E-03, -7.17568E-03, -7.28882E-03, -7.31979E-03, -7.28493E-03, -7.19805E-03, -7.07067E-03, -6.91240E-03, -6.73112E-03, -6.53332E-03, -6.32428E-03, -6.10827E-03, -5.88871E-03, -5.66833E-03, -5.44930E-03, -5.23330E-03,
 -5.06080E-03, -5.25880E-03, -5.45802E-03, -5.65659E-03, -5.85217E-03, -6.04184E-03, -6.22194E-03, -6.38798E-03, -6.53445E-03, -6.65463E-03, -6.74037E-03, -6.78185E-03, -6.76730E-03, -6.68271E-03, -6.51155E-03, -6.23449E-03, -5.82921E-03, -5.27040E-03, -4.52990E-03, -3.57737E-03, -2.38155E-03, -9.12456E-04,  8.55093E-04,  2.93627E-03,  5.32898E-03,  8.00459E-03,  1.08973E-02,  1.38943E-02,  1.68307E-02,  1.94942E-02,  2.16469E-02,  2.30634E-02,  2.35802E-02,  2.31368E-02,  2.17932E-02,  1.97121E-02,  1.71168E-02,  1.42432E-02,  1.13010E-02,  8.45356E-03,  5.81275E-03,  3.44422E-03,  1.37714E-03, -3.85362E-04, -1.85718E-03, -3.06212E-03, -4.02879E-03, -4.78721E-03, -5.36661E-03, -5.79421E-03, -6.09456E-03, -6.28937E-03, -6.39748E-03, -6.43507E-03, -6.41587E-03, -6.35147E-03, -6.25159E-03, -6.12430E-03, -5.97628E-03, -5.81305E-03, -5.63913E-03, -5.45818E-03, -5.27319E-03, -5.08657E-03, -4.90021E-03,
 -4.72661E-03, -4.89530E-03, -5.06253E-03, -5.22622E-03, -5.38381E-03, -5.53213E-03, -5.66730E-03, -5.78462E-03, -5.87835E-03, -5.94161E-03, -5.96609E-03, -5.94190E-03, -5.85725E-03, -5.69824E-03, -5.44857E-03, -5.08933E-03, -4.59882E-03, -3.95255E-03, -3.12349E-03, -2.08266E-03, -8.00416E-04,  7.51429E-04,  2.59622E-03,  4.74740E-03,  7.20149E-03,  9.92899E-03,  1.28639E-02,  1.58940E-02,  1.88550E-02,  2.15358E-02,  2.36988E-02,  2.51189E-02,  2.56320E-02,  2.51782E-02,  2.38180E-02,  2.17148E-02,  1.90925E-02,  1.61867E-02,  1.32064E-02,  1.03140E-02,  7.62048E-03,  5.19145E-03,  3.05659E-03,  1.22003E-03, -3.30685E-04, -1.61780E-03, -2.66837E-03, -3.51096E-03, -4.17356E-03, -4.68236E-03, -5.06113E-03, -5.33098E-03, -5.51036E-03, -5.61520E-03, -5.65913E-03, -5.65374E-03, -5.60878E-03, -5.53246E-03, -5.43162E-03, -5.31196E-03, -5.17819E-03, -5.03421E-03, -4.88321E-03, -4.72779E-03, -4.57008E-03,
 -4.39707E-03, -4.53766E-03, -4.67434E-03, -4.80484E-03, -4.92640E-03, -5.03569E-03, -5.12864E-03, -5.20037E-03, -5.24503E-03, -5.25560E-03, -5.22375E-03, -5.13959E-03, -4.99145E-03, -4.76566E-03, -4.44634E-03, -4.01515E-03, -3.45124E-03, -2.73125E-03, -1.82961E-03, -7.19146E-04,  6.27603E-04,  2.23634E-03,  4.12767E-03,  6.31230E-03,  8.78426E-03,  1.15123E-02,  1.44299E-02,  1.74264E-02,  2.03414E-02,  2.29706E-02,  2.50851E-02,  2.64688E-02,  2.69651E-02,  2.65167E-02,  2.51818E-02,  2.31172E-02,  2.05379E-02,  1.76712E-02,  1.47195E-02,  1.18411E-02,  9.14562E-03,  6.69880E-03,  4.53183E-03,  2.65105E-03,  1.04647E-03, -3.01675E-04, -1.41814E-03, -2.32950E-03, -3.06205E-03, -3.64061E-03, -4.08790E-03, -4.42421E-03, -4.66743E-03, -4.83308E-03, -4.93456E-03, -4.98333E-03, -4.98911E-03, -4.96014E-03, -4.90336E-03, -4.82458E-03, -4.72866E-03, -4.61967E-03, -4.50095E-03, -4.37529E-03, -4.24498E-03,
 -4.07413E-03, -4.18806E-03, -4.29586E-03, -4.39511E-03, -4.48293E-03, -4.55583E-03, -4.60964E-03, -4.63938E-03, -4.63913E-03, -4.60187E-03, -4.51932E-03, -4.38173E-03, -4.17771E-03, -3.89399E-03, -3.51530E-03, -3.02416E-03, -2.40088E-03, -1.62359E-03, -6.68625E-04,  4.88779E-04,  1.87324E-03,  3.50712E-03,  5.40737E-03,  7.58091E-03,  1.00183E-02,  1.26860E-02,  1.55172E-02,  1.84044E-02,  2.11951E-02,  2.36979E-02,  2.57010E-02,  2.70066E-02,  2.74721E-02,  2.70457E-02,  2.57802E-02,  2.38187E-02,  2.13584E-02,  1.86097E-02,  1.57623E-02,  1.29668E-02,  1.03296E-02,  7.91669E-03,  5.76134E-03,  3.87312E-03,  2.24560E-03,  8.62472E-04, -2.97899E-04, -1.25936E-03, -2.04597E-03, -2.68073E-03, -3.18490E-03, -3.57769E-03, -3.87613E-03, -4.09519E-03, -4.24784E-03, -4.34525E-03, -4.39702E-03, -4.41130E-03, -4.39503E-03, -4.35408E-03, -4.29339E-03, -4.21711E-03, -4.12873E-03, -4.03116E-03, -3.92681E-03,
 -3.75958E-03, -3.84844E-03, -3.92922E-03, -3.99940E-03, -4.05599E-03, -4.09542E-03, -4.11346E-03, -4.10513E-03, -4.06452E-03, -3.98471E-03, -3.85757E-03, -3.67365E-03, -3.42198E-03, -3.08991E-03, -2.66299E-03, -2.12487E-03, -1.45732E-03, -6.40375E-04,  3.47270E-04,  1.52748E-03,  2.92139E-03,  4.54736E-03,  6.41797E-03,  8.53567E-03,  1.08872E-02,  1.34365E-02,  1.61176E-02,  1.88280E-02,  2.14267E-02,  2.37404E-02,  2.55810E-02,  2.67750E-02,  2.71988E-02,  2.68074E-02,  2.56468E-02,  2.38412E-02,  2.15637E-02,  1.90013E-02,  1.63259E-02,  1.36770E-02,  1.11557E-02,  8.82749E-03,  6.72781E-03,  4.87001E-03,  3.25187E-03,  1.86131E-03,  6.80520E-04, -3.11015E-04, -1.13456E-03, -1.81084E-03, -2.35932E-03, -2.79776E-03, -3.14214E-03, -3.40659E-03, -3.60347E-03, -3.74357E-03, -3.83616E-03, -3.88923E-03, -3.90963E-03, -3.90317E-03, -3.87482E-03, -3.82878E-03, -3.76859E-03, -3.69724E-03, -3.61726E-03,
 -3.45494E-03, -3.52048E-03, -3.57625E-03, -3.61968E-03, -3.64772E-03, -3.65678E-03, -3.64265E-03, -3.60038E-03, -3.52418E-03, -3.40732E-03, -3.24197E-03, -3.01909E-03, -2.72828E-03, -2.35770E-03, -1.89392E-03, -1.32198E-03, -6.25372E-04,  2.13661E-04,  1.21370E-03,  2.39334E-03,  3.76984E-03,  5.35720E-03,  7.16331E-03,  9.18608E-03,  1.14085E-02,  1.37929E-02,  1.62749E-02,  1.87593E-02,  2.11194E-02,  2.32033E-02,  2.48497E-02,  2.59123E-02,  2.62879E-02,  2.59397E-02,  2.49054E-02,  2.32888E-02,  2.12359E-02,  1.89072E-02,  1.64533E-02,  1.39999E-02,  1.16410E-02,  9.44024E-03,  7.43484E-03,  5.64169E-03,  4.06302E-03,  2.69127E-03,  1.51286E-03,  5.11000E-04, -3.32399E-04, -1.03544E-03, -1.61544E-03, -2.08851E-03, -2.46926E-03, -2.77081E-03, -3.00477E-03, -3.18132E-03, -3.30935E-03, -3.39654E-03, -3.44955E-03, -3.47408E-03, -3.47502E-03, -3.45656E-03, -3.42226E-03, -3.37515E-03, -3.31781E-03,
 -3.16153E-03, -3.20559E-03, -3.23847E-03, -3.25756E-03, -3.25984E-03, -3.24174E-03, -3.19912E-03, -3.12714E-03, -3.02023E-03, -2.87191E-03, -2.67476E-03, -2.42027E-03, -2.09877E-03, -1.69934E-03, -1.20978E-03, -6.16672E-04,  9.45452E-05,  9.39239E-04,  1.93308E-03,  3.09120E-03,  4.42690E-03,  5.94980E-03,  7.66326E-03,  9.56101E-03,  1.16230E-02,  1.38110E-02,  1.60638E-02,  1.82951E-02,  2.03937E-02,  2.22303E-02,  2.36708E-02,  2.45957E-02,  2.49218E-02,  2.46194E-02,  2.37190E-02,  2.23040E-02,  2.04940E-02,  1.84226E-02,  1.62180E-02,  1.39904E-02,  1.18253E-02,  9.78314E-03,  7.90174E-03,  6.20097E-03,  4.68715E-03,  3.35709E-03,  2.20150E-03,  1.20743E-03,  3.60158E-04, -3.55600E-04, -9.54834E-04, -1.45175E-03, -1.85947E-03, -2.18992E-03, -2.45379E-03, -2.66056E-03, -2.81858E-03, -2.93514E-03, -3.01661E-03, -3.06851E-03, -3.09559E-03, -3.10197E-03, -3.09117E-03, -3.06622E-03, -3.02970E-03,
 -2.88044E-03, -2.90490E-03, -2.91705E-03, -2.91430E-03, -2.89365E-03, -2.85163E-03, -2.78420E-03, -2.68675E-03, -2.55393E-03, -2.37964E-03, -2.15695E-03, -1.87796E-03, -1.53385E-03, -1.11472E-03, -6.09737E-04, -7.10349E-06,  7.05687E-04,  1.54153E-03,  2.51317E-03,  3.63232E-03,  4.90849E-03,  6.34721E-03,  7.94786E-03,  9.70076E-03,  1.15839E-02,  1.35595E-02,  1.55710E-02,  1.75417E-02,  1.93766E-02,  2.09682E-02,  2.22074E-02,  2.29990E-02,  2.32775E-02,  2.30198E-02,  2.22496E-02,  2.10327E-02,  1.94643E-02,  1.76529E-02,  1.57054E-02,  1.37161E-02,  1.17609E-02,  9.89571E-03,  8.15797E-03,  6.56946E-03,  5.13982E-03,  3.86980E-03,  2.75406E-03,  1.78338E-03,  9.46354E-04,  2.30558E-04, -3.76591E-04, -8.87307E-04, -1.31310E-03, -1.66460E-03, -1.95146E-03, -2.18236E-03, -2.36501E-03, -2.50624E-03, -2.61205E-03, -2.68770E-03, -2.73776E-03, -2.76619E-03, -2.77646E-03, -2.77152E-03, -2.75396E-03,
 -2.61249E-03, -2.61928E-03, -2.61288E-03, -2.59076E-03, -2.55000E-03, -2.48725E-03, -2.39867E-03, -2.27984E-03, -2.12577E-03, -1.93078E-03, -1.68847E-03, -1.39168E-03, -1.03243E-03, -6.01986E-04, -9.08595E-05,  5.11039E-04,  1.21418E-03,  2.02904E-03,  2.96556E-03,  4.03227E-03,  5.23523E-03,  6.57647E-03,  8.05211E-03,  9.65002E-03,  1.13473E-02,  1.31079E-02,  1.48806E-02,  1.65989E-02,  1.81829E-02,  1.95450E-02,  2.05980E-02,  2.12675E-02,  2.15028E-02,  2.12861E-02,  2.06356E-02,  1.96022E-02,  1.82604E-02,  1.66968E-02,  1.49988E-02,  1.32456E-02,  1.15031E-02,  9.82191E-03,  8.23789E-03,  6.77365E-03,  5.44125E-03,  4.24464E-03,  3.18191E-03,  2.24721E-03,  1.43223E-03,  7.27307E-04,  1.22211E-04, -3.93278E-04, -8.29019E-04, -1.19429E-03, -1.49764E-03, -1.74689E-03, -1.94905E-03, -2.11041E-03, -2.23656E-03, -2.33241E-03, -2.40230E-03, -2.45004E-03, -2.47893E-03, -2.49187E-03, -2.49137E-03,
 -2.35831E-03, -2.34934E-03, -2.32655E-03, -2.28749E-03, -2.22938E-03, -2.14900E-03, -2.04274E-03, -1.90646E-03, -1.73554E-03, -1.52477E-03, -1.26834E-03, -9.59828E-04, -5.92192E-04, -1.57820E-04,  3.51394E-04,  9.43888E-04,  1.62818E-03,  2.41247E-03,  3.30413E-03,  4.30890E-03,  5.42988E-03,  6.66626E-03,  8.01174E-03,  9.45270E-03,  1.09664E-02,  1.25193E-02,  1.40661E-02,  1.55501E-02,  1.69052E-02,  1.80608E-02,  1.89484E-02,  1.95102E-02,  1.97076E-02,  1.95270E-02,  1.89821E-02,  1.81119E-02,  1.69741E-02,  1.56370E-02,  1.41708E-02,  1.26411E-02,  1.11042E-02,  9.60496E-03,  8.17661E-03,  6.84172E-03,  5.61380E-03,  4.49915E-03,  3.49868E-03,  2.60942E-03,  1.82581E-03,  1.14070E-03,  5.46071E-04,  3.36260E-05, -4.04881E-04, -7.77374E-04, -1.09130E-03, -1.35356E-03, -1.57044E-03, -1.74765E-03, -1.89030E-03, -2.00295E-03, -2.08965E-03, -2.15399E-03, -2.19913E-03, -2.22783E-03, -2.24252E-03,
 -2.11832E-03, -2.09544E-03, -2.05836E-03, -2.00473E-03, -1.93189E-03, -1.83684E-03, -1.71619E-03, -1.56614E-03, -1.38244E-03, -1.16039E-03, -8.94793E-04, -5.79983E-04, -2.09844E-04,  2.22128E-04,  7.22711E-04,  1.29878E-03,  1.95706E-03,  2.70370E-03,  3.54383E-03,  4.48079E-03,  5.51532E-03,  6.64445E-03,  7.86027E-03,  9.14856E-03,  1.04875E-02,  1.18467E-02,  1.31867E-02,  1.44598E-02,  1.56121E-02,  1.65872E-02,  1.73317E-02,  1.78012E-02,  1.79662E-02,  1.78164E-02,  1.73622E-02,  1.66332E-02,  1.56739E-02,  1.45374E-02,  1.32800E-02,  1.19550E-02,  1.06100E-02,  9.28401E-03,  8.00715E-03,  6.80107E-03,  5.67991E-03,  4.65156E-03,  3.71903E-03,  2.88169E-03,  2.13632E-03,  1.47795E-03,  9.00601E-04,  3.97714E-04, -3.74203E-05, -4.11426E-04, -7.30663E-04, -1.00112E-03, -1.22835E-03, -1.41743E-03, -1.57301E-03, -1.69925E-03, -1.79988E-03, -1.87825E-03, -1.93733E-03, -1.97973E-03, -2.00778E-03,
 -1.89272E-03, -1.85775E-03, -1.80838E-03, -1.74241E-03, -1.65734E-03, -1.55038E-03, -1.41840E-03, -1.25794E-03, -1.06516E-03, -8.35859E-04, -5.65466E-04, -2.49059E-04,  1.18588E-04,  5.42920E-04,  1.02948E-03,  1.58372E-03,  2.21075E-03,  2.91496E-03,  3.69955E-03,  4.56597E-03,  5.51311E-03,  6.53651E-03,  7.62735E-03,  8.77148E-03,  9.94859E-03,  1.11316E-02,  1.22868E-02,  1.33744E-02,  1.43508E-02,  1.51713E-02,  1.57944E-02,  1.61860E-02,  1.63237E-02,  1.61997E-02,  1.58220E-02,  1.52129E-02,  1.44064E-02,  1.34441E-02,  1.23703E-02,  1.12285E-02,  1.00580E-02,  8.89247E-03,  7.75865E-03,  6.67675E-03,  5.66080E-03,  4.71959E-03,  3.85761E-03,  3.07603E-03,  2.37351E-03,  1.74695E-03,  1.19210E-03,  7.03983E-04,  2.77294E-04, -9.33827E-05, -4.13372E-04, -6.87783E-04, -9.21436E-04, -1.11882E-03, -1.28404E-03, -1.42089E-03, -1.53276E-03, -1.62273E-03, -1.69355E-03, -1.74769E-03, -1.78733E-03,
 -1.68156E-03, -1.63620E-03, -1.57646E-03, -1.50025E-03, -1.40526E-03, -1.28893E-03, -1.14841E-03, -9.80574E-04, -7.82001E-04, -5.48990E-04, -2.77570E-04,  3.64671E-05,  3.97506E-04,  8.10017E-04,  1.27842E-03,  1.80691E-03,  2.39919E-03,  3.05817E-03,  3.78550E-03,  4.58114E-03,  5.44266E-03,  6.36466E-03,  7.33797E-03,  8.34905E-03,  9.37938E-03,  1.04053E-02,  1.13981E-02,  1.23251E-02,  1.31512E-02,  1.38410E-02,  1.43623E-02,  1.46890E-02,  1.48040E-02,  1.47015E-02,  1.43873E-02,  1.38786E-02,  1.32014E-02,  1.23879E-02,  1.14732E-02,  1.04922E-02,  9.47749E-03,  8.45750E-03,  7.45575E-03,  6.49060E-03,  5.57552E-03,  4.71963E-03,  3.92836E-03,  3.20415E-03,  2.54714E-03,  1.95574E-03,  1.42717E-03,  9.57815E-04,  5.43611E-04,  1.80242E-04, -1.36658E-04, -4.11374E-04, -6.48023E-04, -8.50497E-04, -1.02243E-03, -1.16717E-03, -1.28779E-03, -1.38710E-03, -1.46762E-03, -1.53163E-03, -1.58119E-03,
 -1.48471E-03, -1.43058E-03, -1.36223E-03, -1.27773E-03, -1.17496E-03, -1.05157E-03, -9.05013E-04, -7.32490E-04, -5.30996E-04, -2.97312E-04, -2.80347E-05,  2.80375E-04,  6.31529E-04,  1.02902E-03,  1.47627E-03,  1.97639E-03,  2.53191E-03,  3.14451E-03,  3.81465E-03,  4.54117E-03,  5.32077E-03,  6.14755E-03,  7.01244E-03,  7.90279E-03,  8.80204E-03,  9.68973E-03,  1.05418E-02,  1.13313E-02,  1.20301E-02,  1.26104E-02,  1.30471E-02,  1.33200E-02,  1.34163E-02,  1.33314E-02,  1.30698E-02,  1.26445E-02,  1.20756E-02,  1.13880E-02,  1.06094E-02,  9.76796E-03,  8.89029E-03,  8.00032E-03,  7.11840E-03,  6.26096E-03,  5.44059E-03,  4.66630E-03,  3.94401E-03,  3.27703E-03,  2.66657E-03,  2.11224E-03,  1.61244E-03,  1.16472E-03,  7.66081E-04,  4.13180E-04,  1.02517E-04, -1.69435E-04, -4.06138E-04, -6.10922E-04, -7.86940E-04, -9.37145E-04, -1.06427E-03, -1.17085E-03, -1.25916E-03, -1.33132E-03, -1.38921E-03,
 -1.30192E-03, -1.24053E-03, -1.16520E-03, -1.07419E-03, -9.65550E-04, -8.37179E-04, -6.86792E-04, -5.11932E-04, -3.09979E-04, -7.81716E-05,  1.86360E-04,  4.86546E-04,  8.25306E-04,  1.20545E-03,  1.62956E-03,  2.09980E-03,  2.61776E-03,  3.18415E-03,  3.79852E-03,  4.45893E-03,  5.16158E-03,  5.90039E-03,  6.66668E-03,  7.44890E-03,  8.23245E-03,  8.99978E-03,  9.73079E-03,  1.04035E-02,  1.09954E-02,  1.14843E-02,  1.18509E-02,  1.20795E-02,  1.21603E-02,  1.20899E-02,  1.18715E-02,  1.15153E-02,  1.10366E-02,  1.04548E-02,  9.79194E-03,  9.07041E-03,  8.31206E-03,  7.53687E-03,  6.76228E-03,  6.00279E-03,  5.26990E-03,  4.57225E-03,  3.91589E-03,  3.30465E-03,  2.74050E-03,  2.22394E-03,  1.75432E-03,  1.33014E-03,  9.49283E-04,  6.09261E-04,  3.07334E-04,  4.06563E-05, -1.93633E-04, -3.98342E-04, -5.76173E-04, -7.29695E-04, -8.61317E-04, -9.73285E-04, -1.06767E-03, -1.14637E-03, -1.21113E-03,
 -1.13282E-03, -1.06554E-03, -9.84737E-04, -8.88813E-04, -7.76026E-04, -6.44495E-04, -4.92205E-04, -3.17016E-04, -1.16673E-04,  1.11161E-04,  3.68871E-04,  6.58840E-04,  9.83376E-04,  1.34462E-03,  1.74442E-03,  2.18420E-03,  2.66476E-03,  3.18609E-03,  3.74708E-03,  4.34529E-03,  4.97665E-03,  5.63521E-03,  6.31284E-03,  6.99916E-03,  7.68141E-03,  8.34469E-03,  8.97226E-03,  9.54622E-03,  1.00484E-02,  1.04614E-02,  1.07700E-02,  1.09622E-02,  1.10303E-02,  1.09716E-02,  1.07888E-02,  1.04896E-02,  1.00858E-02,  9.59274E-03,  9.02764E-03,  8.40860E-03,  7.75341E-03,  7.07871E-03,  6.39932E-03,  5.72790E-03,  5.07481E-03,  4.44812E-03,  3.85377E-03,  3.29584E-03,  2.77680E-03,  2.29779E-03,  1.85886E-03,  1.45928E-03,  1.09769E-03,  7.72286E-04,  4.81005E-04,  2.21599E-04, -8.25672E-06, -2.10892E-04, -3.88592E-04, -5.43565E-04, -6.77908E-04, -7.93601E-04, -8.92490E-04, -9.76287E-04, -1.04657E-03,
 -9.76946E-04, -9.05033E-04, -8.20097E-04, -7.20696E-04, -6.05274E-04, -4.72171E-04, -3.19628E-04, -1.45797E-04,  5.12339E-05,  2.73417E-04,  5.22705E-04,  8.00996E-04,  1.11007E-03,  1.45149E-03,  1.82652E-03,  2.23596E-03,  2.68003E-03,  3.15815E-03,  3.66878E-03,  4.20919E-03,  4.77527E-03,  5.36132E-03,  5.95989E-03,  6.56174E-03,  7.15585E-03,  7.72960E-03,  8.26908E-03,  8.75972E-03,  9.18688E-03,  9.53680E-03,  9.79749E-03,  9.95960E-03,  1.00172E-02,  9.96818E-03,  9.81463E-03,  9.56244E-03,  9.22090E-03,  8.80197E-03,  8.31934E-03,  7.78755E-03,  7.22112E-03,  6.63385E-03,  6.03829E-03,  5.44542E-03,  4.86442E-03,  4.30270E-03,  3.76595E-03,  3.25829E-03,  2.78246E-03,  2.34003E-03,  1.93161E-03,  1.55704E-03,  1.21554E-03,  9.05935E-04,  6.26691E-04,  3.76088E-04,  1.52277E-04, -4.66441E-05, -2.22583E-04, -3.77412E-04, -5.12938E-04, -6.30887E-04, -7.32890E-04, -8.20473E-04, -8.95057E-04,
 -8.33765E-04, -7.58349E-04, -6.70477E-04, -5.68859E-04, -4.52119E-04, -3.18805E-04, -1.67396E-04,  3.68256E-06,  1.96035E-04,  4.11268E-04,  6.50951E-04,  9.16562E-04,  1.20943E-03,  1.53065E-03,  1.88098E-03,  2.26076E-03,  2.66975E-03,  3.10699E-03,  3.57066E-03,  4.05791E-03,  4.56471E-03,  5.08573E-03,  5.61423E-03,  6.14209E-03,  6.65981E-03,  7.15674E-03,  7.62138E-03,  8.04179E-03,  8.40621E-03,  8.70367E-03,  8.92471E-03,  9.06201E-03,  9.11091E-03,  9.06983E-03,  8.94034E-03,  8.72702E-03,  8.43718E-03,  8.08023E-03,  7.66706E-03,  7.20940E-03,  6.71910E-03,  6.20759E-03,  5.68548E-03,  5.16219E-03,  4.64583E-03,  4.14310E-03,  3.65932E-03,  3.19851E-03,  2.76354E-03,  2.35624E-03,  1.97760E-03,  1.62789E-03,  1.30684E-03,  1.01370E-03,  7.47434E-04,  5.06757E-04,  2.90234E-04,  9.63367E-05, -7.65002E-05, -2.29845E-04, -3.65237E-04, -4.84167E-04, -5.88059E-04, -6.78264E-04, -7.56049E-04,
 -7.02684E-04, -6.24772E-04, -5.35019E-04, -4.32282E-04, -3.15354E-04, -1.82978E-04, -3.38505E-05,  1.33353E-04,  3.19961E-04,  5.27276E-04,  7.56530E-04,  1.00885E-03,  1.28517E-03,  1.58622E-03,  1.91236E-03,  2.26356E-03,  2.63925E-03,  3.03822E-03,  3.45849E-03,  3.89722E-03,  4.35054E-03,  4.81357E-03,  5.28027E-03,  5.74353E-03,  6.19522E-03,  6.62636E-03,  7.02742E-03,  7.38865E-03,  7.70054E-03,  7.95431E-03,  8.14247E-03,  8.25923E-03,  8.30095E-03,  8.26637E-03,  8.15672E-03,  7.97561E-03,  7.72877E-03,  7.42366E-03,  7.06902E-03,  6.67429E-03,  6.24917E-03,  5.80315E-03,  5.34514E-03,  4.88323E-03,  4.42452E-03,  3.97499E-03,  3.53954E-03,  3.12201E-03,  2.72526E-03,  2.35127E-03,  2.00130E-03,  1.67592E-03,  1.37521E-03,  1.09883E-03,  8.46107E-04,  6.16128E-04,  4.07811E-04,  2.19956E-04,  5.12986E-05, -9.94576E-05, -2.33608E-04, -3.52425E-04, -4.57144E-04, -5.48946E-04, -6.28954E-04,
 -5.83072E-04, -5.03551E-04, -4.12836E-04, -3.09924E-04, -1.93765E-04, -6.32784E-05,  8.26363E-05,  2.45083E-04,  4.25145E-04,  6.23857E-04,  8.42167E-04,  1.08090E-03,  1.34068E-03,  1.62191E-03,  1.92467E-03,  2.24864E-03,  2.59303E-03,  2.95647E-03,  3.33693E-03,  3.73164E-03,  4.13698E-03,  4.54850E-03,  4.96086E-03,  5.36785E-03,  5.76253E-03,  6.13736E-03,  6.48442E-03,  6.79571E-03,  7.06354E-03,  7.28085E-03,  7.44165E-03,  7.54136E-03,  7.57710E-03,  7.54788E-03,  7.45466E-03,  7.30029E-03,  7.08930E-03,  6.82765E-03,  6.52235E-03,  6.18106E-03,  5.81173E-03,  5.42222E-03,  5.02003E-03,  4.61209E-03,  4.20456E-03,  3.80276E-03,  3.41114E-03,  3.03330E-03,  2.67202E-03,  2.32933E-03,  2.00664E-03,  1.70474E-03,  1.42398E-03,  1.16432E-03,  9.25391E-04,  7.06583E-04,  5.07111E-04,  3.26058E-04,  1.62421E-04,  1.51447E-05, -1.16847E-04, -2.34630E-04, -3.39263E-04, -4.31771E-04, -5.13141E-04,
 -4.74272E-04, -3.93917E-04, -3.03033E-04, -2.00745E-04, -8.61510E-05,  4.16690E-05,  1.83636E-04,  3.40656E-04,  5.13599E-04,  7.03268E-04,  9.10371E-04,  1.13547E-03,  1.37896E-03,  1.64099E-03,  1.92139E-03,  2.21967E-03,  2.53487E-03,  2.86555E-03,  3.20969E-03,  3.56465E-03,  3.92710E-03,  4.29301E-03,  4.65768E-03,  5.01573E-03,  5.36123E-03,  5.68784E-03,  5.98897E-03,  6.25807E-03,  6.48885E-03,  6.67563E-03,  6.81361E-03,  6.89912E-03,  6.92987E-03,  6.90508E-03,  6.82550E-03,  6.69340E-03,  6.51239E-03,  6.28724E-03,  6.02362E-03,  5.72775E-03,  5.40616E-03,  5.06540E-03,  4.71177E-03,  4.35117E-03,  3.98895E-03,  3.62980E-03,  3.27775E-03,  2.93610E-03,  2.60751E-03,  2.29400E-03,  1.99703E-03,  1.71755E-03,  1.45612E-03,  1.21289E-03,  9.87749E-04,  7.80338E-04,  5.90115E-04,  4.16400E-04,  2.58418E-04,  1.15322E-04, -1.37677E-05, -1.29751E-04, -2.33525E-04, -3.25974E-04, -4.07956E-04,
 -3.75618E-04, -2.95096E-04, -2.04717E-04, -1.03724E-04,  8.65443E-06,  1.33191E-04,  2.70646E-04,  4.21754E-04,  5.87198E-04,  7.67587E-04,  9.63423E-04,  1.17507E-03,  1.40271E-03,  1.64630E-03,  1.90552E-03,  2.17972E-03,  2.46788E-03,  2.76851E-03,  3.07967E-03,  3.39887E-03,  3.72308E-03,  4.04870E-03,  4.37158E-03,  4.68708E-03,  4.99014E-03,  5.27541E-03,  5.53743E-03,  5.77079E-03,  5.97034E-03,  6.13149E-03,  6.25035E-03,  6.32399E-03,  6.35056E-03,  6.32944E-03,  6.26123E-03,  6.14774E-03,  5.99188E-03,  5.79748E-03,  5.56913E-03,  5.31192E-03,  5.03124E-03,  4.73253E-03,  4.42110E-03,  4.10198E-03,  3.77979E-03,  3.45867E-03,  3.14220E-03,  2.83341E-03,  2.53479E-03,  2.24829E-03,  1.97540E-03,  1.71716E-03,  1.47424E-03,  1.24697E-03,  1.03542E-03,  8.39436E-04,  6.58667E-04,  4.92639E-04,  3.40765E-04,  2.02384E-04,  7.67844E-05, -3.67748E-05, -1.39048E-04, -2.30787E-04, -3.12735E-04,
 -2.86439E-04, -2.06321E-04, -1.17013E-04, -1.78648E-05,  9.17750E-05,  2.12549E-04,  3.45078E-04,  4.89945E-04,  6.47674E-04,  8.18709E-04,  1.00339E-03,  1.20190E-03,  1.41428E-03,  1.64033E-03,  1.87962E-03,  2.13141E-03,  2.39462E-03,  2.66782E-03,  2.94913E-03,  3.23625E-03,  3.52644E-03,  3.81649E-03,  4.10277E-03,  4.38127E-03,  4.64767E-03,  4.89748E-03,  5.12612E-03,  5.32913E-03,  5.50228E-03,  5.64183E-03,  5.74462E-03,  5.80828E-03,  5.83134E-03,  5.81328E-03,  5.75459E-03,  5.65672E-03,  5.52201E-03,  5.35357E-03,  5.15516E-03,  4.93093E-03,  4.68534E-03,  4.42293E-03,  4.14818E-03,  3.86538E-03,  3.57852E-03,  3.29122E-03,  3.00666E-03,  2.72760E-03,  2.45634E-03,  2.19474E-03,  1.94426E-03,  1.70599E-03,  1.48066E-03,  1.26874E-03,  1.07044E-03,  8.85739E-04,  7.14471E-04,  5.56316E-04,  4.10853E-04,  2.77575E-04,  1.55918E-04,  4.52807E-05, -5.49637E-05, -1.45450E-04, -2.26814E-04,
 -2.06075E-04, -1.26843E-04, -3.90728E-05,  5.77865E-05,  1.64280E-04,  2.80935E-04,  4.08250E-04,  5.46679E-04,  6.96610E-04,  8.58352E-04,  1.03210E-03,  1.21793E-03,  1.41573E-03,  1.62521E-03,  1.84585E-03,  2.07687E-03,  2.31719E-03,  2.56541E-03,  2.81977E-03,  3.07818E-03,  3.33814E-03,  3.59682E-03,  3.85104E-03,  4.09734E-03,  4.33205E-03,  4.55137E-03,  4.75146E-03,  4.92863E-03,  5.07939E-03,  5.20067E-03,  5.28990E-03,  5.34516E-03,  5.36525E-03,  5.34975E-03,  5.29905E-03,  5.21432E-03,  5.09748E-03,  4.95105E-03,  4.77810E-03,  4.58206E-03,  4.36663E-03,  4.13560E-03,  3.89276E-03,  3.64176E-03,  3.38605E-03,  3.12878E-03,  2.87279E-03,  2.62056E-03,  2.37420E-03,  2.13545E-03,  1.90572E-03,  1.68611E-03,  1.47740E-03,  1.28013E-03,  1.09460E-03,  9.20934E-04,  7.59082E-04,  6.08860E-04,  4.69980E-04,  3.42069E-04,  2.24689E-04,  1.17359E-04,  1.95661E-05, -6.92198E-05, -1.49537E-04,
 -1.33880E-04, -5.59330E-05,  2.99187E-05,  1.24139E-04,  2.27177E-04,  3.39462E-04,  4.61384E-04,  5.93287E-04,  7.35447E-04,  8.88060E-04,  1.05121E-03,  1.22487E-03,  1.40884E-03,  1.60275E-03,  1.80603E-03,  2.01789E-03,  2.23725E-03,  2.46280E-03,  2.69289E-03,  2.92561E-03,  3.15873E-03,  3.38974E-03,  3.61588E-03,  3.83414E-03,  4.04141E-03,  4.23445E-03,  4.41007E-03,  4.56517E-03,  4.69687E-03,  4.80265E-03,  4.88041E-03,  4.92855E-03,  4.94612E-03,  4.93277E-03,  4.88881E-03,  4.81520E-03,  4.71349E-03,  4.58577E-03,  4.43454E-03,  4.26266E-03,  4.07319E-03,  3.86932E-03,  3.65426E-03,  3.43111E-03,  3.20286E-03,  2.97227E-03,  2.74182E-03,  2.51375E-03,  2.28998E-03,  2.07214E-03,  1.86156E-03,  1.65930E-03,  1.46619E-03,  1.28280E-03,  1.10951E-03,  9.46535E-04,  7.93914E-04,  6.51578E-04,  5.19348E-04,  3.96961E-04,  2.84090E-04,  1.80356E-04,  8.53467E-05, -1.37651E-06, -8.02649E-05,
