  1.06602E-03,  1.13423E-03,  1.20618E-03,  1.28278E-03,  1.36552E-03,  1.45669E-03,  1.55952E-03,  1.67825E-03,  1.81805E-03,  1.98470E-03,  2.18393E-03,  2.42041E-03,  2.69626E-03,  3.00929E-03,  3.35114E-03,  3.70603E-03,  4.05128E-03,  4.36027E-03,  4.60783E-03,  4.77610E-03,  4.85832E-03,  4.85894E-03,  4.79066E-03,  4.67002E-03,  4.51355E-03,  4.33527E-03,  4.14558E-03,  3.95125E-03,  3.75615E-03,  3.56212E-03,  3.36985E-03,  3.17962E-03,  2.99174E-03,  2.80678E-03,  2.62559E-03,  2.44927E-03,  2.27901E-03,  2.11593E-03,  1.96101E-03,  1.81498E-03,  1.67829E-03,  1.55113E-03,  1.43344E-03,  1.32496E-03,  1.22529E-03,  1.13391E-03,
  1.16297E-03,  1.23942E-03,  1.31930E-03,  1.40334E-03,  1.49302E-03,  1.59085E-03,  1.70076E-03,  1.82829E-03,  1.98068E-03,  2.16657E-03,  2.39538E-03,  2.67590E-03,  3.01434E-03,  3.41132E-03,  3.85833E-03,  4.33432E-03,  4.80492E-03,  5.22669E-03,  5.55723E-03,  5.76734E-03,  5.84868E-03,  5.81291E-03,  5.68458E-03,  5.49232E-03,  5.26224E-03,  5.01447E-03,  4.76233E-03,  4.51310E-03,  4.26973E-03,  4.03253E-03,  3.80066E-03,  3.57319E-03,  3.34965E-03,  3.13029E-03,  2.91600E-03,  2.70814E-03,  2.50822E-03,  2.31769E-03,  2.13777E-03,  1.96928E-03,  1.81269E-03,  1.66808E-03,  1.53522E-03,  1.41364E-03,  1.30270E-03,  1.20166E-03,
  1.27493E-03,  1.36180E-03,  1.45162E-03,  1.54470E-03,  1.64220E-03,  1.74664E-03,  1.86247E-03,  1.99664E-03,  2.15892E-03,  2.36188E-03,  2.62023E-03,  2.94942E-03,  3.36303E-03,  3.86853E-03,  4.46075E-03,  5.11378E-03,  5.77542E-03,  6.37177E-03,  6.82688E-03,  7.09013E-03,  7.15293E-03,  7.04414E-03,  6.81188E-03,  6.50575E-03,  6.16638E-03,  5.82161E-03,  5.48707E-03,  5.16890E-03,  4.86717E-03,  4.57896E-03,  4.30061E-03,  4.02920E-03,  3.76316E-03,  3.50241E-03,  3.24803E-03,  3.00189E-03,  2.76607E-03,  2.54255E-03,  2.33284E-03,  2.13793E-03,  1.95822E-03,  1.79362E-03,  1.64363E-03,  1.50744E-03,  1.38410E-03,  1.27255E-03,
  1.40510E-03,  1.50558E-03,  1.60845E-03,  1.71325E-03,  1.82035E-03,  1.93174E-03,  2.05200E-03,  2.18933E-03,  2.35643E-03,  2.57089E-03,  2.85482E-03,  3.23358E-03,  3.73323E-03,  4.37552E-03,  5.16763E-03,  6.08476E-03,  7.05020E-03,  7.93268E-03,  8.58496E-03,  8.91215E-03,  8.91283E-03,  8.65866E-03,  8.24533E-03,  7.75770E-03,  7.25663E-03,  6.77792E-03,  6.33671E-03,  5.93416E-03,  5.56386E-03,  5.21682E-03,  4.88473E-03,  4.56170E-03,  4.24475E-03,  3.93362E-03,  3.63003E-03,  3.33680E-03,  3.05704E-03,  2.79347E-03,  2.54808E-03,  2.32197E-03,  2.11540E-03,  1.92794E-03,  1.75865E-03,  1.60628E-03,  1.46938E-03,  1.34647E-03,
  1.55720E-03,  1.67592E-03,  1.79664E-03,  1.91765E-03,  2.03782E-03,  2.15770E-03,  2.28103E-03,  2.41666E-03,  2.58030E-03,  2.79572E-03,  3.09474E-03,  3.51647E-03,  4.10593E-03,  4.91093E-03,  5.97106E-03,  7.28617E-03,  8.75813E-03,  1.01459E-02,  1.11333E-02,  1.15224E-02,  1.13517E-02,  1.08064E-02,  1.00767E-02,  9.30095E-03,  8.56343E-03,  7.90362E-03,  7.32866E-03,  6.82702E-03,  6.37955E-03,  5.96693E-03,  5.57373E-03,  5.19001E-03,  4.81134E-03,  4.43785E-03,  4.07271E-03,  3.72061E-03,  3.38630E-03,  3.07367E-03,  2.78527E-03,  2.52223E-03,  2.28447E-03,  2.07097E-03,  1.88011E-03,  1.70992E-03,  1.55832E-03,  1.42324E-03,
  1.73533E-03,  1.87888E-03,  2.02478E-03,  2.16946E-03,  2.30924E-03,  2.44172E-03,  2.56800E-03,  2.69601E-03,  2.84395E-03,  3.04288E-03,  3.33706E-03,  3.78298E-03,  4.45009E-03,  5.42578E-03,  6.81759E-03,  8.71955E-03,  1.10750E-02,  1.34480E-02,  1.50663E-02,  1.54477E-02,  1.48193E-02,  1.36885E-02,  1.24117E-02,  1.11852E-02,  1.01099E-02,  9.21426E-03,  8.48045E-03,  7.87005E-03,  7.34141E-03,  6.85896E-03,  6.39725E-03,  5.94151E-03,  5.48643E-03,  5.03381E-03,  4.58992E-03,  4.16273E-03,  3.75971E-03,  3.38638E-03,  3.04590E-03,  2.73916E-03,  2.46533E-03,  2.22237E-03,  2.00758E-03,  1.81800E-03,  1.65064E-03,  1.50269E-03,
  1.94365E-03,  2.12124E-03,  2.30320E-03,  2.48359E-03,  2.65488E-03,  2.80932E-03,  2.94208E-03,  3.05667E-03,  3.17190E-03,  3.32753E-03,  3.58452E-03,  4.02042E-03,  4.72863E-03,  5.83722E-03,  7.55685E-03,  1.02271E-02,  1.41430E-02,  1.86949E-02,  2.17007E-02,  2.16787E-02,  1.98071E-02,  1.75371E-02,  1.53491E-02,  1.34366E-02,  1.18985E-02,  1.07160E-02,  9.81079E-03,  9.09472E-03,  8.48993E-03,  7.93744E-03,  7.39926E-03,  6.85604E-03,  6.30323E-03,  5.74693E-03,  5.19938E-03,  4.67433E-03,  4.18346E-03,  3.73444E-03,  3.33077E-03,  2.97250E-03,  2.65726E-03,  2.38134E-03,  2.14039E-03,  1.93000E-03,  1.74600E-03,  1.58461E-03,
  2.18582E-03,  2.40982E-03,  2.64356E-03,  2.87855E-03,  3.10212E-03,  3.29793E-03,  3.44934E-03,  3.54794E-03,  3.60771E-03,  3.67905E-03,  3.85029E-03,  4.22931E-03,  4.92377E-03,  6.06296E-03,  7.90981E-03,  1.11631E-02,  1.74461E-02,  2.74455E-02,  3.42929E-02,  3.17769E-02,  2.66381E-02,  2.25480E-02,  1.89370E-02,  1.60108E-02,  1.38899E-02,  1.24028E-02,  1.13455E-02,  1.05513E-02,  9.89000E-03,  9.27199E-03,  8.64657E-03,  7.99250E-03,  7.30931E-03,  6.61186E-03,  5.92351E-03,  5.26800E-03,  4.66331E-03,  4.11949E-03,  3.63942E-03,  3.22091E-03,  2.85881E-03,  2.54662E-03,  2.27759E-03,  2.04531E-03,  1.84405E-03,  1.66888E-03,
  2.46406E-03,  2.75036E-03,  3.05754E-03,  3.37555E-03,  3.68627E-03,  3.96125E-03,  4.16274E-03,  4.25442E-03,  4.22909E-03,  4.14807E-03,  4.15620E-03,  4.42949E-03,  5.08373E-03,  6.15502E-03,  7.70730E-03,  1.00856E-02,  1.64908E-02,  3.89622E-02,  5.91910E-02,  4.24416E-02,  3.36382E-02,  2.90719E-02,  2.30210E-02,  1.86757E-02,  1.59868E-02,  1.42675E-02,  1.31332E-02,  1.23290E-02,  1.16516E-02,  1.09739E-02,  1.02417E-02,  9.43911E-03,  8.57360E-03,  7.67565E-03,  6.78955E-03,  5.95635E-03,  5.20294E-03,  4.54064E-03,  3.96918E-03,  3.48151E-03,  3.06753E-03,  2.71644E-03,  2.41804E-03,  2.16330E-03,  1.94457E-03,  1.75551E-03,
  2.77783E-03,  3.14550E-03,  3.55419E-03,  3.99554E-03,  4.44886E-03,  4.87296E-03,  5.19755E-03,  5.32660E-03,  5.18319E-03,  4.81877E-03,  4.50754E-03,  4.62957E-03,  5.35041E-03,  6.47035E-03,  7.66038E-03,  7.72568E-03, -3.55588E-03, -5.96539E-03,  1.57875E-02, -5.01643E-02,  4.05454E-02,  3.90260E-02,  2.61677E-02,  2.08665E-02,  1.81166E-02,  1.63411E-02,  1.52723E-02,  1.45984E-02,  1.39695E-02,  1.32202E-02,  1.23394E-02,  1.13295E-02,  1.01979E-02,  9.00157E-03,  7.82783E-03,  6.74853E-03,  5.80081E-03,  4.99248E-03,  4.31424E-03,  3.74949E-03,  3.27999E-03,  2.88863E-03,  2.56059E-03,  2.28356E-03,  2.04759E-03,  1.84480E-03,
  3.12225E-03,  3.59209E-03,  4.13543E-03,  4.75250E-03,  5.42975E-03,  6.12350E-03,  6.72932E-03,  7.04302E-03,  6.78335E-03,  5.85273E-03,  4.80387E-03,  4.68982E-03,  5.91728E-03,  7.65815E-03,  8.37845E-03,  1.06739E-02,  1.79786E-02, -3.70646E-01, -3.65541E+00, -1.07684E+00,  1.97932E-01,  3.87697E-02,  2.30490E-02,  2.26698E-02,  2.05971E-02,  1.86929E-02,  1.79278E-02,  1.77167E-02,  1.72073E-02,  1.62705E-02,  1.51592E-02,  1.38729E-02,  1.23385E-02,  1.06715E-02,  9.06424E-03,  7.64212E-03,  6.44500E-03,  5.46249E-03,  4.66465E-03,  4.01800E-03,  3.49201E-03,  3.06104E-03,  2.70445E-03,  2.40613E-03,  2.15364E-03,  1.93751E-03,
  3.48655E-03,  4.07808E-03,  4.79008E-03,  5.64210E-03,  6.64727E-03,  7.79398E-03,  8.99040E-03,  9.91584E-03,  9.79300E-03,  7.69559E-03,  4.54354E-03,  3.91016E-03,  6.96510E-03,  1.12631E-02,  1.01873E-02, -2.71503E-02, -1.92746E-01,  2.57692E+00,  7.79659E+01,  1.76188E+01,  2.56535E-02, -4.91777E-02,  2.17036E-02,  2.88578E-02,  2.41583E-02,  2.09954E-02,  2.13049E-02,  2.26033E-02,  2.20832E-02,  2.03439E-02,  1.89549E-02,  1.74419E-02,  1.52522E-02,  1.27753E-02,  1.04969E-02,  8.60764E-03,  7.10618E-03,  5.92892E-03,  5.00629E-03,  4.27884E-03,  3.69951E-03,  3.23221E-03,  2.84977E-03,  2.53201E-03,  2.26407E-03,  2.03506E-03,
  3.85328E-03,  4.58030E-03,  5.48823E-03,  6.62806E-03,  8.06520E-03,  9.88225E-03,  1.21558E-02,  1.47349E-02,  1.62019E-02,  1.21830E-02,  1.52298E-03, -2.78544E-04,  9.47638E-03,  1.88360E-02,  3.42243E-02, -1.20532E-02, -7.69720E-01, -6.12754E+00,  3.78979E+00, -1.06462E+01, -2.65302E-01,  7.72606E-02,  7.14948E-02,  4.50541E-02,  2.71157E-02,  2.08786E-02,  2.55795E-02,  3.23851E-02,  2.99755E-02,  2.44205E-02,  2.39214E-02,  2.29524E-02,  1.93650E-02,  1.53339E-02,  1.20381E-02,  9.56607E-03,  7.73274E-03,  6.36161E-03,  5.32293E-03,  4.52438E-03,  3.90002E-03,  3.40261E-03,  2.99847E-03,  2.66371E-03,  2.38144E-03,  2.13974E-03,
  4.19873E-03,  5.06436E-03,  6.17968E-03,  7.63539E-03,  9.56564E-03,  1.21933E-02,  1.59693E-02,  2.18615E-02,  3.03315E-02,  2.90617E-02, -1.52472E-02, -1.98560E-02,  3.10254E-02,  1.64625E-02,  6.72515E-02,  2.54606E-01,  6.45519E-01,  3.28807E+00,  5.71018E+00,  2.47541E+00,  1.09955E+00,  3.52233E-01,  1.36324E-01,  5.76860E-02,  2.10048E-02,  1.00211E-02,  2.96043E-02,  6.05135E-02,  4.16452E-02,  1.69880E-02,  3.16894E-02,  3.34967E-02,  2.50540E-02,  1.80005E-02,  1.34213E-02,  1.03800E-02,  8.25864E-03,  6.72952E-03,  5.60142E-03,  4.75106E-03,  4.09504E-03,  3.57615E-03,  3.15529E-03,  2.80587E-03,  2.50983E-03,  2.25493E-03,
  4.49515E-03,  5.48777E-03,  6.79878E-03,  8.56047E-03,  1.09717E-02,  1.43541E-02,  1.93897E-02,  2.84960E-02,  5.23973E-02,  1.03706E-01, -8.72695E-02, -1.48838E-01,  2.28330E-01, -8.15699E-02, -8.30059E-02,  4.35544E-01,  1.88133E+00,  1.17615E+00,  3.39157E-01,  4.27332E-01,  5.05064E-01,  2.80509E-01,  1.28044E-01,  4.65882E-02, -5.83638E-03, -3.47320E-02,  1.23150E-02,  1.73609E-01,  2.21096E-02, -9.78090E-02,  7.57801E-02,  5.72510E-02,  3.03196E-02,  1.95195E-02,  1.42273E-02,  1.09152E-02,  8.63607E-03,  7.01598E-03,  5.83946E-03,  4.96390E-03,  4.29291E-03,  3.76204E-03,  3.32890E-03,  2.96592E-03,  2.65524E-03,  2.38522E-03,
  4.71451E-03,  5.80570E-03,  7.27380E-03,  9.29117E-03,  1.21179E-02,  1.61256E-02,  2.17765E-02,  2.99120E-02,  5.18608E-02,  2.43986E-01, -7.91492E-02,  7.43459E-01, -9.88733E-01, -7.50244E-01, -7.02433E-01, -2.74864E+00,  2.22709E+01,  8.72479E-02, -1.54851E-01,  3.73161E-02,  1.42490E-01,  1.30391E-01,  7.74758E-02,  1.97682E-02, -5.16798E-02, -1.51781E-01, -1.89465E-01,  6.11298E-01, -7.62354E-01, -6.59810E-01,  5.16099E-01,  7.73893E-02,  2.60443E-02,  1.86491E-02,  1.43988E-02,  1.11942E-02,  8.87780E-03,  7.23301E-03,  6.05268E-03,  5.18098E-03,  4.51179E-03,  3.97667E-03,  3.53297E-03,  3.15460E-03,  2.82568E-03,  2.53634E-03,
  4.83344E-03,  5.97864E-03,  7.53729E-03,  9.71540E-03,  1.28466E-02,  1.74722E-02,  2.44509E-02,  3.55422E-02,  6.88476E-02,  5.83997E-01,  2.04934E+00,  1.11433E+02, -3.02227E+01, -1.10483E+00, -3.94662E-01,  1.15105E+00, -3.37824E+01, -6.70191E+00, -2.42897E-01, -1.12634E-01, -4.96352E-03,  4.37309E-02,  4.33615E-02,  8.36728E-03, -7.72352E-02, -2.86626E-01, -8.22899E-01,  1.82971E-02,  1.16353E+01,  2.71619E+01,  1.03288E+00, -1.26244E-02,  1.70421E-02,  1.86224E-02,  1.47852E-02,  1.14226E-02,  9.04881E-03,  7.42058E-03,  6.27800E-03,  5.43726E-03,  4.78251E-03,  4.24529E-03,  3.78693E-03,  3.38612E-03,  3.03107E-03,  2.71491E-03,
  4.83865E-03,  5.98192E-03,  7.54074E-03,  9.73170E-03,  1.29325E-02,  1.78775E-02,  2.63755E-02,  4.56493E-02,  1.29994E-01,  8.87090E-01,  2.74446E+00, -9.79590E-01, -1.09904E+00,  8.60533E-03,  1.71741E-01,  1.21952E+00, -9.53889E+00,  9.86324E-01, -6.79675E-02, -1.46014E-01, -3.60716E-02,  3.24375E-02,  5.31535E-02,  4.09335E-02, -2.15728E-02, -2.12948E-01, -7.81870E-01, -3.51739E+00, -1.37057E+01, -3.68375E+01, -9.55174E-01,  5.35225E-02,  3.76471E-02,  2.31737E-02,  1.57789E-02,  1.16572E-02,  9.19420E-03,  7.63609E-03,  6.57681E-03,  5.78919E-03,  5.15165E-03,  4.60345E-03,  4.11630E-03,  3.67781E-03,  3.28258E-03,  2.92775E-03,
  4.73125E-03,  5.81522E-03,  7.27703E-03,  9.30475E-03,  1.22213E-02,  1.66393E-02,  2.39251E-02,  3.78170E-02,  6.81824E-02,  8.90061E-02, -2.80309E-01,  5.91707E-01,  2.13134E-02, -1.09100E-01, -2.99141E-02, -2.03222E-01, -9.59658E-01, -6.27175E-01, -3.31157E-01, -1.17635E-01,  6.96002E-02,  1.14238E-01,  1.11604E-01,  1.21750E-01,  1.31456E-01,  7.81177E-02, -1.16442E-01, -5.60699E-01,  3.87425E+00,  4.19208E+00,  1.84971E-01,  1.05382E-01,  4.76825E-02,  2.50832E-02,  1.60015E-02,  1.16611E-02,  9.33292E-03,  7.96670E-03,  7.04736E-03,  6.32244E-03,  5.68498E-03,  5.09770E-03,  4.55196E-03,  4.04893E-03,  3.59142E-03,  3.18080E-03,
  4.52762E-03,  5.50624E-03,  6.79456E-03,  8.52254E-03,  1.08844E-02,  1.41584E-02,  1.86430E-02,  2.39761E-02,  2.54306E-02,  8.74457E-03,  2.61939E-02,  1.79663E-01,  7.37421E-02, -5.38732E-02, -9.72372E-02, -2.01119E-01, -3.92732E-01, -5.26453E-01, -4.89191E-01,  2.54449E-01,  8.21604E-01,  3.77811E-01,  1.90804E-01,  2.16946E-01,  3.69472E-01,  6.64360E-01,  5.49635E-01,  2.50769E-01,  6.40932E-01,  4.66056E-01,  8.37707E-02,  4.50979E-02,  3.15651E-02,  2.11816E-02,  1.49492E-02,  1.14105E-02,  9.57287E-03,  8.57926E-03,  7.85186E-03,  7.16311E-03,  6.47009E-03,  5.78459E-03,  5.12786E-03,  4.51812E-03,  3.96659E-03,  3.47742E-03,
  4.25558E-03,  5.10333E-03,  6.18235E-03,  7.56317E-03,  9.32389E-03,  1.15096E-02,  1.39887E-02,  1.60978E-02,  1.65926E-02,  1.81461E-02,  3.64128E-02,  5.98418E-02,  2.91251E-02, -2.77536E-02, -7.97445E-02, -1.57513E-01, -3.03837E-01, -6.48333E-01, -1.79725E+00,  2.38120E+00,  6.82625E+00,  5.24265E-01,  1.58367E-01,  2.43564E-01,  5.25590E-01,  3.20790E+00,  8.29045E+00, -3.56388E-01,  3.33704E-01,  1.41608E-01,  3.82292E-02,  1.92870E-02,  2.02940E-02,  1.86015E-02,  1.43283E-02,  1.12032E-02,  1.01609E-02,  9.80399E-03,  9.25754E-03,  8.48577E-03,  7.61420E-03,  6.72623E-03,  5.87626E-03,  5.09917E-03,  4.41159E-03,  3.81611E-03,
  3.94712E-03,  4.66013E-03,  5.53421E-03,  6.59868E-03,  7.86912E-03,  9.31661E-03,  1.08184E-02,  1.21714E-02,  1.35234E-02,  1.64648E-02,  2.25073E-02,  2.47081E-02,  1.21148E-02, -1.02383E-02, -3.35083E-02, -6.64293E-02, -1.54826E-01, -5.70722E-01, -5.75242E+00, -1.71201E+01, -6.29083E+01, -2.31640E+00,  2.31027E-02,  2.00945E-01, -2.55471E-02, -5.32766E+00,  2.93161E+01, -1.55333E+01,  7.27899E-02, -1.11643E-02, -1.67092E-02,  6.31450E-03,  2.46753E-02,  2.52350E-02,  1.53029E-02,  1.03705E-02,  1.15856E-02,  1.23746E-02,  1.16687E-02,  1.04959E-02,  9.23301E-03,  7.98196E-03,  6.81966E-03,  5.79442E-03,  4.91996E-03,  4.18781E-03,
  3.63122E-03,  4.22165E-03,  4.92020E-03,  5.73505E-03,  6.66054E-03,  7.66651E-03,  8.69887E-03,  9.73481E-03,  1.09301E-02,  1.26169E-02,  1.44210E-02,  1.42142E-02,  1.07987E-02,  9.14589E-03,  2.17736E-02,  6.48930E-02,  1.21428E-01,  5.11441E-02, -8.37872E-01,  7.18718E+00,  5.57889E+00,  5.80296E-01,  3.39661E-01,  2.77788E-01,  1.96992E-01, -6.38078E-01,  1.19033E+01, -1.41759E+00, -4.45493E-01, -1.69019E-01, -6.36789E-02,  1.86911E-02,  6.50018E-02,  5.44491E-02,  1.18146E-02,  4.18494E-03,  1.70026E-02,  1.80391E-02,  1.54230E-02,  1.33604E-02,  1.14445E-02,  9.59849E-03,  7.95794E-03,  6.58497E-03,  5.46954E-03,  4.57311E-03,
  3.32951E-03,  3.81772E-03,  4.37886E-03,  5.01321E-03,  5.71279E-03,  6.46026E-03,  7.23738E-03,  8.05006E-03,  8.94904E-03,  9.95545E-03,  1.08607E-02,  1.13870E-02,  1.26077E-02,  2.02048E-02,  5.44130E-02,  1.90207E-01,  5.75756E-01,  7.77789E-01,  4.52199E-01,  7.61149E-01,  1.66888E+00,  1.13255E+00,  5.35096E-01,  3.51506E-01,  4.36482E-01,  9.76263E-01,  1.34006E+00,  8.52669E-02, -2.96098E-01, -2.27234E-01, -7.56122E-02,  9.65933E-02,  2.00807E-01,  1.58450E-01, -4.40376E-02, -1.30295E-02,  5.09501E-02,  2.75468E-02,  1.97362E-02,  1.73084E-02,  1.44248E-02,  1.15902E-02,  9.24335E-03,  7.41685E-03,  6.01687E-03,  4.94059E-03,
  3.05515E-03,  3.46336E-03,  3.92342E-03,  4.43452E-03,  4.99238E-03,  5.59096E-03,  6.22844E-03,  6.91595E-03,  7.67762E-03,  8.52763E-03,  9.46170E-03,  1.05973E-02,  1.25130E-02,  1.65537E-02,  2.78567E-02,  1.31464E-01,  1.66106E+00,  6.48966E+00,  4.22018E-01,  5.28997E-01,  7.97637E-01,  6.56000E-01,  4.23559E-01,  2.93651E-01,  2.78113E-01,  3.15136E-01,  2.00515E-01, -7.59109E-02, -2.46499E-01, -3.49301E-01, -1.38259E-01,  3.02738E-01,  5.41406E-01,  6.96360E-01, -4.85930E-01,  2.65327E-01,  2.14829E-01,  1.35042E-02,  2.44337E-02,  2.37433E-02,  1.84116E-02,  1.38365E-02,  1.05318E-02,  8.18623E-03,  6.49505E-03,  5.24824E-03,
  2.81401E-03,  3.16242E-03,  3.55144E-03,  3.98199E-03,  4.45482E-03,  4.97285E-03,  5.54550E-03,  6.19393E-03,  6.95446E-03,  7.88109E-03,  9.05702E-03,  1.05948E-02,  1.23677E-02,  1.22193E-02, -3.13597E-03, -1.11607E-01, -1.97534E+00,  1.43791E+01, -3.28598E+01, -1.93564E+00,  3.04450E-01,  3.45097E-01,  2.63372E-01,  1.87956E-01,  1.34163E-01,  7.43481E-02, -3.47466E-02, -1.73440E-01, -1.61067E-01, -1.27587E-03, -3.25555E+00,  7.12649E-01,  8.82738E-01,  3.30219E+00, -3.01022E+00,  1.03740E+01, -6.07344E-01, -5.49920E-02,  4.75748E-02,  3.45502E-02,  2.28071E-02,  1.58234E-02,  1.15377E-02,  8.74224E-03,  6.82258E-03,  5.45029E-03,
  2.60657E-03,  2.91168E-03,  3.25234E-03,  3.63206E-03,  4.05639E-03,  4.53553E-03,  5.08843E-03,  5.74857E-03,  6.57198E-03,  7.64988E-03,  9.12826E-03,  1.12206E-02,  1.41679E-02,  1.84367E-02,  3.31683E-02,  2.87268E-01,  7.15811E+00,  2.31718E+01,  1.70355E+01, -2.25655E+00, -5.30043E-02,  1.44338E-01,  1.38219E-01,  9.67206E-02,  4.16107E-02, -3.31386E-02, -1.43085E-01, -3.35272E-01, -1.54657E+00, -9.06946E+00, -5.84707E+01,  2.06911E+00,  4.25727E-01,  3.26249E+00,  1.64925E+01,  9.59642E+01, -5.01427E+00,  3.23909E-02,  7.70820E-02,  4.13543E-02,  2.48738E-02,  1.66325E-02,  1.19131E-02,  8.93535E-03,  6.92802E-03,  5.50960E-03,
  2.42997E-03,  2.70419E-03,  3.01235E-03,  3.36043E-03,  3.75789E-03,  4.22037E-03,  4.77396E-03,  5.46176E-03,  6.35429E-03,  7.56727E-03,  9.29343E-03,  1.18658E-02,  1.59325E-02,  2.32090E-02,  4.13114E-02,  1.31237E-01,  4.43781E-01, -6.92222E+00, -3.78030E-01,  4.52129E-02,  2.68261E-03,  5.98343E-02,  6.37491E-02,  3.62502E-02, -1.54573E-02, -9.36712E-02, -1.96221E-01, -3.65923E-01, -1.56350E+00, -2.49237E+00,  5.14217E+00, -1.35422E+00,  9.11362E-02,  1.88504E+00, -2.44543E-02,  4.37965E+00, -7.64394E-01, -5.84234E-02,  4.56653E-02,  3.40100E-02,  2.26669E-02,  1.57674E-02,  1.14948E-02,  8.70026E-03,  6.78123E-03,  5.41078E-03,
  2.27961E-03,  2.53158E-03,  2.81741E-03,  3.14498E-03,  3.52636E-03,  3.98047E-03,  4.53722E-03,  5.24388E-03,  6.17541E-03,  7.45181E-03,  9.26898E-03,  1.19563E-02,  1.60872E-02,  2.26749E-02,  3.36368E-02,  5.45073E-02,  5.96277E-02, -1.72710E-01, -4.18388E-02,  7.04279E-02,  3.86481E-02,  3.54757E-02,  2.93156E-02,  5.35957E-03, -4.61712E-02, -1.41389E-01, -2.50328E-01, -1.77398E-01, -1.21905E-02,  6.35937E-01, -5.06006E-01, -6.23999E-01,  6.94675E-02,  4.93294E-01, -4.90282E-01, -2.31958E-01,  2.03918E-01,  2.29872E-02,  2.61843E-02,  2.39678E-02,  1.83987E-02,  1.37712E-02,  1.04483E-02,  8.09749E-03,  6.40780E-03,  5.16595E-03,
  2.15033E-03,  2.38557E-03,  2.65490E-03,  2.96730E-03,  3.33607E-03,  3.78123E-03,  4.33301E-03,  5.03721E-03,  5.96329E-03,  7.21704E-03,  8.96001E-03,  1.14376E-02,  1.50114E-02,  2.01861E-02,  2.77449E-02,  3.90997E-02,  5.06352E-02,  4.60608E-02,  4.49101E-02,  4.42184E-02,  3.35135E-02,  2.60691E-02,  1.76262E-02, -8.64545E-04, -4.41524E-02, -1.52186E-01, -3.00599E-01,  8.75062E-01,  1.45134E+00, -8.92327E-02, -8.23928E-02, -5.58547E-02,  5.35038E-02,  8.05585E-02, -8.13835E-02, -5.49958E-02,  5.28503E-02,  3.50241E-02,  2.24980E-02,  1.79948E-02,  1.44973E-02,  1.14919E-02,  9.10011E-03,  7.26738E-03,  5.87425E-03,  4.80927E-03,
  2.03720E-03,  2.25888E-03,  2.51449E-03,  2.81331E-03,  3.16864E-03,  3.59971E-03,  4.13434E-03,  4.81269E-03,  5.69244E-03,  6.85565E-03,  8.41689E-03,  1.05301E-02,  1.33876E-02,  1.72082E-02,  2.22203E-02,  2.84249E-02,  3.42512E-02,  3.63887E-02,  3.49517E-02,  3.13041E-02,  2.63343E-02,  2.17996E-02,  1.69591E-02,  9.49746E-03, -1.95905E-03,  3.53412E-02,  1.69818E+00,  1.31219E+01,  1.41433E+01, -2.72725E-01,  1.39353E-02,  5.27641E-02,  4.62797E-02,  2.66310E-02, -1.11192E-02, -1.14910E-02,  1.27314E-02,  1.87487E-02,  1.61959E-02,  1.35358E-02,  1.13148E-02,  9.36908E-03,  7.71266E-03,  6.35266E-03,  5.25859E-03,  4.38470E-03,
  1.93596E-03,  2.14562E-03,  2.38836E-03,  2.67309E-03,  3.01219E-03,  3.42283E-03,  3.92873E-03,  4.56240E-03,  5.36770E-03,  6.40224E-03,  7.73851E-03,  9.46080E-03,  1.16535E-02,  1.43755E-02,  1.76041E-02,  2.10812E-02,  2.40607E-02,  2.55412E-02,  2.52282E-02,  2.36367E-02,  2.16021E-02,  1.99857E-02,  1.94658E-02,  2.16115E-02,  3.37354E-02,  1.17057E-01,  1.31748E+00, -9.83204E+00,  3.50439E+01, -1.70003E+00,  2.93680E-02,  5.64678E-02,  3.58974E-02,  1.86904E-02,  4.29602E-03,  1.07868E-03,  6.38752E-03,  1.02122E-02,  1.07281E-02,  9.89306E-03,  8.72979E-03,  7.53889E-03,  6.43170E-03,  5.45730E-03,  4.62773E-03,  3.93422E-03,
  1.84324E-03,  2.04141E-03,  2.27109E-03,  2.54038E-03,  2.86013E-03,  3.24480E-03,  3.71343E-03,  4.29069E-03,  5.00761E-03,  5.90152E-03,  7.01393E-03,  8.38468E-03,  1.00396E-02,  1.19691E-02,  1.40916E-02,  1.62025E-02,  1.79534E-02,  1.89883E-02,  1.92055E-02,  1.88626E-02,  1.84827E-02,  1.87702E-02,  2.07428E-02,  2.62982E-02,  3.81969E-02,  3.68507E-02, -4.74905E-01, -2.32403E+00, -9.84848E-01, -1.26981E+00, -9.67255E-02,  1.58727E-02,  1.96721E-02,  1.31367E-02,  6.99080E-03,  4.53518E-03,  5.36479E-03,  6.80774E-03,  7.42492E-03,  7.27737E-03,  6.73695E-03,  6.04429E-03,  5.32493E-03,  4.64317E-03,  4.02876E-03,  3.49113E-03,
  1.75650E-03,  1.94322E-03,  2.15927E-03,  2.41169E-03,  2.70958E-03,  3.06453E-03,  3.49110E-03,  4.00703E-03,  4.63302E-03,  5.39159E-03,  6.30419E-03,  7.38583E-03,  8.63605E-03,  1.00261E-02,  1.14839E-02,  1.28836E-02,  1.40632E-02,  1.48919E-02,  1.53653E-02,  1.56599E-02,  1.61321E-02,  1.73211E-02,  2.00343E-02,  2.55029E-02,  3.50179E-02,  4.47952E-02,  1.99606E-02, -1.68530E-02,  6.07802E-02, -4.95486E-02, -2.39874E-02,  3.01689E-03,  9.46702E-03,  8.61174E-03,  6.37090E-03,  5.01000E-03,  4.87124E-03,  5.26829E-03,  5.55889E-03,  5.54491E-03,  5.28306E-03,  4.87817E-03,  4.41249E-03,  3.93919E-03,  3.48914E-03,  3.07784E-03,
  1.67402E-03,  1.84912E-03,  2.05098E-03,  2.28550E-03,  2.56001E-03,  2.88346E-03,  3.26652E-03,  3.72142E-03,  4.26127E-03,  4.89874E-03,  5.64352E-03,  6.49845E-03,  7.45409E-03,  8.48277E-03,  9.53415E-03,  1.05378E-02,  1.14198E-02,  1.21380E-02,  1.27227E-02,  1.33061E-02,  1.41325E-02,  1.55677E-02,  1.81231E-02,  2.24796E-02,  2.93980E-02,  3.91030E-02,  4.99912E-02,  6.31790E-02,  6.72258E-02,  3.46286E-02,  1.07855E-02,  6.60928E-03,  6.80175E-03,  6.36579E-03,  5.42014E-03,  4.67092E-03,  4.37781E-03,  4.38675E-03,  4.44577E-03,  4.40954E-03,  4.24982E-03,  3.99463E-03,  3.68380E-03,  3.35116E-03,  3.02054E-03,  2.70674E-03,
  1.59470E-03,  1.75805E-03,  1.94540E-03,  2.16153E-03,  2.41216E-03,  2.70401E-03,  3.04464E-03,  3.44215E-03,  3.90446E-03,  4.43818E-03,  5.04669E-03,  5.72779E-03,  6.47090E-03,  7.25489E-03,  8.04808E-03,  8.81300E-03,  9.51814E-03,  1.01563E-02,  1.07645E-02,  1.14384E-02,  1.23386E-02,  1.36898E-02,  1.57759E-02,  1.89175E-02,  2.33915E-02,  2.91887E-02,  3.55557E-02,  4.03891E-02,  3.84734E-02,  2.70398E-02,  1.51265E-02,  9.00121E-03,  6.68881E-03,  5.59629E-03,  4.81476E-03,  4.25176E-03,  3.93093E-03,  3.79124E-03,  3.72420E-03,  3.64463E-03,  3.51490E-03,  3.33273E-03,  3.11211E-03,  2.87065E-03,  2.62366E-03,  2.38240E-03,
  1.51794E-03,  1.66954E-03,  1.84235E-03,  2.04014E-03,  2.26730E-03,  2.52870E-03,  2.82956E-03,  3.17507E-03,  3.56981E-03,  4.01684E-03,  4.51650E-03,  5.06513E-03,  5.65380E-03,  6.26795E-03,  6.88875E-03,  7.49720E-03,  8.08154E-03,  8.64709E-03,  9.22600E-03,  9.88354E-03,  1.07189E-02,  1.18589E-02,  1.34429E-02,  1.55904E-02,  1.83319E-02,  2.14716E-02,  2.43746E-02,  2.57639E-02,  2.40098E-02,  1.89847E-02,  1.32085E-02,  9.01639E-03,  6.61917E-03,  5.28183E-03,  4.45420E-03,  3.90962E-03,  3.56404E-03,  3.35604E-03,  3.22172E-03,  3.10796E-03,  2.98305E-03,  2.83538E-03,  2.66617E-03,  2.48249E-03,  2.29266E-03,  2.10400E-03,
  1.44345E-03,  1.58347E-03,  1.74201E-03,  1.92201E-03,  2.12673E-03,  2.35963E-03,  2.62424E-03,  2.92378E-03,  3.26073E-03,  3.63625E-03,  4.04942E-03,  4.49662E-03,  4.97113E-03,  5.46348E-03,  5.96284E-03,  6.46004E-03,  6.95194E-03,  7.44670E-03,  7.96820E-03,  8.55801E-03,  9.27334E-03,  1.01793E-02,  1.13338E-02,  1.27606E-02,  1.44046E-02,  1.60670E-02,  1.73397E-02,  1.76242E-02,  1.64105E-02,  1.38200E-02,  1.07377E-02,  8.08773E-03,  6.20796E-03,  4.97479E-03,  4.16591E-03,  3.62540E-03,  3.26365E-03,  3.02137E-03,  2.85100E-03,  2.71500E-03,  2.58807E-03,  2.45688E-03,  2.31711E-03,  2.16988E-03,  2.01870E-03,  1.86764E-03,
  1.37116E-03,  1.49994E-03,  1.64475E-03,  1.80782E-03,  1.99153E-03,  2.19832E-03,  2.43050E-03,  2.69001E-03,  2.97808E-03,  3.29488E-03,  3.63913E-03,  4.00777E-03,  4.39604E-03,  4.79790E-03,  5.20724E-03,  5.61977E-03,  6.03564E-03,  6.46195E-03,  6.91460E-03,  7.41816E-03,  8.00288E-03,  8.69792E-03,  9.51962E-03,  1.04539E-02,  1.14328E-02,  1.23097E-02,  1.28530E-02,  1.27947E-02,  1.19685E-02,  1.04732E-02,  8.67353E-03,  6.97513E-03,  5.60513E-03,  4.59285E-03,  3.87166E-03,  3.36298E-03,  3.00463E-03,  2.75004E-03,  2.56283E-03,  2.41479E-03,  2.28577E-03,  2.16328E-03,  2.04106E-03,  1.91719E-03,  1.79225E-03,  1.66799E-03,
  1.30113E-03,  1.41915E-03,  1.55093E-03,  1.69816E-03,  1.86254E-03,  2.04575E-03,  2.24928E-03,  2.47422E-03,  2.72112E-03,  2.98967E-03,  3.27859E-03,  3.58550E-03,  3.90704E-03,  4.23940E-03,  4.57904E-03,  4.92396E-03,  5.27506E-03,  5.63731E-03,  6.02020E-03,  6.43689E-03,  6.90141E-03,  7.42350E-03,  8.00090E-03,  8.60934E-03,  9.19199E-03,  9.65343E-03,  9.86797E-03,  9.71457E-03,  9.13772E-03,  8.19984E-03,  7.07046E-03,  5.94496E-03,  4.95999E-03,  4.16753E-03,  3.56009E-03,  3.10569E-03,  2.76892E-03,  2.51832E-03,  2.32759E-03,  2.17570E-03,  2.04686E-03,  1.93027E-03,  1.81945E-03,  1.71117E-03,  1.60441E-03,  1.49939E-03,
  1.23347E-03,  1.34130E-03,  1.46089E-03,  1.59347E-03,  1.74026E-03,  1.90240E-03,  2.08080E-03,  2.27605E-03,  2.48827E-03,  2.71700E-03,  2.96108E-03,  3.21868E-03,  3.48744E-03,  3.76485E-03,  4.04875E-03,  4.33805E-03,  4.63341E-03,  4.93767E-03,  5.25578E-03,  5.59372E-03,  5.95636E-03,  6.34394E-03,  6.74746E-03,  7.14366E-03,  7.49116E-03,  7.73098E-03,  7.79560E-03,  7.62906E-03,  7.21358E-03,  6.58741E-03,  5.83703E-03,  5.06428E-03,  4.35061E-03,  3.74009E-03,  3.24360E-03,  2.85203E-03,  2.54795E-03,  2.31228E-03,  2.12728E-03,  1.97784E-03,  1.85193E-03,  1.74073E-03,  1.63832E-03,  1.54116E-03,  1.44744E-03,  1.35651E-03,
  1.16829E-03,  1.26657E-03,  1.37485E-03,  1.49403E-03,  1.62496E-03,  1.76838E-03,  1.92484E-03,  2.09461E-03,  2.27758E-03,  2.47324E-03,  2.68059E-03,  2.89821E-03,  3.12440E-03,  3.35740E-03,  3.59572E-03,  3.83855E-03,  4.08601E-03,  4.33930E-03,  4.60035E-03,  4.87096E-03,  5.15122E-03,  5.43736E-03,  5.71921E-03,  5.97796E-03,  6.18528E-03,  6.30549E-03,  6.30210E-03,  6.14867E-03,  5.84072E-03,  5.40210E-03,  4.88033E-03,  4.33213E-03,  3.80691E-03,  3.33701E-03,  2.93662E-03,  2.60643E-03,  2.33928E-03,  2.12462E-03,  1.95122E-03,  1.80866E-03,  1.68814E-03,  1.58273E-03,  1.48743E-03,  1.39885E-03,  1.31496E-03,  1.23469E-03,
  1.10569E-03,  1.19510E-03,  1.29298E-03,  1.39999E-03,  1.51669E-03,  1.64356E-03,  1.78090E-03,  1.92878E-03,  2.08698E-03,  2.25499E-03,  2.43195E-03,  2.61674E-03,  2.80806E-03,  3.00458E-03,  3.20511E-03,  3.40886E-03,  3.61546E-03,  3.82496E-03,  4.03748E-03,  4.25253E-03,  4.46804E-03,  4.67904E-03,  4.87641E-03,  5.04605E-03,  5.16914E-03,  5.22422E-03,  5.19132E-03,  5.05783E-03,  4.82391E-03,  4.50487E-03,  4.12852E-03,  3.72819E-03,  3.33471E-03,  2.97074E-03,  2.64905E-03,  2.37381E-03,  2.14316E-03,  1.95187E-03,  1.79322E-03,  1.66036E-03,  1.54703E-03,  1.44803E-03,  1.35931E-03,  1.27792E-03,  1.20188E-03,  1.12996E-03,
