 -4.03166E-04, -3.47883E-04, -2.85563E-04, -2.15657E-04, -1.37609E-04, -5.08624E-05,  4.51255E-05,  1.50871E-04,  2.66850E-04,  3.93471E-04,  5.31060E-04,  6.79831E-04,  8.39854E-04,  1.01102E-03,  1.19303E-03,  1.38531E-03,  1.58703E-03,  1.79704E-03,  2.01384E-03,  2.23560E-03,  2.46008E-03,  2.68471E-03,  2.90656E-03,  3.12241E-03,  3.32883E-03,  3.52220E-03,  3.69890E-03,  3.85540E-03,  3.98837E-03,  4.09488E-03,  4.17248E-03,  4.21932E-03,  4.23429E-03,  4.21701E-03,  4.16790E-03,  4.08815E-03,  3.97963E-03,  3.84482E-03,  3.68671E-03,  3.50863E-03,  3.31414E-03,  3.10685E-03,  2.89038E-03,  2.66815E-03,  2.44337E-03,  2.21894E-03,  1.99742E-03,  1.78102E-03,  1.57154E-03,  1.37047E-03,  1.17893E-03,  9.97731E-04,  8.27417E-04,  6.68282E-04,  5.20416E-04,  3.83734E-04,  2.58012E-04,  1.42916E-04,  3.80282E-05, -5.71325E-05, -1.43087E-04, -2.20382E-04, -2.89575E-04, -3.51224E-04, -4.05879E-04,
 -4.88178E-04, -4.33582E-04, -3.71466E-04, -3.01188E-04, -2.22088E-04, -1.33498E-04, -3.47513E-05,  7.48036E-05,  1.95782E-04,  3.28745E-04,  4.74167E-04,  6.32414E-04,  8.03700E-04,  9.88054E-04,  1.18528E-03,  1.39489E-03,  1.61609E-03,  1.84772E-03,  2.08822E-03,  2.33557E-03,  2.58732E-03,  2.84054E-03,  3.09187E-03,  3.33757E-03,  3.57355E-03,  3.79553E-03,  3.99911E-03,  4.18000E-03,  4.33413E-03,  4.45786E-03,  4.54815E-03,  4.60273E-03,  4.62018E-03,  4.60004E-03,  4.54283E-03,  4.45003E-03,  4.32398E-03,  4.16775E-03,  3.98503E-03,  3.77990E-03,  3.55668E-03,  3.31976E-03,  3.07342E-03,  2.82172E-03,  2.56840E-03,  2.31679E-03,  2.06979E-03,  1.82982E-03,  1.59886E-03,  1.37844E-03,  1.16972E-03,  9.73452E-04,  7.90097E-04,  6.19837E-04,  4.62627E-04,  3.18236E-04,  1.86289E-04,  6.62983E-05, -4.23023E-05, -1.40135E-04, -2.27854E-04, -3.06131E-04, -3.75634E-04, -4.37025E-04, -4.90946E-04,
 -5.82189E-04, -5.28893E-04, -4.67603E-04, -3.97574E-04, -3.18035E-04, -2.28188E-04, -1.27224E-04, -1.43380E-05,  1.11253E-04,  2.50287E-04,  4.03426E-04,  5.71224E-04,  7.54082E-04,  9.52208E-04,  1.16556E-03,  1.39378E-03,  1.63617E-03,  1.89158E-03,  2.15839E-03,  2.43447E-03,  2.71710E-03,  3.00300E-03,  3.28831E-03,  3.56866E-03,  3.83922E-03,  4.09486E-03,  4.33028E-03,  4.54020E-03,  4.71962E-03,  4.86401E-03,  4.96959E-03,  5.03348E-03,  5.05392E-03,  5.03034E-03,  4.96337E-03,  4.85488E-03,  4.70780E-03,  4.52598E-03,  4.31397E-03,  4.07682E-03,  3.81981E-03,  3.54824E-03,  3.26723E-03,  2.98160E-03,  2.69568E-03,  2.41330E-03,  2.13771E-03,  1.87157E-03,  1.61700E-03,  1.37558E-03,  1.14842E-03,  9.36194E-04,  7.39235E-04,  5.57562E-04,  3.90950E-04,  2.38981E-04,  1.01090E-04, -2.33967E-05, -1.35223E-04, -2.35178E-04, -3.24072E-04, -4.02714E-04, -4.71903E-04, -5.32412E-04, -5.84985E-04,
 -6.85885E-04, -6.34608E-04, -5.74882E-04, -5.05855E-04, -4.26629E-04, -3.36264E-04, -2.33792E-04, -1.18229E-04,  1.14027E-05,  1.56052E-04,  3.16605E-04,  4.93850E-04,  6.88426E-04,  9.00772E-04,  1.13106E-03,  1.37913E-03,  1.64442E-03,  1.92586E-03,  2.22183E-03,  2.53008E-03,  2.84766E-03,  3.17090E-03,  3.49538E-03,  3.81603E-03,  4.12714E-03,  4.42254E-03,  4.69578E-03,  4.94041E-03,  5.15020E-03,  5.31952E-03,  5.44358E-03,  5.51878E-03,  5.54286E-03,  5.51509E-03,  5.43630E-03,  5.30883E-03,  5.13640E-03,  4.92384E-03,  4.67684E-03,  4.40165E-03,  4.10475E-03,  3.79258E-03,  3.47128E-03,  3.14654E-03,  2.82339E-03,  2.50621E-03,  2.19862E-03,  1.90352E-03,  1.62312E-03,  1.35901E-03,  1.11221E-03,  8.83247E-04,  6.72260E-04,  4.79050E-04,  3.03159E-04,  1.43931E-04,  5.64552E-07, -1.27836E-04, -2.42226E-04, -3.43589E-04, -4.32911E-04, -5.11162E-04, -5.79282E-04, -6.38170E-04, -6.88675E-04,
 -7.99964E-04, -7.51537E-04, -6.94245E-04, -6.27117E-04, -5.49119E-04, -4.59154E-04, -3.56075E-04, -2.38698E-04, -1.05820E-04,  4.37565E-05,  2.11185E-04,  3.97539E-04,  6.03754E-04,  8.30567E-04,  1.07844E-03,  1.34749E-03,  1.63735E-03,  1.94713E-03,  2.27527E-03,  2.61945E-03,  2.97651E-03,  3.34238E-03,  3.71206E-03,  4.07964E-03,  4.43837E-03,  4.78085E-03,  5.09922E-03,  5.38551E-03,  5.63197E-03,  5.83150E-03,  5.97806E-03,  6.06704E-03,  6.09556E-03,  6.06268E-03,  5.96948E-03,  5.81894E-03,  5.61578E-03,  5.36613E-03,  5.07714E-03,  4.75660E-03,  4.41249E-03,  4.05265E-03,  3.68447E-03,  3.31463E-03,  2.94900E-03,  2.59254E-03,  2.24924E-03,  1.92221E-03,  1.61372E-03,  1.32528E-03,  1.05775E-03,  8.11435E-04,  5.86201E-04,  3.81557E-04,  1.96745E-04,  3.08123E-05, -1.17327E-04, -2.48836E-04, -3.64918E-04, -4.66781E-04, -5.55610E-04, -6.32553E-04, -6.98706E-04, -7.55101E-04, -8.02706E-04,
 -9.25121E-04, -8.80502E-04, -8.26654E-04, -7.62484E-04, -6.86809E-04, -5.98365E-04, -4.95807E-04, -3.77725E-04, -2.42659E-04, -8.91280E-05,  8.43410E-05,  2.79163E-04,  4.96639E-04,  7.37886E-04,  1.00375E-03,  1.29469E-03,  1.61069E-03,  1.95111E-03,  2.31453E-03,  2.69868E-03,  3.10022E-03,  3.51470E-03,  3.93649E-03,  4.35875E-03,  4.77352E-03,  5.17189E-03,  5.54428E-03,  5.88080E-03,  6.17174E-03,  6.40811E-03,  6.58220E-03,  6.68810E-03,  6.72208E-03,  6.68294E-03,  6.57206E-03,  6.39329E-03,  6.15269E-03,  5.85806E-03,  5.51848E-03,  5.14368E-03,  4.74355E-03,  4.32765E-03,  3.90486E-03,  3.48306E-03,  3.06903E-03,  2.66834E-03,  2.28536E-03,  1.92334E-03,  1.58452E-03,  1.27024E-03,  9.81089E-04,  7.17059E-04,  4.77642E-04,  2.61967E-04,  6.88964E-05, -1.02888E-04, -2.54815E-04, -3.88364E-04, -5.05022E-04, -6.06252E-04, -6.93464E-04, -7.68001E-04, -8.31127E-04, -8.84020E-04, -9.27768E-04,
 -1.06204E-03, -1.02232E-03, -9.73083E-04, -9.13105E-04, -8.41052E-04, -7.55477E-04, -6.54824E-04, -5.37431E-04, -4.01554E-04, -2.45380E-04, -6.70714E-05,  1.35197E-04,  3.63169E-04,  6.18431E-04,  9.02315E-04,  1.21577E-03,  1.55923E-03,  1.93245E-03,  2.33431E-03,  2.76266E-03,  3.21412E-03,  3.68389E-03,  4.16570E-03,  4.65168E-03,  5.13248E-03,  5.59737E-03,  6.03462E-03,  6.43194E-03,  6.77710E-03,  7.05864E-03,  7.26664E-03,  7.39343E-03,  7.43417E-03,  7.38729E-03,  7.25459E-03,  7.04107E-03,  6.75458E-03,  6.40517E-03,  6.00437E-03,  5.56445E-03,  5.09769E-03,  4.61579E-03,  4.12940E-03,  3.64781E-03,  3.17877E-03,  2.72849E-03,  2.30166E-03,  1.90157E-03,  1.53030E-03,  1.18891E-03,  8.77581E-04,  5.95836E-04,  3.42687E-04,  1.16774E-04, -8.35124E-05, -2.59933E-04, -4.14321E-04, -5.48525E-04, -6.64358E-04, -7.63567E-04, -8.47811E-04, -9.18643E-04, -9.77508E-04, -1.02573E-03, -1.06454E-03,
 -1.21138E-03, -1.17779E-03, -1.13449E-03, -1.08013E-03, -1.01322E-03, -9.32123E-04, -8.35048E-04, -7.20069E-04, -5.85120E-04, -4.28025E-04, -2.46518E-04, -3.83010E-05,  1.98903E-04,  4.67258E-04,  7.68706E-04,  1.10483E-03,  1.47668E-03,  1.88459E-03,  2.32790E-03,  2.80480E-03,  3.31196E-03,  3.84439E-03,  4.39516E-03,  4.95535E-03,  5.51396E-03,  6.05814E-03,  6.57350E-03,  7.04472E-03,  7.45630E-03,  7.79354E-03,  8.04355E-03,  8.19631E-03,  8.24548E-03,  8.18898E-03,  8.02916E-03,  7.77261E-03,  7.42958E-03,  7.01308E-03,  6.53792E-03,  6.01962E-03,  5.47350E-03,  4.91387E-03,  4.35349E-03,  3.80323E-03,  3.27192E-03,  2.76635E-03,  2.29142E-03,  1.85031E-03,  1.44479E-03,  1.07542E-03,  7.41802E-04,  4.42844E-04,  1.76920E-04, -5.79408E-05, -2.63925E-04, -4.43322E-04, -5.98442E-04, -7.31551E-04, -8.44831E-04, -9.40342E-04, -1.02001E-03, -1.08562E-03, -1.13880E-03, -1.18103E-03, -1.21366E-03,
 -1.37375E-03, -1.34768E-03, -1.31182E-03, -1.26471E-03, -1.20470E-03, -1.12996E-03, -1.03846E-03, -9.27989E-04, -7.96136E-04, -6.40313E-04, -4.57783E-04, -2.45693E-04, -1.14369E-06,  2.78724E-04,  5.96613E-04,  9.54908E-04,  1.35549E-03,  1.79946E-03,  2.28692E-03,  2.81659E-03,  3.38546E-03,  3.98848E-03,  4.61823E-03,  5.26464E-03,  5.91493E-03,  6.55372E-03,  7.16338E-03,  7.72473E-03,  8.21805E-03,  8.62432E-03,  8.92672E-03,  9.11200E-03,  9.17175E-03,  9.10318E-03,  8.90944E-03,  8.59927E-03,  8.18618E-03,  7.68718E-03,  7.12139E-03,  6.50855E-03,  5.86779E-03,  5.21665E-03,  4.57036E-03,  3.94157E-03,  3.34015E-03,  2.77340E-03,  2.24624E-03,  1.76153E-03,  1.32044E-03,  9.22821E-04,  5.67473E-04,  2.52470E-04, -2.46142E-05, -2.66509E-04, -4.76094E-04, -6.56282E-04, -8.09927E-04, -9.39772E-04, -1.04840E-03, -1.13822E-03, -1.21143E-03, -1.27006E-03, -1.31592E-03, -1.35066E-03, -1.37574E-03,
 -1.54971E-03, -1.53267E-03, -1.50594E-03, -1.46793E-03, -1.41683E-03, -1.35064E-03, -1.26707E-03, -1.16361E-03, -1.03750E-03, -8.85698E-04, -7.04939E-04, -4.91752E-04, -2.42514E-04,  4.64590E-05,  3.78789E-04,  7.57869E-04,  1.18664E-03,  1.66729E-03,  2.20095E-03,  2.78721E-03,  3.42373E-03,  4.10570E-03,  4.82536E-03,  5.57160E-03,  6.32973E-03,  7.08140E-03,  7.80507E-03,  8.47667E-03,  9.07100E-03,  9.56332E-03,  9.93144E-03,  1.01577E-02,  1.02308E-02,  1.01470E-02,  9.91058E-03,  9.53318E-03,  9.03282E-03,  8.43194E-03,  7.75536E-03,  7.02831E-03,  6.27473E-03,  5.51605E-03,  4.77039E-03,  4.05226E-03,  3.37254E-03,  2.73882E-03,  2.15571E-03,  1.62545E-03,  1.14829E-03,  7.23025E-04,  3.47388E-04,  1.83846E-05, -2.67417E-04, -5.13666E-04, -7.24060E-04, -9.02230E-04, -1.05165E-03, -1.17558E-03, -1.27705E-03, -1.35882E-03, -1.42340E-03, -1.47303E-03, -1.50975E-03, -1.53532E-03, -1.55132E-03,
 -1.73971E-03, -1.73338E-03, -1.71765E-03, -1.69080E-03, -1.65090E-03, -1.59575E-03, -1.52285E-03, -1.42938E-03, -1.31219E-03, -1.16778E-03, -9.92311E-04, -7.81627E-04, -5.31286E-04, -2.36649E-04,  1.07006E-04,  5.04302E-04,  9.59524E-04,  1.47629E-03,  2.05714E-03,  2.70301E-03,  3.41266E-03,  4.18194E-03,  5.00316E-03,  5.86436E-03,  6.74886E-03,  7.63503E-03,  8.49657E-03,  9.30332E-03,  1.00229E-02,  1.06230E-02,  1.10741E-02,  1.13524E-02,  1.14425E-02,  1.13394E-02,  1.10487E-02,  1.05866E-02,  9.97698E-03,  9.24983E-03,  8.43756E-03,  7.57250E-03,  6.68464E-03,  5.80005E-03,  4.94009E-03,  4.12117E-03,  3.35497E-03,  2.64895E-03,  2.00704E-03,  1.43034E-03,  9.17767E-04,  4.66676E-04,  7.33772E-05, -2.66467E-04, -5.57517E-04, -8.04512E-04, -1.01210E-03, -1.18473E-03, -1.32655E-03, -1.44139E-03, -1.53274E-03, -1.60373E-03, -1.65717E-03, -1.69554E-03, -1.72104E-03, -1.73559E-03, -1.74086E-03,
 -1.94411E-03, -1.95032E-03, -1.94762E-03, -1.93422E-03, -1.90808E-03, -1.86682E-03, -1.80773E-03, -1.72769E-03, -1.62319E-03, -1.49023E-03, -1.32440E-03, -1.12078E-03, -8.74026E-04, -5.78419E-04, -2.27957E-04,  1.83459E-04,  6.61777E-04,  1.21243E-03,  1.83988E-03,  2.54695E-03,  3.33410E-03,  4.19852E-03,  5.13314E-03,  6.12558E-03,  7.15733E-03,  8.20319E-03,  9.23125E-03,  1.02038E-02,  1.10792E-02,  1.18148E-02,  1.23711E-02,  1.27157E-02,  1.28276E-02,  1.26998E-02,  1.23401E-02,  1.17704E-02,  1.10236E-02,  1.01396E-02,  9.16103E-03,  8.12944E-03,  7.08231E-03,  6.05118E-03,  5.06090E-03,  4.12960E-03,  3.26930E-03,  2.48680E-03,  1.78467E-03,  1.16226E-03,  6.16589E-04,  1.43104E-04, -2.63706E-04, -6.09836E-04, -9.01414E-04, -1.14445E-03, -1.34467E-03, -1.50741E-03, -1.63757E-03, -1.73956E-03, -1.81734E-03, -1.87443E-03, -1.91390E-03, -1.93847E-03, -1.95048E-03, -1.95197E-03, -1.94469E-03,
 -2.16313E-03, -2.18383E-03, -2.19637E-03, -2.19893E-03, -2.18936E-03, -2.16517E-03, -2.12344E-03, -2.06081E-03, -1.97339E-03, -1.85673E-03, -1.70578E-03, -1.51487E-03, -1.27769E-03, -9.87301E-04, -6.36263E-04, -2.16752E-04,  2.79184E-04,  8.59252E-04,  1.53038E-03,  2.29798E-03,  3.16505E-03,  4.13097E-03,  5.19015E-03,  6.33057E-03,  7.53235E-03,  8.76662E-03,  9.99509E-03,  1.11707E-02,  1.22400E-02,  1.31465E-02,  1.38369E-02,  1.42667E-02,  1.44067E-02,  1.42471E-02,  1.37988E-02,  1.30923E-02,  1.21725E-02,  1.10935E-02,  9.91137E-03,  8.67959E-03,  7.44476E-03,  6.24466E-03,  5.10764E-03,  4.05309E-03,  3.09261E-03,  2.23143E-03,  1.46991E-03,  8.04838E-04,  2.30652E-04, -2.59680E-04, -6.73929E-04, -1.02008E-03, -1.30598E-03, -1.53908E-03, -1.72628E-03, -1.87389E-03, -1.98756E-03, -2.07232E-03, -2.13259E-03, -2.17222E-03, -2.19457E-03, -2.20252E-03, -2.19856E-03, -2.18479E-03, -2.16303E-03,
 -2.39683E-03, -2.43408E-03, -2.46423E-03, -2.48544E-03, -2.49553E-03, -2.49191E-03, -2.47153E-03, -2.43079E-03, -2.36550E-03, -2.27077E-03, -2.14097E-03, -1.96964E-03, -1.74946E-03, -1.47223E-03, -1.12889E-03, -7.09687E-04, -2.04306E-04,  3.97702E-04,  1.10638E-03,  1.93057E-03,  2.87677E-03,  3.94772E-03,  5.14059E-03,  6.44489E-03,  7.84029E-03,  9.29462E-03,  1.07626E-02,  1.21861E-02,  1.34963E-02,  1.46185E-02,  1.54801E-02,  1.60197E-02,  1.61961E-02,  1.59954E-02,  1.54331E-02,  1.45519E-02,  1.34141E-02,  1.20929E-02,  1.06627E-02,  9.19200E-03,  7.73824E-03,  6.34601E-03,  5.04675E-03,  3.86019E-03,  2.79628E-03,  1.85745E-03,  1.04067E-03,  3.39195E-04, -2.55947E-04, -7.54895E-04, -1.16815E-03, -1.50604E-03, -1.77832E-03, -1.99405E-03, -2.16138E-03, -2.28762E-03, -2.37919E-03, -2.44169E-03, -2.47997E-03, -2.49820E-03, -2.49994E-03, -2.48822E-03, -2.46559E-03, -2.43422E-03, -2.39592E-03,
 -2.64506E-03, -2.70103E-03, -2.75129E-03, -2.79403E-03, -2.82709E-03, -2.84785E-03, -2.85319E-03, -2.83935E-03, -2.80190E-03, -2.73558E-03, -2.63423E-03, -2.49065E-03, -2.29654E-03, -2.04237E-03, -1.71742E-03, -1.30976E-03, -8.06440E-04, -1.93791E-04,  5.42030E-04,  1.41418E-03,  2.43390E-03,  3.60873E-03,  4.94029E-03,  6.42139E-03,  8.03284E-03,  9.74020E-03,  1.14912E-02,  1.32146E-02,  1.48227E-02,  1.62165E-02,  1.72969E-02,  1.79781E-02,  1.82016E-02,  1.79477E-02,  1.72385E-02,  1.61344E-02,  1.47224E-02,  1.31021E-02,  1.13721E-02,  9.61946E-03,  7.91439E-03,  6.30814E-03,  4.83424E-03,  3.51107E-03,  2.34521E-03,  1.33459E-03,  4.71323E-04, -2.56029E-04, -8.60762E-04, -1.35679E-03, -1.75780E-03, -2.07675E-03, -2.32553E-03, -2.51485E-03, -2.65417E-03, -2.75176E-03, -2.81478E-03, -2.84934E-03, -2.86066E-03, -2.85314E-03, -2.83049E-03, -2.79579E-03, -2.75165E-03, -2.70020E-03, -2.64322E-03,
 -2.90749E-03, -2.98440E-03, -3.05735E-03, -3.12464E-03, -3.18417E-03, -3.23340E-03, -3.26919E-03, -3.28774E-03, -3.28448E-03, -3.25388E-03, -3.18936E-03, -3.08309E-03, -2.92584E-03, -2.70683E-03, -2.41364E-03, -2.03208E-03, -1.54632E-03, -9.39078E-04, -1.92054E-04,  7.13193E-04,  1.79393E-03,  3.06429E-03,  4.53244E-03,  6.19696E-03,  8.04229E-03,  1.00337E-02,  1.21128E-02,  1.41942E-02,  1.61668E-02,  1.79002E-02,  1.92588E-02,  2.01222E-02,  2.04068E-02,  2.00840E-02,  1.91859E-02,  1.77986E-02,  1.60442E-02,  1.40585E-02,  1.19712E-02,  9.89232E-03,  7.90562E-03,  6.06823E-03,  4.41362E-03,  2.95638E-03,  1.69725E-03,  6.27539E-04, -2.67192E-04, -1.00441E-03, -1.60266E-03, -2.08026E-03, -2.45449E-03, -2.74117E-03, -2.95439E-03, -3.10655E-03, -3.20836E-03, -3.26898E-03, -3.29618E-03, -3.29649E-03, -3.27540E-03, -3.23742E-03, -3.18632E-03, -3.12518E-03, -3.05653E-03, -2.98244E-03, -2.90457E-03,
 -3.18352E-03, -3.28362E-03, -3.38190E-03, -3.47683E-03, -3.56650E-03, -3.64848E-03, -3.71976E-03, -3.77662E-03, -3.81448E-03, -3.82770E-03, -3.80944E-03, -3.75140E-03, -3.64361E-03, -3.47418E-03, -3.22906E-03, -2.89188E-03, -2.44384E-03, -1.86372E-03, -1.12829E-03, -2.12930E-04,  9.07020E-04,  2.25414E-03,  3.84573E-03,  5.68925E-03,  7.77627E-03,  1.00753E-02,  1.25238E-02,  1.50226E-02,  1.74331E-02,  1.95850E-02,  2.12935E-02,  2.23893E-02,  2.27525E-02,  2.23414E-02,  2.12025E-02,  1.94595E-02,  1.72836E-02,  1.48595E-02,  1.23565E-02,  9.91091E-03,  7.62005E-03,  5.54446E-03,  3.71416E-03,  2.13644E-03,  8.03074E-04, -3.03744E-04, -1.20689E-03, -1.93116E-03, -2.50122E-03, -2.94031E-03, -3.26955E-03, -3.50770E-03, -3.67104E-03, -3.77351E-03, -3.82694E-03, -3.84121E-03, -3.82456E-03, -3.78375E-03, -3.72437E-03, -3.65094E-03, -3.56714E-03, -3.47594E-03, -3.37971E-03, -3.28036E-03, -3.17939E-03,
 -3.47230E-03, -3.59780E-03, -3.72405E-03, -3.84977E-03, -3.97329E-03, -4.09244E-03, -4.20447E-03, -4.30589E-03, -4.39228E-03, -4.45811E-03, -4.49649E-03, -4.49893E-03, -4.45497E-03, -4.35187E-03, -4.17426E-03, -3.90377E-03, -3.51873E-03, -2.99403E-03, -2.30116E-03, -1.40870E-03, -2.83437E-04,  1.10754E-03,  2.79335E-03,  4.79401E-03,  7.11277E-03,  9.72619E-03,  1.25724E-02,  1.55398E-02,  1.84606E-02,  2.11152E-02,  2.32544E-02,  2.46412E-02,  2.51036E-02,  2.45810E-02,  2.31411E-02,  2.09608E-02,  1.82794E-02,  1.53456E-02,  1.23767E-02,  9.53741E-03,  6.93656E-03,  4.63354E-03,  2.64997E-03,  9.81327E-04, -3.93191E-04, -1.50317E-03, -2.38173E-03, -3.06217E-03, -3.57587E-03, -3.95125E-03, -4.21333E-03, -4.38364E-03, -4.48044E-03, -4.51897E-03, -4.51187E-03, -4.46949E-03, -4.40026E-03, -4.31099E-03, -4.20712E-03, -4.09303E-03, -3.97215E-03, -3.84720E-03, -3.72030E-03, -3.59308E-03, -3.46680E-03,
 -3.77268E-03, -3.92575E-03, -4.08255E-03, -4.24214E-03, -4.40321E-03, -4.56399E-03, -4.72214E-03, -4.87455E-03, -5.01722E-03, -5.14497E-03, -5.25119E-03, -5.32749E-03, -5.36335E-03, -5.34561E-03, -5.25800E-03, -5.08063E-03, -4.78941E-03, -4.35560E-03, -3.74557E-03, -2.92089E-03, -1.83905E-03, -4.55363E-04,  1.27363E-03,  3.38426E-03,  5.89666E-03,  8.80188E-03,  1.20453E-02,  1.55083E-02,  1.89942E-02,  2.22270E-02,  2.48764E-02,  2.66150E-02,  2.71988E-02,  2.65401E-02,  2.47365E-02,  2.20390E-02,  1.87773E-02,  1.52802E-02,  1.18199E-02,  8.58882E-03,  5.70163E-03,  3.20996E-03,  1.12067E-03, -5.87703E-04, -1.95224E-03, -3.01674E-03, -3.82603E-03, -4.42256E-03, -4.84463E-03, -5.12572E-03, -5.29438E-03, -5.37452E-03, -5.38590E-03, -5.34463E-03, -5.26372E-03, -5.15362E-03, -5.02259E-03, -4.87716E-03, -4.72244E-03, -4.56238E-03, -4.40002E-03, -4.23766E-03, -4.07703E-03, -3.91939E-03, -3.76567E-03,
 -4.08327E-03, -4.26591E-03, -4.45570E-03, -4.65211E-03, -4.85433E-03, -5.06111E-03, -5.27068E-03, -5.48057E-03, -5.68742E-03, -5.88671E-03, -6.07249E-03, -6.23693E-03, -6.36993E-03, -6.45853E-03, -6.48627E-03, -6.43245E-03, -6.27133E-03, -5.97137E-03, -5.49450E-03, -4.79572E-03, -3.82333E-03, -2.52017E-03, -8.26785E-04,  1.31264E-03,  3.94018E-03,  7.06848E-03,  1.06589E-02,  1.45946E-02,  1.86551E-02,  2.25055E-02,  2.57206E-02,  2.78594E-02,  2.85830E-02,  2.77676E-02,  2.55508E-02,  2.22808E-02,  1.84007E-02,  1.43325E-02,  1.04054E-02,  6.83394E-03,  3.72990E-03,  1.12844E-03, -9.85358E-04, -2.65484E-03, -3.93644E-03, -4.88982E-03, -5.57208E-03, -6.03474E-03, -6.32256E-03, -6.47335E-03, -6.51844E-03, -6.48331E-03, -6.38848E-03, -6.25024E-03, -6.08141E-03, -5.89196E-03, -5.68961E-03, -5.48023E-03, -5.26824E-03, -5.05697E-03, -4.84880E-03, -4.64548E-03, -4.44820E-03, -4.25774E-03, -4.07460E-03,
 -4.40234E-03, -4.61638E-03, -4.84138E-03, -5.07736E-03, -5.32408E-03, -5.58099E-03, -5.84709E-03, -6.12076E-03, -6.39958E-03, -6.68005E-03, -6.95730E-03, -7.22463E-03, -7.47300E-03, -7.69043E-03, -7.86116E-03, -7.96477E-03, -7.97513E-03, -7.85919E-03, -7.57588E-03, -7.07502E-03, -6.29685E-03, -5.17249E-03, -3.62631E-03, -1.58140E-03,  1.02986E-03,  4.24809E-03,  8.05992E-03,  1.23619E-02,  1.69210E-02,  2.13494E-02,  2.51221E-02,  2.76691E-02,  2.85376E-02,  2.75597E-02,  2.49222E-02,  2.10890E-02,  1.66320E-02,  1.20705E-02,  7.78442E-03,  3.99881E-03,  8.11221E-04, -1.76888E-03, -3.78438E-03, -5.30402E-03, -6.40511E-03, -7.16325E-03, -7.64708E-03, -7.91603E-03, -8.01990E-03, -7.99944E-03, -7.88740E-03, -7.70964E-03, -7.48637E-03, -7.23313E-03, -6.96178E-03, -6.68121E-03, -6.39801E-03, -6.11697E-03, -5.84150E-03, -5.57397E-03, -5.31593E-03, -5.06833E-03, -4.83171E-03, -4.60624E-03, -4.39187E-03,
 -4.72791E-03, -4.97491E-03, -5.23706E-03, -5.51500E-03, -5.80923E-03, -6.12002E-03, -6.44734E-03, -6.79067E-03, -7.14885E-03, -7.51981E-03, -7.90023E-03, -8.28514E-03, -8.66738E-03, -9.03686E-03, -9.37971E-03, -9.67722E-03, -9.90449E-03, -1.00290E-02, -1.00089E-02, -9.79123E-03, -9.31090E-03, -8.48974E-03, -7.23797E-03, -5.45864E-03, -3.05776E-03,  3.68921E-05,  3.84487E-03,  8.28838E-03,  1.31385E-02,  1.79719E-02,  2.21772E-02,  2.50597E-02,  2.60506E-02,  2.49355E-02,  2.19525E-02,  1.76840E-02,  1.28253E-02,  7.97960E-03,  3.55960E-03, -2.15222E-04, -3.27372E-03, -5.63953E-03, -7.38695E-03, -8.61082E-03, -9.40816E-03, -9.86849E-03, -1.00695E-02, -1.00758E-02, -9.93998E-03, -9.70335E-03, -9.39815E-03, -9.04897E-03, -8.67430E-03, -8.28780E-03, -7.89941E-03, -7.51617E-03, -7.14294E-03, -6.78295E-03, -6.43820E-03, -6.10978E-03, -5.79817E-03, -5.50336E-03, -5.22502E-03, -4.96263E-03, -4.71552E-03,
 -5.05774E-03, -5.33893E-03, -5.63979E-03, -5.96167E-03, -6.30590E-03, -6.67377E-03, -7.06638E-03, -7.48459E-03, -7.92879E-03, -8.39876E-03, -8.89328E-03, -9.40981E-03, -9.94389E-03, -1.04884E-02, -1.10329E-02, -1.15619E-02, -1.20540E-02, -1.24798E-02, -1.27997E-02, -1.29618E-02, -1.28998E-02, -1.25308E-02, -1.17555E-02, -1.04614E-02, -8.53132E-03, -5.86203E-03, -2.39744E-03,  1.82078E-03,  6.58746E-03,  1.14738E-02,  1.58203E-02,  1.88458E-02,  1.98940E-02,  1.87142E-02,  1.55847E-02,  1.11767E-02,  6.27053E-03,  1.51539E-03, -2.67270E-03, -6.09906E-03, -8.72895E-03, -1.06224E-02, -1.18843E-02, -1.26322E-02, -1.29786E-02, -1.30221E-02, -1.28448E-02, -1.25127E-02, -1.20771E-02, -1.15770E-02, -1.10415E-02, -1.04918E-02, -9.94306E-03, -9.40557E-03, -8.88631E-03, -8.38962E-03, -7.91797E-03, -7.47247E-03, -7.05330E-03, -6.66000E-03, -6.29168E-03, -5.94718E-03, -5.62520E-03, -5.32438E-03, -5.04331E-03,
 -5.38935E-03, -5.70558E-03, -6.04625E-03, -6.41350E-03, -6.80964E-03, -7.23705E-03, -7.69819E-03, -8.19551E-03, -8.73131E-03, -9.30760E-03, -9.92582E-03, -1.05866E-02, -1.12890E-02, -1.20302E-02, -1.28045E-02, -1.36020E-02, -1.44071E-02, -1.51966E-02, -1.59374E-02, -1.65834E-02, -1.70727E-02, -1.73245E-02, -1.72377E-02, -1.66918E-02, -1.55538E-02, -1.36952E-02, -1.10242E-02, -7.53915E-03, -3.40005E-03,  1.00030E-03,  5.01763E-03,  7.86169E-03,  8.85477E-03,  7.73575E-03,  4.79445E-03,  7.23340E-04, -3.68922E-03, -7.81071E-03, -1.12618E-02, -1.38930E-02, -1.57128E-02, -1.68160E-02, -1.73326E-02, -1.73954E-02, -1.71244E-02, -1.66199E-02, -1.59618E-02, -1.52116E-02, -1.44145E-02, -1.36035E-02, -1.28014E-02, -1.20233E-02, -1.12791E-02, -1.05744E-02, -9.91188E-03, -9.29230E-03, -8.71503E-03, -8.17855E-03, -7.68081E-03, -7.21945E-03, -6.79200E-03, -6.39598E-03, -6.02896E-03, -5.68862E-03, -5.37280E-03,
 -5.72010E-03, -6.07176E-03, -6.45280E-03, -6.86625E-03, -7.31542E-03, -7.80396E-03, -8.33583E-03, -8.91527E-03, -9.54678E-03, -1.02350E-02, -1.09845E-02, -1.17998E-02, -1.26845E-02, -1.36413E-02, -1.46708E-02, -1.57708E-02, -1.69343E-02, -1.81482E-02, -1.93903E-02, -2.06262E-02, -2.18056E-02, -2.28588E-02, -2.36925E-02, -2.41894E-02, -2.42118E-02, -2.36147E-02, -2.22751E-02, -2.01416E-02, -1.73052E-02, -1.40716E-02, -1.09869E-02, -8.74580E-03, -7.95449E-03, -8.84824E-03, -1.11662E-02, -1.42894E-02, -1.75256E-02, -2.03404E-02, -2.24402E-02, -2.37437E-02, -2.43075E-02, -2.42572E-02, -2.37379E-02, -2.28870E-02, -2.18209E-02, -2.06317E-02, -1.93885E-02, -1.81410E-02, -1.69229E-02, -1.57563E-02, -1.46539E-02, -1.36226E-02, -1.26645E-02, -1.17788E-02, -1.09628E-02, -1.02129E-02, -9.52454E-03, -8.89307E-03, -8.31382E-03, -7.78228E-03, -7.29418E-03, -6.84553E-03, -6.43269E-03, -6.05230E-03, -5.70134E-03,
 -6.04720E-03, -6.43420E-03, -6.85561E-03, -7.31535E-03, -7.81785E-03, -8.36807E-03, -8.97159E-03, -9.63465E-03, -1.03642E-02, -1.11677E-02, -1.20536E-02, -1.30306E-02, -1.41080E-02, -1.52949E-02, -1.66001E-02, -1.80311E-02, -1.95926E-02, -2.12853E-02, -2.31030E-02, -2.50296E-02, -2.70352E-02, -2.90709E-02, -3.10638E-02, -3.29134E-02, -3.44907E-02, -3.56458E-02, -3.62287E-02, -3.61301E-02, -3.53416E-02, -3.40222E-02, -3.25271E-02, -3.13439E-02, -3.09115E-02, -3.14024E-02, -3.26260E-02, -3.41351E-02, -3.54451E-02, -3.62101E-02, -3.62807E-02, -3.56717E-02, -3.44955E-02, -3.29029E-02, -3.10430E-02, -2.90436E-02, -2.70044E-02, -2.49969E-02, -2.30696E-02, -2.12518E-02, -1.95593E-02, -1.79982E-02, -1.65678E-02, -1.52631E-02, -1.40767E-02, -1.29999E-02, -1.20235E-02, -1.11384E-02, -1.03356E-02, -9.60688E-03, -8.94469E-03, -8.34208E-03, -7.79282E-03, -7.29131E-03, -6.83257E-03, -6.41218E-03, -6.02618E-03,
 -6.36782E-03, -6.78955E-03, -7.25068E-03, -7.75605E-03, -8.31121E-03, -8.92251E-03, -9.59722E-03, -1.03437E-02, -1.11714E-02, -1.20911E-02, -1.31151E-02, -1.42572E-02, -1.55328E-02, -1.69587E-02, -1.85531E-02, -2.03354E-02, -2.23247E-02, -2.45393E-02, -2.69946E-02, -2.96996E-02, -3.26537E-02, -3.58407E-02, -3.92221E-02, -4.27299E-02, -4.62602E-02, -4.96711E-02, -5.27904E-02, -5.54383E-02, -5.74701E-02, -5.88289E-02, -5.95827E-02, -5.99054E-02, -5.99841E-02, -5.98974E-02, -5.95607E-02, -5.87856E-02, -5.74020E-02, -5.53475E-02, -5.26834E-02, -4.95559E-02, -4.61439E-02, -4.26178E-02, -3.91176E-02, -3.57453E-02, -3.25676E-02, -2.96222E-02, -2.69248E-02, -2.44762E-02, -2.22671E-02, -2.02823E-02, -1.85039E-02, -1.69126E-02, -1.54894E-02, -1.42162E-02, -1.30762E-02, -1.20541E-02, -1.11361E-02, -1.03101E-02, -9.56523E-03, -8.89207E-03, -8.28228E-03, -7.72860E-03, -7.22466E-03, -6.76492E-03, -6.34453E-03,
 -6.67913E-03, -7.13445E-03, -7.63400E-03, -8.18353E-03, -8.78971E-03, -9.46026E-03, -1.02042E-02, -1.10319E-02, -1.19555E-02, -1.29893E-02, -1.41497E-02, -1.54556E-02, -1.69291E-02, -1.85956E-02, -2.04840E-02, -2.26268E-02, -2.50603E-02, -2.78240E-02, -3.09593E-02, -3.45077E-02, -3.85071E-02, -4.29864E-02, -4.79570E-02, -5.34024E-02, -5.92637E-02, -6.54244E-02, -7.16977E-02, -7.78225E-02, -8.34762E-02, -8.83093E-02, -9.19966E-02, -9.42871E-02, -9.50317E-02, -9.41857E-02, -9.18053E-02, -8.80489E-02, -8.31725E-02, -7.75013E-02, -7.13808E-02, -6.51272E-02, -5.89953E-02, -5.31663E-02, -4.77528E-02, -4.28116E-02, -3.83580E-02, -3.43803E-02, -3.08496E-02, -2.77287E-02, -2.49766E-02, -2.25524E-02, -2.04170E-02, -1.85347E-02, -1.68732E-02, -1.54038E-02, -1.41015E-02, -1.29443E-02, -1.19134E-02, -1.09923E-02, -1.01670E-02, -9.42527E-03, -8.75682E-03, -8.15262E-03, -7.60497E-03, -7.10720E-03, -6.65357E-03,
 -6.97839E-03, -7.46563E-03, -8.00166E-03, -8.59308E-03, -9.24763E-03, -9.97435E-03, -1.07839E-02, -1.16887E-02, -1.27037E-02, -1.38462E-02, -1.51369E-02, -1.66002E-02, -1.82650E-02, -2.01655E-02, -2.23418E-02, -2.48411E-02, -2.77184E-02, -3.10369E-02, -3.48685E-02, -3.92930E-02, -4.43958E-02, -5.02634E-02, -5.69744E-02, -6.45853E-02, -7.31081E-02, -8.24784E-02, -9.25145E-02, -1.02874E-01, -1.13021E-01, -1.22230E-01, -1.29652E-01, -1.34463E-01, -1.36060E-01, -1.34232E-01, -1.29227E-01, -1.21674E-01, -1.12404E-01, -1.02253E-01, -9.19319E-02, -8.19575E-02, -7.26579E-02, -6.42049E-02, -5.66574E-02, -5.00009E-02, -4.41786E-02, -3.91124E-02, -3.47170E-02, -3.09084E-02, -2.76080E-02, -2.47449E-02, -2.22569E-02, -2.00895E-02, -1.81964E-02, -1.65376E-02, -1.50794E-02, -1.37932E-02, -1.26546E-02, -1.16431E-02, -1.07414E-02, -9.93480E-03, -9.21077E-03, -8.55874E-03, -7.96966E-03, -7.43582E-03, -6.95062E-03,
 -7.26305E-03, -7.78006E-03, -8.35000E-03, -8.98027E-03, -9.67956E-03, -1.04581E-02, -1.13282E-02, -1.23041E-02, -1.34031E-02, -1.46458E-02, -1.60567E-02, -1.76656E-02, -1.95080E-02, -2.16267E-02, -2.40733E-02, -2.69098E-02, -3.02104E-02, -3.40639E-02, -3.85752E-02, -4.38670E-02, -5.00793E-02, -5.73677E-02, -6.58951E-02, -7.58158E-02, -8.72459E-02, -1.00213E-01, -1.14583E-01, -1.29959E-01, -1.45577E-01, -1.60252E-01, -1.72441E-01, -1.80518E-01, -1.83224E-01, -1.80104E-01, -1.71693E-01, -1.59298E-01, -1.44549E-01, -1.28960E-01, -1.13677E-01, -9.94296E-02, -8.65893E-02, -7.52769E-02, -6.54576E-02, -5.70140E-02, -4.97927E-02, -4.36331E-02, -3.83825E-02, -3.39029E-02, -3.00739E-02, -2.67922E-02, -2.39707E-02, -2.15360E-02, -1.94268E-02, -1.75923E-02, -1.59900E-02, -1.45847E-02, -1.33470E-02, -1.22524E-02, -1.12805E-02, -1.04141E-02, -9.63880E-03, -8.94255E-03, -8.31509E-03, -7.74775E-03, -7.23315E-03,
 -7.53081E-03, -8.07497E-03, -8.67571E-03, -9.34108E-03, -1.00806E-02, -1.09056E-02, -1.18296E-02, -1.28686E-02, -1.40420E-02, -1.53731E-02, -1.68902E-02, -1.86275E-02, -2.06266E-02, -2.29385E-02, -2.56254E-02, -2.87633E-02, -3.24454E-02, -3.67855E-02, -4.19221E-02, -4.80223E-02, -5.52855E-02, -6.39442E-02, -7.42603E-02, -8.65107E-02, -1.00954E-01, -1.17765E-01, -1.36926E-01, -1.58055E-01, -1.80196E-01, -2.01637E-01, -2.19929E-01, -2.32295E-01, -2.36470E-01, -2.31624E-01, -2.18738E-01, -2.00156E-01, -1.78647E-01, -1.56597E-01, -1.35646E-01, -1.16691E-01, -1.00078E-01, -8.58099E-02, -7.37038E-02, -6.35027E-02, -5.49336E-02, -4.77391E-02, -4.16913E-02, -3.65945E-02, -3.22847E-02, -2.86260E-02, -2.55062E-02, -2.28338E-02, -2.05334E-02, -1.85438E-02, -1.68145E-02, -1.53043E-02, -1.39792E-02, -1.28111E-02, -1.17768E-02, -1.08572E-02, -1.00361E-02, -9.30010E-03, -8.63801E-03, -8.04029E-03, -7.49890E-03,
 -7.77968E-03, -8.34802E-03, -8.97597E-03, -9.67211E-03, -1.04466E-02, -1.13117E-02, -1.22817E-02, -1.33742E-02, -1.46103E-02, -1.60153E-02, -1.76206E-02, -1.94641E-02, -2.15926E-02, -2.40638E-02, -2.69489E-02, -3.03364E-02, -3.43361E-02, -3.90845E-02, -4.47512E-02, -5.15461E-02, -5.97266E-02, -6.96047E-02, -8.15488E-02, -9.59764E-02, -1.13324E-01, -1.33975E-01, -1.58122E-01, -1.85515E-01, -2.15111E-01, -2.44676E-01, -2.70632E-01, -2.88571E-01, -2.94689E-01, -2.87549E-01, -2.68854E-01, -2.42528E-01, -2.12938E-01, -1.83539E-01, -1.56443E-01, -1.32608E-01, -1.12239E-01, -9.51275E-02, -8.08875E-02, -6.90882E-02, -5.93200E-02, -5.12219E-02, -4.44887E-02, -3.88683E-02, -3.41547E-02, -3.01817E-02, -2.68150E-02, -2.39462E-02, -2.14883E-02, -1.93707E-02, -1.75364E-02, -1.59391E-02, -1.45409E-02, -1.33111E-02, -1.22241E-02, -1.12590E-02, -1.03985E-02, -9.62805E-03, -8.93566E-03, -8.31114E-03, -7.74593E-03,
 -8.00809E-03, -8.59734E-03, -9.24856E-03, -9.97068E-03, -1.07743E-02, -1.16722E-02, -1.26796E-02, -1.38147E-02, -1.50998E-02, -1.65621E-02, -1.82345E-02, -2.01579E-02, -2.23827E-02, -2.49715E-02, -2.80023E-02, -3.15727E-02, -3.58057E-02, -4.08557E-02, -4.69177E-02, -5.42372E-02, -6.31226E-02, -7.39576E-02, -8.72128E-02, -1.03448E-01, -1.23295E-01, -1.47391E-01, -1.76227E-01, -2.09836E-01, -2.47268E-01, -2.85891E-01, -3.20873E-01, -3.45665E-01, -3.54226E-01, -3.44199E-01, -3.18381E-01, -2.82979E-01, -2.44428E-01, -2.07346E-01, -1.74180E-01, -1.45772E-01, -1.22042E-01, -1.02488E-01, -8.64768E-02, -7.33896E-02, -6.26788E-02, -5.38849E-02, -4.66328E-02, -4.06209E-02, -3.56084E-02, -3.14040E-02, -2.78558E-02, -2.48427E-02, -2.22684E-02, -2.00556E-02, -1.81423E-02, -1.64788E-02, -1.50244E-02, -1.37462E-02, -1.26173E-02, -1.16156E-02, -1.07228E-02, -9.92374E-03, -9.20584E-03, -8.55846E-03, -7.97269E-03,
 -8.21486E-03, -8.82160E-03, -9.49191E-03, -1.02349E-02, -1.10615E-02, -1.19847E-02, -1.30198E-02, -1.41858E-02, -1.55054E-02, -1.70064E-02, -1.87228E-02, -2.06968E-02, -2.29807E-02, -2.56395E-02, -2.87551E-02, -3.24303E-02, -3.67955E-02, -4.20164E-02, -4.83040E-02, -5.59277E-02, -6.52312E-02, -7.66514E-02, -9.07378E-02, -1.08169E-01, -1.29751E-01, -1.56374E-01, -1.88863E-01, -2.27641E-01, -2.72055E-01, -3.19330E-01, -3.63511E-01, -3.95653E-01, -4.06914E-01, -3.93715E-01, -3.60300E-01, -3.15706E-01, -2.68651E-01, -2.24761E-01, -1.86570E-01, -1.54609E-01, -1.28415E-01, -1.07161E-01, -8.99740E-02, -7.60655E-02, -6.47743E-02, -5.55641E-02, -4.80084E-02, -4.17709E-02, -3.65876E-02, -3.22512E-02, -2.85985E-02, -2.55012E-02, -2.28575E-02, -2.05864E-02, -1.86233E-02, -1.69165E-02, -1.54242E-02, -1.41123E-02, -1.29532E-02, -1.19243E-02, -1.10069E-02, -1.01854E-02, -9.44705E-03, -8.78096E-03, -8.17806E-03,
 -8.39931E-03, -9.02003E-03, -9.70520E-03, -1.04640E-02, -1.13072E-02, -1.22477E-02, -1.33010E-02, -1.44858E-02, -1.58246E-02, -1.73452E-02, -1.90815E-02, -2.10752E-02, -2.33786E-02, -2.60566E-02, -2.91912E-02, -3.28856E-02, -3.72713E-02, -4.25160E-02, -4.88350E-02, -5.65049E-02, -6.58821E-02, -7.74253E-02, -9.17216E-02, -1.09512E-01, -1.31709E-01, -1.59371E-01, -1.93586E-01, -2.35135E-01, -2.83755E-01, -3.36815E-01, -3.87716E-01, -4.25605E-01, -4.39070E-01, -4.23346E-01, -3.84062E-01, -3.32821E-01, -2.80130E-01, -2.32164E-01, -1.91283E-01, -1.57637E-01, -1.30416E-01, -1.08546E-01, -9.09911E-02, -7.68633E-02, -6.54400E-02, -5.61487E-02, -4.85412E-02, -4.22682E-02, -3.70583E-02, -3.26997E-02, -2.90270E-02, -2.59105E-02, -2.32476E-02, -2.09574E-02, -1.89752E-02, -1.72493E-02, -1.57380E-02, -1.44075E-02, -1.32304E-02, -1.21839E-02, -1.12497E-02, -1.04121E-02, -9.65849E-03, -8.97794E-03, -8.36139E-03,
 -8.56120E-03, -9.19245E-03, -9.88833E-03, -1.06578E-02, -1.15113E-02, -1.24616E-02, -1.35235E-02, -1.47152E-02, -1.60584E-02, -1.75798E-02, -1.93118E-02, -2.12946E-02, -2.35780E-02, -2.62241E-02, -2.93109E-02, -3.29372E-02, -3.72282E-02, -4.23440E-02, -4.84900E-02, -5.59307E-02, -6.50076E-02, -7.61618E-02, -8.99604E-02, -1.07126E-01, -1.28557E-01, -1.55322E-01, -1.88561E-01, -2.29190E-01, -2.77183E-01, -3.30208E-01, -3.81795E-01, -4.20710E-01, -4.34706E-01, -4.18555E-01, -3.78372E-01, -3.26556E-01, -2.73949E-01, -2.26596E-01, -1.86584E-01, -1.53848E-01, -1.27461E-01, -1.06303E-01, -8.93305E-02, -7.56675E-02, -6.46090E-02, -5.56005E-02, -4.82098E-02, -4.21014E-02, -3.70150E-02, -3.27476E-02, -2.91411E-02, -2.60712E-02, -2.34401E-02, -2.11701E-02, -1.91993E-02, -1.74783E-02, -1.59669E-02, -1.46327E-02, -1.34493E-02, -1.23949E-02, -1.14514E-02, -1.06040E-02, -9.84013E-03, -9.14925E-03, -8.52248E-03,
 -8.70075E-03, -9.33928E-03, -1.00419E-02, -1.08172E-02, -1.16754E-02, -1.26282E-02, -1.36899E-02, -1.48773E-02, -1.62110E-02, -1.77154E-02, -1.94208E-02, -2.13638E-02, -2.35901E-02, -2.61560E-02, -2.91322E-02, -3.26074E-02, -3.66939E-02, -4.15342E-02, -4.73101E-02, -5.42542E-02, -6.26646E-02, -7.29228E-02, -8.55143E-02, -1.01049E-01, -1.20276E-01, -1.44064E-01, -1.73318E-01, -2.08718E-01, -2.50125E-01, -2.95475E-01, -3.39304E-01, -3.72274E-01, -3.84253E-01, -3.70871E-01, -3.37088E-01, -2.93126E-01, -2.48053E-01, -2.07053E-01, -1.72038E-01, -1.43092E-01, -1.19532E-01, -1.00468E-01, -8.50462E-02, -7.25345E-02, -6.23331E-02, -5.39644E-02, -4.70523E-02, -4.13021E-02, -3.64835E-02, -3.24159E-02, -2.89577E-02, -2.59971E-02, -2.34457E-02, -2.12329E-02, -1.93023E-02, -1.76086E-02, -1.61148E-02, -1.47909E-02, -1.36124E-02, -1.25589E-02, -1.16134E-02, -1.07620E-02, -9.99261E-03, -9.29533E-03, -8.66159E-03,
 -8.81860E-03, -9.46140E-03, -1.01672E-02, -1.09441E-02, -1.18016E-02, -1.27506E-02, -1.38041E-02, -1.49776E-02, -1.62894E-02, -1.77615E-02, -1.94205E-02, -2.12986E-02, -2.34353E-02, -2.58789E-02, -2.86895E-02, -3.19413E-02, -3.57274E-02, -4.01642E-02, -4.53980E-02, -5.16125E-02, -5.90377E-02, -6.79598E-02, -7.87294E-02, -9.17652E-02, -1.07543E-01, -1.26556E-01, -1.49205E-01, -1.75585E-01, -2.05085E-01, -2.35813E-01, -2.64076E-01, -2.84582E-01, -2.92166E-01, -2.84585E-01, -2.64026E-01, -2.35672E-01, -2.04865E-01, -1.75321E-01, -1.48924E-01, -1.26273E-01, -1.07266E-01, -9.14939E-02, -7.84646E-02, -6.77016E-02, -5.87870E-02, -5.13706E-02, -4.51664E-02, -3.99442E-02, -3.55203E-02, -3.17478E-02, -2.85101E-02, -2.57139E-02, -2.32843E-02, -2.11613E-02, -1.92962E-02, -1.76495E-02, -1.61889E-02, -1.48877E-02, -1.37239E-02, -1.26791E-02, -1.17381E-02, -1.08878E-02, -1.01173E-02, -9.41714E-03, -8.77940E-03,
 -8.91571E-03, -9.56017E-03, -1.02661E-02, -1.10409E-02, -1.18933E-02, -1.28331E-02, -1.38719E-02, -1.50234E-02, -1.63034E-02, -1.77307E-02, -1.93276E-02, -2.11208E-02, -2.31422E-02, -2.54304E-02, -2.80322E-02, -3.10041E-02, -3.44155E-02, -3.83503E-02, -4.29108E-02, -4.82199E-02, -5.44234E-02, -6.16892E-02, -7.02013E-02, -8.01414E-02, -9.16496E-02, -1.04748E-01, -1.19210E-01, -1.34377E-01, -1.48984E-01, -1.61243E-01, -1.69572E-01, -1.73890E-01, -1.75725E-01, -1.75738E-01, -1.72277E-01, -1.63812E-01, -1.50965E-01, -1.35730E-01, -1.20057E-01, -1.05229E-01, -9.18791E-02, -8.02014E-02, -7.01488E-02, -6.15638E-02, -5.42527E-02, -4.80234E-02, -4.27022E-02, -3.81394E-02, -3.42089E-02, -3.08064E-02, -2.78462E-02, -2.52579E-02, -2.29838E-02, -2.09766E-02, -1.91974E-02, -1.76137E-02, -1.61988E-02, -1.49303E-02, -1.37893E-02, -1.27600E-02, -1.18287E-02, -1.09840E-02, -1.02160E-02, -9.51607E-03, -8.87692E-03,
 -8.99333E-03, -9.63727E-03, -1.03408E-02, -1.11106E-02, -1.19544E-02, -1.28809E-02, -1.39002E-02, -1.50238E-02, -1.62648E-02, -1.76384E-02, -1.91622E-02, -2.08567E-02, -2.27455E-02, -2.48562E-02, -2.72208E-02, -2.98764E-02, -3.28658E-02, -3.62374E-02, -4.00451E-02, -4.43461E-02, -4.91959E-02, -5.46383E-02, -6.06857E-02, -6.72823E-02, -7.42417E-02, -8.11456E-02, -8.72003E-02, -9.10929E-02, -9.10158E-02, -8.53008E-02, -7.42725E-02, -6.27443E-02, -5.89104E-02, -6.64160E-02, -7.96208E-02, -9.03967E-02, -9.50113E-02, -9.39153E-02, -8.90683E-02, -8.23158E-02, -7.49255E-02, -6.76348E-02, -6.08163E-02, -5.46230E-02, -4.90873E-02, -4.41808E-02, -3.98486E-02, -3.60270E-02, -3.26534E-02, -2.96699E-02, -2.70250E-02, -2.46740E-02, -2.25784E-02, -2.07050E-02, -1.90257E-02, -1.75164E-02, -1.61564E-02, -1.49279E-02, -1.38158E-02, -1.28067E-02, -1.18893E-02, -1.10536E-02, -1.02910E-02, -9.59385E-03, -8.95544E-03,
 -9.05289E-03, -9.69461E-03, -1.03938E-02, -1.11564E-02, -1.19893E-02, -1.28998E-02, -1.38965E-02, -1.49886E-02, -1.61864E-02, -1.75016E-02, -1.89467E-02, -2.05357E-02, -2.22839E-02, -2.42072E-02, -2.63229E-02, -2.86478E-02, -3.11980E-02, -3.39862E-02, -3.70183E-02, -4.02873E-02, -4.37630E-02, -4.73746E-02, -5.09826E-02, -5.43330E-02, -5.69860E-02, -5.82142E-02, -5.68783E-02, -5.13499E-02, -3.96966E-02, -2.06443E-02,  4.00698E-03,  2.63115E-02,  3.39850E-02,  2.15474E-02, -2.93518E-03, -2.72992E-02, -4.49802E-02, -5.51470E-02, -5.94439E-02, -5.98622E-02, -5.79839E-02, -5.48826E-02, -5.12296E-02, -4.74217E-02, -4.36820E-02, -4.01282E-02, -3.68154E-02, -3.37630E-02, -3.09703E-02, -2.84256E-02, -2.61125E-02, -2.40122E-02, -2.21059E-02, -2.03753E-02, -1.88034E-02, -1.73746E-02, -1.60745E-02, -1.48904E-02, -1.38107E-02, -1.28251E-02, -1.19243E-02, -1.11001E-02, -1.03450E-02, -9.65244E-03, -9.01643E-03,
 -9.09591E-03, -9.73419E-03, -1.04278E-02, -1.11820E-02, -1.20026E-02, -1.28958E-02, -1.38686E-02, -1.49280E-02, -1.60818E-02, -1.73378E-02, -1.87039E-02, -2.01880E-02, -2.17968E-02, -2.35358E-02, -2.54076E-02, -2.74102E-02, -2.95344E-02, -3.17600E-02, -3.40492E-02, -3.63380E-02, -3.85224E-02, -4.04378E-02, -4.18283E-02, -4.23024E-02, -4.12714E-02, -3.78731E-02, -3.09044E-02, -1.88430E-02, -1.73194E-04,  2.55454E-02,  5.54101E-02,  8.07305E-02,  8.93696E-02,  7.60772E-02,  4.84862E-02,  1.87289E-02, -5.73159E-03, -2.29316E-02, -3.37169E-02, -3.97010E-02, -4.23832E-02, -4.29120E-02, -4.20958E-02, -4.04793E-02, -3.84203E-02, -3.61499E-02, -3.38148E-02, -3.15062E-02, -2.92787E-02, -2.71636E-02, -2.51768E-02, -2.33243E-02, -2.16059E-02, -2.00177E-02, -1.85534E-02, -1.72057E-02, -1.59666E-02, -1.48280E-02, -1.37821E-02, -1.28213E-02, -1.19385E-02, -1.11270E-02, -1.03807E-02, -9.69389E-03, -9.06145E-03,
 -9.12386E-03, -9.75798E-03, -1.04453E-02, -1.11906E-02, -1.19986E-02, -1.28747E-02, -1.38240E-02, -1.48520E-02, -1.59637E-02, -1.71639E-02, -1.84561E-02, -1.98425E-02, -2.13226E-02, -2.28922E-02, -2.45411E-02, -2.62509E-02, -2.79906E-02, -2.97116E-02, -3.13400E-02, -3.27654E-02, -3.38264E-02, -3.42896E-02, -3.38222E-02, -3.19568E-02, -2.80516E-02, -2.12579E-02, -1.05273E-02,  5.25905E-03,  2.68687E-02,  5.37397E-02,  8.23557E-02,  1.05088E-01,  1.12696E-01,  1.01408E-01,  7.66748E-02,  4.79019E-02,  2.19250E-02,  1.52206E-03, -1.31343E-02, -2.29485E-02, -2.90539E-02, -3.24677E-02, -3.39968E-02, -3.42440E-02, -3.36446E-02, -3.25065E-02, -3.10444E-02, -2.94062E-02, -2.76924E-02, -2.59702E-02, -2.42836E-02, -2.26601E-02, -2.11164E-02, -1.96611E-02, -1.82980E-02, -1.70269E-02, -1.58458E-02, -1.47509E-02, -1.37377E-02, -1.28012E-02, -1.19362E-02, -1.11377E-02, -1.04006E-02, -9.72023E-03, -9.09203E-03,
 -9.13813E-03, -9.76777E-03, -1.04488E-02, -1.11853E-02, -1.19815E-02, -1.28415E-02, -1.37696E-02, -1.47693E-02, -1.58438E-02, -1.69949E-02, -1.82229E-02, -1.95251E-02, -2.08952E-02, -2.23209E-02, -2.37820E-02, -2.52468E-02, -2.66672E-02, -2.79730E-02, -2.90627E-02, -2.97922E-02, -2.99602E-02, -2.92887E-02, -2.74014E-02, -2.38010E-02, -1.78538E-02, -8.80016E-03,  4.17112E-03,  2.17155E-02,  4.38866E-02,  6.93659E-02,  9.45493E-02,  1.13408E-01,  1.19653E-01,  1.10872E-01,  9.04882E-02,  6.50114E-02,  4.00707E-02,  1.87800E-02,  2.13442E-03, -1.00695E-02, -1.85305E-02, -2.40512E-02, -2.73630E-02, -2.90680E-02, -2.96349E-02, -2.94168E-02, -2.86736E-02, -2.75936E-02, -2.63115E-02, -2.49220E-02, -2.34913E-02, -2.20645E-02, -2.06716E-02, -1.93320E-02, -1.80572E-02, -1.68537E-02, -1.57240E-02, -1.46681E-02, -1.36844E-02, -1.27701E-02, -1.19217E-02, -1.11354E-02, -1.04073E-02, -9.73331E-03, -9.10958E-03,
 -9.13989E-03, -9.76510E-03, -1.04402E-02, -1.11688E-02, -1.19545E-02, -1.28009E-02, -1.37110E-02, -1.46874E-02, -1.57316E-02, -1.68435E-02, -1.80206E-02, -1.92571E-02, -2.05421E-02, -2.18580E-02, -2.31773E-02, -2.44592E-02, -2.56441E-02, -2.66474E-02, -2.73500E-02, -2.75869E-02, -2.71331E-02, -2.56869E-02, -2.28526E-02, -1.81280E-02, -1.09070E-02, -5.18989E-04,  1.36575E-02,  3.19527E-02,  5.39806E-02,  7.80556E-02,  1.00727E-01,  1.17101E-01,  1.22598E-01,  1.15509E-01,  9.81210E-02,  7.52032E-02,  5.14691E-02,  3.00697E-02,  1.24515E-02, -1.13234E-03, -1.10623E-02, -1.79619E-02, -2.24820E-02, -2.52022E-02, -2.65996E-02, -2.70487E-02, -2.68352E-02, -2.61722E-02, -2.52163E-02, -2.40811E-02, -2.28480E-02, -2.15744E-02, -2.03000E-02, -1.90520E-02, -1.78479E-02, -1.66988E-02, -1.56110E-02, -1.45872E-02, -1.36281E-02, -1.27325E-02, -1.18984E-02, -1.11228E-02, -1.04027E-02, -9.73470E-03, -9.11530E-03,
 -9.13003E-03, -9.75112E-03, -1.04209E-02, -1.11429E-02, -1.19202E-02, -1.27558E-02, -1.36524E-02, -1.46117E-02, -1.56342E-02, -1.67186E-02, -1.78609E-02, -1.90535E-02, -2.02830E-02, -2.15288E-02, -2.27598E-02, -2.39304E-02, -2.49757E-02, -2.58044E-02, -2.62898E-02, -2.62587E-02, -2.54780E-02, -2.36389E-02, -2.03427E-02, -1.50924E-02, -7.30134E-03,  3.65918E-03,  1.83390E-02,  3.69671E-02,  5.90504E-02,  8.28554E-02,  1.05043E-01,  1.21035E-01,  1.26612E-01,  1.20144E-01,  1.03612E-01,  8.13650E-02,  5.78757E-02,  3.62868E-02,  1.81645E-02,  3.90531E-03, -6.75456E-03, -1.43618E-02, -1.95245E-02, -2.28039E-02, -2.46739E-02, -2.55142E-02, -2.56196E-02, -2.52137E-02, -2.44635E-02, -2.34918E-02, -2.23881E-02, -2.12164E-02, -2.00223E-02, -1.88371E-02, -1.76824E-02, -1.65719E-02, -1.55142E-02, -1.45140E-02, -1.35733E-02, -1.26920E-02, -1.18689E-02, -1.11020E-02, -1.03885E-02, -9.72561E-03, -9.11012E-03,
 -9.10913E-03, -9.72657E-03, -1.03921E-02, -1.11088E-02, -1.18800E-02, -1.27083E-02, -1.35962E-02, -1.45451E-02, -1.55553E-02, -1.66251E-02, -1.77502E-02, -1.89224E-02, -2.01282E-02, -2.13465E-02, -2.25460E-02, -2.36814E-02, -2.46883E-02, -2.54767E-02, -2.59226E-02, -2.58570E-02, -2.50532E-02, -2.32114E-02, -1.99445E-02, -1.47669E-02, -7.09867E-03,  3.69851E-03,  1.82204E-02,  3.68037E-02,  5.91366E-02,  8.36841E-02,  1.07133E-01,  1.24515E-01,  1.30882E-01,  1.24182E-01,  1.06722E-01,  8.35037E-02,  5.93785E-02,  3.74993E-02,  1.92892E-02,  5.01267E-03, -5.66797E-03, -1.33253E-02, -1.85672E-02, -2.19451E-02, -2.39216E-02, -2.48677E-02, -2.50722E-02, -2.47555E-02, -2.40832E-02, -2.31781E-02, -2.21305E-02, -2.10057E-02, -1.98502E-02, -1.86968E-02, -1.75680E-02, -1.64786E-02, -1.54382E-02, -1.44520E-02, -1.35226E-02, -1.26505E-02, -1.18350E-02, -1.10741E-02, -1.03657E-02, -9.70679E-03, -9.09463E-03,
 -9.07743E-03, -9.69172E-03, -1.03538E-02, -1.10670E-02, -1.18344E-02, -1.26589E-02, -1.35430E-02, -1.44884E-02, -1.54957E-02, -1.65639E-02, -1.76892E-02, -1.88646E-02, -2.00782E-02, -2.13113E-02, -2.25358E-02, -2.37110E-02, -2.47793E-02, -2.56597E-02, -2.62407E-02, -2.63703E-02, -2.58434E-02, -2.43869E-02, -2.16434E-02, -1.71544E-02, -1.03520E-02, -5.70678E-04,  1.28894E-02,  3.05918E-02,  5.25909E-02,  7.77547E-02,  1.02870E-01,  1.22300E-01,  1.29792E-01,  1.22557E-01,  1.03582E-01,  7.90857E-02,  5.45265E-02,  3.29697E-02,  1.54940E-02,  2.06303E-03, -7.83689E-03, -1.48512E-02, -1.95993E-02, -2.26155E-02, -2.43362E-02, -2.51064E-02, -2.51928E-02, -2.47989E-02, -2.40776E-02, -2.31428E-02, -2.20782E-02, -2.09448E-02, -1.97861E-02, -1.86329E-02, -1.75064E-02, -1.64204E-02, -1.53840E-02, -1.44020E-02, -1.34767E-02, -1.26087E-02, -1.17970E-02, -1.10397E-02, -1.03344E-02, -9.67853E-03, -9.06905E-03,
 -9.03480E-03, -9.64637E-03, -1.03059E-02, -1.10169E-02, -1.17827E-02, -1.26066E-02, -1.34915E-02, -1.44398E-02, -1.54531E-02, -1.65314E-02, -1.76731E-02, -1.88736E-02, -2.01242E-02, -2.14109E-02, -2.27122E-02, -2.39962E-02, -2.52174E-02, -2.63113E-02, -2.71885E-02, -2.77264E-02, -2.77578E-02, -2.70572E-02, -2.53229E-02, -2.21559E-02, -1.70371E-02, -9.31390E-03,  1.78164E-03,  1.70205E-02,  3.68481E-02,  6.06528E-02,  8.55895E-02,  1.05765E-01,  1.14000E-01,  1.06893E-01,  8.79173E-02,  6.40906E-02,  4.10726E-02,  2.16066E-02,  6.34717E-03, -5.03972E-03, -1.32087E-02, -1.88356E-02, -2.25113E-02, -2.47188E-02, -2.58395E-02, -2.61696E-02, -2.59358E-02, -2.53103E-02, -2.44222E-02, -2.33678E-02, -2.22180E-02, -2.10242E-02, -1.98231E-02, -1.86405E-02, -1.74938E-02, -1.63946E-02, -1.53496E-02, -1.43626E-02, -1.34348E-02, -1.25659E-02, -1.17544E-02, -1.09982E-02, -1.02946E-02, -9.64061E-03, -9.03323E-03,
 -8.98079E-03, -9.58989E-03, -1.02475E-02, -1.09574E-02, -1.17233E-02, -1.25492E-02, -1.34386E-02, -1.43952E-02, -1.54218E-02, -1.65205E-02, -1.76922E-02, -1.89360E-02, -2.02482E-02, -2.16213E-02, -2.30431E-02, -2.44939E-02, -2.59450E-02, -2.73548E-02, -2.86647E-02, -2.97930E-02, -3.06273E-02, -3.10130E-02, -3.07380E-02, -2.95107E-02, -2.69314E-02, -2.24593E-02, -1.53915E-02, -4.90815E-03,  9.68732E-03,  2.83114E-02,  4.89025E-02,  6.64100E-02,  7.42307E-02,  6.90390E-02,  5.38715E-02,  3.49819E-02,  1.72153E-02,  2.69180E-03, -8.28061E-03, -1.61494E-02, -2.15378E-02, -2.50221E-02, -2.70744E-02, -2.80654E-02, -2.82812E-02, -2.79412E-02, -2.72127E-02, -2.62227E-02, -2.50666E-02, -2.38156E-02, -2.25217E-02, -2.12228E-02, -1.99453E-02, -1.87076E-02, -1.75215E-02, -1.63944E-02, -1.53301E-02, -1.43300E-02, -1.33938E-02, -1.25198E-02, -1.17057E-02, -1.09485E-02, -1.02452E-02, -9.59235E-03, -8.98668E-03,
 -8.91467E-03, -9.52128E-03, -1.01772E-02, -1.08866E-02, -1.16538E-02, -1.24834E-02, -1.33801E-02, -1.43487E-02, -1.53939E-02, -1.65204E-02, -1.77323E-02, -1.90331E-02, -2.04250E-02, -2.19090E-02, -2.34834E-02, -2.51439E-02, -2.68818E-02, -2.86831E-02, -3.05267E-02, -3.23821E-02, -3.42061E-02, -3.59378E-02, -3.74906E-02, -3.87383E-02, -3.94922E-02, -3.94653E-02, -3.82246E-02, -3.51598E-02, -2.95570E-02, -2.09717E-02, -1.00752E-02,  4.43525E-04,  6.51269E-03,  5.68065E-03, -7.13850E-04, -9.24032E-03, -1.71912E-02, -2.34288E-02, -2.78346E-02, -3.06764E-02, -3.22867E-02, -3.29577E-02, -3.29238E-02, -3.23697E-02, -3.14413E-02, -3.02535E-02, -2.88965E-02, -2.74404E-02, -2.59388E-02, -2.44317E-02, -2.29484E-02, -2.15097E-02, -2.01295E-02, -1.88166E-02, -1.75761E-02, -1.64098E-02, -1.53178E-02, -1.42985E-02, -1.33494E-02, -1.24672E-02, -1.16482E-02, -1.08887E-02, -1.01848E-02, -9.53267E-03, -8.92857E-03,
 -8.83549E-03, -9.43924E-03, -1.00933E-02, -1.08022E-02, -1.15709E-02, -1.24050E-02, -1.33102E-02, -1.42928E-02, -1.53597E-02, -1.65182E-02, -1.77761E-02, -1.91417E-02, -2.06241E-02, -2.22329E-02, -2.39787E-02, -2.58733E-02, -2.79302E-02, -3.01656E-02, -3.25998E-02, -3.52595E-02, -3.81807E-02, -4.14132E-02, -4.50258E-02, -4.91109E-02, -5.37841E-02, -5.91700E-02, -6.53553E-02, -7.22792E-02, -7.95398E-02, -8.61702E-02, -9.06311E-02, -9.13979E-02, -8.80201E-02, -8.15796E-02, -7.39059E-02, -6.65081E-02, -6.01557E-02, -5.50029E-02, -5.08716E-02, -4.74827E-02, -4.45813E-02, -4.19806E-02, -3.95617E-02, -3.72585E-02, -3.50401E-02, -3.28968E-02, -3.08298E-02, -2.88450E-02, -2.69494E-02, -2.51489E-02, -2.34472E-02, -2.18464E-02, -2.03464E-02, -1.89454E-02, -1.76406E-02, -1.64279E-02, -1.53029E-02, -1.42606E-02, -1.32959E-02, -1.24036E-02, -1.15787E-02, -1.08163E-02, -1.01116E-02, -9.46015E-03, -8.85785E-03,
 -8.74216E-03, -9.34229E-03, -9.99369E-03, -1.07014E-02, -1.14712E-02, -1.23092E-02, -1.32226E-02, -1.42192E-02, -1.53080E-02, -1.64991E-02, -1.78040E-02, -1.92362E-02, -2.08113E-02, -2.25479E-02, -2.44688E-02, -2.66019E-02, -2.89830E-02, -3.16582E-02, -3.46896E-02, -3.81613E-02, -4.21908E-02, -4.69442E-02, -5.26592E-02, -5.96774E-02, -6.84851E-02, -7.97566E-02, -9.43633E-02, -1.13253E-01, -1.36976E-01, -1.64510E-01, -1.91428E-01, -2.09210E-01, -2.09325E-01, -1.90870E-01, -1.61970E-01, -1.32421E-01, -1.07680E-01, -8.88719E-02, -7.50685E-02, -6.49114E-02, -5.72484E-02, -5.12561E-02, -4.63885E-02, -4.22960E-02, -3.87578E-02, -3.56342E-02, -3.28358E-02, -3.03040E-02, -2.79987E-02, -2.58916E-02, -2.39609E-02, -2.21895E-02, -2.05630E-02, -1.90688E-02, -1.76959E-02, -1.64341E-02, -1.52742E-02, -1.42077E-02, -1.32268E-02, -1.23243E-02, -1.14935E-02, -1.07284E-02, -1.00233E-02, -9.37317E-03, -8.77330E-03,
 -8.63356E-03, -9.22889E-03, -9.87636E-03, -1.05815E-02, -1.13507E-02, -1.21911E-02, -1.31108E-02, -1.41192E-02, -1.52274E-02, -1.64481E-02, -1.77963E-02, -1.92903E-02, -2.09519E-02, -2.28082E-02, -2.48927E-02, -2.72486E-02, -2.99315E-02, -3.30150E-02, -3.65981E-02, -4.08169E-02, -4.58621E-02, -5.20054E-02, -5.96412E-02, -6.93494E-02, -8.19918E-02, -9.88460E-02, -1.21763E-01, -1.53234E-01, -1.95947E-01, -2.50720E-01, -3.11160E-01, -3.57248E-01, -3.62536E-01, -3.21873E-01, -2.59169E-01, -1.99697E-01, -1.53565E-01, -1.20557E-01, -9.73980E-02, -8.09519E-02, -6.89420E-02, -5.98655E-02, -5.27628E-02, -4.70249E-02, -4.22622E-02, -3.82211E-02, -3.47325E-02, -3.16806E-02, -2.89836E-02, -2.65817E-02, -2.44300E-02, -2.24936E-02, -2.07446E-02, -1.91603E-02, -1.77218E-02, -1.64129E-02, -1.52199E-02, -1.41308E-02, -1.31352E-02, -1.22238E-02, -1.13884E-02, -1.06219E-02, -9.91766E-03, -9.26997E-03, -8.67362E-03,
 -8.50859E-03, -9.09752E-03, -9.73927E-03, -1.04398E-02, -1.12060E-02, -1.20458E-02, -1.29684E-02, -1.39845E-02, -1.51069E-02, -1.63506E-02, -1.77340E-02, -1.92790E-02, -2.10131E-02, -2.29702E-02, -2.51933E-02, -2.77376E-02, -3.06749E-02, -3.41005E-02, -3.81423E-02, -4.29762E-02, -4.88471E-02, -5.61045E-02, -6.52559E-02, -7.70552E-02, -9.26447E-02, -1.13786E-01, -1.43218E-01, -1.85149E-01, -2.45564E-01, -3.30740E-01, -4.38272E-01, -5.33738E-01, -5.47842E-01, -4.63669E-01, -3.48684E-01, -2.54323E-01, -1.88613E-01, -1.44498E-01, -1.14528E-01, -9.35547E-02, -7.83522E-02, -6.69372E-02, -5.80832E-02, -5.10178E-02, -4.52427E-02, -4.04278E-02, -3.63480E-02, -3.28453E-02, -2.98055E-02, -2.71442E-02, -2.47972E-02, -2.27148E-02, -2.08577E-02, -1.91941E-02, -1.76983E-02, -1.63490E-02, -1.51282E-02, -1.40209E-02, -1.30141E-02, -1.20969E-02, -1.12596E-02, -1.04938E-02, -9.79241E-03, -9.14886E-03, -8.55754E-03,
 -8.36630E-03, -8.94688E-03, -9.58060E-03, -1.02738E-02, -1.10338E-02, -1.18690E-02, -1.27896E-02, -1.38074E-02, -1.49365E-02, -1.61938E-02, -1.76000E-02, -1.91803E-02, -2.09660E-02, -2.29964E-02, -2.53212E-02, -2.80041E-02, -3.11280E-02, -3.48021E-02, -3.91721E-02, -4.44361E-02, -5.08675E-02, -5.88506E-02, -6.89377E-02, -8.19400E-02, -9.90795E-02, -1.22246E-01, -1.54441E-01, -2.00523E-01, -2.68324E-01, -3.69174E-01, -5.10581E-01, -6.54543E-01, -6.71644E-01, -5.32518E-01, -3.78768E-01, -2.71104E-01, -2.01331E-01, -1.55244E-01, -1.23635E-01, -1.01106E-01, -8.44709E-02, -7.17964E-02, -6.18753E-02, -5.39296E-02, -4.74427E-02, -4.20609E-02, -3.75351E-02, -3.36852E-02, -3.03779E-02, -2.75124E-02, -2.50111E-02, -2.28135E-02, -2.08715E-02, -1.91465E-02, -1.76074E-02, -1.62284E-02, -1.49884E-02, -1.38697E-02, -1.28574E-02, -1.19388E-02, -1.11032E-02, -1.03414E-02, -9.64542E-03, -9.00826E-03, -8.42391E-03,
 -8.20596E-03, -8.77591E-03, -9.39890E-03, -1.00815E-02, -1.08312E-02, -1.16572E-02, -1.25698E-02, -1.35818E-02, -1.47081E-02, -1.59670E-02, -1.73807E-02, -1.89763E-02, -2.07878E-02, -2.28574E-02, -2.52386E-02, -2.79995E-02, -3.12282E-02, -3.50392E-02, -3.95834E-02, -4.50623E-02, -5.17477E-02, -6.00121E-02, -7.03731E-02, -8.35611E-02, -1.00622E-01, -1.23069E-01, -1.53080E-01, -1.93635E-01, -2.47889E-01, -3.13988E-01, -3.57557E-01, -2.41470E-01, -7.09209E-02, -2.12228E-01, -2.56155E-01, -2.24805E-01, -1.84436E-01, -1.50303E-01, -1.23607E-01, -1.02952E-01, -8.68365E-02, -7.40890E-02, -6.38591E-02, -5.55377E-02, -4.86851E-02, -4.29800E-02, -3.81829E-02, -3.41132E-02, -3.06322E-02, -2.76325E-02, -2.50296E-02, -2.27568E-02, -2.07605E-02, -1.89978E-02, -1.74335E-02, -1.60393E-02, -1.47913E-02, -1.36701E-02, -1.26594E-02, -1.17453E-02, -1.09162E-02, -1.01623E-02, -9.47492E-03, -8.84687E-03, -8.27178E-03,
 -8.02713E-03, -8.58394E-03, -9.19318E-03, -9.86148E-03, -1.05966E-02, -1.14077E-02, -1.23056E-02, -1.33032E-02, -1.44160E-02, -1.56629E-02, -1.70665E-02, -1.86550E-02, -2.04631E-02, -2.25338E-02, -2.49213E-02, -2.76941E-02, -3.09394E-02, -3.47687E-02, -3.93263E-02, -4.47993E-02, -5.14318E-02, -5.95430E-02, -6.95496E-02, -8.19883E-02, -9.75244E-02, -1.16893E-01, -1.40590E-01, -1.67613E-01, -1.90486E-01, -1.73779E-01,  4.78264E-02,  1.17928E+00,  2.46330E+00,  6.20562E-01, -4.87947E-03, -1.32065E-01, -1.45546E-01, -1.33004E-01, -1.15871E-01, -9.96633E-02, -8.56324E-02, -7.38262E-02, -6.39750E-02, -5.57586E-02, -4.88848E-02, -4.31072E-02, -3.82242E-02, -3.40729E-02, -3.05223E-02, -2.74672E-02, -2.48229E-02, -2.25209E-02, -2.05059E-02, -1.87329E-02, -1.71651E-02, -1.57724E-02, -1.45298E-02, -1.34168E-02, -1.24161E-02, -1.15133E-02, -1.06962E-02, -9.95459E-03, -9.27962E-03, -8.66375E-03, -8.10051E-03,
 -7.82971E-03, -8.37073E-03, -8.96301E-03, -9.61314E-03, -1.03288E-02, -1.11192E-02, -1.19950E-02, -1.29692E-02, -1.40571E-02, -1.52773E-02, -1.66525E-02, -1.82102E-02, -1.99844E-02, -2.20170E-02, -2.43600E-02, -2.70783E-02, -3.02529E-02, -3.39857E-02, -3.84045E-02, -4.36690E-02, -4.99772E-02, -5.75696E-02, -6.67265E-02, -7.77423E-02, -9.08405E-02, -1.05923E-01, -1.21849E-01, -1.34293E-01, -1.29002E-01, -5.92355E-02,  2.27617E-01,  1.08872E+00,  1.71774E+00,  7.04301E-01,  1.25139E-01, -5.70294E-02, -1.05367E-01, -1.11220E-01, -1.03757E-01, -9.27407E-02, -8.15523E-02, -7.13245E-02, -6.23572E-02, -5.46383E-02, -4.80455E-02, -4.24275E-02, -3.76367E-02, -3.35408E-02, -3.00262E-02, -2.69971E-02, -2.43743E-02, -2.20921E-02, -2.00964E-02, -1.83429E-02, -1.67949E-02, -1.54221E-02, -1.41994E-02, -1.31061E-02, -1.21247E-02, -1.12407E-02, -1.04417E-02, -9.71733E-03, -9.05877E-03, -8.45842E-03, -7.90980E-03,
 -7.61399E-03, -8.13651E-03, -8.70857E-03, -9.33656E-03, -1.00280E-02, -1.07916E-02, -1.16380E-02, -1.25794E-02, -1.36307E-02, -1.48099E-02, -1.61382E-02, -1.76420E-02, -1.93528E-02, -2.13095E-02, -2.35596E-02, -2.61613E-02, -2.91857E-02, -3.27199E-02, -3.68690E-02, -4.17579E-02, -4.75305E-02, -5.43424E-02, -6.23374E-02, -7.15909E-02, -8.19718E-02, -9.28197E-02, -1.02178E-01, -1.04952E-01, -8.85440E-02, -2.37954E-02,  1.42528E-01,  4.21929E-01,  5.49032E-01,  3.30394E-01,  9.21066E-02, -3.07172E-02, -7.85593E-02, -9.18002E-02, -9.06038E-02, -8.38834E-02, -7.54909E-02, -6.70661E-02, -5.92693E-02, -5.23211E-02, -4.62452E-02, -4.09819E-02, -3.64406E-02, -3.25255E-02, -2.91459E-02, -2.62210E-02, -2.36812E-02, -2.14670E-02, -1.95288E-02, -1.78248E-02, -1.63203E-02, -1.49862E-02, -1.37985E-02, -1.27368E-02, -1.17844E-02, -1.09268E-02, -1.01522E-02, -9.45023E-03, -8.81227E-03, -8.23090E-03, -7.69975E-03,
 -7.38066E-03, -7.88204E-03, -8.43067E-03, -9.03263E-03, -9.69501E-03, -1.04261E-02, -1.12358E-02, -1.21356E-02, -1.31394E-02, -1.42636E-02, -1.55280E-02, -1.69561E-02, -1.85764E-02, -2.04232E-02, -2.25376E-02, -2.49690E-02, -2.77763E-02, -3.10286E-02, -3.48059E-02, -3.91968E-02, -4.42925E-02, -5.01724E-02, -5.68714E-02, -6.43129E-02, -7.21707E-02, -7.95931E-02, -8.46613E-02, -8.33923E-02, -6.82383E-02, -2.73895E-02,  4.84041E-02,  1.38503E-01,  1.72794E-01,  1.16721E-01,  3.05858E-02, -3.21436E-02, -6.46594E-02, -7.69421E-02, -7.82688E-02, -7.43419E-02, -6.82460E-02, -6.15548E-02, -5.50305E-02, -4.90107E-02, -4.36152E-02, -3.88554E-02, -3.46915E-02, -3.10633E-02, -2.79054E-02, -2.51547E-02, -2.27539E-02, -2.06528E-02, -1.88077E-02, -1.71817E-02, -1.57435E-02, -1.44664E-02, -1.33282E-02, -1.23100E-02, -1.13959E-02, -1.05725E-02, -9.82839E-03, -9.15388E-03, -8.54069E-03, -7.98173E-03, -7.47090E-03,
 -7.13078E-03, -7.60852E-03, -8.13072E-03, -8.70302E-03, -9.33195E-03, -1.00251E-02, -1.07915E-02, -1.16417E-02, -1.25879E-02, -1.36449E-02, -1.48300E-02, -1.61637E-02, -1.76703E-02, -1.93785E-02, -2.13221E-02, -2.35405E-02, -2.60789E-02, -2.89883E-02, -3.23237E-02, -3.61400E-02, -4.04836E-02, -4.53755E-02, -5.07788E-02, -5.65398E-02, -6.22825E-02, -6.72306E-02, -6.99311E-02, -6.79189E-02, -5.76193E-02, -3.54939E-02, -2.28410E-03,  3.03157E-02,  4.19323E-02,  2.42005E-02, -8.60104E-03, -3.81658E-02, -5.68789E-02, -6.54512E-02, -6.71002E-02, -6.47442E-02, -6.03824E-02, -5.52277E-02, -4.99611E-02, -4.49371E-02, -4.03192E-02, -3.61644E-02, -3.24721E-02, -2.92134E-02, -2.63471E-02, -2.38287E-02, -2.16147E-02, -1.96653E-02, -1.79450E-02, -1.64225E-02, -1.50711E-02, -1.38677E-02, -1.27924E-02, -1.18285E-02, -1.09617E-02, -1.01796E-02, -9.47195E-03, -8.82973E-03, -8.24527E-03, -7.71199E-03, -7.22421E-03,
 -6.86580E-03, -7.31764E-03, -7.81072E-03, -8.35010E-03, -8.94165E-03, -9.59215E-03, -1.03095E-02, -1.11029E-02, -1.19831E-02, -1.29625E-02, -1.40557E-02, -1.52797E-02, -1.66541E-02, -1.82017E-02, -1.99483E-02, -2.19231E-02, -2.41578E-02, -2.66860E-02, -2.95402E-02, -3.27472E-02, -3.63187E-02, -4.02367E-02, -4.44263E-02, -4.87141E-02, -5.27626E-02, -5.59808E-02, -5.74285E-02, -5.57916E-02, -4.96334E-02, -3.82742E-02, -2.34357E-02, -1.04328E-02, -5.99440E-03, -1.26325E-02, -2.61977E-02, -4.01213E-02, -5.02119E-02, -5.54877E-02, -5.67586E-02, -5.53067E-02, -5.22616E-02, -4.84369E-02, -4.43572E-02, -4.03339E-02, -3.65362E-02, -3.30439E-02, -2.98834E-02, -2.70510E-02, -2.45271E-02, -2.22848E-02, -2.02948E-02, -1.85283E-02, -1.69585E-02, -1.55608E-02, -1.43137E-02, -1.31981E-02, -1.21975E-02, -1.12975E-02, -1.04857E-02, -9.75149E-03, -9.08556E-03, -8.47998E-03, -7.92787E-03, -7.42327E-03, -6.96103E-03,
 -6.58746E-03, -7.01148E-03, -7.47312E-03, -7.97684E-03, -8.52772E-03, -9.13161E-03, -9.79521E-03, -1.05262E-02, -1.13336E-02, -1.22273E-02, -1.32192E-02, -1.43223E-02, -1.55515E-02, -1.69234E-02, -1.84562E-02, -2.01691E-02, -2.20815E-02, -2.42116E-02, -2.65729E-02, -2.91702E-02, -3.19911E-02, -3.49947E-02, -3.80927E-02, -4.11243E-02, -4.38239E-02, -4.57890E-02, -4.64719E-02, -4.52455E-02, -4.16279E-02, -3.57268E-02, -2.87638E-02, -2.31278E-02, -2.13174E-02, -2.42070E-02, -3.03702E-02, -3.72395E-02, -4.27344E-02, -4.59473E-02, -4.69129E-02, -4.61174E-02, -4.41382E-02, -4.14718E-02, -3.84855E-02, -3.54263E-02, -3.24475E-02, -2.96362E-02, -2.70356E-02, -2.46609E-02, -2.25103E-02, -2.05728E-02, -1.88323E-02, -1.72710E-02, -1.58706E-02, -1.46139E-02, -1.34847E-02, -1.24683E-02, -1.15518E-02, -1.07236E-02, -9.97345E-03, -9.29242E-03, -8.67273E-03, -8.10755E-03, -7.59091E-03, -7.11761E-03, -6.68310E-03,
 -6.29781E-03, -6.69244E-03, -7.12081E-03, -7.58670E-03, -8.09436E-03, -8.64862E-03, -9.25494E-03, -9.91949E-03, -1.06492E-02, -1.14518E-02, -1.23360E-02, -1.33111E-02, -1.43875E-02, -1.55759E-02, -1.68871E-02, -1.83316E-02, -1.99179E-02, -2.16513E-02, -2.35308E-02, -2.55448E-02, -2.76657E-02, -2.98414E-02, -3.19845E-02, -3.39601E-02, -3.55743E-02, -3.65724E-02, -3.66603E-02, -3.55738E-02, -3.32159E-02, -2.98474E-02, -2.62241E-02, -2.34843E-02, -2.26717E-02, -2.41332E-02, -2.73003E-02, -3.10598E-02, -3.43550E-02, -3.65568E-02, -3.74941E-02, -3.72990E-02, -3.62354E-02, -3.45839E-02, -3.25851E-02, -3.04229E-02, -2.82269E-02, -2.60822E-02, -2.40408E-02, -2.21311E-02, -2.03655E-02, -1.87462E-02, -1.72690E-02, -1.59259E-02, -1.47070E-02, -1.36018E-02, -1.25998E-02, -1.16908E-02, -1.08653E-02, -1.01147E-02, -9.43117E-03, -8.80759E-03, -8.23770E-03, -7.71592E-03, -7.23730E-03, -6.79744E-03, -6.39247E-03,
 -5.99907E-03, -6.36317E-03, -6.75695E-03, -7.18348E-03, -7.64616E-03, -8.14879E-03, -8.69556E-03, -9.29108E-03, -9.94038E-03, -1.06489E-02, -1.14224E-02, -1.22667E-02, -1.31878E-02, -1.41912E-02, -1.52814E-02, -1.64612E-02, -1.77303E-02, -1.90839E-02, -2.05100E-02, -2.19864E-02, -2.34768E-02, -2.49258E-02, -2.62537E-02, -2.73532E-02, -2.80893E-02, -2.83090E-02, -2.78688E-02, -2.66846E-02, -2.48060E-02, -2.24894E-02, -2.02169E-02, -1.85950E-02, -1.81291E-02, -1.89841E-02, -2.09003E-02, -2.33296E-02, -2.56837E-02, -2.75292E-02, -2.86545E-02, -2.90368E-02, -2.87696E-02, -2.79964E-02, -2.68661E-02, -2.55099E-02, -2.40327E-02, -2.25128E-02, -2.10054E-02, -1.95471E-02, -1.81609E-02, -1.68592E-02, -1.56477E-02, -1.45268E-02, -1.34943E-02, -1.25458E-02, -1.16760E-02, -1.08790E-02, -1.01488E-02, -9.47961E-03, -8.86599E-03, -8.30277E-03, -7.78522E-03, -7.30902E-03, -6.87028E-03, -6.46547E-03, -6.09142E-03,
 -5.69362E-03, -6.02648E-03, -6.38487E-03, -6.77117E-03, -7.18794E-03, -7.63794E-03, -8.12415E-03, -8.64968E-03, -9.21776E-03, -9.83162E-03, -1.04944E-02, -1.12088E-02, -1.19769E-02, -1.27998E-02, -1.36765E-02, -1.46039E-02, -1.55747E-02, -1.65767E-02, -1.75907E-02, -1.85880E-02, -1.95286E-02, -2.03585E-02, -2.10087E-02, -2.13965E-02, -2.14306E-02, -2.10249E-02, -2.01213E-02, -1.87235E-02, -1.69348E-02, -1.49828E-02, -1.32054E-02, -1.19787E-02, -1.15978E-02, -1.21634E-02, -1.35413E-02, -1.54191E-02, -1.74236E-02, -1.92321E-02, -2.06331E-02, -2.15342E-02, -2.19361E-02, -2.18975E-02, -2.15034E-02, -2.08435E-02, -2.00002E-02, -1.90422E-02, -1.80242E-02, -1.69869E-02, -1.59598E-02, -1.49630E-02, -1.40095E-02, -1.31070E-02, -1.22592E-02, -1.14673E-02, -1.07305E-02, -1.00468E-02, -9.41346E-03, -8.82742E-03, -8.28540E-03, -7.78410E-03, -7.32033E-03, -6.89104E-03, -6.49336E-03, -6.12464E-03, -5.78244E-03,
 -5.38390E-03, -5.68524E-03, -6.00799E-03, -6.35384E-03, -6.72455E-03, -7.12191E-03, -7.54773E-03, -8.00377E-03, -8.49161E-03, -9.01252E-03, -9.56730E-03, -1.01559E-02, -1.07774E-02, -1.14288E-02, -1.21054E-02, -1.27990E-02, -1.34978E-02, -1.41845E-02, -1.48356E-02, -1.54195E-02, -1.58959E-02, -1.62154E-02, -1.63201E-02, -1.61479E-02, -1.56395E-02, -1.47516E-02, -1.34748E-02, -1.18555E-02, -1.00151E-02, -8.15540E-03, -6.53799E-03, -5.43284E-03, -5.04590E-03, -5.45441E-03, -6.58131E-03, -8.22208E-03, -1.01091E-02, -1.19822E-02, -1.36395E-02, -1.49569E-02, -1.58846E-02, -1.64283E-02, -1.66289E-02, -1.65442E-02, -1.62363E-02, -1.57635E-02, -1.51765E-02, -1.45169E-02, -1.38175E-02, -1.31031E-02, -1.23921E-02, -1.16971E-02, -1.10268E-02, -1.03868E-02, -9.78002E-03, -9.20790E-03, -8.67057E-03, -8.16733E-03, -7.69694E-03, -7.25783E-03, -6.84823E-03, -6.46629E-03, -6.11015E-03, -5.77800E-03, -5.46809E-03,
 -5.07236E-03, -5.34233E-03, -5.62969E-03, -5.93548E-03, -6.26072E-03, -6.60632E-03, -6.97305E-03, -7.36142E-03, -7.77158E-03, -8.20314E-03, -8.65492E-03, -9.12470E-03, -9.60882E-03, -1.01017E-02, -1.05954E-02, -1.10787E-02, -1.15365E-02, -1.19488E-02, -1.22901E-02, -1.25288E-02, -1.26268E-02, -1.25405E-02, -1.22234E-02, -1.16303E-02, -1.07254E-02, -9.49304E-03, -7.95195E-03, -6.16909E-03, -4.26921E-03, -2.43274E-03, -8.75950E-04,  1.87714E-04,  5.96882E-04,  2.85349E-04, -6.99052E-04, -2.20829E-03, -4.03423E-03, -5.95798E-03, -7.79083E-03, -9.39743E-03, -1.07006E-02, -1.16736E-02, -1.23268E-02, -1.26931E-02, -1.28169E-02, -1.27454E-02, -1.25233E-02, -1.21902E-02, -1.17794E-02, -1.13182E-02, -1.08276E-02, -1.03241E-02, -9.81953E-03, -9.32281E-03, -8.83998E-03, -8.37510E-03, -7.93070E-03, -7.50813E-03, -7.10794E-03, -6.73007E-03, -6.37402E-03, -6.03907E-03, -5.72426E-03, -5.42859E-03, -5.15098E-03,
 -4.76135E-03, -5.00050E-03, -5.25319E-03, -5.51989E-03, -5.80093E-03, -6.09645E-03, -6.40630E-03, -6.72995E-03, -7.06634E-03, -7.41369E-03, -7.76926E-03, -8.12911E-03, -8.48769E-03, -8.83744E-03, -9.16832E-03, -9.46721E-03, -9.71736E-03, -9.89788E-03, -9.98332E-03, -9.94360E-03, -9.74465E-03, -9.34982E-03, -8.72292E-03, -7.83302E-03, -6.66151E-03, -5.21134E-03, -3.51724E-03, -1.65490E-03,  2.54798E-04,  2.05079E-03,  3.54949E-03,  4.57474E-03,  4.99384E-03,  4.74878E-03,  3.87097E-03,  2.47357E-03,  7.24353E-04, -1.19035E-03, -3.09886E-03, -4.86615E-03, -6.40267E-03, -7.66241E-03, -8.63456E-03, -9.33312E-03, -9.78701E-03, -1.00322E-02, -1.01064E-02, -1.00450E-02, -9.87993E-03, -9.63822E-03, -9.34234E-03, -9.01033E-03, -8.65643E-03, -8.29158E-03, -7.92403E-03, -7.55990E-03, -7.20354E-03, -6.85799E-03, -6.52526E-03, -6.20658E-03, -5.90259E-03, -5.61349E-03, -5.33920E-03, -5.07941E-03, -4.83364E-03,
 -4.45314E-03, -4.66237E-03, -4.88153E-03, -5.11058E-03, -5.34927E-03, -5.59707E-03, -5.85305E-03, -6.11584E-03, -6.38338E-03, -6.65283E-03, -6.92030E-03, -7.18057E-03, -7.42683E-03, -7.65026E-03, -7.83969E-03, -7.98116E-03, -8.05753E-03, -8.04828E-03, -7.92941E-03, -7.67384E-03, -7.25231E-03, -6.63534E-03, -5.79627E-03, -4.71587E-03, -3.38842E-03, -1.82905E-03, -8.11825E-05,  1.77770E-03,  3.63482E-03,  5.34812E-03,  6.76152E-03,  7.72840E-03,  8.13878E-03,  7.94267E-03,  7.16150E-03,  5.88367E-03,  4.24548E-03,  2.40427E-03,  5.12022E-04, -1.30413E-03, -2.95184E-03, -4.37491E-03, -5.54873E-03, -6.47290E-03, -7.16340E-03, -7.64576E-03, -7.94975E-03, -8.10570E-03, -8.14221E-03, -8.08487E-03, -7.95575E-03, -7.77335E-03, -7.55285E-03, -7.30642E-03, -7.04370E-03, -6.77217E-03, -6.49755E-03, -6.22413E-03, -5.95508E-03, -5.69266E-03, -5.43843E-03, -5.19343E-03, -4.95827E-03, -4.73328E-03, -4.51852E-03,
 -4.14982E-03, -4.33033E-03, -4.51746E-03, -4.71073E-03, -4.90939E-03, -5.11235E-03, -5.31809E-03, -5.52453E-03, -5.72891E-03, -5.92758E-03, -6.11586E-03, -6.28773E-03, -6.43563E-03, -6.55014E-03, -6.61970E-03, -6.63035E-03, -6.56554E-03, -6.40609E-03, -6.13039E-03, -5.71505E-03, -5.13608E-03, -4.37087E-03, -3.40123E-03, -2.21734E-03, -8.22927E-04,  7.59180E-04,  2.48178E-03,  4.26997E-03,  6.02159E-03,  7.61348E-03,  8.91425E-03,  9.80280E-03,  1.01888E-02,  1.00303E-02,  9.34232E-03,  8.19419E-03,  6.69601E-03,  4.97868E-03,  3.17326E-03,  1.39461E-03, -2.68343E-04, -1.75568E-03, -3.03450E-03, -4.09409E-03, -4.94000E-03, -5.58839E-03, -6.06140E-03, -6.38352E-03, -6.57927E-03, -6.67158E-03, -6.68104E-03, -6.62553E-03, -6.52020E-03, -6.37765E-03, -6.20817E-03, -6.02004E-03, -5.81985E-03, -5.61276E-03, -5.40277E-03, -5.19295E-03, -4.98558E-03, -4.78236E-03, -4.58449E-03, -4.39282E-03, -4.20789E-03,
 -3.85327E-03, -4.00653E-03, -4.16342E-03, -4.32308E-03, -4.48439E-03, -4.64581E-03, -4.80535E-03, -4.96044E-03, -5.10780E-03, -5.24328E-03, -5.36169E-03, -5.45661E-03, -5.52020E-03, -5.54294E-03, -5.51350E-03, -5.41856E-03, -5.24279E-03, -4.96899E-03, -4.57848E-03, -4.05187E-03, -3.37033E-03, -2.51761E-03, -1.48261E-03, -2.62947E-04,  1.13108E-03,  2.67230E-03,  4.31313E-03,  5.98392E-03,  7.59445E-03,  9.03978E-03,  1.02108E-02,  1.10088E-02,  1.13605E-02,  1.12316E-02,  1.06328E-02,  9.61827E-03,  8.27620E-03,  6.71373E-03,  5.04137E-03,  3.35964E-03,  1.75034E-03,  2.72692E-04, -1.03638E-03, -2.15930E-03, -3.09364E-03, -3.84772E-03, -4.43664E-03, -4.87914E-03, -5.19522E-03, -5.40456E-03, -5.52551E-03, -5.57458E-03, -5.56616E-03, -5.51261E-03, -5.42428E-03, -5.30976E-03, -5.17607E-03, -5.02892E-03, -4.87283E-03, -4.71143E-03, -4.54754E-03, -4.38335E-03, -4.22055E-03, -4.06039E-03, -3.90381E-03,
 -3.56514E-03, -3.69282E-03, -3.82147E-03, -3.94997E-03, -4.07686E-03, -4.20030E-03, -4.31796E-03, -4.42695E-03, -4.52365E-03, -4.60364E-03, -4.66154E-03, -4.69083E-03, -4.68372E-03, -4.63103E-03, -4.52207E-03, -4.34460E-03, -4.08495E-03, -3.72822E-03, -3.25885E-03, -2.66140E-03, -1.92186E-03, -1.02945E-03,  2.10921E-05,  1.22667E-03,  2.57273E-03,  4.03025E-03,  5.55357E-03,  7.07985E-03,  8.53101E-03,  9.81905E-03,  1.08546E-02,  1.15581E-02,  1.18710E-02,  1.17656E-02,  1.12498E-02,  1.03657E-02,  9.18326E-03,  7.78891E-03,  6.27420E-03,  4.72501E-03,  3.21408E-03,  1.79711E-03,  5.11970E-04, -6.19781E-04, -1.59003E-03, -2.40086E-03, -3.06134E-03, -3.58488E-03, -3.98703E-03, -4.28397E-03, -4.49143E-03, -4.62405E-03, -4.69499E-03, -4.71585E-03, -4.69662E-03, -4.64577E-03, -4.57044E-03, -4.47650E-03, -4.36881E-03, -4.25132E-03, -4.12720E-03, -3.99900E-03, -3.86875E-03, -3.73804E-03, -3.60811E-03,
 -3.28687E-03, -3.39077E-03, -3.49335E-03, -3.59326E-03, -3.68882E-03, -3.77799E-03, -3.85821E-03, -3.92640E-03, -3.97882E-03, -4.01094E-03, -4.01741E-03, -3.99186E-03, -3.92685E-03, -3.81381E-03, -3.64298E-03, -3.40347E-03, -3.08346E-03, -2.67048E-03, -2.15201E-03, -1.51630E-03, -7.53584E-04,  1.42388E-04,  1.17238E-03,  2.32944E-03,  3.59661E-03,  4.94488E-03,  6.33197E-03,  7.70242E-03,  8.98985E-03,  1.01214E-02,  1.10248E-02,  1.16363E-02,  1.19098E-02,  1.18234E-02,  1.13826E-02,  1.06204E-02,  9.59151E-03,  8.36519E-03,  7.01612E-03,  5.61634E-03,  4.22897E-03,  2.90458E-03,  1.67982E-03,  5.78034E-04, -3.88975E-04, -1.21862E-03, -1.91511E-03, -2.48717E-03, -2.94629E-03, -3.30522E-03, -3.57693E-03, -3.77397E-03, -3.90799E-03, -3.98948E-03, -4.02775E-03, -4.03087E-03, -4.00577E-03, -3.95829E-03, -3.89337E-03, -3.81510E-03, -3.72686E-03, -3.63141E-03, -3.53102E-03, -3.42751E-03, -3.32235E-03,
 -3.01960E-03, -3.10164E-03, -3.18040E-03, -3.25438E-03, -3.32178E-03, -3.38041E-03, -3.42762E-03, -3.46026E-03, -3.47458E-03, -3.46614E-03, -3.42975E-03, -3.35941E-03, -3.24821E-03, -3.08838E-03, -2.87124E-03, -2.58739E-03, -2.22689E-03, -1.77964E-03, -1.23595E-03, -5.87334E-04,  1.72440E-04,  1.04600E-03,  2.03081E-03,  3.11746E-03,  4.28804E-03,  5.51479E-03,  6.75954E-03,  7.97430E-03,  9.10334E-03,  1.00870E-02,  1.08672E-02,  1.13935E-02,  1.16296E-02,  1.15584E-02,  1.11840E-02,  1.05318E-02,  9.64461E-03,  8.57746E-03,  7.39066E-03,  6.14379E-03,  4.89064E-03,  3.67593E-03,  2.53377E-03,  1.48767E-03,  5.51505E-04, -2.68916E-04, -9.74018E-04, -1.56873E-03, -2.06094E-03, -2.46025E-03, -2.77701E-03, -3.02161E-03, -3.20403E-03, -3.33352E-03, -3.41847E-03, -3.46634E-03, -3.48365E-03, -3.47602E-03, -3.44830E-03, -3.40455E-03, -3.34823E-03, -3.28221E-03, -3.20888E-03, -3.13021E-03, -3.04782E-03,
 -2.76428E-03, -2.82640E-03, -2.88362E-03, -2.93436E-03, -2.97674E-03, -3.00851E-03, -3.02702E-03, -3.02915E-03, -3.01124E-03, -2.96907E-03, -2.89776E-03, -2.79176E-03, -2.64484E-03, -2.45010E-03, -2.20005E-03, -1.88676E-03, -1.50211E-03, -1.03820E-03, -4.87830E-04,  1.54724E-04,  8.92823E-04,  1.72637E-03,  2.65055E-03,  3.65462E-03,  4.72074E-03,  5.82316E-03,  6.92816E-03,  7.99475E-03,  8.97664E-03,  9.82537E-03,  1.04945E-02,  1.09443E-02,  1.11465E-02,  1.10876E-02,  1.07707E-02,  1.02154E-02,  9.45523E-03,  8.53349E-03,  7.49863E-03,  6.39944E-03,  5.28113E-03,  4.18248E-03,  3.13438E-03,  2.15938E-03,  1.27219E-03,  4.80674E-04, -2.12865E-04, -8.10348E-04, -1.31669E-03, -1.73875E-03, -2.08444E-03, -2.36212E-03, -2.58009E-03, -2.74629E-03, -2.86809E-03, -2.95219E-03, -3.00457E-03, -3.03051E-03, -3.03460E-03, -3.02079E-03, -2.99248E-03, -2.95256E-03, -2.90345E-03, -2.84722E-03, -2.78556E-03,
 -2.52157E-03, -2.56573E-03, -2.60369E-03, -2.63382E-03, -2.65424E-03, -2.66270E-03, -2.65662E-03, -2.63298E-03, -2.58833E-03, -2.51869E-03, -2.41961E-03, -2.28608E-03, -2.11259E-03, -1.89315E-03, -1.62145E-03, -1.29096E-03, -8.95255E-04, -4.28349E-04,  1.14807E-04,  7.37689E-04,  1.44144E-03,  2.22399E-03,  3.07913E-03,  3.99557E-03,  4.95625E-03,  5.93789E-03,  6.91110E-03,  7.84128E-03,  8.69028E-03,  9.41892E-03,  9.99025E-03,  1.03731E-02,  1.05452E-02,  1.04962E-02,  1.02285E-02,  9.75723E-03,  9.10841E-03,  8.31621E-03,  7.41933E-03,  6.45747E-03,  5.46821E-03,  4.48476E-03,  3.53445E-03,  2.63824E-03,  1.81079E-03,  1.06107E-03,  3.93242E-04, -1.92372E-04, -6.98312E-04, -1.12912E-03, -1.49060E-03, -1.78925E-03, -2.03179E-03, -2.22484E-03, -2.37475E-03, -2.48739E-03, -2.56812E-03, -2.62177E-03, -2.65259E-03, -2.66434E-03, -2.66027E-03, -2.64319E-03, -2.61552E-03, -2.57931E-03, -2.53632E-03,
 -2.29193E-03, -2.32006E-03, -2.34097E-03, -2.35305E-03, -2.35443E-03, -2.34295E-03, -2.31612E-03, -2.27111E-03, -2.20469E-03, -2.11325E-03, -1.99275E-03, -1.83878E-03, -1.64655E-03, -1.41100E-03, -1.12689E-03, -7.89021E-04, -3.92439E-04,  6.71864E-05,  5.93139E-04,  1.18712E-03,  1.84863E-03,  2.57426E-03,  3.35705E-03,  4.18580E-03,  5.04465E-03,  5.91288E-03,  6.76524E-03,  7.57274E-03,  8.30407E-03,  8.92771E-03,  9.41427E-03,  9.73926E-03,  9.88540E-03,  9.84452E-03,  9.61849E-03,  9.21901E-03,  8.66643E-03,  7.98761E-03,  7.21340E-03,  6.37594E-03,  5.50631E-03,  4.63258E-03,  3.77860E-03,  2.96337E-03,  2.20091E-03,  1.50061E-03,  8.67772E-04,  3.04314E-04, -1.90482E-04, -6.19293E-04, -9.86140E-04, -1.29588E-03, -1.55380E-03, -1.76531E-03, -1.93572E-03, -2.07009E-03, -2.17313E-03, -2.24914E-03, -2.30201E-03, -2.33521E-03, -2.35179E-03, -2.35445E-03, -2.34551E-03, -2.32700E-03, -2.30064E-03,
 -2.07564E-03, -2.08960E-03, -2.09558E-03, -2.09203E-03, -2.07713E-03, -2.04883E-03, -2.00480E-03, -1.94240E-03, -1.85870E-03, -1.75044E-03, -1.61406E-03, -1.44572E-03, -1.24135E-03, -9.96747E-04, -7.07680E-04, -3.70088E-04,  1.96901E-05,  4.64611E-04,  9.66550E-04,  1.52586E-03,  2.14086E-03,  2.80736E-03,  3.51810E-03,  4.26237E-03,  5.02573E-03,  5.79002E-03,  6.53371E-03,  7.23266E-03,  7.86128E-03,  8.39422E-03,  8.80815E-03,  9.08379E-03,  9.20766E-03,  9.17341E-03,  8.98246E-03,  8.64391E-03,  8.17365E-03,  7.59285E-03,  6.92607E-03,  6.19931E-03,  5.43809E-03,  4.66600E-03,  3.90361E-03,  3.16782E-03,  2.47167E-03,  1.82447E-03,  1.23212E-03,  6.97596E-04,  2.21525E-04, -1.97317E-04, -5.61491E-04, -8.74470E-04, -1.14028E-03, -1.36323E-03, -1.54766E-03, -1.69785E-03, -1.81785E-03, -1.91144E-03, -1.98210E-03, -2.03298E-03, -2.06689E-03, -2.08635E-03, -2.09358E-03, -2.09050E-03, -2.07882E-03,
 -1.87275E-03, -1.87431E-03, -1.86739E-03, -1.85047E-03, -1.82185E-03, -1.77960E-03, -1.72158E-03, -1.64537E-03, -1.54835E-03, -1.42763E-03, -1.28011E-03, -1.10251E-03, -8.91447E-04, -6.43478E-04, -3.55277E-04, -2.37773E-05,  3.53610E-04,  7.78728E-04,  1.25236E-03,  1.77386E-03,  2.34080E-03,  2.94854E-03,  3.58990E-03,  4.25489E-03,  4.93058E-03,  5.60121E-03,  6.24856E-03,  6.85258E-03,  7.39242E-03,  7.84769E-03,  8.19984E-03,  8.43369E-03,  8.53868E-03,  8.50985E-03,  8.34831E-03,  8.06116E-03,  7.66084E-03,  7.16406E-03,  6.59042E-03,  5.96088E-03,  5.29638E-03,  4.61663E-03,  3.93921E-03,  3.27896E-03,  2.64775E-03,  2.05449E-03,  1.50528E-03,  1.00374E-03,  5.51424E-04,  1.48215E-04, -2.07293E-04, -5.17433E-04, -7.85157E-04, -1.01379E-03, -1.20683E-03, -1.36781E-03, -1.50014E-03, -1.60710E-03, -1.69174E-03, -1.75688E-03, -1.80507E-03, -1.83862E-03, -1.85960E-03, -1.86983E-03, -1.87094E-03,
 -1.68319E-03, -1.67403E-03, -1.65606E-03, -1.62788E-03, -1.58787E-03, -1.53428E-03, -1.46514E-03, -1.37829E-03, -1.27140E-03, -1.14195E-03, -9.87287E-04, -8.04666E-04, -5.91296E-04, -3.44447E-04, -6.15604E-05,  2.59590E-04,  6.20716E-04,  1.02278E-03,  1.46575E-03,  1.94829E-03,  2.46749E-03,  3.01859E-03,  3.59469E-03,  4.18666E-03,  4.78308E-03,  5.37036E-03,  5.93314E-03,  6.45483E-03,  6.91845E-03,  7.30757E-03,  7.60744E-03,  7.80605E-03,  7.89511E-03,  7.87075E-03,  7.73381E-03,  7.48987E-03,  7.14872E-03,  6.72358E-03,  6.23009E-03,  5.68518E-03,  5.10601E-03,  4.50898E-03,  3.90902E-03,  3.31904E-03,  2.74969E-03,  2.20926E-03,  1.70378E-03,  1.23719E-03,  8.11675E-04,  4.27897E-04,  8.53453E-05, -2.17394E-04, -4.82382E-04, -7.12109E-04, -9.09315E-04, -1.07685E-03, -1.21757E-03, -1.33424E-03, -1.42951E-03, -1.50586E-03, -1.56557E-03, -1.61073E-03, -1.64324E-03, -1.66480E-03, -1.67694E-03,
 -1.50674E-03, -1.48840E-03, -1.46113E-03, -1.42359E-03, -1.37432E-03, -1.31171E-03, -1.23399E-03, -1.13924E-03, -1.02544E-03, -8.90419E-04, -7.31937E-04, -5.47724E-04, -3.35536E-04, -9.32482E-05,  1.81039E-04,  4.88859E-04,  8.31222E-04,  1.20842E-03,  1.61982E-03,  2.06364E-03,  2.53673E-03,  3.03438E-03,  3.55015E-03,  4.07580E-03,  4.60131E-03,  5.11506E-03,  5.60414E-03,  6.05484E-03,  6.45331E-03,  6.78630E-03,  7.04204E-03,  7.21102E-03,  7.28669E-03,  7.26600E-03,  7.14964E-03,  6.94199E-03,  6.65076E-03,  6.28647E-03,  5.86164E-03,  5.38996E-03,  4.88547E-03,  4.36180E-03,  3.83157E-03,  3.30595E-03,  2.79435E-03,  2.30437E-03,  1.84176E-03,  1.41059E-03,  1.01338E-03,  6.51358E-04,  3.24672E-04,  3.26281E-05, -2.26110E-04, -4.53333E-04, -6.51128E-04, -8.21754E-04, -9.67539E-04, -1.09080E-03, -1.19380E-03, -1.27867E-03, -1.34745E-03, -1.40198E-03, -1.44400E-03, -1.47507E-03, -1.49658E-03,
 -1.34305E-03, -1.31698E-03, -1.28197E-03, -1.23681E-03, -1.18017E-03, -1.11058E-03, -1.02650E-03, -9.26235E-04, -8.08033E-04, -6.70064E-04, -5.10466E-04, -3.27394E-04, -1.19081E-04,  1.16080E-04,  3.79442E-04,  6.71979E-04,  9.94151E-04,  1.34575E-03,  1.72573E-03,  2.13204E-03,  2.56147E-03,  3.00948E-03,  3.47017E-03,  3.93617E-03,  4.39878E-03,  4.84809E-03,  5.27325E-03,  5.66295E-03,  6.00587E-03,  6.29133E-03,  6.50988E-03,  6.65396E-03,  6.71839E-03,  6.70076E-03,  6.60160E-03,  6.42439E-03,  6.17526E-03,  5.86257E-03,  5.49638E-03,  5.08779E-03,  4.64830E-03,  4.18922E-03,  3.72120E-03,  3.25383E-03,  2.79537E-03,  2.35269E-03,  1.93117E-03,  1.53479E-03,  1.16628E-03,  8.27200E-04,  5.18193E-04,  2.39106E-04, -1.08210E-05, -2.32802E-04, -4.28375E-04, -5.99288E-04, -7.47404E-04, -8.74630E-04, -9.82861E-04, -1.07393E-03, -1.14961E-03, -1.21153E-03, -1.26123E-03, -1.30013E-03, -1.32952E-03,
 -1.19170E-03, -1.15920E-03, -1.11788E-03, -1.06665E-03, -1.00430E-03, -9.29543E-04, -8.41001E-04, -7.37228E-04, -6.16724E-04, -4.77960E-04, -3.19412E-04, -1.39610E-04,  6.28030E-05,  2.89002E-04,  5.39891E-04,  8.16000E-04,  1.11737E-03,  1.44344E-03,  1.79288E-03,  2.16353E-03,  2.55221E-03,  2.95466E-03,  3.36553E-03,  3.77830E-03,  4.18542E-03,  4.57848E-03,  4.94839E-03,  5.28579E-03,  5.58144E-03,  5.82666E-03,  6.01388E-03,  6.13704E-03,  6.19204E-03,  6.17694E-03,  6.09220E-03,  5.94056E-03,  5.72690E-03,  5.45794E-03,  5.14176E-03,  4.78740E-03,  4.40427E-03,  4.00178E-03,  3.58889E-03,  3.17380E-03,  2.76372E-03,  2.36479E-03,  1.98195E-03,  1.61904E-03,  1.27879E-03,  9.63004E-04,  6.72635E-04,  4.07939E-04,  1.68606E-04, -4.61170E-05, -2.37312E-04, -4.06291E-04, -5.54516E-04, -6.83527E-04, -7.94894E-04, -8.90170E-04, -9.70861E-04, -1.03841E-03, -1.09417E-03, -1.13941E-03, -1.17530E-03,
 -1.05220E-03, -1.01444E-03, -9.68092E-04, -9.12156E-04, -8.45562E-04, -7.67176E-04, -6.75804E-04, -5.70209E-04, -4.49127E-04, -3.11299E-04, -1.55500E-04,  1.94169E-05,  2.14465E-04,  4.30459E-04,  6.67944E-04,  9.27106E-04,  1.20768E-03,  1.50884E-03,  1.82913E-03,  2.16633E-03,  2.51740E-03,  2.87841E-03,  3.24452E-03,  3.61003E-03,  3.96842E-03,  4.31254E-03,  4.63479E-03,  4.92740E-03,  5.18281E-03,  5.39397E-03,  5.55477E-03,  5.66035E-03,  5.70742E-03,  5.69445E-03,  5.62179E-03,  5.49164E-03,  5.30792E-03,  5.07602E-03,  4.80249E-03,  4.49466E-03,  4.16030E-03,  3.80722E-03,  3.44294E-03,  3.07448E-03,  2.70810E-03,  2.34923E-03,  2.00237E-03,  1.67110E-03,  1.35814E-03,  1.06537E-03,  7.93951E-04,  5.44434E-04,  3.16848E-04,  1.10804E-04, -7.44083E-05, -2.39738E-04, -3.86302E-04, -5.15323E-04, -6.28079E-04, -7.25865E-04, -8.09961E-04, -8.81608E-04, -9.41994E-04, -9.92240E-04, -1.03340E-03,
 -9.23985E-04, -8.82029E-04, -8.31774E-04, -7.72332E-04, -7.02761E-04, -6.22071E-04, -5.29236E-04, -4.23212E-04, -3.02950E-04, -1.67427E-04, -1.56761E-05,  1.53173E-04,  3.39847E-04,  5.44870E-04,  7.68502E-04,  1.01067E-03,  1.27088E-03,  1.54817E-03,  1.84098E-03,  2.14714E-03,  2.46379E-03,  2.78733E-03,  3.11346E-03,  3.43718E-03,  3.75289E-03,  4.05450E-03,  4.33566E-03,  4.58993E-03,  4.81108E-03,  4.99339E-03,  5.13188E-03,  5.22265E-03,  5.26305E-03,  5.25186E-03,  5.18937E-03,  5.07733E-03,  4.91891E-03,  4.71845E-03,  4.48127E-03,  4.21337E-03,  3.92115E-03,  3.61110E-03,  3.28956E-03,  2.96250E-03,  2.63535E-03,  2.31288E-03,  1.99915E-03,  1.69748E-03,  1.41046E-03,  1.13999E-03,  8.87357E-04,  6.53310E-04,  4.38125E-04,  2.41698E-04,  6.36144E-05, -9.67764E-05, -2.40301E-04, -3.67908E-04, -4.80622E-04, -5.79506E-04, -6.65634E-04, -7.40064E-04, -8.03825E-04, -8.57900E-04, -9.03222E-04,
 -8.06478E-04, -7.61257E-04, -7.08085E-04, -6.46179E-04, -5.74713E-04, -4.92835E-04, -3.99675E-04, -2.94357E-04, -1.76026E-04, -4.38631E-05,  1.02876E-04,  2.64832E-04,  4.42493E-04,  6.36152E-04,  8.45850E-04,  1.07132E-03,  1.31192E-03,  1.56659E-03,  1.83377E-03,  2.11136E-03,  2.39671E-03,  2.68657E-03,  2.97711E-03,  3.26397E-03,  3.54235E-03,  3.80708E-03,  4.05283E-03,  4.27425E-03,  4.46622E-03,  4.62403E-03,  4.74366E-03,  4.82193E-03,  4.85671E-03,  4.84703E-03,  4.79310E-03,  4.69635E-03,  4.55934E-03,  4.38560E-03,  4.17945E-03,  3.94583E-03,  3.69001E-03,  3.41740E-03,  3.13334E-03,  2.84292E-03,  2.55083E-03,  2.26125E-03,  1.97782E-03,  1.70356E-03,  1.44090E-03,  1.19173E-03,  9.57382E-04,  7.38722E-04,  5.36208E-04,  3.49950E-04,  1.79766E-04,  2.52474E-05, -1.14192E-04, -2.39267E-04, -3.50784E-04, -4.49603E-04, -5.36613E-04, -6.12705E-04, -6.78762E-04, -7.35637E-04, -7.84151E-04,
 -6.99067E-04, -6.51402E-04, -5.96174E-04, -5.32696E-04, -4.60255E-04, -3.78122E-04, -2.85565E-04, -1.81863E-04, -6.63266E-05,  6.16843E-05,  2.02728E-04,  3.57253E-04,  5.25556E-04,  7.07749E-04,  9.03706E-04,  1.11302E-03,  1.33497E-03,  1.56842E-03,  1.81187E-03,  2.06333E-03,  2.32036E-03,  2.58003E-03,  2.83897E-03,  3.09339E-03,  3.33916E-03,  3.57190E-03,  3.78713E-03,  3.98039E-03,  4.14744E-03,  4.28443E-03,  4.38807E-03,  4.45578E-03,  4.48582E-03,  4.47740E-03,  4.43071E-03,  4.34691E-03,  4.22806E-03,  4.07706E-03,  3.89743E-03,  3.69325E-03,  3.46887E-03,  3.22882E-03,  2.97760E-03,  2.71954E-03,  2.45869E-03,  2.19870E-03,  1.94281E-03,  1.69375E-03,  1.45380E-03,  1.22474E-03,  1.00793E-03,  8.04302E-04,  6.14436E-04,  4.38595E-04,  2.76780E-04,  1.28774E-04, -5.81206E-06, -1.27500E-04, -2.36907E-04, -3.34717E-04, -4.21656E-04, -4.98467E-04, -5.65898E-04, -6.24682E-04, -6.75535E-04,
 -6.01132E-04, -5.51739E-04, -4.95197E-04, -4.30908E-04, -3.58260E-04, -2.76639E-04, -1.85435E-04, -8.40630E-05,  2.80238E-05,  1.51313E-04,  2.86207E-04,  4.32996E-04,  5.91828E-04,  7.62670E-04,  9.45278E-04,  1.13915E-03,  1.34350E-03,  1.55722E-03,  1.77884E-03,  2.00651E-03,  2.23800E-03,  2.47070E-03,  2.70165E-03,  2.92754E-03,  3.14483E-03,  3.34981E-03,  3.53869E-03,  3.70777E-03,  3.85353E-03,  3.97279E-03,  4.06284E-03,  4.12158E-03,  4.14761E-03,  4.14027E-03,  4.09972E-03,  4.02690E-03,  3.92350E-03,  3.79189E-03,  3.63498E-03,  3.45611E-03,  3.25892E-03,  3.04718E-03,  2.82471E-03,  2.59519E-03,  2.36211E-03,  2.12866E-03,  1.89769E-03,  1.67168E-03,  1.45273E-03,  1.24251E-03,  1.04234E-03,  8.53203E-04,  6.75744E-04,  5.10338E-04,  3.57122E-04,  2.16030E-04,  8.68315E-05, -3.08330E-05, -1.37424E-04, -2.33474E-04, -3.19565E-04, -3.96310E-04, -4.64334E-04, -5.24264E-04, -5.76717E-04,
 -5.12052E-04, -4.61551E-04, -4.04328E-04, -3.39868E-04, -2.67651E-04, -1.87163E-04, -9.79051E-05,  5.90961E-07,  1.08749E-04,  2.26929E-04,  3.55404E-04,  4.94338E-04,  6.43759E-04,  8.03529E-04,  9.73316E-04,  1.15256E-03,  1.34046E-03,  1.53591E-03,  1.73754E-03,  1.94363E-03,  2.15216E-03,  2.36082E-03,  2.56698E-03,  2.76779E-03,  2.96021E-03,  3.14108E-03,  3.30721E-03,  3.45549E-03,  3.58300E-03,  3.68712E-03,  3.76560E-03,  3.81673E-03,  3.83934E-03,  3.83292E-03,  3.79759E-03,  3.73412E-03,  3.64390E-03,  3.52887E-03,  3.39143E-03,  3.23437E-03,  3.06071E-03,  2.87362E-03,  2.67631E-03,  2.47194E-03,  2.26351E-03,  2.05380E-03,  1.84533E-03,  1.64032E-03,  1.44067E-03,  1.24796E-03,  1.06347E-03,  8.88146E-04,  7.22696E-04,  5.67566E-04,  4.22993E-04,  2.89026E-04,  1.65562E-04,  5.23726E-05, -5.08715E-05, -1.44574E-04, -2.29194E-04, -3.05228E-04, -3.73195E-04, -4.33623E-04, -4.87040E-04,
 -4.31219E-04, -3.80139E-04, -3.22770E-04, -2.58670E-04, -1.87404E-04, -1.08545E-04, -2.16925E-05,  7.35232E-05,  1.77420E-04,  2.90252E-04,  4.12187E-04,  5.43289E-04,  6.83493E-04,  8.32583E-04,  9.90169E-04,  1.15566E-03,  1.32825E-03,  1.50689E-03,  1.69027E-03,  1.87684E-03,  2.06478E-03,  2.25201E-03,  2.43625E-03,  2.61502E-03,  2.78571E-03,  2.94562E-03,  3.09206E-03,  3.22242E-03,  3.33427E-03,  3.42542E-03,  3.49402E-03,  3.53865E-03,  3.55837E-03,  3.55273E-03,  3.52185E-03,  3.46636E-03,  3.38740E-03,  3.28658E-03,  3.16590E-03,  3.02765E-03,  2.87438E-03,  2.70875E-03,  2.53349E-03,  2.35128E-03,  2.16470E-03,  1.97620E-03,  1.78798E-03,  1.60203E-03,  1.42007E-03,  1.24357E-03,  1.07372E-03,  9.11466E-04,  7.57521E-04,  6.12382E-04,  4.76353E-04,  3.49572E-04,  2.32036E-04,  1.23620E-04,  2.41059E-05, -6.68034E-05, -1.49461E-04, -2.24264E-04, -2.91636E-04, -3.52018E-04, -4.05858E-04,
