 -4.63906E-02, -4.69688E-02, -4.75528E-02, -4.81422E-02, -4.87365E-02, -4.93351E-02, -4.99373E-02, -5.05425E-02, -5.11498E-02, -5.17586E-02, -5.23677E-02, -5.29763E-02, -5.35832E-02, -5.41874E-02, -5.47876E-02, -5.53824E-02, -5.59706E-02, -5.65507E-02, -5.71213E-02, -5.76807E-02, -5.82274E-02, -5.87598E-02, -5.92762E-02, -5.97751E-02, -6.02547E-02, -6.07134E-02, -6.11496E-02, -6.15618E-02, -6.19485E-02, -6.23083E-02, -6.26397E-02, -6.29417E-02, -6.32131E-02, -6.34528E-02, -6.36599E-02, -6.38338E-02, -6.39736E-02, -6.40789E-02, -6.41494E-02, -6.41847E-02, -6.41847E-02, -6.41494E-02, -6.40790E-02, -6.39737E-02, -6.38339E-02, -6.36601E-02, -6.34529E-02, -6.32132E-02, -6.29419E-02, -6.26399E-02, -6.23085E-02, -6.19487E-02, -6.15620E-02, -6.11498E-02, -6.07136E-02, -6.02549E-02, -5.97753E-02, -5.92765E-02, -5.87601E-02, -5.82277E-02, -5.76810E-02, -5.71216E-02, -5.65510E-02, -5.59709E-02, -5.53827E-02, -5.47879E-02, -5.41877E-02, -5.35835E-02, -5.29766E-02, -5.23680E-02, -5.17588E-02, -5.11501E-02, -5.05427E-02, -4.99376E-02, -4.93353E-02, -4.87368E-02, -4.81425E-02, -4.75531E-02, -4.69690E-02, -4.63908E-02,
 -4.69891E-02, -4.75903E-02, -4.81982E-02, -4.88122E-02, -4.94319E-02, -5.00568E-02, -5.06861E-02, -5.13191E-02, -5.19552E-02, -5.25933E-02, -5.32325E-02, -5.38718E-02, -5.45101E-02, -5.51461E-02, -5.57785E-02, -5.64060E-02, -5.70271E-02, -5.76403E-02, -5.82439E-02, -5.88363E-02, -5.94157E-02, -5.99805E-02, -6.05287E-02, -6.10587E-02, -6.15685E-02, -6.20564E-02, -6.25207E-02, -6.29596E-02, -6.33715E-02, -6.37549E-02, -6.41083E-02, -6.44303E-02, -6.47196E-02, -6.49753E-02, -6.51963E-02, -6.53817E-02, -6.55309E-02, -6.56433E-02, -6.57184E-02, -6.57561E-02, -6.57561E-02, -6.57185E-02, -6.56433E-02, -6.55310E-02, -6.53818E-02, -6.51964E-02, -6.49755E-02, -6.47198E-02, -6.44304E-02, -6.41085E-02, -6.37551E-02, -6.33718E-02, -6.29599E-02, -6.25209E-02, -6.20567E-02, -6.15688E-02, -6.10589E-02, -6.05290E-02, -5.99808E-02, -5.94160E-02, -5.88366E-02, -5.82442E-02, -5.76406E-02, -5.70274E-02, -5.64063E-02, -5.57788E-02, -5.51464E-02, -5.45104E-02, -5.38721E-02, -5.32328E-02, -5.25936E-02, -5.19555E-02, -5.13194E-02, -5.06864E-02, -5.00571E-02, -4.94322E-02, -4.88125E-02, -4.81984E-02, -4.75906E-02, -4.69894E-02,
 -4.75957E-02, -4.82208E-02, -4.88535E-02, -4.94933E-02, -5.01397E-02, -5.07921E-02, -5.14499E-02, -5.21123E-02, -5.27785E-02, -5.34476E-02, -5.41187E-02, -5.47906E-02, -5.54621E-02, -5.61320E-02, -5.67989E-02, -5.74613E-02, -5.81176E-02, -5.87662E-02, -5.94053E-02, -6.00331E-02, -6.06478E-02, -6.12474E-02, -6.18300E-02, -6.23935E-02, -6.29361E-02, -6.34556E-02, -6.39503E-02, -6.44181E-02, -6.48574E-02, -6.52663E-02, -6.56434E-02, -6.59870E-02, -6.62959E-02, -6.65688E-02, -6.68047E-02, -6.70027E-02, -6.71620E-02, -6.72819E-02, -6.73622E-02, -6.74024E-02, -6.74024E-02, -6.73622E-02, -6.72820E-02, -6.71621E-02, -6.70028E-02, -6.68049E-02, -6.65690E-02, -6.62961E-02, -6.59872E-02, -6.56436E-02, -6.52666E-02, -6.48576E-02, -6.44184E-02, -6.39506E-02, -6.34559E-02, -6.29364E-02, -6.23939E-02, -6.18303E-02, -6.12478E-02, -6.06481E-02, -6.00335E-02, -5.94056E-02, -5.87665E-02, -5.81179E-02, -5.74616E-02, -5.67992E-02, -5.61323E-02, -5.54624E-02, -5.47909E-02, -5.41190E-02, -5.34480E-02, -5.27788E-02, -5.21126E-02, -5.14502E-02, -5.07924E-02, -5.01400E-02, -4.94936E-02, -4.88538E-02, -4.82211E-02, -4.75959E-02,
 -4.82100E-02, -4.88600E-02, -4.95186E-02, -5.01853E-02, -5.08596E-02, -5.15409E-02, -5.22286E-02, -5.29219E-02, -5.36200E-02, -5.43219E-02, -5.50267E-02, -5.57331E-02, -5.64400E-02, -5.71460E-02, -5.78496E-02, -5.85493E-02, -5.92433E-02, -5.99299E-02, -6.06072E-02, -6.12732E-02, -6.19258E-02, -6.25631E-02, -6.31827E-02, -6.37826E-02, -6.43606E-02, -6.49144E-02, -6.54419E-02, -6.59412E-02, -6.64100E-02, -6.68467E-02, -6.72494E-02, -6.76165E-02, -6.79465E-02, -6.82381E-02, -6.84901E-02, -6.87016E-02, -6.88718E-02, -6.90000E-02, -6.90857E-02, -6.91287E-02, -6.91287E-02, -6.90858E-02, -6.90001E-02, -6.88719E-02, -6.87018E-02, -6.84903E-02, -6.82383E-02, -6.79467E-02, -6.76167E-02, -6.72496E-02, -6.68470E-02, -6.64103E-02, -6.59414E-02, -6.54422E-02, -6.49147E-02, -6.43609E-02, -6.37830E-02, -6.31831E-02, -6.25634E-02, -6.19262E-02, -6.12735E-02, -6.06075E-02, -5.99302E-02, -5.92436E-02, -5.85496E-02, -5.78500E-02, -5.71464E-02, -5.64404E-02, -5.57335E-02, -5.50270E-02, -5.43222E-02, -5.36203E-02, -5.29222E-02, -5.22289E-02, -5.15412E-02, -5.08599E-02, -5.01856E-02, -4.95189E-02, -4.88603E-02, -4.82102E-02,
 -4.88316E-02, -4.95077E-02, -5.01933E-02, -5.08880E-02, -5.15915E-02, -5.23031E-02, -5.30222E-02, -5.37480E-02, -5.44796E-02, -5.52162E-02, -5.59567E-02, -5.66998E-02, -5.74443E-02, -5.81887E-02, -5.89316E-02, -5.96711E-02, -6.04055E-02, -6.11329E-02, -6.18512E-02, -6.25584E-02, -6.32520E-02, -6.39299E-02, -6.45897E-02, -6.52290E-02, -6.58453E-02, -6.64363E-02, -6.69995E-02, -6.75328E-02, -6.80339E-02, -6.85006E-02, -6.89311E-02, -6.93236E-02, -6.96765E-02, -6.99883E-02, -7.02578E-02, -7.04839E-02, -7.06658E-02, -7.08028E-02, -7.08945E-02, -7.09404E-02, -7.09404E-02, -7.08945E-02, -7.08029E-02, -7.06659E-02, -7.04840E-02, -7.02579E-02, -6.99885E-02, -6.96767E-02, -6.93239E-02, -6.89314E-02, -6.85009E-02, -6.80342E-02, -6.75331E-02, -6.69999E-02, -6.64366E-02, -6.58456E-02, -6.52293E-02, -6.45901E-02, -6.39303E-02, -6.32524E-02, -6.25587E-02, -6.18516E-02, -6.11333E-02, -6.04059E-02, -5.96715E-02, -5.89319E-02, -5.81891E-02, -5.74447E-02, -5.67002E-02, -5.59570E-02, -5.52166E-02, -5.44800E-02, -5.37483E-02, -5.30225E-02, -5.23034E-02, -5.15918E-02, -5.08884E-02, -5.01936E-02, -4.95080E-02, -4.88319E-02,
 -4.94603E-02, -5.01633E-02, -5.08770E-02, -5.16011E-02, -5.23351E-02, -5.30784E-02, -5.38304E-02, -5.45904E-02, -5.53575E-02, -5.61307E-02, -5.69089E-02, -5.76910E-02, -5.84755E-02, -5.92609E-02, -6.00456E-02, -6.08278E-02, -6.16056E-02, -6.23768E-02, -6.31393E-02, -6.38908E-02, -6.46287E-02, -6.53507E-02, -6.60539E-02, -6.67359E-02, -6.73939E-02, -6.80252E-02, -6.86273E-02, -6.91976E-02, -6.97336E-02, -7.02330E-02, -7.06937E-02, -7.11138E-02, -7.14914E-02, -7.18250E-02, -7.21133E-02, -7.23552E-02, -7.25498E-02, -7.26963E-02, -7.27943E-02, -7.28434E-02, -7.28434E-02, -7.27943E-02, -7.26964E-02, -7.25499E-02, -7.23554E-02, -7.21135E-02, -7.18252E-02, -7.14916E-02, -7.11140E-02, -7.06940E-02, -7.02333E-02, -6.97339E-02, -6.91979E-02, -6.86277E-02, -6.80256E-02, -6.73943E-02, -6.67363E-02, -6.60543E-02, -6.53510E-02, -6.46291E-02, -6.38912E-02, -6.31397E-02, -6.23772E-02, -6.16060E-02, -6.08282E-02, -6.00460E-02, -5.92613E-02, -5.84759E-02, -5.76914E-02, -5.69093E-02, -5.61311E-02, -5.53579E-02, -5.45908E-02, -5.38308E-02, -5.30787E-02, -5.23354E-02, -5.16014E-02, -5.08773E-02, -5.01636E-02, -4.94606E-02,
 -5.00955E-02, -5.08265E-02, -5.15695E-02, -5.23241E-02, -5.30900E-02, -5.38665E-02, -5.46531E-02, -5.54491E-02, -5.62535E-02, -5.70654E-02, -5.78836E-02, -5.87070E-02, -5.95340E-02, -6.03631E-02, -6.11926E-02, -6.20205E-02, -6.28447E-02, -6.36631E-02, -6.44733E-02, -6.52726E-02, -6.60585E-02, -6.68281E-02, -6.75785E-02, -6.83069E-02, -6.90102E-02, -6.96855E-02, -7.03298E-02, -7.09403E-02, -7.15143E-02, -7.20493E-02, -7.25428E-02, -7.29927E-02, -7.33971E-02, -7.37543E-02, -7.40629E-02, -7.43218E-02, -7.45299E-02, -7.46867E-02, -7.47914E-02, -7.48439E-02, -7.48439E-02, -7.47915E-02, -7.46868E-02, -7.45301E-02, -7.43220E-02, -7.40631E-02, -7.37545E-02, -7.33974E-02, -7.29930E-02, -7.25431E-02, -7.20496E-02, -7.15147E-02, -7.09407E-02, -7.03302E-02, -6.96859E-02, -6.90106E-02, -6.83073E-02, -6.75790E-02, -6.68285E-02, -6.60589E-02, -6.52731E-02, -6.44737E-02, -6.36636E-02, -6.28452E-02, -6.20209E-02, -6.11930E-02, -6.03635E-02, -5.95344E-02, -5.87074E-02, -5.78840E-02, -5.70658E-02, -5.62539E-02, -5.54495E-02, -5.46535E-02, -5.38669E-02, -5.30903E-02, -5.23244E-02, -5.15698E-02, -5.08268E-02, -5.00958E-02,
 -5.07366E-02, -5.14967E-02, -5.22701E-02, -5.30566E-02, -5.38557E-02, -5.46671E-02, -5.54900E-02, -5.63237E-02, -5.71674E-02, -5.80202E-02, -5.88808E-02, -5.97479E-02, -6.06202E-02, -6.14959E-02, -6.23732E-02, -6.32501E-02, -6.41243E-02, -6.49935E-02, -6.58550E-02, -6.67061E-02, -6.75439E-02, -6.83652E-02, -6.91670E-02, -6.99458E-02, -7.06985E-02, -7.14216E-02, -7.21119E-02, -7.27664E-02, -7.33818E-02, -7.39554E-02, -7.44845E-02, -7.49668E-02, -7.54002E-02, -7.57828E-02, -7.61133E-02, -7.63904E-02, -7.66131E-02, -7.67807E-02, -7.68927E-02, -7.69488E-02, -7.69488E-02, -7.68927E-02, -7.67808E-02, -7.66132E-02, -7.63906E-02, -7.61135E-02, -7.57831E-02, -7.54004E-02, -7.49671E-02, -7.44848E-02, -7.39557E-02, -7.33822E-02, -7.27668E-02, -7.21124E-02, -7.14220E-02, -7.06989E-02, -6.99463E-02, -6.91674E-02, -6.83657E-02, -6.75444E-02, -6.67066E-02, -6.58555E-02, -6.49940E-02, -6.41248E-02, -6.32505E-02, -6.23736E-02, -6.14963E-02, -6.06206E-02, -5.97484E-02, -5.88812E-02, -5.80206E-02, -5.71678E-02, -5.63241E-02, -5.54903E-02, -5.46674E-02, -5.38561E-02, -5.30569E-02, -5.22704E-02, -5.14970E-02, -5.07369E-02,
 -5.13831E-02, -5.21733E-02, -5.29783E-02, -5.37980E-02, -5.46319E-02, -5.54795E-02, -5.63405E-02, -5.72139E-02, -5.80991E-02, -5.89949E-02, -5.99004E-02, -6.08140E-02, -6.17344E-02, -6.26598E-02, -6.35883E-02, -6.45177E-02, -6.54456E-02, -6.63695E-02, -6.72865E-02, -6.81937E-02, -6.90877E-02, -6.99653E-02, -7.08228E-02, -7.16567E-02, -7.24632E-02, -7.32386E-02, -7.39792E-02, -7.46815E-02, -7.53421E-02, -7.59577E-02, -7.65256E-02, -7.70430E-02, -7.75077E-02, -7.79178E-02, -7.82717E-02, -7.85682E-02, -7.88064E-02, -7.89856E-02, -7.91052E-02, -7.91652E-02, -7.91652E-02, -7.91053E-02, -7.89857E-02, -7.88066E-02, -7.85684E-02, -7.82719E-02, -7.79181E-02, -7.75080E-02, -7.70433E-02, -7.65259E-02, -7.59581E-02, -7.53425E-02, -7.46819E-02, -7.39797E-02, -7.32390E-02, -7.24636E-02, -7.16572E-02, -7.08233E-02, -6.99658E-02, -6.90882E-02, -6.81942E-02, -6.72870E-02, -6.63700E-02, -6.54461E-02, -6.45181E-02, -6.35887E-02, -6.26603E-02, -6.17349E-02, -6.08145E-02, -5.99008E-02, -5.89954E-02, -5.80995E-02, -5.72143E-02, -5.63409E-02, -5.54799E-02, -5.46322E-02, -5.37983E-02, -5.29787E-02, -5.21736E-02, -5.13834E-02,
 -5.20342E-02, -5.28556E-02, -5.36935E-02, -5.45476E-02, -5.54177E-02, -5.63034E-02, -5.72041E-02, -5.81192E-02, -5.90480E-02, -5.99894E-02, -6.09422E-02, -6.19052E-02, -6.28768E-02, -6.38552E-02, -6.48384E-02, -6.58241E-02, -6.68098E-02, -6.77927E-02, -6.87697E-02, -6.97376E-02, -7.06928E-02, -7.16316E-02, -7.25500E-02, -7.34439E-02, -7.43093E-02, -7.51418E-02, -7.59375E-02, -7.66921E-02, -7.74020E-02, -7.80636E-02, -7.86735E-02, -7.92289E-02, -7.97274E-02, -8.01670E-02, -8.05459E-02, -8.08632E-02, -8.11177E-02, -8.13090E-02, -8.14368E-02, -8.15007E-02, -8.15007E-02, -8.14368E-02, -8.13092E-02, -8.11179E-02, -8.08634E-02, -8.05462E-02, -8.01673E-02, -7.97278E-02, -7.92293E-02, -7.86739E-02, -7.80640E-02, -7.74025E-02, -7.66926E-02, -7.59380E-02, -7.51423E-02, -7.43098E-02, -7.34444E-02, -7.25505E-02, -7.16321E-02, -7.06934E-02, -6.97381E-02, -6.87703E-02, -6.77932E-02, -6.68103E-02, -6.58246E-02, -6.48389E-02, -6.38557E-02, -6.28773E-02, -6.19057E-02, -6.09427E-02, -5.99898E-02, -5.90484E-02, -5.81197E-02, -5.72045E-02, -5.63038E-02, -5.54181E-02, -5.45480E-02, -5.36938E-02, -5.28560E-02, -5.20346E-02,
 -5.26893E-02, -5.35429E-02, -5.44147E-02, -5.53047E-02, -5.62125E-02, -5.71378E-02, -5.80802E-02, -5.90391E-02, -6.00137E-02, -6.10031E-02, -6.20061E-02, -6.30214E-02, -6.40475E-02, -6.50824E-02, -6.61242E-02, -6.71703E-02, -6.82181E-02, -6.92647E-02, -7.03067E-02, -7.13405E-02, -7.23622E-02, -7.33677E-02, -7.43526E-02, -7.53123E-02, -7.62421E-02, -7.71373E-02, -7.79932E-02, -7.88053E-02, -7.95691E-02, -8.02807E-02, -8.09364E-02, -8.15330E-02, -8.20679E-02, -8.25389E-02, -8.29445E-02, -8.32836E-02, -8.35553E-02, -8.37593E-02, -8.38954E-02, -8.39634E-02, -8.39634E-02, -8.38954E-02, -8.37594E-02, -8.35555E-02, -8.32838E-02, -8.29448E-02, -8.25393E-02, -8.20683E-02, -8.15334E-02, -8.09368E-02, -8.02812E-02, -7.95696E-02, -7.88058E-02, -7.79938E-02, -7.71379E-02, -7.62426E-02, -7.53128E-02, -7.43531E-02, -7.33683E-02, -7.23628E-02, -7.13410E-02, -7.03072E-02, -6.92652E-02, -6.82187E-02, -6.71708E-02, -6.61247E-02, -6.50829E-02, -6.40480E-02, -6.30219E-02, -6.20066E-02, -6.10035E-02, -6.00141E-02, -5.90395E-02, -5.80806E-02, -5.71382E-02, -5.62129E-02, -5.53051E-02, -5.44151E-02, -5.35433E-02, -5.26896E-02,
 -5.33473E-02, -5.42342E-02, -5.51412E-02, -5.60683E-02, -5.70153E-02, -5.79820E-02, -5.89679E-02, -5.99727E-02, -6.09954E-02, -6.20354E-02, -6.30915E-02, -6.41623E-02, -6.52462E-02, -6.63415E-02, -6.74459E-02, -6.85569E-02, -6.96716E-02, -7.07870E-02, -7.18993E-02, -7.30047E-02, -7.40989E-02, -7.51773E-02, -7.62350E-02, -7.72668E-02, -7.82674E-02, -7.92315E-02, -8.01537E-02, -8.10288E-02, -8.18517E-02, -8.26179E-02, -8.33234E-02, -8.39645E-02, -8.45385E-02, -8.50431E-02, -8.54767E-02, -8.58385E-02, -8.61280E-02, -8.63449E-02, -8.64894E-02, -8.65616E-02, -8.65617E-02, -8.64895E-02, -8.63451E-02, -8.61282E-02, -8.58388E-02, -8.54771E-02, -8.50435E-02, -8.45389E-02, -8.39650E-02, -8.33239E-02, -8.26185E-02, -8.18523E-02, -8.10293E-02, -8.01543E-02, -7.92321E-02, -7.82680E-02, -7.72674E-02, -7.62356E-02, -7.51779E-02, -7.40995E-02, -7.30053E-02, -7.18999E-02, -7.07876E-02, -6.96722E-02, -6.85574E-02, -6.74464E-02, -6.63420E-02, -6.52468E-02, -6.41628E-02, -6.30920E-02, -6.20359E-02, -6.09959E-02, -5.99731E-02, -5.89684E-02, -5.79824E-02, -5.70157E-02, -5.60687E-02, -5.51416E-02, -5.42346E-02, -5.33476E-02,
 -5.40073E-02, -5.49286E-02, -5.58720E-02, -5.68375E-02, -5.78252E-02, -5.88349E-02, -5.98663E-02, -6.09190E-02, -6.19924E-02, -6.30856E-02, -6.41977E-02, -6.53273E-02, -6.64728E-02, -6.76324E-02, -6.88038E-02, -6.99844E-02, -7.11713E-02, -7.23610E-02, -7.35496E-02, -7.47329E-02, -7.59062E-02, -7.70644E-02, -7.82019E-02, -7.93130E-02, -8.03916E-02, -8.14316E-02, -8.24268E-02, -8.33712E-02, -8.42590E-02, -8.50851E-02, -8.58447E-02, -8.65339E-02, -8.71496E-02, -8.76896E-02, -8.81525E-02, -8.85377E-02, -8.88450E-02, -8.90748E-02, -8.92276E-02, -8.93039E-02, -8.93040E-02, -8.92277E-02, -8.90750E-02, -8.88452E-02, -8.85380E-02, -8.81529E-02, -8.76900E-02, -8.71501E-02, -8.65344E-02, -8.58452E-02, -8.50857E-02, -8.42596E-02, -8.33718E-02, -8.24274E-02, -8.14322E-02, -8.03922E-02, -7.93136E-02, -7.82025E-02, -7.70650E-02, -7.59069E-02, -7.47336E-02, -7.35502E-02, -7.23616E-02, -7.11719E-02, -6.99850E-02, -6.88044E-02, -6.76330E-02, -6.64733E-02, -6.53278E-02, -6.41982E-02, -6.30861E-02, -6.19929E-02, -6.09195E-02, -5.98668E-02, -5.88354E-02, -5.78257E-02, -5.68380E-02, -5.58724E-02, -5.49290E-02, -5.40077E-02,
 -5.46683E-02, -5.56249E-02, -5.66058E-02, -5.76112E-02, -5.86410E-02, -5.96955E-02, -6.07743E-02, -6.18771E-02, -6.30035E-02, -6.41528E-02, -6.53239E-02, -6.65157E-02, -6.77266E-02, -6.89548E-02, -7.01979E-02, -7.14533E-02, -7.27179E-02, -7.39879E-02, -7.52594E-02, -7.65276E-02, -7.77873E-02, -7.90329E-02, -8.02583E-02, -8.14567E-02, -8.26214E-02, -8.37453E-02, -8.48212E-02, -8.58422E-02, -8.68015E-02, -8.76931E-02, -8.85116E-02, -8.92526E-02, -8.99128E-02, -9.04899E-02, -9.09827E-02, -9.13912E-02, -9.17160E-02, -9.19581E-02, -9.21186E-02, -9.21987E-02, -9.21987E-02, -9.21188E-02, -9.19583E-02, -9.17163E-02, -9.13916E-02, -9.09832E-02, -9.04903E-02, -8.99133E-02, -8.92532E-02, -8.85123E-02, -8.76938E-02, -8.68022E-02, -8.58429E-02, -8.48220E-02, -8.37460E-02, -8.26222E-02, -8.14574E-02, -8.02590E-02, -7.90336E-02, -7.77880E-02, -7.65283E-02, -7.52601E-02, -7.39886E-02, -7.27185E-02, -7.14539E-02, -7.01985E-02, -6.89554E-02, -6.77272E-02, -6.65163E-02, -6.53244E-02, -6.41533E-02, -6.30040E-02, -6.18776E-02, -6.07748E-02, -5.96959E-02, -5.86415E-02, -5.76116E-02, -5.66062E-02, -5.56253E-02, -5.46687E-02,
 -5.53290E-02, -5.63220E-02, -5.73415E-02, -5.83879E-02, -5.94614E-02, -6.05623E-02, -6.16904E-02, -6.28455E-02, -6.40275E-02, -6.52356E-02, -6.64690E-02, -6.77266E-02, -6.90069E-02, -7.03081E-02, -7.16279E-02, -7.29636E-02, -7.43119E-02, -7.56689E-02, -7.70304E-02, -7.83911E-02, -7.97455E-02, -8.10872E-02, -8.24093E-02, -8.37044E-02, -8.49645E-02, -8.61814E-02, -8.73469E-02, -8.84527E-02, -8.94910E-02, -9.04546E-02, -9.13373E-02, -9.21340E-02, -9.28410E-02, -9.34563E-02, -9.39791E-02, -9.44102E-02, -9.47510E-02, -9.50039E-02, -9.51709E-02, -9.52539E-02, -9.52540E-02, -9.51710E-02, -9.50041E-02, -9.47514E-02, -9.44106E-02, -9.39796E-02, -9.34568E-02, -9.28416E-02, -9.21346E-02, -9.13380E-02, -9.04553E-02, -8.94918E-02, -8.84535E-02, -8.73477E-02, -8.61822E-02, -8.49653E-02, -8.37052E-02, -8.24101E-02, -8.10880E-02, -7.97463E-02, -7.83919E-02, -7.70311E-02, -7.56697E-02, -7.43126E-02, -7.29643E-02, -7.16286E-02, -7.03087E-02, -6.90075E-02, -6.77272E-02, -6.64695E-02, -6.52361E-02, -6.40280E-02, -6.28461E-02, -6.16909E-02, -6.05627E-02, -5.94619E-02, -5.83883E-02, -5.73419E-02, -5.63224E-02, -5.53295E-02,
 -5.59882E-02, -5.70184E-02, -5.80775E-02, -5.91662E-02, -6.02849E-02, -6.14338E-02, -6.26131E-02, -6.38228E-02, -6.50628E-02, -6.63325E-02, -6.76315E-02, -6.89586E-02, -7.03125E-02, -7.16914E-02, -7.30932E-02, -7.45150E-02, -7.59536E-02, -7.74048E-02, -7.88640E-02, -8.03258E-02, -8.17840E-02, -8.32315E-02, -8.46606E-02, -8.60627E-02, -8.74288E-02, -8.87494E-02, -9.00147E-02, -9.12150E-02, -9.23409E-02, -9.33838E-02, -9.43364E-02, -9.51928E-02, -9.59489E-02, -9.66029E-02, -9.71546E-02, -9.76059E-02, -9.79599E-02, -9.82207E-02, -9.83919E-02, -9.84767E-02, -9.84768E-02, -9.83921E-02, -9.82210E-02, -9.79603E-02, -9.76063E-02, -9.71551E-02, -9.66035E-02, -9.59496E-02, -9.51935E-02, -9.43372E-02, -9.33846E-02, -9.23417E-02, -9.12158E-02, -9.00156E-02, -8.87503E-02, -8.74297E-02, -8.60636E-02, -8.46614E-02, -8.32323E-02, -8.17848E-02, -8.03266E-02, -7.88648E-02, -7.74056E-02, -7.59543E-02, -7.45157E-02, -7.30939E-02, -7.16921E-02, -7.03131E-02, -6.89592E-02, -6.76321E-02, -6.63331E-02, -6.50633E-02, -6.38233E-02, -6.26136E-02, -6.14343E-02, -6.02854E-02, -5.91667E-02, -5.80780E-02, -5.70188E-02, -5.59887E-02,
 -5.66445E-02, -5.77127E-02, -5.88125E-02, -5.99446E-02, -6.11097E-02, -6.23082E-02, -6.35406E-02, -6.48070E-02, -6.61075E-02, -6.74419E-02, -6.88097E-02, -7.02101E-02, -7.16419E-02, -7.31035E-02, -7.45928E-02, -7.61070E-02, -7.76428E-02, -7.91959E-02, -8.07616E-02, -8.23338E-02, -8.39059E-02, -8.54701E-02, -8.70177E-02, -8.85389E-02, -9.00234E-02, -9.14600E-02, -9.28370E-02, -9.41430E-02, -9.53665E-02, -9.64973E-02, -9.75263E-02, -9.84465E-02, -9.92535E-02, -9.99453E-02, -1.00523E-01, -1.00990E-01, -1.01353E-01, -1.01616E-01, -1.01788E-01, -1.01872E-01, -1.01872E-01, -1.01788E-01, -1.01617E-01, -1.01353E-01, -1.00991E-01, -1.00524E-01, -9.99460E-02, -9.92543E-02, -9.84474E-02, -9.75272E-02, -9.64982E-02, -9.53675E-02, -9.41439E-02, -9.28380E-02, -9.14609E-02, -9.00244E-02, -8.85399E-02, -8.70186E-02, -8.54710E-02, -8.39068E-02, -8.23347E-02, -8.07624E-02, -7.91967E-02, -7.76436E-02, -7.61078E-02, -7.45935E-02, -7.31042E-02, -7.16426E-02, -7.02108E-02, -6.88103E-02, -6.74425E-02, -6.61081E-02, -6.48076E-02, -6.35412E-02, -6.23088E-02, -6.11102E-02, -5.99451E-02, -5.88129E-02, -5.77131E-02, -5.66450E-02,
 -5.72963E-02, -5.84032E-02, -5.95445E-02, -6.07212E-02, -6.19340E-02, -6.31838E-02, -6.44710E-02, -6.57962E-02, -6.71597E-02, -6.85616E-02, -7.00015E-02, -7.14791E-02, -7.29932E-02, -7.45426E-02, -7.61252E-02, -7.77384E-02, -7.93789E-02, -8.10423E-02, -8.27237E-02, -8.44167E-02, -8.61141E-02, -8.78072E-02, -8.94864E-02, -9.11407E-02, -9.27578E-02, -9.43247E-02, -9.58277E-02, -9.72526E-02, -9.85858E-02, -9.98143E-02, -1.00927E-01, -1.01916E-01, -1.02774E-01, -1.03502E-01, -1.04100E-01, -1.04576E-01, -1.04938E-01, -1.05196E-01, -1.05362E-01, -1.05443E-01, -1.05443E-01, -1.05362E-01, -1.05197E-01, -1.04938E-01, -1.04576E-01, -1.04101E-01, -1.03502E-01, -1.02775E-01, -1.01917E-01, -1.00928E-01, -9.98154E-02, -9.85868E-02, -9.72537E-02, -9.58287E-02, -9.43258E-02, -9.27588E-02, -9.11417E-02, -8.94874E-02, -8.78082E-02, -8.61150E-02, -8.44176E-02, -8.27246E-02, -8.10432E-02, -7.93797E-02, -7.77392E-02, -7.61260E-02, -7.45433E-02, -7.29940E-02, -7.14798E-02, -7.00022E-02, -6.85622E-02, -6.71603E-02, -6.57968E-02, -6.44716E-02, -6.31843E-02, -6.19346E-02, -6.07217E-02, -5.95450E-02, -5.84037E-02, -5.72968E-02,
 -5.79420E-02, -5.90883E-02, -6.02719E-02, -6.14941E-02, -6.27558E-02, -6.40581E-02, -6.54019E-02, -6.67880E-02, -6.82169E-02, -6.96890E-02, -7.12044E-02, -7.27630E-02, -7.43640E-02, -7.60064E-02, -7.76884E-02, -7.94075E-02, -8.11606E-02, -8.29434E-02, -8.47506E-02, -8.65758E-02, -8.84110E-02, -9.02469E-02, -9.20727E-02, -9.38758E-02, -9.56422E-02, -9.73565E-02, -9.90022E-02, -1.00562E-01, -1.02019E-01, -1.03358E-01, -1.04563E-01, -1.05624E-01, -1.06535E-01, -1.07293E-01, -1.07903E-01, -1.08375E-01, -1.08724E-01, -1.08964E-01, -1.09114E-01, -1.09185E-01, -1.09185E-01, -1.09114E-01, -1.08965E-01, -1.08724E-01, -1.08376E-01, -1.07904E-01, -1.07294E-01, -1.06536E-01, -1.05625E-01, -1.04564E-01, -1.03359E-01, -1.02021E-01, -1.00563E-01, -9.90034E-02, -9.73577E-02, -9.56433E-02, -9.38769E-02, -9.20738E-02, -9.02480E-02, -8.84120E-02, -8.65767E-02, -8.47515E-02, -8.29443E-02, -8.11614E-02, -7.94083E-02, -7.76892E-02, -7.60072E-02, -7.43648E-02, -7.27637E-02, -7.12051E-02, -6.96897E-02, -6.82175E-02, -6.67886E-02, -6.54025E-02, -6.40587E-02, -6.27564E-02, -6.14946E-02, -6.02725E-02, -5.90888E-02, -5.79425E-02,
 -5.85799E-02, -5.97660E-02, -6.09926E-02, -6.22611E-02, -6.35728E-02, -6.49290E-02, -6.63309E-02, -6.77796E-02, -6.92762E-02, -7.08213E-02, -7.24155E-02, -7.40589E-02, -7.57514E-02, -7.74920E-02, -7.92796E-02, -8.11119E-02, -8.29859E-02, -8.48976E-02, -8.68417E-02, -8.88114E-02, -9.07985E-02, -9.27927E-02, -9.47820E-02, -9.67524E-02, -9.86876E-02, -1.00569E-01, -1.02378E-01, -1.04093E-01, -1.05692E-01, -1.07155E-01, -1.08463E-01, -1.09603E-01, -1.10564E-01, -1.11345E-01, -1.11953E-01, -1.12403E-01, -1.12716E-01, -1.12918E-01, -1.13035E-01, -1.13088E-01, -1.13088E-01, -1.13035E-01, -1.12918E-01, -1.12716E-01, -1.12404E-01, -1.11954E-01, -1.11346E-01, -1.10565E-01, -1.09604E-01, -1.08465E-01, -1.07156E-01, -1.05693E-01, -1.04094E-01, -1.02379E-01, -1.00571E-01, -9.86888E-02, -9.67536E-02, -9.47832E-02, -9.27938E-02, -9.07996E-02, -8.88125E-02, -8.68427E-02, -8.48986E-02, -8.29868E-02, -8.11128E-02, -7.92804E-02, -7.74928E-02, -7.57521E-02, -7.40597E-02, -7.24162E-02, -7.08220E-02, -6.92769E-02, -6.77803E-02, -6.63315E-02, -6.49296E-02, -6.35734E-02, -6.22617E-02, -6.09932E-02, -5.97665E-02, -5.85803E-02,
 -5.92080E-02, -6.04344E-02, -6.17045E-02, -6.30199E-02, -6.43824E-02, -6.57936E-02, -6.72550E-02, -6.87682E-02, -7.03345E-02, -7.19552E-02, -7.36313E-02, -7.53633E-02, -7.71516E-02, -7.89959E-02, -8.08953E-02, -8.28482E-02, -8.48520E-02, -8.69027E-02, -8.89954E-02, -9.11232E-02, -9.32775E-02, -9.54473E-02, -9.76196E-02, -9.97784E-02, -1.01905E-01, -1.03979E-01, -1.05975E-01, -1.07868E-01, -1.09632E-01, -1.11238E-01, -1.12664E-01, -1.13888E-01, -1.14897E-01, -1.15690E-01, -1.16274E-01, -1.16672E-01, -1.16917E-01, -1.17049E-01, -1.17108E-01, -1.17128E-01, -1.17128E-01, -1.17108E-01, -1.17049E-01, -1.16918E-01, -1.16673E-01, -1.16275E-01, -1.15691E-01, -1.14899E-01, -1.13889E-01, -1.12665E-01, -1.11240E-01, -1.09633E-01, -1.07870E-01, -1.05976E-01, -1.03980E-01, -1.01907E-01, -9.97797E-02, -9.76209E-02, -9.54486E-02, -9.32786E-02, -9.11244E-02, -8.89965E-02, -8.69038E-02, -8.48530E-02, -8.28492E-02, -8.08963E-02, -7.89968E-02, -7.71524E-02, -7.53641E-02, -7.36320E-02, -7.19559E-02, -7.03352E-02, -6.87688E-02, -6.72556E-02, -6.57942E-02, -6.43830E-02, -6.30205E-02, -6.17050E-02, -6.04349E-02, -5.92085E-02,
 -5.98243E-02, -6.10912E-02, -6.24051E-02, -6.37681E-02, -6.51820E-02, -6.66491E-02, -6.81712E-02, -6.97503E-02, -7.13883E-02, -7.30870E-02, -7.48478E-02, -7.66720E-02, -7.85605E-02, -8.05137E-02, -8.25313E-02, -8.46124E-02, -8.67548E-02, -8.89553E-02, -9.12090E-02, -9.35094E-02, -9.58477E-02, -9.82125E-02, -1.00590E-01, -1.02961E-01, -1.05307E-01, -1.07600E-01, -1.09814E-01, -1.11917E-01, -1.13873E-01, -1.15648E-01, -1.17209E-01, -1.18526E-01, -1.19582E-01, -1.20369E-01, -1.20899E-01, -1.21202E-01, -1.21328E-01, -1.21338E-01, -1.21299E-01, -1.21263E-01, -1.21263E-01, -1.21299E-01, -1.21339E-01, -1.21329E-01, -1.21203E-01, -1.20900E-01, -1.20371E-01, -1.19584E-01, -1.18528E-01, -1.17210E-01, -1.15649E-01, -1.13874E-01, -1.11918E-01, -1.09816E-01, -1.07602E-01, -1.05308E-01, -1.02963E-01, -1.00591E-01, -9.82139E-02, -9.58490E-02, -9.35107E-02, -9.12102E-02, -8.89564E-02, -8.67558E-02, -8.46134E-02, -8.25323E-02, -8.05146E-02, -7.85614E-02, -7.66728E-02, -7.48486E-02, -7.30877E-02, -7.13890E-02, -6.97510E-02, -6.81718E-02, -6.66497E-02, -6.51826E-02, -6.37686E-02, -6.24057E-02, -6.10917E-02, -5.98248E-02,
 -6.04269E-02, -6.17343E-02, -6.30921E-02, -6.45028E-02, -6.59687E-02, -6.74923E-02, -6.90760E-02, -7.07223E-02, -7.24336E-02, -7.42123E-02, -7.60605E-02, -7.79802E-02, -7.99731E-02, -8.20402E-02, -8.41823E-02, -8.63990E-02, -8.86892E-02, -9.10503E-02, -9.34782E-02, -9.59668E-02, -9.85073E-02, -1.01088E-01, -1.03695E-01, -1.06307E-01, -1.08902E-01, -1.11451E-01, -1.13920E-01, -1.16268E-01, -1.18454E-01, -1.20431E-01, -1.22154E-01, -1.23580E-01, -1.24680E-01, -1.25440E-01, -1.25871E-01, -1.26015E-01, -1.25944E-01, -1.25755E-01, -1.25551E-01, -1.25423E-01, -1.25423E-01, -1.25552E-01, -1.25756E-01, -1.25946E-01, -1.26017E-01, -1.25873E-01, -1.25442E-01, -1.24682E-01, -1.23582E-01, -1.22156E-01, -1.20433E-01, -1.18456E-01, -1.16270E-01, -1.13921E-01, -1.11453E-01, -1.08904E-01, -1.06309E-01, -1.03696E-01, -1.01090E-01, -9.85087E-02, -9.59681E-02, -9.34794E-02, -9.10515E-02, -8.86903E-02, -8.64000E-02, -8.41833E-02, -8.20412E-02, -7.99740E-02, -7.79811E-02, -7.60613E-02, -7.42131E-02, -7.24344E-02, -7.07230E-02, -6.90767E-02, -6.74930E-02, -6.59694E-02, -6.45034E-02, -6.30927E-02, -6.17348E-02, -6.04274E-02,
 -6.10135E-02, -6.23612E-02, -6.37629E-02, -6.52214E-02, -6.67394E-02, -6.83199E-02, -6.99659E-02, -7.16803E-02, -7.34661E-02, -7.53266E-02, -7.72644E-02, -7.92826E-02, -8.13835E-02, -8.35693E-02, -8.58416E-02, -8.82014E-02, -9.06484E-02, -9.31813E-02, -9.57968E-02, -9.84898E-02, -1.01252E-01, -1.04073E-01, -1.06936E-01, -1.09821E-01, -1.12703E-01, -1.15547E-01, -1.18315E-01, -1.20959E-01, -1.23423E-01, -1.25648E-01, -1.27570E-01, -1.29129E-01, -1.30276E-01, -1.30983E-01, -1.31257E-01, -1.31149E-01, -1.30764E-01, -1.30250E-01, -1.29777E-01, -1.29495E-01, -1.29495E-01, -1.29778E-01, -1.30252E-01, -1.30766E-01, -1.31151E-01, -1.31259E-01, -1.30985E-01, -1.30278E-01, -1.29131E-01, -1.27572E-01, -1.25650E-01, -1.23425E-01, -1.20961E-01, -1.18317E-01, -1.15549E-01, -1.12704E-01, -1.09823E-01, -1.06937E-01, -1.04074E-01, -1.01254E-01, -9.84912E-02, -9.57981E-02, -9.31825E-02, -9.06496E-02, -8.82025E-02, -8.58427E-02, -8.35703E-02, -8.13844E-02, -7.92835E-02, -7.72653E-02, -7.53274E-02, -7.34669E-02, -7.16810E-02, -6.99666E-02, -6.83206E-02, -6.67401E-02, -6.52220E-02, -6.37635E-02, -6.23617E-02, -6.10140E-02,
 -6.15819E-02, -6.29695E-02, -6.44148E-02, -6.59208E-02, -6.74909E-02, -6.91283E-02, -7.08368E-02, -7.26198E-02, -7.44811E-02, -7.64245E-02, -7.84539E-02, -8.05729E-02, -8.27851E-02, -8.50938E-02, -8.75019E-02, -9.00116E-02, -9.26242E-02, -9.53397E-02, -9.81565E-02, -1.01071E-01, -1.04076E-01, -1.07160E-01, -1.10310E-01, -1.13504E-01, -1.16714E-01, -1.19903E-01, -1.23025E-01, -1.26024E-01, -1.28830E-01, -1.31366E-01, -1.33544E-01, -1.35277E-01, -1.36486E-01, -1.37117E-01, -1.37159E-01, -1.36670E-01, -1.35796E-01, -1.34762E-01, -1.33845E-01, -1.33308E-01, -1.33308E-01, -1.33846E-01, -1.34763E-01, -1.35798E-01, -1.36673E-01, -1.37161E-01, -1.37119E-01, -1.36489E-01, -1.35280E-01, -1.33546E-01, -1.31368E-01, -1.28833E-01, -1.26026E-01, -1.23028E-01, -1.19905E-01, -1.16716E-01, -1.13506E-01, -1.10312E-01, -1.07162E-01, -1.04077E-01, -1.01072E-01, -9.81579E-02, -9.53411E-02, -9.26255E-02, -9.00128E-02, -8.75030E-02, -8.50949E-02, -8.27861E-02, -8.05738E-02, -7.84548E-02, -7.64254E-02, -7.44819E-02, -7.26205E-02, -7.08375E-02, -6.91290E-02, -6.74915E-02, -6.59214E-02, -6.44154E-02, -6.29701E-02, -6.15824E-02,
 -6.21297E-02, -6.35566E-02, -6.50448E-02, -6.65979E-02, -6.82196E-02, -6.99137E-02, -7.16845E-02, -7.35362E-02, -7.54733E-02, -7.75005E-02, -7.96226E-02, -8.18443E-02, -8.41704E-02, -8.66056E-02, -8.91542E-02, -9.18202E-02, -9.46065E-02, -9.75151E-02, -1.00546E-01, -1.03699E-01, -1.06967E-01, -1.10343E-01, -1.13812E-01, -1.17353E-01, -1.20939E-01, -1.24530E-01, -1.28073E-01, -1.31502E-01, -1.34733E-01, -1.37666E-01, -1.40184E-01, -1.42161E-01, -1.43472E-01, -1.44015E-01, -1.43742E-01, -1.42702E-01, -1.41081E-01, -1.39221E-01, -1.37578E-01, -1.36611E-01, -1.36612E-01, -1.37580E-01, -1.39223E-01, -1.41084E-01, -1.42705E-01, -1.43745E-01, -1.44018E-01, -1.43476E-01, -1.42164E-01, -1.40187E-01, -1.37669E-01, -1.34736E-01, -1.31504E-01, -1.28075E-01, -1.24532E-01, -1.20941E-01, -1.17355E-01, -1.13813E-01, -1.10344E-01, -1.06969E-01, -1.03700E-01, -1.00548E-01, -9.75165E-02, -9.46078E-02, -9.18214E-02, -8.91554E-02, -8.66067E-02, -8.41714E-02, -8.18452E-02, -7.96235E-02, -7.75014E-02, -7.54742E-02, -7.35370E-02, -7.16853E-02, -6.99144E-02, -6.82203E-02, -6.65986E-02, -6.50454E-02, -6.35572E-02, -6.21303E-02,
 -6.26547E-02, -6.41200E-02, -6.56503E-02, -6.72495E-02, -6.89220E-02, -7.06721E-02, -7.25047E-02, -7.44247E-02, -7.64374E-02, -7.85485E-02, -8.07638E-02, -8.30893E-02, -8.55311E-02, -8.80954E-02, -9.07884E-02, -9.36158E-02, -9.65831E-02, -9.96944E-02, -1.02953E-01, -1.06359E-01, -1.09912E-01, -1.13605E-01, -1.17427E-01, -1.21360E-01, -1.25375E-01, -1.29431E-01, -1.33474E-01, -1.37426E-01, -1.41189E-01, -1.44638E-01, -1.47619E-01, -1.49955E-01, -1.51455E-01, -1.51938E-01, -1.51280E-01, -1.49482E-01, -1.46759E-01, -1.43604E-01, -1.40769E-01, -1.39075E-01, -1.39076E-01, -1.40771E-01, -1.43607E-01, -1.46763E-01, -1.49486E-01, -1.51284E-01, -1.51942E-01, -1.51459E-01, -1.49959E-01, -1.47623E-01, -1.44641E-01, -1.41192E-01, -1.37429E-01, -1.33476E-01, -1.29434E-01, -1.25377E-01, -1.21362E-01, -1.17429E-01, -1.13607E-01, -1.09914E-01, -1.06361E-01, -1.02954E-01, -9.96959E-02, -9.65844E-02, -9.36171E-02, -9.07896E-02, -8.80965E-02, -8.55321E-02, -8.30903E-02, -8.07648E-02, -7.85494E-02, -7.64383E-02, -7.44255E-02, -7.25054E-02, -7.06729E-02, -6.89227E-02, -6.72502E-02, -6.56509E-02, -6.41206E-02, -6.26553E-02,
 -6.31544E-02, -6.46569E-02, -6.62281E-02, -6.78724E-02, -6.95945E-02, -7.13994E-02, -7.32927E-02, -7.52800E-02, -7.73676E-02, -7.95620E-02, -8.18703E-02, -8.42997E-02, -8.68580E-02, -8.95530E-02, -9.23930E-02, -9.53860E-02, -9.85399E-02, -1.01862E-01, -1.05359E-01, -1.09035E-01, -1.12892E-01, -1.16929E-01, -1.21139E-01, -1.25507E-01, -1.30008E-01, -1.34603E-01, -1.39235E-01, -1.43822E-01, -1.48252E-01, -1.52374E-01, -1.55994E-01, -1.58872E-01, -1.60727E-01, -1.61260E-01, -1.60211E-01, -1.57460E-01, -1.53187E-01, -1.48056E-01, -1.43281E-01, -1.40354E-01, -1.40355E-01, -1.43284E-01, -1.48059E-01, -1.53191E-01, -1.57464E-01, -1.60216E-01, -1.61265E-01, -1.60732E-01, -1.58877E-01, -1.55998E-01, -1.52378E-01, -1.48256E-01, -1.43826E-01, -1.39238E-01, -1.34606E-01, -1.30010E-01, -1.25509E-01, -1.21141E-01, -1.16931E-01, -1.12894E-01, -1.09037E-01, -1.05360E-01, -1.01864E-01, -9.85413E-02, -9.53873E-02, -9.23942E-02, -8.95542E-02, -8.68591E-02, -8.43007E-02, -8.18713E-02, -7.95630E-02, -7.73685E-02, -7.52808E-02, -7.32935E-02, -7.14002E-02, -6.95952E-02, -6.78730E-02, -6.62287E-02, -6.46575E-02, -6.31550E-02,
 -6.36265E-02, -6.51647E-02, -6.67753E-02, -6.84631E-02, -7.02333E-02, -7.20915E-02, -7.40438E-02, -7.60969E-02, -7.82578E-02, -8.05342E-02, -8.29343E-02, -8.54668E-02, -8.81412E-02, -9.09672E-02, -9.39553E-02, -9.71161E-02, -1.00461E-01, -1.04000E-01, -1.07744E-01, -1.11702E-01, -1.15882E-01, -1.20288E-01, -1.24919E-01, -1.29767E-01, -1.34813E-01, -1.40025E-01, -1.45348E-01, -1.50700E-01, -1.55960E-01, -1.60958E-01, -1.65459E-01, -1.69154E-01, -1.71654E-01, -1.72501E-01, -1.71217E-01, -1.67442E-01, -1.61182E-01, -1.53206E-01, -1.45379E-01, -1.40391E-01, -1.40392E-01, -1.45383E-01, -1.53212E-01, -1.61188E-01, -1.67448E-01, -1.71223E-01, -1.72506E-01, -1.71660E-01, -1.69159E-01, -1.65463E-01, -1.60962E-01, -1.55964E-01, -1.50704E-01, -1.45351E-01, -1.40028E-01, -1.34816E-01, -1.29769E-01, -1.24921E-01, -1.20290E-01, -1.15884E-01, -1.11704E-01, -1.07746E-01, -1.04002E-01, -1.00462E-01, -9.71175E-02, -9.39566E-02, -9.09684E-02, -8.81423E-02, -8.54679E-02, -8.29353E-02, -8.05351E-02, -7.82587E-02, -7.60977E-02, -7.40446E-02, -7.20922E-02, -7.02340E-02, -6.84638E-02, -6.67760E-02, -6.51654E-02, -6.36270E-02,
 -6.40685E-02, -6.56409E-02, -6.72891E-02, -6.90184E-02, -7.08346E-02, -7.27439E-02, -7.47532E-02, -7.68698E-02, -7.91018E-02, -8.14580E-02, -8.39477E-02, -8.65814E-02, -8.93701E-02, -9.23259E-02, -9.54615E-02, -9.87906E-02, -1.02328E-01, -1.06087E-01, -1.10085E-01, -1.14335E-01, -1.18853E-01, -1.23648E-01, -1.28730E-01, -1.34100E-01, -1.39751E-01, -1.45659E-01, -1.51781E-01, -1.58042E-01, -1.64323E-01, -1.70443E-01, -1.76141E-01, -1.81045E-01, -1.84652E-01, -1.86315E-01, -1.85271E-01, -1.80766E-01, -1.72401E-01, -1.60815E-01, -1.48599E-01, -1.40389E-01, -1.40391E-01, -1.48605E-01, -1.60823E-01, -1.72409E-01, -1.80774E-01, -1.85278E-01, -1.86322E-01, -1.84658E-01, -1.81050E-01, -1.76146E-01, -1.70448E-01, -1.64327E-01, -1.58046E-01, -1.51784E-01, -1.45662E-01, -1.39754E-01, -1.34103E-01, -1.28733E-01, -1.23650E-01, -1.18855E-01, -1.14337E-01, -1.10087E-01, -1.06089E-01, -1.02329E-01, -9.87920E-02, -9.54628E-02, -9.23271E-02, -8.93713E-02, -8.65825E-02, -8.39488E-02, -8.14590E-02, -7.91028E-02, -7.68707E-02, -7.47540E-02, -7.27447E-02, -7.08353E-02, -6.90191E-02, -6.72897E-02, -6.56415E-02, -6.40691E-02,
 -6.44783E-02, -6.60828E-02, -6.77664E-02, -6.95350E-02, -7.13948E-02, -7.33527E-02, -7.54161E-02, -7.75934E-02, -7.98935E-02, -8.23262E-02, -8.49024E-02, -8.76340E-02, -9.05339E-02, -9.36164E-02, -9.68968E-02, -1.00392E-01, -1.04120E-01, -1.08101E-01, -1.12355E-01, -1.16903E-01, -1.21767E-01, -1.26968E-01, -1.32526E-01, -1.38455E-01, -1.44762E-01, -1.51443E-01, -1.58471E-01, -1.65792E-01, -1.73302E-01, -1.80832E-01, -1.88112E-01, -1.94737E-01, -2.00115E-01, -2.03422E-01, -2.03584E-01, -1.99359E-01, -1.89698E-01, -1.74715E-01, -1.57463E-01, -1.45096E-01, -1.45099E-01, -1.57471E-01, -1.74724E-01, -1.89708E-01, -1.99368E-01, -2.03593E-01, -2.03430E-01, -2.00121E-01, -1.94743E-01, -1.88118E-01, -1.80837E-01, -1.73307E-01, -1.65796E-01, -1.58475E-01, -1.51446E-01, -1.44765E-01, -1.38458E-01, -1.32529E-01, -1.26971E-01, -1.21769E-01, -1.16905E-01, -1.12356E-01, -1.08103E-01, -1.04122E-01, -1.00394E-01, -9.68982E-02, -9.36176E-02, -9.05351E-02, -8.76351E-02, -8.49035E-02, -8.23272E-02, -7.98944E-02, -7.75943E-02, -7.54170E-02, -7.33535E-02, -7.13955E-02, -6.95357E-02, -6.77671E-02, -6.60834E-02, -6.44789E-02,
 -6.48537E-02, -6.64879E-02, -6.82045E-02, -7.00097E-02, -7.19102E-02, -7.39135E-02, -7.60278E-02, -7.82621E-02, -8.06264E-02, -8.31316E-02, -8.57900E-02, -8.86149E-02, -9.16212E-02, -9.48255E-02, -9.82459E-02, -1.01903E-01, -1.05818E-01, -1.10016E-01, -1.14523E-01, -1.19369E-01, -1.24584E-01, -1.30199E-01, -1.36249E-01, -1.42763E-01, -1.49770E-01, -1.57288E-01, -1.65320E-01, -1.73845E-01, -1.82795E-01, -1.92038E-01, -2.01336E-01, -2.10295E-01, -2.18299E-01, -2.24421E-01, -2.27356E-01, -2.25425E-01, -2.16899E-01, -2.01103E-01, -1.80957E-01, -1.65531E-01, -1.65535E-01, -1.80967E-01, -2.01115E-01, -2.16910E-01, -2.25436E-01, -2.27366E-01, -2.24430E-01, -2.18307E-01, -2.10302E-01, -2.01342E-01, -1.92044E-01, -1.82800E-01, -1.73849E-01, -1.65324E-01, -1.57291E-01, -1.49773E-01, -1.42766E-01, -1.36251E-01, -1.30202E-01, -1.24586E-01, -1.19371E-01, -1.14525E-01, -1.10018E-01, -1.05819E-01, -1.01904E-01, -9.82473E-02, -9.48268E-02, -9.16224E-02, -8.86160E-02, -8.57910E-02, -8.31326E-02, -8.06273E-02, -7.82630E-02, -7.60287E-02, -7.39143E-02, -7.19109E-02, -7.00104E-02, -6.82051E-02, -6.64885E-02, -6.48543E-02,
 -6.51924E-02, -6.68538E-02, -6.86006E-02, -7.04394E-02, -7.23773E-02, -7.44225E-02, -7.65837E-02, -7.88708E-02, -8.12946E-02, -8.38672E-02, -8.66021E-02, -8.95144E-02, -9.26207E-02, -9.59399E-02, -9.94931E-02, -1.03304E-01, -1.07398E-01, -1.11806E-01, -1.16560E-01, -1.21696E-01, -1.27257E-01, -1.33286E-01, -1.39830E-01, -1.46943E-01, -1.54675E-01, -1.63076E-01, -1.72189E-01, -1.82039E-01, -1.92619E-01, -2.03864E-01, -2.15618E-01, -2.27569E-01, -2.39170E-01, -2.49532E-01, -2.57300E-01, -2.60607E-01, -2.57324E-01, -2.46157E-01, -2.29333E-01, -2.15531E-01, -2.15536E-01, -2.29343E-01, -2.46170E-01, -2.57337E-01, -2.60619E-01, -2.57310E-01, -2.49541E-01, -2.39179E-01, -2.27576E-01, -2.15625E-01, -2.03870E-01, -1.92624E-01, -1.82043E-01, -1.72193E-01, -1.63080E-01, -1.54678E-01, -1.46946E-01, -1.39833E-01, -1.33288E-01, -1.27259E-01, -1.21699E-01, -1.16561E-01, -1.11807E-01, -1.07400E-01, -1.03305E-01, -9.94945E-02, -9.59413E-02, -9.26220E-02, -8.95155E-02, -8.66032E-02, -8.38682E-02, -8.12955E-02, -7.88716E-02, -7.65845E-02, -7.44233E-02, -7.23781E-02, -7.04401E-02, -6.86013E-02, -6.68545E-02, -6.51930E-02,
 -6.54926E-02, -6.71784E-02, -6.89523E-02, -7.08212E-02, -7.27929E-02, -7.48758E-02, -7.70794E-02, -7.94142E-02, -8.18921E-02, -8.45261E-02, -8.73309E-02, -9.03232E-02, -9.35214E-02, -9.69466E-02, -1.00623E-01, -1.04576E-01, -1.08838E-01, -1.13443E-01, -1.18430E-01, -1.23844E-01, -1.29737E-01, -1.36166E-01, -1.43197E-01, -1.50902E-01, -1.59361E-01, -1.68663E-01, -1.78897E-01, -1.90150E-01, -2.02497E-01, -2.15978E-01, -2.30566E-01, -2.46112E-01, -2.62259E-01, -2.78324E-01, -2.93145E-01, -3.04982E-01, -3.11668E-01, -3.11506E-01, -3.05389E-01, -2.98849E-01, -2.98853E-01, -3.05399E-01, -3.11519E-01, -3.11682E-01, -3.04995E-01, -2.93157E-01, -2.78334E-01, -2.62269E-01, -2.46120E-01, -2.30573E-01, -2.15985E-01, -2.02503E-01, -1.90155E-01, -1.78901E-01, -1.68667E-01, -1.59365E-01, -1.50905E-01, -1.43200E-01, -1.36169E-01, -1.29740E-01, -1.23847E-01, -1.18432E-01, -1.13445E-01, -1.08840E-01, -1.04578E-01, -1.00624E-01, -9.69480E-02, -9.35227E-02, -9.03243E-02, -8.73320E-02, -8.45271E-02, -8.18931E-02, -7.94151E-02, -7.70802E-02, -7.48766E-02, -7.27936E-02, -7.08220E-02, -6.89530E-02, -6.71791E-02, -6.54933E-02,
 -6.57526E-02, -6.74597E-02, -6.92573E-02, -7.11527E-02, -7.31539E-02, -7.52699E-02, -7.75109E-02, -7.98879E-02, -8.24136E-02, -8.51020E-02, -8.79689E-02, -9.10324E-02, -9.43127E-02, -9.78330E-02, -1.01620E-01, -1.05702E-01, -1.10116E-01, -1.14901E-01, -1.20102E-01, -1.25772E-01, -1.31974E-01, -1.38778E-01, -1.46267E-01, -1.54538E-01, -1.63700E-01, -1.73883E-01, -1.85230E-01, -1.97902E-01, -2.12072E-01, -2.27914E-01, -2.45578E-01, -2.65154E-01, -2.86589E-01, -3.09578E-01, -3.33380E-01, -3.56635E-01, -3.77296E-01, -3.93033E-01, -4.02414E-01, -4.06166E-01, -4.06170E-01, -4.02424E-01, -3.93046E-01, -3.77310E-01, -3.56648E-01, -3.33393E-01, -3.09589E-01, -2.86599E-01, -2.65162E-01, -2.45586E-01, -2.27921E-01, -2.12078E-01, -1.97907E-01, -1.85235E-01, -1.73887E-01, -1.63704E-01, -1.54541E-01, -1.46270E-01, -1.38781E-01, -1.31976E-01, -1.25774E-01, -1.20104E-01, -1.14903E-01, -1.10118E-01, -1.05704E-01, -1.01621E-01, -9.78343E-02, -9.43140E-02, -9.10336E-02, -8.79700E-02, -8.51030E-02, -8.24146E-02, -7.98888E-02, -7.75117E-02, -7.52707E-02, -7.31546E-02, -7.11534E-02, -6.92580E-02, -6.74604E-02, -6.57532E-02,
 -6.59707E-02, -6.76958E-02, -6.95135E-02, -7.14313E-02, -7.34576E-02, -7.56019E-02, -7.78746E-02, -8.02876E-02, -8.28541E-02, -8.55890E-02, -8.85093E-02, -9.16340E-02, -9.49851E-02, -9.85875E-02, -1.02470E-01, -1.06665E-01, -1.11212E-01, -1.16154E-01, -1.21543E-01, -1.27440E-01, -1.33917E-01, -1.41057E-01, -1.48961E-01, -1.57747E-01, -1.67556E-01, -1.78557E-01, -1.90953E-01, -2.04980E-01, -2.20920E-01, -2.39096E-01, -2.59871E-01, -2.83622E-01, -3.10695E-01, -3.41297E-01, -3.75299E-01, -4.11912E-01, -4.49253E-01, -4.83965E-01, -5.11375E-01, -5.26645E-01, -5.26649E-01, -5.11385E-01, -4.83978E-01, -4.49268E-01, -4.11927E-01, -3.75312E-01, -3.41309E-01, -3.10706E-01, -2.83631E-01, -2.59879E-01, -2.39103E-01, -2.20926E-01, -2.04985E-01, -1.90957E-01, -1.78562E-01, -1.67560E-01, -1.57750E-01, -1.48964E-01, -1.41060E-01, -1.33920E-01, -1.27443E-01, -1.21545E-01, -1.16156E-01, -1.11213E-01, -1.06667E-01, -1.02471E-01, -9.85888E-02, -9.49864E-02, -9.16352E-02, -8.85104E-02, -8.55901E-02, -8.28551E-02, -8.02885E-02, -7.78755E-02, -7.56027E-02, -7.34584E-02, -7.14320E-02, -6.95142E-02, -6.76965E-02, -6.59713E-02,
 -6.61456E-02, -6.78853E-02, -6.97192E-02, -7.16551E-02, -7.37018E-02, -7.58689E-02, -7.81675E-02, -8.06097E-02, -8.32094E-02, -8.59823E-02, -8.89460E-02, -9.21209E-02, -9.55299E-02, -9.91998E-02, -1.03161E-01, -1.07449E-01, -1.12106E-01, -1.17179E-01, -1.22725E-01, -1.28813E-01, -1.35521E-01, -1.42945E-01, -1.51202E-01, -1.60428E-01, -1.70795E-01, -1.82510E-01, -1.95825E-01, -2.11055E-01, -2.28586E-01, -2.48890E-01, -2.72546E-01, -3.00239E-01, -3.32748E-01, -3.70871E-01, -4.15219E-01, -4.65767E-01, -5.20965E-01, -5.76402E-01, -6.23700E-01, -6.51688E-01, -6.51692E-01, -6.23711E-01, -5.76417E-01, -5.20981E-01, -4.65783E-01, -4.15234E-01, -3.70883E-01, -3.32760E-01, -3.00249E-01, -2.72555E-01, -2.48898E-01, -2.28592E-01, -2.11061E-01, -1.95830E-01, -1.82514E-01, -1.70799E-01, -1.60432E-01, -1.51205E-01, -1.42948E-01, -1.35523E-01, -1.28815E-01, -1.22727E-01, -1.17181E-01, -1.12107E-01, -1.07451E-01, -1.03163E-01, -9.92012E-02, -9.55312E-02, -9.21221E-02, -8.89472E-02, -8.59833E-02, -8.32104E-02, -8.06106E-02, -7.81683E-02, -7.58697E-02, -7.37026E-02, -7.16559E-02, -6.97199E-02, -6.78860E-02, -6.61462E-02,
 -6.62762E-02, -6.80269E-02, -6.98730E-02, -7.18226E-02, -7.38845E-02, -7.60689E-02, -7.83869E-02, -8.08512E-02, -8.34760E-02, -8.62776E-02, -8.92743E-02, -9.24872E-02, -9.59403E-02, -9.96615E-02, -1.03683E-01, -1.08042E-01, -1.12783E-01, -1.17956E-01, -1.23624E-01, -1.29858E-01, -1.36745E-01, -1.44391E-01, -1.52922E-01, -1.62494E-01, -1.73301E-01, -1.85579E-01, -1.99627E-01, -2.15822E-01, -2.34637E-01, -2.56677E-01, -2.82706E-01, -3.13684E-01, -3.50789E-01, -3.95381E-01, -4.48831E-01, -5.11983E-01, -5.83915E-01, -6.59610E-01, -7.27227E-01, -7.68681E-01, -7.68686E-01, -7.27241E-01, -6.59628E-01, -5.83934E-01, -5.12001E-01, -4.48846E-01, -3.95395E-01, -3.50800E-01, -3.13694E-01, -2.82715E-01, -2.56685E-01, -2.34644E-01, -2.15827E-01, -1.99632E-01, -1.85583E-01, -1.73304E-01, -1.62498E-01, -1.52925E-01, -1.44393E-01, -1.36747E-01, -1.29860E-01, -1.23626E-01, -1.17958E-01, -1.12784E-01, -1.08044E-01, -1.03684E-01, -9.96629E-02, -9.59416E-02, -9.24883E-02, -8.92754E-02, -8.62786E-02, -8.34770E-02, -8.08521E-02, -7.83878E-02, -7.60697E-02, -7.38853E-02, -7.18233E-02, -6.98737E-02, -6.80276E-02, -6.62769E-02,
 -6.63618E-02, -6.81197E-02, -6.99738E-02, -7.19323E-02, -7.40044E-02, -7.62001E-02, -7.85310E-02, -8.10098E-02, -8.36513E-02, -8.64718E-02, -8.94903E-02, -9.27284E-02, -9.62108E-02, -9.99660E-02, -1.04027E-01, -1.08434E-01, -1.13230E-01, -1.18471E-01, -1.24219E-01, -1.30551E-01, -1.37559E-01, -1.45353E-01, -1.54069E-01, -1.63874E-01, -1.74976E-01, -1.87636E-01, -2.02180E-01, -2.19029E-01, -2.38717E-01, -2.61936E-01, -2.89581E-01, -3.22802E-01, -3.63053E-01, -4.12100E-01, -4.71878E-01, -5.43948E-01, -6.28052E-01, -7.19086E-01, -8.02844E-01, -8.55455E-01, -8.55461E-01, -8.02859E-01, -7.19106E-01, -6.28072E-01, -5.43966E-01, -4.71894E-01, -4.12114E-01, -3.63064E-01, -3.22812E-01, -2.89590E-01, -2.61944E-01, -2.38723E-01, -2.19034E-01, -2.02185E-01, -1.87640E-01, -1.74980E-01, -1.63877E-01, -1.54072E-01, -1.45355E-01, -1.37561E-01, -1.30554E-01, -1.24221E-01, -1.18473E-01, -1.13232E-01, -1.08435E-01, -1.04029E-01, -9.99674E-02, -9.62120E-02, -9.27296E-02, -8.94915E-02, -8.64729E-02, -8.36522E-02, -8.10107E-02, -7.85318E-02, -7.62009E-02, -7.40052E-02, -7.19331E-02, -6.99745E-02, -6.81203E-02, -6.63624E-02,
 -6.64018E-02, -6.81630E-02, -7.00209E-02, -7.19837E-02, -7.40605E-02, -7.62616E-02, -7.85985E-02, -8.10842E-02, -8.37334E-02, -8.65630E-02, -8.95918E-02, -9.28417E-02, -9.63378E-02, -1.00109E-01, -1.04190E-01, -1.08618E-01, -1.13441E-01, -1.18714E-01, -1.24500E-01, -1.30878E-01, -1.37942E-01, -1.45805E-01, -1.54608E-01, -1.64522E-01, -1.75761E-01, -1.88596E-01, -2.03367E-01, -2.20511E-01, -2.40588E-01, -2.64325E-01, -2.92664E-01, -3.26822E-01, -3.68347E-01, -4.19132E-01, -4.81278E-01, -5.56547E-01, -6.44862E-01, -7.41079E-01, -8.30256E-01, -8.86637E-01, -8.86643E-01, -8.30272E-01, -7.41099E-01, -6.44883E-01, -5.56565E-01, -4.81294E-01, -4.19145E-01, -3.68358E-01, -3.26831E-01, -2.92672E-01, -2.64332E-01, -2.40595E-01, -2.20517E-01, -2.03372E-01, -1.88600E-01, -1.75765E-01, -1.64525E-01, -1.54611E-01, -1.45808E-01, -1.37944E-01, -1.30880E-01, -1.24502E-01, -1.18715E-01, -1.13443E-01, -1.08620E-01, -1.04191E-01, -1.00111E-01, -9.63391E-02, -9.28429E-02, -8.95929E-02, -8.65640E-02, -8.37344E-02, -8.10851E-02, -7.85993E-02, -7.62624E-02, -7.40612E-02, -7.19844E-02, -7.00216E-02, -6.81637E-02, -6.64024E-02,
 -6.63959E-02, -6.81567E-02, -7.00141E-02, -7.19763E-02, -7.40524E-02, -7.62527E-02, -7.85888E-02, -8.10736E-02, -8.37218E-02, -8.65501E-02, -8.95775E-02, -9.28258E-02, -9.63201E-02, -1.00089E-01, -1.04167E-01, -1.08592E-01, -1.13412E-01, -1.18679E-01, -1.24460E-01, -1.30831E-01, -1.37886E-01, -1.45738E-01, -1.54526E-01, -1.64420E-01, -1.75632E-01, -1.88429E-01, -2.03146E-01, -2.20212E-01, -2.40173E-01, -2.63732E-01, -2.91795E-01, -3.25515E-01, -3.66333E-01, -4.15964E-01, -4.76218E-01, -5.48429E-01, -6.32008E-01, -7.21562E-01, -8.03090E-01, -8.53872E-01, -8.53877E-01, -8.03104E-01, -7.21580E-01, -6.32027E-01, -5.48446E-01, -4.76233E-01, -4.15976E-01, -3.66344E-01, -3.25524E-01, -2.91803E-01, -2.63739E-01, -2.40178E-01, -2.20217E-01, -2.03151E-01, -1.88433E-01, -1.75636E-01, -1.64423E-01, -1.54529E-01, -1.45741E-01, -1.37889E-01, -1.30834E-01, -1.24462E-01, -1.18681E-01, -1.13413E-01, -1.08594E-01, -1.04168E-01, -1.00091E-01, -9.63213E-02, -9.28270E-02, -8.95786E-02, -8.65511E-02, -8.37228E-02, -8.10745E-02, -7.85897E-02, -7.62535E-02, -7.40532E-02, -7.19770E-02, -7.00148E-02, -6.81573E-02, -6.63965E-02,
 -6.63443E-02, -6.81007E-02, -6.99533E-02, -7.19101E-02, -7.39802E-02, -7.61738E-02, -7.85022E-02, -8.09783E-02, -8.36166E-02, -8.64335E-02, -8.94479E-02, -9.26812E-02, -9.61580E-02, -9.99068E-02, -1.03961E-01, -1.08358E-01, -1.13143E-01, -1.18371E-01, -1.24103E-01, -1.30414E-01, -1.37396E-01, -1.45157E-01, -1.53830E-01, -1.63579E-01, -1.74605E-01, -1.87158E-01, -2.01552E-01, -2.18184E-01, -2.37552E-01, -2.60288E-01, -2.87187E-01, -3.19231E-01, -3.57600E-01, -4.03604E-01, -4.58464E-01, -5.22720E-01, -5.94985E-01, -6.69823E-01, -7.35556E-01, -7.75317E-01, -7.75322E-01, -7.35567E-01, -6.69838E-01, -5.95000E-01, -5.22734E-01, -4.58477E-01, -4.03616E-01, -3.57609E-01, -3.19239E-01, -2.87194E-01, -2.60295E-01, -2.37558E-01, -2.18189E-01, -2.01557E-01, -1.87161E-01, -1.74608E-01, -1.63582E-01, -1.53833E-01, -1.45160E-01, -1.37399E-01, -1.30417E-01, -1.24105E-01, -1.18373E-01, -1.13145E-01, -1.08359E-01, -1.03962E-01, -9.99081E-02, -9.61592E-02, -9.26824E-02, -8.94490E-02, -8.64345E-02, -8.36175E-02, -8.09792E-02, -7.85030E-02, -7.61746E-02, -7.39810E-02, -7.19108E-02, -6.99540E-02, -6.81014E-02, -6.63449E-02,
 -6.62472E-02, -6.79956E-02, -6.98391E-02, -7.17859E-02, -7.38447E-02, -7.60255E-02, -7.83395E-02, -8.07993E-02, -8.34190E-02, -8.62148E-02, -8.92048E-02, -9.24100E-02, -9.58542E-02, -9.95650E-02, -1.03574E-01, -1.07919E-01, -1.12642E-01, -1.17795E-01, -1.23437E-01, -1.29640E-01, -1.36488E-01, -1.44084E-01, -1.52551E-01, -1.62039E-01, -1.72733E-01, -1.84858E-01, -1.98692E-01, -2.14582E-01, -2.32955E-01, -2.54335E-01, -2.79362E-01, -3.08789E-01, -3.43458E-01, -3.84198E-01, -4.31580E-01, -4.85388E-01, -5.43701E-01, -6.01606E-01, -6.50369E-01, -6.78913E-01, -6.78917E-01, -6.50378E-01, -6.01617E-01, -5.43713E-01, -4.85400E-01, -4.31591E-01, -3.84208E-01, -3.43466E-01, -3.08796E-01, -2.79368E-01, -2.54341E-01, -2.32960E-01, -2.14587E-01, -1.98696E-01, -1.84861E-01, -1.72736E-01, -1.62042E-01, -1.52553E-01, -1.44086E-01, -1.36490E-01, -1.29642E-01, -1.23439E-01, -1.17797E-01, -1.12644E-01, -1.07920E-01, -1.03576E-01, -9.95663E-02, -9.58554E-02, -9.24111E-02, -8.92058E-02, -8.62157E-02, -8.34199E-02, -8.08001E-02, -7.83403E-02, -7.60263E-02, -7.38454E-02, -7.17866E-02, -6.98398E-02, -6.79962E-02, -6.62478E-02,
 -6.61054E-02, -6.78420E-02, -6.96724E-02, -7.16044E-02, -7.36468E-02, -7.58091E-02, -7.81022E-02, -8.05384E-02, -8.31312E-02, -8.58963E-02, -8.88511E-02, -9.20158E-02, -9.54131E-02, -9.90693E-02, -1.03015E-01, -1.07284E-01, -1.11918E-01, -1.16965E-01, -1.22480E-01, -1.28528E-01, -1.35188E-01, -1.42553E-01, -1.50733E-01, -1.59863E-01, -1.70102E-01, -1.81646E-01, -1.94729E-01, -2.09638E-01, -2.26712E-01, -2.46358E-01, -2.69043E-01, -2.95281E-01, -3.25583E-01, -3.60343E-01, -3.99613E-01, -4.42704E-01, -4.87598E-01, -5.30334E-01, -5.64911E-01, -5.84557E-01, -5.84559E-01, -5.64917E-01, -5.30342E-01, -4.87607E-01, -4.42714E-01, -3.99623E-01, -3.60352E-01, -3.25591E-01, -2.95288E-01, -2.69049E-01, -2.46364E-01, -2.26717E-01, -2.09642E-01, -1.94733E-01, -1.81649E-01, -1.70105E-01, -1.59866E-01, -1.50736E-01, -1.42555E-01, -1.35191E-01, -1.28530E-01, -1.22482E-01, -1.16967E-01, -1.11920E-01, -1.07286E-01, -1.03016E-01, -9.90705E-02, -9.54142E-02, -9.20169E-02, -8.88522E-02, -8.58973E-02, -8.31321E-02, -8.05392E-02, -7.81031E-02, -7.58099E-02, -7.36475E-02, -7.16051E-02, -6.96731E-02, -6.78426E-02, -6.61060E-02,
 -6.59197E-02, -6.76410E-02, -6.94543E-02, -7.13673E-02, -7.33882E-02, -7.55266E-02, -7.77927E-02, -8.01982E-02, -8.27563E-02, -8.54817E-02, -8.83912E-02, -9.15037E-02, -9.48408E-02, -9.84271E-02, -1.02291E-01, -1.06465E-01, -1.10986E-01, -1.15898E-01, -1.21252E-01, -1.27108E-01, -1.33533E-01, -1.40612E-01, -1.48439E-01, -1.57130E-01, -1.66819E-01, -1.77667E-01, -1.89863E-01, -2.03627E-01, -2.19214E-01, -2.36911E-01, -2.57025E-01, -2.79858E-01, -3.05648E-01, -3.34470E-01, -3.66055E-01, -3.99534E-01, -4.33118E-01, -4.63879E-01, -4.87919E-01, -5.01245E-01, -5.01246E-01, -4.87923E-01, -4.63885E-01, -4.33125E-01, -3.99541E-01, -3.66063E-01, -3.34477E-01, -3.05654E-01, -2.79863E-01, -2.57031E-01, -2.36916E-01, -2.19219E-01, -2.03631E-01, -1.89866E-01, -1.77670E-01, -1.66822E-01, -1.57132E-01, -1.48442E-01, -1.40614E-01, -1.33536E-01, -1.27110E-01, -1.21254E-01, -1.15900E-01, -1.10987E-01, -1.06466E-01, -1.02292E-01, -9.84283E-02, -9.48419E-02, -9.15048E-02, -8.83922E-02, -8.54827E-02, -8.27572E-02, -8.01990E-02, -7.77935E-02, -7.55273E-02, -7.33890E-02, -7.13680E-02, -6.94550E-02, -6.76416E-02, -6.59203E-02,
 -6.56914E-02, -6.73939E-02, -6.91864E-02, -7.10761E-02, -7.30711E-02, -7.51802E-02, -7.74135E-02, -7.97820E-02, -8.22980E-02, -8.49756E-02, -8.78304E-02, -9.08802E-02, -9.41451E-02, -9.76477E-02, -1.01414E-01, -1.05474E-01, -1.09862E-01, -1.14616E-01, -1.19781E-01, -1.25411E-01, -1.31565E-01, -1.38314E-01, -1.45738E-01, -1.53931E-01, -1.63004E-01, -1.73082E-01, -1.84307E-01, -1.96840E-01, -2.10857E-01, -2.26538E-01, -2.44059E-01, -2.63553E-01, -2.85069E-01, -3.08483E-01, -3.33381E-01, -3.58916E-01, -3.83659E-01, -4.05571E-01, -4.22204E-01, -4.31242E-01, -4.31243E-01, -4.22207E-01, -4.05576E-01, -3.83665E-01, -3.58922E-01, -3.33387E-01, -3.08488E-01, -2.85075E-01, -2.63558E-01, -2.44063E-01, -2.26542E-01, -2.10861E-01, -1.96844E-01, -1.84310E-01, -1.73085E-01, -1.63007E-01, -1.53934E-01, -1.45740E-01, -1.38316E-01, -1.31567E-01, -1.25413E-01, -1.19783E-01, -1.14617E-01, -1.09863E-01, -1.05475E-01, -1.01415E-01, -9.76489E-02, -9.41462E-02, -9.08813E-02, -8.78314E-02, -8.49765E-02, -8.22989E-02, -7.97828E-02, -7.74143E-02, -7.51810E-02, -7.30718E-02, -7.10768E-02, -6.91870E-02, -6.73945E-02, -6.56920E-02,
 -6.54219E-02, -6.71024E-02, -6.88705E-02, -7.07331E-02, -7.26978E-02, -7.47730E-02, -7.69681E-02, -7.92935E-02, -8.17609E-02, -8.43832E-02, -8.71751E-02, -9.01528E-02, -9.33348E-02, -9.67418E-02, -1.00397E-01, -1.04328E-01, -1.08565E-01, -1.13141E-01, -1.18096E-01, -1.23475E-01, -1.29330E-01, -1.35717E-01, -1.42703E-01, -1.50363E-01, -1.58782E-01, -1.68051E-01, -1.78274E-01, -1.89556E-01, -2.02007E-01, -2.15724E-01, -2.30780E-01, -2.47196E-01, -2.64899E-01, -2.83669E-01, -3.03068E-01, -3.22365E-01, -3.40496E-01, -3.56091E-01, -3.67645E-01, -3.73821E-01, -3.73822E-01, -3.67647E-01, -3.56094E-01, -3.40499E-01, -3.22369E-01, -3.03072E-01, -2.83673E-01, -2.64903E-01, -2.47200E-01, -2.30784E-01, -2.15728E-01, -2.02010E-01, -1.89559E-01, -1.78277E-01, -1.68054E-01, -1.58784E-01, -1.50366E-01, -1.42705E-01, -1.35719E-01, -1.29331E-01, -1.23477E-01, -1.18098E-01, -1.13142E-01, -1.08566E-01, -1.04330E-01, -1.00399E-01, -9.67430E-02, -9.33358E-02, -9.01538E-02, -8.71760E-02, -8.43841E-02, -8.17617E-02, -7.92943E-02, -7.69688E-02, -7.47737E-02, -7.26985E-02, -7.07338E-02, -6.88712E-02, -6.71030E-02, -6.54224E-02,
 -6.51127E-02, -6.67684E-02, -6.85089E-02, -7.03407E-02, -7.22711E-02, -7.43080E-02, -7.64601E-02, -7.87372E-02, -8.11500E-02, -8.37105E-02, -8.64320E-02, -8.93296E-02, -9.24197E-02, -9.57212E-02, -9.92549E-02, -1.03044E-01, -1.07116E-01, -1.11499E-01, -1.16228E-01, -1.21339E-01, -1.26874E-01, -1.32881E-01, -1.39410E-01, -1.46519E-01, -1.54270E-01, -1.62726E-01, -1.71955E-01, -1.82020E-01, -1.92977E-01, -2.04862E-01, -2.17678E-01, -2.31376E-01, -2.45821E-01, -2.60766E-01, -2.75809E-01, -2.90368E-01, -3.03680E-01, -3.14849E-01, -3.22957E-01, -3.27233E-01, -3.27233E-01, -3.22958E-01, -3.14851E-01, -3.03683E-01, -2.90371E-01, -2.75812E-01, -2.60770E-01, -2.45825E-01, -2.31379E-01, -2.17681E-01, -2.04865E-01, -1.92980E-01, -1.82023E-01, -1.71958E-01, -1.62729E-01, -1.54272E-01, -1.46521E-01, -1.39412E-01, -1.32882E-01, -1.26876E-01, -1.21340E-01, -1.16229E-01, -1.11501E-01, -1.07117E-01, -1.03046E-01, -9.92560E-02, -9.57223E-02, -9.24208E-02, -8.93305E-02, -8.64330E-02, -8.37113E-02, -8.11508E-02, -7.87380E-02, -7.64609E-02, -7.43087E-02, -7.22718E-02, -7.03414E-02, -6.85095E-02, -6.67689E-02, -6.51132E-02,
 -6.47657E-02, -6.63938E-02, -6.81037E-02, -6.99016E-02, -7.17942E-02, -7.37889E-02, -7.58937E-02, -7.81177E-02, -8.04708E-02, -8.29638E-02, -8.56089E-02, -8.84195E-02, -9.14104E-02, -9.45982E-02, -9.80012E-02, -1.01640E-01, -1.05536E-01, -1.09716E-01, -1.14207E-01, -1.19039E-01, -1.24245E-01, -1.29863E-01, -1.35930E-01, -1.42487E-01, -1.49577E-01, -1.57241E-01, -1.65517E-01, -1.74435E-01, -1.84013E-01, -1.94245E-01, -2.05092E-01, -2.16467E-01, -2.28214E-01, -2.40097E-01, -2.51775E-01, -2.62807E-01, -2.72661E-01, -2.80755E-01, -2.86532E-01, -2.89546E-01, -2.89546E-01, -2.86533E-01, -2.80757E-01, -2.72663E-01, -2.62810E-01, -2.51778E-01, -2.40100E-01, -2.28217E-01, -2.16470E-01, -2.05095E-01, -1.94248E-01, -1.84016E-01, -1.74438E-01, -1.65519E-01, -1.57243E-01, -1.49579E-01, -1.42489E-01, -1.35931E-01, -1.29864E-01, -1.24247E-01, -1.19040E-01, -1.14208E-01, -1.09718E-01, -1.05538E-01, -1.01641E-01, -9.80023E-02, -9.45993E-02, -9.14114E-02, -8.84205E-02, -8.56098E-02, -8.29647E-02, -8.04716E-02, -7.81185E-02, -7.58945E-02, -7.37896E-02, -7.17949E-02, -6.99022E-02, -6.81043E-02, -6.63944E-02, -6.47663E-02,
 -6.43830E-02, -6.59810E-02, -6.76576E-02, -6.94187E-02, -7.12703E-02, -7.32194E-02, -7.52733E-02, -7.74402E-02, -7.97292E-02, -8.21501E-02, -8.47136E-02, -8.74318E-02, -9.03177E-02, -9.33857E-02, -9.66516E-02, -1.00133E-01, -1.03848E-01, -1.07818E-01, -1.12065E-01, -1.16613E-01, -1.21488E-01, -1.26716E-01, -1.32326E-01, -1.38345E-01, -1.44798E-01, -1.51709E-01, -1.59094E-01, -1.66960E-01, -1.75297E-01, -1.84075E-01, -1.93232E-01, -2.02667E-01, -2.12227E-01, -2.21703E-01, -2.30823E-01, -2.39261E-01, -2.46649E-01, -2.52613E-01, -2.56810E-01, -2.58980E-01, -2.58980E-01, -2.56811E-01, -2.52614E-01, -2.46651E-01, -2.39263E-01, -2.30825E-01, -2.21705E-01, -2.12229E-01, -2.02669E-01, -1.93235E-01, -1.84078E-01, -1.75300E-01, -1.66962E-01, -1.59096E-01, -1.51711E-01, -1.44800E-01, -1.38347E-01, -1.32328E-01, -1.26718E-01, -1.21489E-01, -1.16614E-01, -1.12066E-01, -1.07819E-01, -1.03849E-01, -1.00134E-01, -9.66526E-02, -9.33867E-02, -9.03187E-02, -8.74327E-02, -8.47145E-02, -8.21509E-02, -7.97300E-02, -7.74410E-02, -7.52740E-02, -7.32200E-02, -7.12709E-02, -6.94193E-02, -6.76582E-02, -6.59815E-02, -6.43835E-02,
 -6.39666E-02, -6.55323E-02, -6.71733E-02, -6.88950E-02, -7.07029E-02, -7.26035E-02, -7.46033E-02, -7.67099E-02, -7.89312E-02, -8.12761E-02, -8.37542E-02, -8.63759E-02, -8.91525E-02, -9.20964E-02, -9.52209E-02, -9.85405E-02, -1.02071E-01, -1.05828E-01, -1.09830E-01, -1.14095E-01, -1.18642E-01, -1.23490E-01, -1.28657E-01, -1.34160E-01, -1.40011E-01, -1.46221E-01, -1.52790E-01, -1.59708E-01, -1.66951E-01, -1.74473E-01, -1.82205E-01, -1.90044E-01, -1.97855E-01, -2.05461E-01, -2.12652E-01, -2.19188E-01, -2.24819E-01, -2.29299E-01, -2.32418E-01, -2.34019E-01, -2.34020E-01, -2.32419E-01, -2.29300E-01, -2.24820E-01, -2.19190E-01, -2.12653E-01, -2.05463E-01, -1.97857E-01, -1.90046E-01, -1.82207E-01, -1.74475E-01, -1.66953E-01, -1.59710E-01, -1.52792E-01, -1.46223E-01, -1.40013E-01, -1.34161E-01, -1.28659E-01, -1.23492E-01, -1.18644E-01, -1.14097E-01, -1.09831E-01, -1.05829E-01, -1.02072E-01, -9.85416E-02, -9.52219E-02, -9.20974E-02, -8.91534E-02, -8.63768E-02, -8.37550E-02, -8.12769E-02, -7.89320E-02, -7.67106E-02, -7.46040E-02, -7.26041E-02, -7.07036E-02, -6.88956E-02, -6.71739E-02, -6.55328E-02, -6.39671E-02,
 -6.35186E-02, -6.50502E-02, -6.66536E-02, -6.83337E-02, -7.00957E-02, -7.19453E-02, -7.38885E-02, -7.59320E-02, -7.80829E-02, -8.03491E-02, -8.27387E-02, -8.52610E-02, -8.79256E-02, -9.07428E-02, -9.37238E-02, -9.68803E-02, -1.00225E-01, -1.03770E-01, -1.07530E-01, -1.11517E-01, -1.15745E-01, -1.20226E-01, -1.24970E-01, -1.29987E-01, -1.35279E-01, -1.40846E-01, -1.46678E-01, -1.52756E-01, -1.59046E-01, -1.65498E-01, -1.72042E-01, -1.78583E-01, -1.85005E-01, -1.91165E-01, -1.96901E-01, -2.02042E-01, -2.06412E-01, -2.09851E-01, -2.12224E-01, -2.13435E-01, -2.13436E-01, -2.12224E-01, -2.09851E-01, -2.06413E-01, -2.02043E-01, -1.96903E-01, -1.91166E-01, -1.85006E-01, -1.78585E-01, -1.72043E-01, -1.65500E-01, -1.59048E-01, -1.52758E-01, -1.46680E-01, -1.40848E-01, -1.35281E-01, -1.29988E-01, -1.24972E-01, -1.20227E-01, -1.15746E-01, -1.11518E-01, -1.07531E-01, -1.03771E-01, -1.00226E-01, -9.68813E-02, -9.37247E-02, -9.07437E-02, -8.79264E-02, -8.52618E-02, -8.27395E-02, -8.03498E-02, -7.80836E-02, -7.59327E-02, -7.38891E-02, -7.19459E-02, -7.00963E-02, -6.83343E-02, -6.66542E-02, -6.50507E-02, -6.35192E-02,
 -6.30415E-02, -6.45373E-02, -6.61014E-02, -6.77381E-02, -6.94523E-02, -7.12489E-02, -7.31335E-02, -7.51119E-02, -7.71904E-02, -7.93758E-02, -8.16752E-02, -8.40963E-02, -8.66473E-02, -8.93368E-02, -9.21739E-02, -9.51679E-02, -9.83284E-02, -1.01665E-01, -1.05188E-01, -1.08906E-01, -1.12827E-01, -1.16959E-01, -1.21306E-01, -1.25870E-01, -1.30649E-01, -1.35634E-01, -1.40809E-01, -1.46150E-01, -1.51619E-01, -1.57166E-01, -1.62726E-01, -1.68216E-01, -1.73538E-01, -1.78578E-01, -1.83215E-01, -1.87322E-01, -1.90778E-01, -1.93474E-01, -1.95323E-01, -1.96263E-01, -1.96263E-01, -1.95323E-01, -1.93474E-01, -1.90779E-01, -1.87323E-01, -1.83216E-01, -1.78580E-01, -1.73539E-01, -1.68218E-01, -1.62728E-01, -1.57168E-01, -1.51620E-01, -1.46151E-01, -1.40810E-01, -1.35635E-01, -1.30650E-01, -1.25872E-01, -1.21307E-01, -1.16960E-01, -1.12828E-01, -1.08907E-01, -1.05189E-01, -1.01666E-01, -9.83294E-02, -9.51688E-02, -9.21748E-02, -8.93377E-02, -8.66481E-02, -8.40971E-02, -8.16759E-02, -7.93765E-02, -7.71911E-02, -7.51126E-02, -7.31342E-02, -7.12496E-02, -6.94529E-02, -6.77387E-02, -6.61019E-02, -6.45378E-02, -6.30420E-02,
 -6.25376E-02, -6.39962E-02, -6.55195E-02, -6.71115E-02, -6.87764E-02, -7.05186E-02, -7.23431E-02, -7.42550E-02, -7.62597E-02, -7.83630E-02, -8.05711E-02, -8.28905E-02, -8.53277E-02, -8.78899E-02, -9.05841E-02, -9.34177E-02, -9.63979E-02, -9.95316E-02, -1.02825E-01, -1.06285E-01, -1.09915E-01, -1.13719E-01, -1.17696E-01, -1.21843E-01, -1.26155E-01, -1.30617E-01, -1.35212E-01, -1.39911E-01, -1.44677E-01, -1.49464E-01, -1.54212E-01, -1.58850E-01, -1.63299E-01, -1.67469E-01, -1.71267E-01, -1.74601E-01, -1.77383E-01, -1.79540E-01, -1.81012E-01, -1.81758E-01, -1.81759E-01, -1.81012E-01, -1.79541E-01, -1.77384E-01, -1.74601E-01, -1.71268E-01, -1.67470E-01, -1.63300E-01, -1.58852E-01, -1.54213E-01, -1.49465E-01, -1.44678E-01, -1.39912E-01, -1.35213E-01, -1.30619E-01, -1.26156E-01, -1.21845E-01, -1.17697E-01, -1.13720E-01, -1.09916E-01, -1.06286E-01, -1.02827E-01, -9.95326E-02, -9.63988E-02, -9.34186E-02, -9.05850E-02, -8.78907E-02, -8.53285E-02, -8.28912E-02, -8.05719E-02, -7.83637E-02, -7.62604E-02, -7.42556E-02, -7.23437E-02, -7.05192E-02, -6.87769E-02, -6.71121E-02, -6.55201E-02, -6.39967E-02, -6.25381E-02,
 -6.20091E-02, -6.34295E-02, -6.49110E-02, -6.64571E-02, -6.80716E-02, -6.97584E-02, -7.15218E-02, -7.33663E-02, -7.52965E-02, -7.73174E-02, -7.94340E-02, -8.16518E-02, -8.39760E-02, -8.64123E-02, -8.89662E-02, -9.16431E-02, -9.44481E-02, -9.73860E-02, -1.00461E-01, -1.03675E-01, -1.07031E-01, -1.10528E-01, -1.14163E-01, -1.17931E-01, -1.21821E-01, -1.25818E-01, -1.29901E-01, -1.34044E-01, -1.38211E-01, -1.42359E-01, -1.46436E-01, -1.50384E-01, -1.54137E-01, -1.57625E-01, -1.60776E-01, -1.63522E-01, -1.65801E-01, -1.67559E-01, -1.68754E-01, -1.69358E-01, -1.69359E-01, -1.68754E-01, -1.67559E-01, -1.65802E-01, -1.63523E-01, -1.60777E-01, -1.57625E-01, -1.54138E-01, -1.50385E-01, -1.46437E-01, -1.42360E-01, -1.38212E-01, -1.34045E-01, -1.29902E-01, -1.25819E-01, -1.21822E-01, -1.17932E-01, -1.14165E-01, -1.10529E-01, -1.07032E-01, -1.03676E-01, -1.00462E-01, -9.73869E-02, -9.44490E-02, -9.16439E-02, -8.89670E-02, -8.64131E-02, -8.39768E-02, -8.16525E-02, -7.94347E-02, -7.73181E-02, -7.52972E-02, -7.33669E-02, -7.15224E-02, -6.97590E-02, -6.80721E-02, -6.64576E-02, -6.49115E-02, -6.34300E-02, -6.20096E-02,
 -6.14584E-02, -6.28398E-02, -6.42786E-02, -6.57780E-02, -6.73414E-02, -6.89722E-02, -7.06741E-02, -7.24508E-02, -7.43064E-02, -7.62450E-02, -7.82707E-02, -8.03879E-02, -8.26009E-02, -8.49138E-02, -8.73308E-02, -8.98558E-02, -9.24921E-02, -9.52425E-02, -9.81090E-02, -1.01092E-01, -1.04192E-01, -1.07405E-01, -1.10727E-01, -1.14149E-01, -1.17660E-01, -1.21244E-01, -1.24881E-01, -1.28543E-01, -1.32199E-01, -1.35810E-01, -1.39333E-01, -1.42717E-01, -1.45911E-01, -1.48859E-01, -1.51505E-01, -1.53799E-01, -1.55693E-01, -1.57149E-01, -1.58136E-01, -1.58635E-01, -1.58635E-01, -1.58136E-01, -1.57149E-01, -1.55694E-01, -1.53799E-01, -1.51506E-01, -1.48859E-01, -1.45912E-01, -1.42718E-01, -1.39334E-01, -1.35811E-01, -1.32200E-01, -1.28544E-01, -1.24882E-01, -1.21245E-01, -1.17661E-01, -1.14150E-01, -1.10728E-01, -1.07406E-01, -1.04193E-01, -1.01093E-01, -9.81099E-02, -9.52433E-02, -9.24929E-02, -8.98566E-02, -8.73316E-02, -8.49145E-02, -8.26016E-02, -8.03886E-02, -7.82714E-02, -7.62456E-02, -7.43070E-02, -7.24514E-02, -7.06746E-02, -6.89728E-02, -6.73420E-02, -6.57786E-02, -6.42791E-02, -6.28402E-02, -6.14589E-02,
 -6.08878E-02, -6.22296E-02, -6.36252E-02, -6.50775E-02, -6.65894E-02, -6.81639E-02, -6.98041E-02, -7.15133E-02, -7.32946E-02, -7.51516E-02, -7.70876E-02, -7.91060E-02, -8.12101E-02, -8.34029E-02, -8.56874E-02, -8.80661E-02, -9.05409E-02, -9.31131E-02, -9.57831E-02, -9.85499E-02, -1.01411E-01, -1.04363E-01, -1.07399E-01, -1.10509E-01, -1.13681E-01, -1.16900E-01, -1.20145E-01, -1.23392E-01, -1.26612E-01, -1.29772E-01, -1.32834E-01, -1.35756E-01, -1.38497E-01, -1.41013E-01, -1.43260E-01, -1.45199E-01, -1.46795E-01, -1.48017E-01, -1.48845E-01, -1.49263E-01, -1.49263E-01, -1.48845E-01, -1.48018E-01, -1.46795E-01, -1.45199E-01, -1.43261E-01, -1.41014E-01, -1.38498E-01, -1.35757E-01, -1.32834E-01, -1.29773E-01, -1.26613E-01, -1.23393E-01, -1.20146E-01, -1.16901E-01, -1.13682E-01, -1.10510E-01, -1.07400E-01, -1.04364E-01, -1.01412E-01, -9.85508E-02, -9.57839E-02, -9.31139E-02, -9.05416E-02, -8.80668E-02, -8.56881E-02, -8.34036E-02, -8.12107E-02, -7.91067E-02, -7.70883E-02, -7.51523E-02, -7.32952E-02, -7.15138E-02, -6.98047E-02, -6.81645E-02, -6.65899E-02, -6.50780E-02, -6.36257E-02, -6.22300E-02, -6.08883E-02,
 -6.02997E-02, -6.16014E-02, -6.29536E-02, -6.43586E-02, -6.58189E-02, -6.73372E-02, -6.89160E-02, -7.05581E-02, -7.22661E-02, -7.40427E-02, -7.58907E-02, -7.78125E-02, -7.98107E-02, -8.18873E-02, -8.40442E-02, -8.62828E-02, -8.86040E-02, -9.10077E-02, -9.34931E-02, -9.60582E-02, -9.86992E-02, -1.01411E-01, -1.04186E-01, -1.07016E-01, -1.09886E-01, -1.12782E-01, -1.15686E-01, -1.18574E-01, -1.21421E-01, -1.24199E-01, -1.26876E-01, -1.29417E-01, -1.31788E-01, -1.33954E-01, -1.35881E-01, -1.37538E-01, -1.38897E-01, -1.39937E-01, -1.40639E-01, -1.40994E-01, -1.40994E-01, -1.40640E-01, -1.39937E-01, -1.38897E-01, -1.37538E-01, -1.35881E-01, -1.33954E-01, -1.31789E-01, -1.29418E-01, -1.26876E-01, -1.24200E-01, -1.21422E-01, -1.18575E-01, -1.15686E-01, -1.12783E-01, -1.09887E-01, -1.07016E-01, -1.04187E-01, -1.01412E-01, -9.87000E-02, -9.60589E-02, -9.34939E-02, -9.10085E-02, -8.86047E-02, -8.62835E-02, -8.40449E-02, -8.18879E-02, -7.98113E-02, -7.78131E-02, -7.58913E-02, -7.40433E-02, -7.22666E-02, -7.05586E-02, -6.89165E-02, -6.73377E-02, -6.58194E-02, -6.43590E-02, -6.29540E-02, -6.16018E-02, -6.03001E-02,
 -5.96960E-02, -6.09576E-02, -6.22663E-02, -6.36240E-02, -6.50330E-02, -6.64955E-02, -6.80135E-02, -6.95894E-02, -7.12252E-02, -7.29231E-02, -7.46852E-02, -7.65132E-02, -7.84089E-02, -8.03736E-02, -8.24084E-02, -8.45136E-02, -8.66893E-02, -8.89345E-02, -9.12473E-02, -9.36249E-02, -9.60630E-02, -9.85555E-02, -1.01095E-01, -1.03671E-01, -1.06272E-01, -1.08884E-01, -1.11488E-01, -1.14066E-01, -1.16594E-01, -1.19048E-01, -1.21401E-01, -1.23625E-01, -1.25691E-01, -1.27570E-01, -1.29237E-01, -1.30666E-01, -1.31836E-01, -1.32730E-01, -1.33333E-01, -1.33636E-01, -1.33637E-01, -1.33333E-01, -1.32730E-01, -1.31837E-01, -1.30667E-01, -1.29238E-01, -1.27571E-01, -1.25691E-01, -1.23625E-01, -1.21402E-01, -1.19049E-01, -1.16595E-01, -1.14067E-01, -1.11489E-01, -1.08885E-01, -1.06273E-01, -1.03672E-01, -1.01096E-01, -9.85563E-02, -9.60637E-02, -9.36257E-02, -9.12480E-02, -8.89352E-02, -8.66900E-02, -8.45143E-02, -8.24090E-02, -8.03743E-02, -7.84095E-02, -7.65138E-02, -7.46858E-02, -7.29237E-02, -7.12257E-02, -6.95899E-02, -6.80140E-02, -6.64959E-02, -6.50335E-02, -6.36245E-02, -6.22667E-02, -6.09581E-02, -5.96965E-02,
 -5.90791E-02, -6.03006E-02, -6.15658E-02, -6.28766E-02, -6.42347E-02, -6.56420E-02, -6.71001E-02, -6.86110E-02, -7.01762E-02, -7.17974E-02, -7.34760E-02, -7.52133E-02, -7.70104E-02, -7.88679E-02, -8.07861E-02, -8.27648E-02, -8.48032E-02, -8.68997E-02, -8.90518E-02, -9.12560E-02, -9.35074E-02, -9.57998E-02, -9.81255E-02, -1.00475E-01, -1.02836E-01, -1.05196E-01, -1.07539E-01, -1.09847E-01, -1.12101E-01, -1.14279E-01, -1.16358E-01, -1.18315E-01, -1.20127E-01, -1.21770E-01, -1.23223E-01, -1.24466E-01, -1.25482E-01, -1.26256E-01, -1.26778E-01, -1.27041E-01, -1.27041E-01, -1.26779E-01, -1.26256E-01, -1.25482E-01, -1.24466E-01, -1.23224E-01, -1.21771E-01, -1.20127E-01, -1.18316E-01, -1.16358E-01, -1.14279E-01, -1.12101E-01, -1.09848E-01, -1.07540E-01, -1.05197E-01, -1.02837E-01, -1.00476E-01, -9.81262E-02, -9.58005E-02, -9.35081E-02, -9.12566E-02, -8.90525E-02, -8.69004E-02, -8.48039E-02, -8.27654E-02, -8.07867E-02, -7.88684E-02, -7.70109E-02, -7.52139E-02, -7.34765E-02, -7.17979E-02, -7.01767E-02, -6.86115E-02, -6.71006E-02, -6.56424E-02, -6.42352E-02, -6.28771E-02, -6.15663E-02, -6.03010E-02, -5.90795E-02,
 -5.84509E-02, -5.96324E-02, -6.08547E-02, -6.21190E-02, -6.34268E-02, -6.47798E-02, -6.61792E-02, -6.76265E-02, -6.91228E-02, -7.06695E-02, -7.22674E-02, -7.39173E-02, -7.56198E-02, -7.73749E-02, -7.91824E-02, -8.10416E-02, -8.29510E-02, -8.49085E-02, -8.69112E-02, -8.89552E-02, -9.10354E-02, -9.31456E-02, -9.52780E-02, -9.74235E-02, -9.95713E-02, -1.01709E-01, -1.03822E-01, -1.05896E-01, -1.07912E-01, -1.09853E-01, -1.11700E-01, -1.13432E-01, -1.15030E-01, -1.16476E-01, -1.17752E-01, -1.18840E-01, -1.19729E-01, -1.20405E-01, -1.20861E-01, -1.21091E-01, -1.21091E-01, -1.20861E-01, -1.20405E-01, -1.19729E-01, -1.18841E-01, -1.17752E-01, -1.16477E-01, -1.15031E-01, -1.13432E-01, -1.11700E-01, -1.09854E-01, -1.07913E-01, -1.05896E-01, -1.03823E-01, -1.01710E-01, -9.95719E-02, -9.74241E-02, -9.52786E-02, -9.31462E-02, -9.10361E-02, -8.89558E-02, -8.69118E-02, -8.49091E-02, -8.29516E-02, -8.10422E-02, -7.91830E-02, -7.73755E-02, -7.56203E-02, -7.39179E-02, -7.22679E-02, -7.06700E-02, -6.91233E-02, -6.76269E-02, -6.61797E-02, -6.47802E-02, -6.34273E-02, -6.21194E-02, -6.08551E-02, -5.96328E-02, -5.84512E-02,
 -5.78132E-02, -5.89553E-02, -6.01350E-02, -6.13534E-02, -6.26120E-02, -6.39117E-02, -6.52537E-02, -6.66390E-02, -6.80685E-02, -6.95431E-02, -7.10632E-02, -7.26293E-02, -7.42413E-02, -7.58990E-02, -7.76017E-02, -7.93481E-02, -8.11365E-02, -8.29645E-02, -8.48287E-02, -8.67251E-02, -8.86485E-02, -9.05928E-02, -9.25505E-02, -9.45129E-02, -9.64702E-02, -9.84110E-02, -1.00323E-01, -1.02191E-01, -1.04002E-01, -1.05739E-01, -1.07386E-01, -1.08927E-01, -1.10345E-01, -1.11624E-01, -1.12751E-01, -1.13710E-01, -1.14493E-01, -1.15088E-01, -1.15488E-01, -1.15690E-01, -1.15690E-01, -1.15489E-01, -1.15088E-01, -1.14493E-01, -1.13711E-01, -1.12751E-01, -1.11625E-01, -1.10345E-01, -1.08927E-01, -1.07387E-01, -1.05740E-01, -1.04003E-01, -1.02192E-01, -1.00323E-01, -9.84115E-02, -9.64708E-02, -9.45135E-02, -9.25510E-02, -9.05933E-02, -8.86491E-02, -8.67257E-02, -8.48293E-02, -8.29651E-02, -8.11371E-02, -7.93487E-02, -7.76022E-02, -7.58995E-02, -7.42418E-02, -7.26298E-02, -7.10637E-02, -6.95436E-02, -6.80690E-02, -6.66394E-02, -6.52541E-02, -6.39121E-02, -6.26124E-02, -6.13539E-02, -6.01354E-02, -5.89557E-02, -5.78136E-02,
 -5.71681E-02, -5.82711E-02, -5.94089E-02, -6.05823E-02, -6.17925E-02, -6.30402E-02, -6.43262E-02, -6.56514E-02, -6.70163E-02, -6.84214E-02, -6.98668E-02, -7.13525E-02, -7.28784E-02, -7.44436E-02, -7.60473E-02, -7.76878E-02, -7.93630E-02, -8.10704E-02, -8.28064E-02, -8.45669E-02, -8.63468E-02, -8.81401E-02, -8.99398E-02, -9.17379E-02, -9.35250E-02, -9.52911E-02, -9.70248E-02, -9.87140E-02, -1.00346E-01, -1.01906E-01, -1.03382E-01, -1.04758E-01, -1.06022E-01, -1.07160E-01, -1.08160E-01, -1.09012E-01, -1.09704E-01, -1.10231E-01, -1.10585E-01, -1.10763E-01, -1.10763E-01, -1.10585E-01, -1.10231E-01, -1.09705E-01, -1.09012E-01, -1.08161E-01, -1.07161E-01, -1.06023E-01, -1.04759E-01, -1.03382E-01, -1.01907E-01, -1.00346E-01, -9.87145E-02, -9.70253E-02, -9.52916E-02, -9.35256E-02, -9.17384E-02, -8.99404E-02, -8.81407E-02, -8.63474E-02, -8.45674E-02, -8.28069E-02, -8.10709E-02, -7.93636E-02, -7.76883E-02, -7.60478E-02, -7.44442E-02, -7.28789E-02, -7.13530E-02, -6.98672E-02, -6.84218E-02, -6.70168E-02, -6.56519E-02, -6.43267E-02, -6.30406E-02, -6.17929E-02, -6.05827E-02, -5.94093E-02, -5.82715E-02, -5.71684E-02,
 -5.65170E-02, -5.75817E-02, -5.86783E-02, -5.98077E-02, -6.09706E-02, -6.21676E-02, -6.33994E-02, -6.46664E-02, -6.59689E-02, -6.73071E-02, -6.86809E-02, -7.00901E-02, -7.15340E-02, -7.30117E-02, -7.45220E-02, -7.60631E-02, -7.76327E-02, -7.92279E-02, -8.08454E-02, -8.24809E-02, -8.41296E-02, -8.57856E-02, -8.74424E-02, -8.90925E-02, -9.07276E-02, -9.23383E-02, -9.39148E-02, -9.54462E-02, -9.69213E-02, -9.83283E-02, -9.96553E-02, -1.00890E-01, -1.02022E-01, -1.03039E-01, -1.03932E-01, -1.04690E-01, -1.05307E-01, -1.05775E-01, -1.06090E-01, -1.06249E-01, -1.06249E-01, -1.06090E-01, -1.05775E-01, -1.05307E-01, -1.04690E-01, -1.03932E-01, -1.03039E-01, -1.02022E-01, -1.00891E-01, -9.96556E-02, -9.83287E-02, -9.69217E-02, -9.54467E-02, -9.39153E-02, -9.23388E-02, -9.07281E-02, -8.90930E-02, -8.74429E-02, -8.57861E-02, -8.41301E-02, -8.24814E-02, -8.08459E-02, -7.92284E-02, -7.76332E-02, -7.60636E-02, -7.45225E-02, -7.30122E-02, -7.15345E-02, -7.00905E-02, -6.86814E-02, -6.73075E-02, -6.59693E-02, -6.46668E-02, -6.33998E-02, -6.21680E-02, -6.09710E-02, -5.98081E-02, -5.86787E-02, -5.75821E-02, -5.65174E-02,
 -5.58618E-02, -5.68887E-02, -5.79451E-02, -5.90314E-02, -6.01483E-02, -6.12962E-02, -6.24754E-02, -6.36862E-02, -6.49286E-02, -6.62027E-02, -6.75081E-02, -6.88443E-02, -7.02105E-02, -7.16056E-02, -7.30281E-02, -7.44760E-02, -7.59470E-02, -7.74382E-02, -7.89462E-02, -8.04668E-02, -8.19954E-02, -8.35265E-02, -8.50539E-02, -8.65708E-02, -8.80696E-02, -8.95420E-02, -9.09790E-02, -9.23713E-02, -9.37089E-02, -9.49816E-02, -9.61793E-02, -9.72918E-02, -9.83091E-02, -9.92221E-02, -1.00022E-01, -1.00701E-01, -1.01253E-01, -1.01671E-01, -1.01953E-01, -1.02094E-01, -1.02094E-01, -1.01953E-01, -1.01671E-01, -1.01253E-01, -1.00701E-01, -1.00022E-01, -9.92223E-02, -9.83094E-02, -9.72921E-02, -9.61796E-02, -9.49820E-02, -9.37092E-02, -9.23717E-02, -9.09795E-02, -8.95424E-02, -8.80701E-02, -8.65713E-02, -8.50544E-02, -8.35269E-02, -8.19959E-02, -8.04673E-02, -7.89466E-02, -7.74387E-02, -7.59474E-02, -7.44764E-02, -7.30285E-02, -7.16061E-02, -7.02110E-02, -6.88448E-02, -6.75086E-02, -6.62031E-02, -6.49290E-02, -6.36866E-02, -6.24758E-02, -6.12965E-02, -6.01487E-02, -5.90318E-02, -5.79455E-02, -5.68891E-02, -5.58621E-02,
 -5.52037E-02, -5.61938E-02, -5.72109E-02, -5.82553E-02, -5.93275E-02, -6.04277E-02, -6.15561E-02, -6.27127E-02, -6.38976E-02, -6.51103E-02, -6.63505E-02, -6.76174E-02, -6.89100E-02, -7.02270E-02, -7.15670E-02, -7.29277E-02, -7.43069E-02, -7.57016E-02, -7.71085E-02, -7.85235E-02, -7.99422E-02, -8.13596E-02, -8.27698E-02, -8.41666E-02, -8.55431E-02, -8.68919E-02, -8.82049E-02, -8.94740E-02, -9.06904E-02, -9.18454E-02, -9.29300E-02, -9.39355E-02, -9.48535E-02, -9.56762E-02, -9.63960E-02, -9.70064E-02, -9.75018E-02, -9.78776E-02, -9.81301E-02, -9.82570E-02, -9.82570E-02, -9.81301E-02, -9.78777E-02, -9.75020E-02, -9.70066E-02, -9.63962E-02, -9.56764E-02, -9.48538E-02, -9.39358E-02, -9.29303E-02, -9.18457E-02, -9.06908E-02, -8.94744E-02, -8.82053E-02, -8.68923E-02, -8.55435E-02, -8.41670E-02, -8.27702E-02, -8.13600E-02, -7.99427E-02, -7.85239E-02, -7.71089E-02, -7.57021E-02, -7.43074E-02, -7.29282E-02, -7.15674E-02, -7.02275E-02, -6.89104E-02, -6.76178E-02, -6.63509E-02, -6.51107E-02, -6.38980E-02, -6.27131E-02, -6.15564E-02, -6.04280E-02, -5.93278E-02, -5.82556E-02, -5.72112E-02, -5.61942E-02, -5.52041E-02,
 -5.45443E-02, -5.54984E-02, -5.64771E-02, -5.74808E-02, -5.85097E-02, -5.95638E-02, -6.06433E-02, -6.17479E-02, -6.28775E-02, -6.40317E-02, -6.52097E-02, -6.64108E-02, -6.76338E-02, -6.88775E-02, -7.01399E-02, -7.14192E-02, -7.27129E-02, -7.40182E-02, -7.53316E-02, -7.66496E-02, -7.79678E-02, -7.92815E-02, -8.05854E-02, -8.18737E-02, -8.31403E-02, -8.43784E-02, -8.55809E-02, -8.67406E-02, -8.78498E-02, -8.89009E-02, -8.98862E-02, -9.07980E-02, -9.16293E-02, -9.23732E-02, -9.30234E-02, -9.35742E-02, -9.40209E-02, -9.43595E-02, -9.45870E-02, -9.47012E-02, -9.47012E-02, -9.45870E-02, -9.43596E-02, -9.40210E-02, -9.35744E-02, -9.30235E-02, -9.23734E-02, -9.16296E-02, -9.07983E-02, -8.98864E-02, -8.89012E-02, -8.78502E-02, -8.67410E-02, -8.55813E-02, -8.43787E-02, -8.31406E-02, -8.18741E-02, -8.05858E-02, -7.92819E-02, -7.79682E-02, -7.66500E-02, -7.53321E-02, -7.40186E-02, -7.27133E-02, -7.14196E-02, -7.01403E-02, -6.88779E-02, -6.76342E-02, -6.64112E-02, -6.52101E-02, -6.40321E-02, -6.28779E-02, -6.17483E-02, -6.06436E-02, -5.95642E-02, -5.85100E-02, -5.74812E-02, -5.64775E-02, -5.54987E-02, -5.45446E-02,
 -5.38847E-02, -5.48038E-02, -5.57453E-02, -5.67095E-02, -5.76964E-02, -5.87061E-02, -5.97385E-02, -6.07933E-02, -6.18700E-02, -6.29683E-02, -6.40873E-02, -6.52260E-02, -6.63834E-02, -6.75578E-02, -6.87477E-02, -6.99509E-02, -7.11651E-02, -7.23874E-02, -7.36146E-02, -7.48434E-02, -7.60695E-02, -7.72886E-02, -7.84959E-02, -7.96862E-02, -8.08537E-02, -8.19924E-02, -8.30962E-02, -8.41585E-02, -8.51725E-02, -8.61317E-02, -8.70293E-02, -8.78588E-02, -8.86139E-02, -8.92888E-02, -8.98781E-02, -9.03769E-02, -9.07811E-02, -9.10873E-02, -9.12929E-02, -9.13962E-02, -9.13962E-02, -9.12930E-02, -9.10874E-02, -9.07812E-02, -9.03770E-02, -8.98782E-02, -8.92890E-02, -8.86141E-02, -8.78590E-02, -8.70296E-02, -8.61320E-02, -8.51728E-02, -8.41588E-02, -8.30965E-02, -8.19928E-02, -8.08540E-02, -7.96865E-02, -7.84963E-02, -7.72890E-02, -7.60699E-02, -7.48437E-02, -7.36150E-02, -7.23877E-02, -7.11654E-02, -6.99513E-02, -6.87481E-02, -6.75582E-02, -6.63837E-02, -6.52264E-02, -6.40876E-02, -6.29686E-02, -6.18704E-02, -6.07936E-02, -5.97388E-02, -5.87065E-02, -5.76968E-02, -5.67098E-02, -5.57456E-02, -5.48041E-02, -5.38850E-02,
 -5.32262E-02, -5.41111E-02, -5.50165E-02, -5.59425E-02, -5.68890E-02, -5.78559E-02, -5.88430E-02, -5.98500E-02, -6.08763E-02, -6.19214E-02, -6.29843E-02, -6.40640E-02, -6.51594E-02, -6.62689E-02, -6.73907E-02, -6.85229E-02, -6.96630E-02, -7.08085E-02, -7.19562E-02, -7.31028E-02, -7.42445E-02, -7.53774E-02, -7.64969E-02, -7.75982E-02, -7.86763E-02, -7.97257E-02, -8.07409E-02, -8.17161E-02, -8.26455E-02, -8.35230E-02, -8.43430E-02, -8.50997E-02, -8.57876E-02, -8.64018E-02, -8.69376E-02, -8.73907E-02, -8.77576E-02, -8.80355E-02, -8.82220E-02, -8.83156E-02, -8.83156E-02, -8.82220E-02, -8.80355E-02, -8.77577E-02, -8.73908E-02, -8.69377E-02, -8.64020E-02, -8.57878E-02, -8.50999E-02, -8.43432E-02, -8.35233E-02, -8.26457E-02, -8.17164E-02, -8.07412E-02, -7.97260E-02, -7.86766E-02, -7.75985E-02, -7.64972E-02, -7.53777E-02, -7.42449E-02, -7.31031E-02, -7.19565E-02, -7.08088E-02, -6.96634E-02, -6.85233E-02, -6.73911E-02, -6.62693E-02, -6.51598E-02, -6.40644E-02, -6.29846E-02, -6.19217E-02, -6.08767E-02, -5.98503E-02, -5.88434E-02, -5.78563E-02, -5.68893E-02, -5.59428E-02, -5.50168E-02, -5.41114E-02, -5.32265E-02,
 -5.25697E-02, -5.34215E-02, -5.42920E-02, -5.51811E-02, -5.60886E-02, -5.70143E-02, -5.79581E-02, -5.89193E-02, -5.98975E-02, -6.08919E-02, -6.19017E-02, -6.29257E-02, -6.39626E-02, -6.50110E-02, -6.60692E-02, -6.71351E-02, -6.82063E-02, -6.92805E-02, -7.03547E-02, -7.14257E-02, -7.24901E-02, -7.35441E-02, -7.45836E-02, -7.56042E-02, -7.66014E-02, -7.75703E-02, -7.85060E-02, -7.94032E-02, -8.02568E-02, -8.10616E-02, -8.18126E-02, -8.25047E-02, -8.31332E-02, -8.36937E-02, -8.41822E-02, -8.45951E-02, -8.49292E-02, -8.51821E-02, -8.53518E-02, -8.54370E-02, -8.54370E-02, -8.53518E-02, -8.51822E-02, -8.49293E-02, -8.45952E-02, -8.41824E-02, -8.36939E-02, -8.31334E-02, -8.25049E-02, -8.18128E-02, -8.10619E-02, -8.02571E-02, -7.94035E-02, -7.85062E-02, -7.75706E-02, -7.66017E-02, -7.56046E-02, -7.45839E-02, -7.35444E-02, -7.24905E-02, -7.14261E-02, -7.03550E-02, -6.92809E-02, -6.82067E-02, -6.71354E-02, -6.60695E-02, -6.50114E-02, -6.39630E-02, -6.29260E-02, -6.19020E-02, -6.08923E-02, -5.98978E-02, -5.89196E-02, -5.79584E-02, -5.70147E-02, -5.60889E-02, -5.51813E-02, -5.42923E-02, -5.34218E-02, -5.25700E-02,
 -5.19163E-02, -5.27360E-02, -5.35727E-02, -5.44261E-02, -5.52961E-02, -5.61824E-02, -5.70846E-02, -5.80021E-02, -5.89345E-02, -5.98808E-02, -6.08401E-02, -6.18114E-02, -6.27934E-02, -6.37845E-02, -6.47830E-02, -6.57870E-02, -6.67942E-02, -6.78023E-02, -6.88086E-02, -6.98100E-02, -7.08034E-02, -7.17852E-02, -7.27517E-02, -7.36990E-02, -7.46229E-02, -7.55191E-02, -7.63830E-02, -7.72101E-02, -7.79959E-02, -7.87357E-02, -7.94251E-02, -8.00597E-02, -8.06354E-02, -8.11484E-02, -8.15950E-02, -8.19722E-02, -8.22773E-02, -8.25081E-02, -8.26630E-02, -8.27407E-02, -8.27407E-02, -8.26630E-02, -8.25082E-02, -8.22774E-02, -8.19723E-02, -8.15951E-02, -8.11485E-02, -8.06356E-02, -8.00599E-02, -7.94253E-02, -7.87360E-02, -7.79962E-02, -7.72104E-02, -7.63833E-02, -7.55193E-02, -7.46232E-02, -7.36993E-02, -7.27520E-02, -7.17855E-02, -7.08037E-02, -6.98103E-02, -6.88089E-02, -6.78027E-02, -6.67945E-02, -6.57873E-02, -6.47833E-02, -6.37848E-02, -6.27937E-02, -6.18118E-02, -6.08405E-02, -5.98811E-02, -5.89348E-02, -5.80024E-02, -5.70849E-02, -5.61827E-02, -5.52964E-02, -5.44264E-02, -5.35730E-02, -5.27363E-02, -5.19165E-02,
 -5.12667E-02, -5.20554E-02, -5.28595E-02, -5.36786E-02, -5.45125E-02, -5.53609E-02, -5.62233E-02, -5.70992E-02, -5.79879E-02, -5.88886E-02, -5.98002E-02, -6.07218E-02, -6.16519E-02, -6.25892E-02, -6.35318E-02, -6.44781E-02, -6.54258E-02, -6.63726E-02, -6.73161E-02, -6.82533E-02, -6.91814E-02, -7.00971E-02, -7.09970E-02, -7.18776E-02, -7.27349E-02, -7.35652E-02, -7.43643E-02, -7.51284E-02, -7.58532E-02, -7.65347E-02, -7.71690E-02, -7.77523E-02, -7.82809E-02, -7.87514E-02, -7.91608E-02, -7.95064E-02, -7.97857E-02, -7.99969E-02, -8.01386E-02, -8.02097E-02, -8.02097E-02, -8.01386E-02, -7.99970E-02, -7.97858E-02, -7.95065E-02, -7.91609E-02, -7.87515E-02, -7.82810E-02, -7.77525E-02, -7.71692E-02, -7.65349E-02, -7.58534E-02, -7.51286E-02, -7.43646E-02, -7.35654E-02, -7.27352E-02, -7.18778E-02, -7.09973E-02, -7.00974E-02, -6.91817E-02, -6.82536E-02, -6.73164E-02, -6.63729E-02, -6.54261E-02, -6.44784E-02, -6.35322E-02, -6.25895E-02, -6.16522E-02, -6.07221E-02, -5.98005E-02, -5.88888E-02, -5.79882E-02, -5.70995E-02, -5.62236E-02, -5.53612E-02, -5.45128E-02, -5.36788E-02, -5.28597E-02, -5.20557E-02, -5.12669E-02,
 -5.06218E-02, -5.13806E-02, -5.21531E-02, -5.29392E-02, -5.37385E-02, -5.45506E-02, -5.53750E-02, -5.62112E-02, -5.70584E-02, -5.79157E-02, -5.87822E-02, -5.96568E-02, -6.05382E-02, -6.14249E-02, -6.23154E-02, -6.32077E-02, -6.41000E-02, -6.49900E-02, -6.58753E-02, -6.67534E-02, -6.76215E-02, -6.84765E-02, -6.93155E-02, -7.01351E-02, -7.09319E-02, -7.17024E-02, -7.24430E-02, -7.31500E-02, -7.38199E-02, -7.44490E-02, -7.50339E-02, -7.55712E-02, -7.60576E-02, -7.64902E-02, -7.68664E-02, -7.71837E-02, -7.74401E-02, -7.76339E-02, -7.77639E-02, -7.78290E-02, -7.78291E-02, -7.77639E-02, -7.76340E-02, -7.74402E-02, -7.71838E-02, -7.68665E-02, -7.64904E-02, -7.60577E-02, -7.55713E-02, -7.50341E-02, -7.44492E-02, -7.38201E-02, -7.31502E-02, -7.24432E-02, -7.17026E-02, -7.09322E-02, -7.01354E-02, -6.93158E-02, -6.84768E-02, -6.76217E-02, -6.67537E-02, -6.58756E-02, -6.49903E-02, -6.41003E-02, -6.32080E-02, -6.23157E-02, -6.14252E-02, -6.05385E-02, -5.96571E-02, -5.87825E-02, -5.79160E-02, -5.70586E-02, -5.62115E-02, -5.53753E-02, -5.45509E-02, -5.37387E-02, -5.29394E-02, -5.21534E-02, -5.13808E-02, -5.06220E-02,
 -4.99822E-02, -5.07121E-02, -5.14543E-02, -5.22086E-02, -5.29747E-02, -5.37521E-02, -5.45402E-02, -5.53385E-02, -5.61463E-02, -5.69625E-02, -5.77864E-02, -5.86167E-02, -5.94522E-02, -6.02915E-02, -6.11331E-02, -6.19751E-02, -6.28158E-02, -6.36530E-02, -6.44845E-02, -6.53080E-02, -6.61207E-02, -6.69201E-02, -6.77033E-02, -6.84673E-02, -6.92089E-02, -6.99250E-02, -7.06125E-02, -7.12679E-02, -7.18882E-02, -7.24701E-02, -7.30104E-02, -7.35063E-02, -7.39550E-02, -7.43537E-02, -7.47001E-02, -7.49922E-02, -7.52280E-02, -7.54063E-02, -7.55257E-02, -7.55856E-02, -7.55856E-02, -7.55257E-02, -7.54063E-02, -7.52281E-02, -7.49922E-02, -7.47002E-02, -7.43538E-02, -7.39551E-02, -7.35065E-02, -7.30106E-02, -7.24702E-02, -7.18884E-02, -7.12681E-02, -7.06127E-02, -6.99252E-02, -6.92091E-02, -6.84675E-02, -6.77036E-02, -6.69204E-02, -6.61210E-02, -6.53082E-02, -6.44848E-02, -6.36533E-02, -6.28161E-02, -6.19754E-02, -6.11333E-02, -6.02918E-02, -5.94525E-02, -5.86170E-02, -5.77866E-02, -5.69628E-02, -5.61465E-02, -5.53388E-02, -5.45405E-02, -5.37523E-02, -5.29749E-02, -5.22089E-02, -5.14545E-02, -5.07123E-02, -4.99825E-02,
 -4.93486E-02, -5.00505E-02, -5.07636E-02, -5.14874E-02, -5.22217E-02, -5.29659E-02, -5.37194E-02, -5.44817E-02, -5.52519E-02, -5.60292E-02, -5.68127E-02, -5.76013E-02, -5.83936E-02, -5.91885E-02, -5.99842E-02, -6.07793E-02, -6.15720E-02, -6.23601E-02, -6.31418E-02, -6.39148E-02, -6.46766E-02, -6.54248E-02, -6.61568E-02, -6.68698E-02, -6.75611E-02, -6.82277E-02, -6.88668E-02, -6.94755E-02, -7.00508E-02, -7.05900E-02, -7.10902E-02, -7.15489E-02, -7.19635E-02, -7.23317E-02, -7.26514E-02, -7.29208E-02, -7.31382E-02, -7.33025E-02, -7.34126E-02, -7.34678E-02, -7.34678E-02, -7.34126E-02, -7.33025E-02, -7.31383E-02, -7.29208E-02, -7.26515E-02, -7.23318E-02, -7.19636E-02, -7.15490E-02, -7.10904E-02, -7.05902E-02, -7.00510E-02, -6.94757E-02, -6.88670E-02, -6.82279E-02, -6.75613E-02, -6.68700E-02, -6.61570E-02, -6.54250E-02, -6.46768E-02, -6.39150E-02, -6.31421E-02, -6.23604E-02, -6.15722E-02, -6.07796E-02, -5.99845E-02, -5.91887E-02, -5.83939E-02, -5.76015E-02, -5.68130E-02, -5.60295E-02, -5.52521E-02, -5.44819E-02, -5.37196E-02, -5.29661E-02, -5.22219E-02, -5.14877E-02, -5.07638E-02, -5.00508E-02, -4.93488E-02,
 -4.87215E-02, -4.93965E-02, -5.00816E-02, -5.07761E-02, -5.14799E-02, -5.21923E-02, -5.29129E-02, -5.36408E-02, -5.43755E-02, -5.51160E-02, -5.58613E-02, -5.66105E-02, -5.73622E-02, -5.81153E-02, -5.88682E-02, -5.96194E-02, -6.03673E-02, -6.11099E-02, -6.18454E-02, -6.25716E-02, -6.32864E-02, -6.39875E-02, -6.46725E-02, -6.53388E-02, -6.59840E-02, -6.66055E-02, -6.72006E-02, -6.77668E-02, -6.83013E-02, -6.88018E-02, -6.92657E-02, -6.96907E-02, -7.00746E-02, -7.04153E-02, -7.07109E-02, -7.09599E-02, -7.11608E-02, -7.13126E-02, -7.14142E-02, -7.14652E-02, -7.14652E-02, -7.14142E-02, -7.13126E-02, -7.11609E-02, -7.09600E-02, -7.07110E-02, -7.04154E-02, -7.00747E-02, -6.96908E-02, -6.92659E-02, -6.88020E-02, -6.83015E-02, -6.77669E-02, -6.72008E-02, -6.66057E-02, -6.59842E-02, -6.53390E-02, -6.46727E-02, -6.39877E-02, -6.32867E-02, -6.25719E-02, -6.18456E-02, -6.11102E-02, -6.03675E-02, -5.96197E-02, -5.88685E-02, -5.81155E-02, -5.73625E-02, -5.66107E-02, -5.58615E-02, -5.51162E-02, -5.43757E-02, -5.36411E-02, -5.29131E-02, -5.21926E-02, -5.14801E-02, -5.07764E-02, -5.00818E-02, -4.93968E-02, -4.87217E-02,
 -4.81013E-02, -4.87505E-02, -4.94086E-02, -5.00751E-02, -5.07497E-02, -5.14318E-02, -5.21209E-02, -5.28162E-02, -5.35171E-02, -5.42227E-02, -5.49320E-02, -5.56440E-02, -5.63575E-02, -5.70714E-02, -5.77842E-02, -5.84945E-02, -5.92006E-02, -5.99008E-02, -6.05934E-02, -6.12764E-02, -6.19478E-02, -6.26054E-02, -6.32471E-02, -6.38706E-02, -6.44737E-02, -6.50538E-02, -6.56088E-02, -6.61362E-02, -6.66337E-02, -6.70990E-02, -6.75300E-02, -6.79245E-02, -6.82806E-02, -6.85964E-02, -6.88704E-02, -6.91010E-02, -6.92870E-02, -6.94274E-02, -6.95214E-02, -6.95686E-02, -6.95686E-02, -6.95215E-02, -6.94274E-02, -6.92870E-02, -6.91010E-02, -6.88705E-02, -6.85965E-02, -6.82807E-02, -6.79246E-02, -6.75301E-02, -6.70992E-02, -6.66339E-02, -6.61364E-02, -6.56090E-02, -6.50540E-02, -6.44739E-02, -6.38708E-02, -6.32473E-02, -6.26056E-02, -6.19480E-02, -6.12766E-02, -6.05936E-02, -5.99010E-02, -5.92008E-02, -5.84947E-02, -5.77844E-02, -5.70716E-02, -5.63578E-02, -5.56442E-02, -5.49322E-02, -5.42229E-02, -5.35173E-02, -5.28165E-02, -5.21211E-02, -5.14320E-02, -5.07499E-02, -5.00753E-02, -4.94088E-02, -4.87507E-02, -4.81015E-02,
 -4.74884E-02, -4.81128E-02, -4.87450E-02, -4.93847E-02, -5.00314E-02, -5.06845E-02, -5.13436E-02, -5.20080E-02, -5.26768E-02, -5.33493E-02, -5.40245E-02, -5.47015E-02, -5.53791E-02, -5.60562E-02, -5.67314E-02, -5.74034E-02, -5.80705E-02, -5.87314E-02, -5.93841E-02, -6.00270E-02, -6.06582E-02, -6.12758E-02, -6.18777E-02, -6.24618E-02, -6.30262E-02, -6.35685E-02, -6.40868E-02, -6.45788E-02, -6.50425E-02, -6.54759E-02, -6.58769E-02, -6.62438E-02, -6.65746E-02, -6.68680E-02, -6.71222E-02, -6.73362E-02, -6.75087E-02, -6.76389E-02, -6.77261E-02, -6.77698E-02, -6.77698E-02, -6.77261E-02, -6.76389E-02, -6.75087E-02, -6.73362E-02, -6.71223E-02, -6.68680E-02, -6.65747E-02, -6.62439E-02, -6.58770E-02, -6.54760E-02, -6.50427E-02, -6.45790E-02, -6.40869E-02, -6.35687E-02, -6.30263E-02, -6.24620E-02, -6.18779E-02, -6.12760E-02, -6.06584E-02, -6.00272E-02, -5.93843E-02, -5.87316E-02, -5.80708E-02, -5.74036E-02, -5.67316E-02, -5.60564E-02, -5.53794E-02, -5.47017E-02, -5.40247E-02, -5.33495E-02, -5.26770E-02, -5.20082E-02, -5.13438E-02, -5.06848E-02, -5.00316E-02, -4.93849E-02, -4.87452E-02, -4.81130E-02, -4.74886E-02,
 -4.68833E-02, -4.74838E-02, -4.80912E-02, -4.87051E-02, -4.93251E-02, -4.99507E-02, -5.05812E-02, -5.12161E-02, -5.18545E-02, -5.24957E-02, -5.31387E-02, -5.37827E-02, -5.44265E-02, -5.50690E-02, -5.57090E-02, -5.63451E-02, -5.69760E-02, -5.76000E-02, -5.82158E-02, -5.88215E-02, -5.94156E-02, -5.99961E-02, -6.05613E-02, -6.11092E-02, -6.16379E-02, -6.21456E-02, -6.26302E-02, -6.30899E-02, -6.35228E-02, -6.39270E-02, -6.43008E-02, -6.46424E-02, -6.49504E-02, -6.52233E-02, -6.54597E-02, -6.56586E-02, -6.58189E-02, -6.59398E-02, -6.60208E-02, -6.60614E-02, -6.60614E-02, -6.60208E-02, -6.59398E-02, -6.58189E-02, -6.56586E-02, -6.54598E-02, -6.52234E-02, -6.49505E-02, -6.46425E-02, -6.43009E-02, -6.39271E-02, -6.35229E-02, -6.30901E-02, -6.26304E-02, -6.21458E-02, -6.16381E-02, -6.11093E-02, -6.05614E-02, -5.99963E-02, -5.94158E-02, -5.88217E-02, -5.82160E-02, -5.76002E-02, -5.69762E-02, -5.63453E-02, -5.57092E-02, -5.50692E-02, -5.44267E-02, -5.37829E-02, -5.31389E-02, -5.24959E-02, -5.18547E-02, -5.12163E-02, -5.05814E-02, -4.99509E-02, -4.93253E-02, -4.87053E-02, -4.80914E-02, -4.74840E-02, -4.68835E-02,
 -4.62862E-02, -4.68637E-02, -4.74473E-02, -4.80366E-02, -4.86311E-02, -4.92303E-02, -4.98337E-02, -5.04405E-02, -5.10501E-02, -5.16616E-02, -5.22743E-02, -5.28871E-02, -5.34991E-02, -5.41091E-02, -5.47161E-02, -5.53187E-02, -5.59156E-02, -5.65055E-02, -5.70868E-02, -5.76580E-02, -5.82176E-02, -5.87638E-02, -5.92951E-02, -5.98096E-02, -6.03056E-02, -6.07814E-02, -6.12352E-02, -6.16653E-02, -6.20700E-02, -6.24475E-02, -6.27964E-02, -6.31151E-02, -6.34022E-02, -6.36565E-02, -6.38767E-02, -6.40618E-02, -6.42110E-02, -6.43236E-02, -6.43989E-02, -6.44366E-02, -6.44367E-02, -6.43989E-02, -6.43236E-02, -6.42111E-02, -6.40619E-02, -6.38768E-02, -6.36566E-02, -6.34023E-02, -6.31152E-02, -6.27965E-02, -6.24476E-02, -6.20701E-02, -6.16654E-02, -6.12354E-02, -6.07816E-02, -6.03058E-02, -5.98098E-02, -5.92953E-02, -5.87640E-02, -5.82178E-02, -5.76582E-02, -5.70870E-02, -5.65056E-02, -5.59158E-02, -5.53189E-02, -5.47163E-02, -5.41093E-02, -5.34993E-02, -5.28873E-02, -5.22745E-02, -5.16618E-02, -5.10503E-02, -5.04407E-02, -4.98339E-02, -4.92305E-02, -4.86313E-02, -4.80368E-02, -4.74475E-02, -4.68638E-02, -4.62864E-02,
