 -6.07467E-05,  5.23927E-05,  1.77524E-04,  3.15535E-04,  4.67340E-04,  6.33878E-04,  8.16100E-04,  1.01496E-03,  1.23141E-03,  1.46637E-03,  1.72072E-03,  1.99528E-03,  2.29077E-03,  2.60782E-03,  2.94689E-03,  3.30825E-03,  3.69198E-03,  4.09788E-03,  4.52544E-03,  4.97381E-03,  5.44176E-03,  5.92759E-03,  6.42917E-03,  6.94385E-03,  7.46846E-03,  7.99929E-03,  8.53210E-03,  9.06216E-03,  9.58426E-03,  1.00928E-02,  1.05819E-02,  1.10454E-02,  1.14771E-02,  1.18710E-02,  1.22212E-02,  1.25224E-02,  1.27696E-02,  1.29588E-02,  1.30867E-02,  1.31513E-02,  1.31513E-02,  1.30867E-02,  1.29588E-02,  1.27696E-02,  1.25224E-02,  1.22213E-02,  1.18711E-02,  1.14772E-02,  1.10454E-02,  1.05819E-02,  1.00929E-02,  9.58432E-03,  9.06222E-03,  8.53216E-03,  7.99935E-03,  7.46853E-03,  6.94392E-03,  6.42924E-03,  5.92766E-03,  5.44182E-03,  4.97388E-03,  4.52551E-03,  4.09794E-03,  3.69205E-03,  3.30831E-03,  2.94695E-03,  2.60788E-03,  2.29083E-03,  1.99533E-03,  1.72077E-03,  1.46642E-03,  1.23146E-03,  1.01501E-03,  8.16149E-04,  6.33926E-04,  4.67387E-04,  3.15580E-04,  1.77568E-04,  5.24351E-05, -6.07056E-05,
 -1.90237E-04, -7.84321E-05,  4.59559E-05,  1.83920E-04,  3.36493E-04,  5.04744E-04,  6.89765E-04,  8.92670E-04,  1.11457E-03,  1.35657E-03,  1.61975E-03,  1.90512E-03,  2.21362E-03,  2.54607E-03,  2.90317E-03,  3.28540E-03,  3.69302E-03,  4.12602E-03,  4.58406E-03,  5.06640E-03,  5.57187E-03,  6.09882E-03,  6.64504E-03,  7.20775E-03,  7.78354E-03,  8.36836E-03,  8.95754E-03,  9.54577E-03,  1.01271E-02,  1.06953E-02,  1.12433E-02,  1.17642E-02,  1.22507E-02,  1.26956E-02,  1.30920E-02,  1.34334E-02,  1.37142E-02,  1.39293E-02,  1.40749E-02,  1.41484E-02,  1.41484E-02,  1.40749E-02,  1.39293E-02,  1.37142E-02,  1.34335E-02,  1.30920E-02,  1.26956E-02,  1.22507E-02,  1.17642E-02,  1.12434E-02,  1.06953E-02,  1.01272E-02,  9.54583E-03,  8.95761E-03,  8.36843E-03,  7.78360E-03,  7.20782E-03,  6.64511E-03,  6.09889E-03,  5.57194E-03,  5.06647E-03,  4.58413E-03,  4.12609E-03,  3.69309E-03,  3.28546E-03,  2.90323E-03,  2.54614E-03,  2.21368E-03,  1.90518E-03,  1.61981E-03,  1.35663E-03,  1.11463E-03,  8.92722E-04,  6.89817E-04,  5.04793E-04,  3.36542E-04,  1.83967E-04,  4.60012E-05, -7.83883E-05, -1.90194E-04,
 -3.32177E-04, -2.22557E-04, -9.97867E-05,  3.72385E-05,  1.89678E-04,  3.58740E-04,  5.45674E-04,  7.51763E-04,  9.78309E-04,  1.22662E-03,  1.49798E-03,  1.79364E-03,  2.11480E-03,  2.46251E-03,  2.83773E-03,  3.24120E-03,  3.67344E-03,  4.13467E-03,  4.62475E-03,  5.14312E-03,  5.68875E-03,  6.26004E-03,  6.85476E-03,  7.47003E-03,  8.10223E-03,  8.74695E-03,  9.39905E-03,  1.00526E-02,  1.07009E-02,  1.13366E-02,  1.19520E-02,  1.25386E-02,  1.30881E-02,  1.35919E-02,  1.40418E-02,  1.44301E-02,  1.47500E-02,  1.49953E-02,  1.51616E-02,  1.52456E-02,  1.52456E-02,  1.51616E-02,  1.49954E-02,  1.47500E-02,  1.44302E-02,  1.40418E-02,  1.35919E-02,  1.30881E-02,  1.25386E-02,  1.19520E-02,  1.13367E-02,  1.07009E-02,  1.00527E-02,  9.39912E-03,  8.74703E-03,  8.10230E-03,  7.47011E-03,  6.85484E-03,  6.26011E-03,  5.68883E-03,  5.14320E-03,  4.62482E-03,  4.13474E-03,  3.67351E-03,  3.24127E-03,  2.83780E-03,  2.46258E-03,  2.11486E-03,  1.79371E-03,  1.49804E-03,  1.22668E-03,  9.78366E-04,  7.51818E-04,  5.45728E-04,  3.58792E-04,  1.89728E-04,  3.72870E-05, -9.97398E-05, -2.22511E-04, -3.32133E-04,
 -4.87300E-04, -3.80826E-04, -2.60672E-04, -1.25615E-04,  2.56374E-05,  1.94445E-04,  3.82225E-04,  5.90448E-04,  8.20622E-04,  1.07428E-03,  1.35296E-03,  1.65817E-03,  1.99138E-03,  2.35396E-03,  2.74716E-03,  3.17203E-03,  3.62941E-03,  4.11981E-03,  4.64337E-03,  5.19978E-03,  5.78819E-03,  6.40712E-03,  7.05441E-03,  7.72710E-03,  8.42135E-03,  9.13246E-03,  9.85476E-03,  1.05816E-02,  1.13056E-02,  1.20182E-02,  1.27104E-02,  1.33725E-02,  1.39946E-02,  1.45667E-02,  1.50789E-02,  1.55219E-02,  1.58874E-02,  1.61682E-02,  1.63587E-02,  1.64550E-02,  1.64550E-02,  1.63587E-02,  1.61682E-02,  1.58874E-02,  1.55219E-02,  1.50789E-02,  1.45667E-02,  1.39947E-02,  1.33726E-02,  1.27104E-02,  1.20182E-02,  1.13056E-02,  1.05817E-02,  9.85484E-03,  9.13254E-03,  8.42143E-03,  7.72718E-03,  7.05450E-03,  6.40721E-03,  5.78827E-03,  5.19986E-03,  4.64345E-03,  4.11989E-03,  3.62949E-03,  3.17211E-03,  2.74723E-03,  2.35403E-03,  1.99144E-03,  1.65823E-03,  1.35302E-03,  1.07434E-03,  8.20682E-04,  5.90506E-04,  3.82281E-04,  1.94498E-04,  2.56893E-05, -1.25565E-04, -2.60623E-04, -3.80779E-04, -4.87255E-04,
 -6.56329E-04, -5.54082E-04, -4.37677E-04, -3.05767E-04, -1.56919E-04,  1.03850E-05,  1.97745E-04,  4.06834E-04,  6.39386E-04,  8.97183E-04,  1.18204E-03,  1.49576E-03,  1.84014E-03,  2.21690E-03,  2.62763E-03,  3.07378E-03,  3.55655E-03,  4.07682E-03,  4.63510E-03,  5.23140E-03,  5.86515E-03,  6.53508E-03,  7.23913E-03,  7.97435E-03,  8.73677E-03,  9.52135E-03,  1.03219E-02,  1.11311E-02,  1.19405E-02,  1.27406E-02,  1.35207E-02,  1.42697E-02,  1.49759E-02,  1.56272E-02,  1.62119E-02,  1.67189E-02,  1.71381E-02,  1.74606E-02,  1.76797E-02,  1.77904E-02,  1.77904E-02,  1.76797E-02,  1.74607E-02,  1.71381E-02,  1.67190E-02,  1.62120E-02,  1.56272E-02,  1.49759E-02,  1.42698E-02,  1.35208E-02,  1.27406E-02,  1.19406E-02,  1.11312E-02,  1.03220E-02,  9.52144E-03,  8.73686E-03,  7.97444E-03,  7.23922E-03,  6.53516E-03,  5.86523E-03,  5.23149E-03,  4.63519E-03,  4.07690E-03,  3.55663E-03,  3.07386E-03,  2.62771E-03,  2.21697E-03,  1.84021E-03,  1.49583E-03,  1.18210E-03,  8.97247E-04,  6.39448E-04,  4.06894E-04,  1.97803E-04,  1.04409E-05, -1.56866E-04, -3.05715E-04, -4.37627E-04, -5.54034E-04, -6.56283E-04,
 -8.39971E-04, -7.43157E-04, -6.31775E-04, -5.04351E-04, -3.59306E-04, -1.94952E-04, -9.49877E-06,  1.98944E-04,  4.32355E-04,  6.92794E-04,  9.82376E-04,  1.30325E-03,  1.65757E-03,  2.04745E-03,  2.47491E-03,  2.94184E-03,  3.44989E-03,  4.00041E-03,  4.59435E-03,  5.23216E-03,  5.91364E-03,  6.63786E-03,  7.40295E-03,  8.20605E-03,  9.04312E-03,  9.90887E-03,  1.07966E-02,  1.16982E-02,  1.26043E-02,  1.35038E-02,  1.43847E-02,  1.52338E-02,  1.60373E-02,  1.67809E-02,  1.74505E-02,  1.80327E-02,  1.85150E-02,  1.88868E-02,  1.91396E-02,  1.92676E-02,  1.92676E-02,  1.91397E-02,  1.88868E-02,  1.85150E-02,  1.80327E-02,  1.74506E-02,  1.67810E-02,  1.60374E-02,  1.52339E-02,  1.43848E-02,  1.35039E-02,  1.26043E-02,  1.16983E-02,  1.07967E-02,  9.90896E-03,  9.04322E-03,  8.20614E-03,  7.40304E-03,  6.63795E-03,  5.91374E-03,  5.23225E-03,  4.59444E-03,  4.00049E-03,  3.44997E-03,  2.94192E-03,  2.47499E-03,  2.04753E-03,  1.65764E-03,  1.30332E-03,  9.82445E-04,  6.92861E-04,  4.32420E-04,  1.99006E-04, -9.43861E-06, -1.94894E-04, -3.59250E-04, -5.04297E-04, -6.31723E-04, -7.43107E-04, -8.39923E-04,
 -1.03890E-03, -9.48858E-04, -8.43923E-04, -7.22494E-04, -5.82841E-04, -4.23103E-04, -2.41286E-04, -3.52716E-05,  1.97186E-04,  4.58441E-04,  7.50946E-04,  1.07722E-03,  1.43984E-03,  1.84136E-03,  2.28429E-03,  2.77104E-03,  3.30381E-03,  3.88451E-03,  4.51466E-03,  5.19525E-03,  5.92660E-03,  6.70820E-03,  7.53857E-03,  8.41504E-03,  9.33361E-03,  1.02888E-02,  1.12734E-02,  1.22786E-02,  1.32938E-02,  1.43066E-02,  1.53030E-02,  1.62677E-02,  1.71842E-02,  1.80356E-02,  1.88049E-02,  1.94755E-02,  2.00326E-02,  2.04628E-02,  2.07557E-02,  2.09041E-02,  2.09041E-02,  2.07558E-02,  2.04628E-02,  2.00326E-02,  1.94756E-02,  1.88049E-02,  1.80357E-02,  1.71843E-02,  1.62678E-02,  1.53031E-02,  1.43067E-02,  1.32939E-02,  1.22787E-02,  1.12735E-02,  1.02889E-02,  9.33371E-03,  8.41514E-03,  7.53868E-03,  6.70831E-03,  5.92670E-03,  5.19534E-03,  4.51475E-03,  3.88460E-03,  3.30390E-03,  2.77113E-03,  2.28438E-03,  1.84144E-03,  1.43992E-03,  1.07730E-03,  7.51019E-04,  4.58511E-04,  1.97253E-04, -3.52067E-05, -2.41224E-04, -4.23043E-04, -5.82783E-04, -7.22439E-04, -8.43870E-04, -9.48806E-04, -1.03885E-03,
 -1.25374E-03, -1.17195E-03, -1.07505E-03, -9.61301E-04, -8.28835E-04, -6.75609E-04, -4.99423E-04, -2.97913E-04, -6.85548E-05,  1.91326E-04,  4.84546E-04,  8.14039E-04,  1.18283E-03,  1.59399E-03,  2.05060E-03,  2.55566E-03,  3.11202E-03,  3.72227E-03,  4.38862E-03,  5.11275E-03,  5.89566E-03,  6.73746E-03,  7.63716E-03,  8.59248E-03,  9.59960E-03,  1.06530E-02,  1.17450E-02,  1.28662E-02,  1.40046E-02,  1.51464E-02,  1.62753E-02,  1.73735E-02,  1.84216E-02,  1.93991E-02,  2.02855E-02,  2.10609E-02,  2.17066E-02,  2.22063E-02,  2.25472E-02,  2.27200E-02,  2.27200E-02,  2.25472E-02,  2.22064E-02,  2.17066E-02,  2.10609E-02,  2.02856E-02,  1.93992E-02,  1.84217E-02,  1.73736E-02,  1.62754E-02,  1.51465E-02,  1.40048E-02,  1.28663E-02,  1.17451E-02,  1.06531E-02,  9.59972E-03,  8.59260E-03,  7.63727E-03,  6.73757E-03,  5.89577E-03,  5.11285E-03,  4.38872E-03,  3.72237E-03,  3.11212E-03,  2.55576E-03,  2.05069E-03,  1.59408E-03,  1.18291E-03,  8.14118E-04,  4.84622E-04,  1.91399E-04, -6.84845E-05, -2.97845E-04, -4.99358E-04, -6.75547E-04, -8.28775E-04, -9.61243E-04, -1.07499E-03, -1.17190E-03, -1.25369E-03,
 -1.48507E-03, -1.41314E-03, -1.32601E-03, -1.22183E-03, -1.09856E-03, -9.53996E-04, -7.85715E-04, -5.91107E-04, -3.67357E-04, -1.11449E-04,  1.79823E-04,  5.09842E-04,  8.82139E-04,  1.30036E-03,  1.76821E-03,  2.28938E-03,  2.86749E-03,  3.50593E-03,  4.20776E-03,  4.97552E-03,  5.81107E-03,  6.71532E-03,  7.68804E-03,  8.72752E-03,  9.83033E-03,  1.09910E-02,  1.22018E-02,  1.34524E-02,  1.47298E-02,  1.60182E-02,  1.72993E-02,  1.85519E-02,  1.97531E-02,  2.08786E-02,  2.19034E-02,  2.28029E-02,  2.35542E-02,  2.41371E-02,  2.45354E-02,  2.47375E-02,  2.47375E-02,  2.45354E-02,  2.41372E-02,  2.35543E-02,  2.28030E-02,  2.19035E-02,  2.08787E-02,  1.97532E-02,  1.85520E-02,  1.72994E-02,  1.60184E-02,  1.47299E-02,  1.34525E-02,  1.22019E-02,  1.09911E-02,  9.83045E-03,  8.72764E-03,  7.68816E-03,  6.71544E-03,  5.81118E-03,  4.97563E-03,  4.20787E-03,  3.50604E-03,  2.86759E-03,  2.28948E-03,  1.76830E-03,  1.30045E-03,  8.82226E-04,  5.09925E-04,  1.79903E-04, -1.11373E-04, -3.67284E-04, -5.91037E-04, -7.85648E-04, -9.53932E-04, -1.09850E-03, -1.22177E-03, -1.32596E-03, -1.41309E-03, -1.48502E-03,
 -1.73338E-03, -1.67307E-03, -1.59762E-03, -1.50507E-03, -1.39324E-03, -1.25974E-03, -1.10194E-03, -9.16980E-04, -7.01739E-04, -4.52850E-04, -1.66692E-04,  1.60598E-04,  5.33103E-04,  9.55095E-04,  1.43099E-03,  1.96528E-03,  2.56244E-03,  3.22682E-03,  3.96249E-03,  4.77305E-03,  5.66144E-03,  6.62965E-03,  7.67842E-03,  8.80691E-03,  1.00124E-02,  1.12897E-02,  1.26311E-02,  1.40257E-02,  1.54593E-02,  1.69144E-02,  1.83698E-02,  1.98011E-02,  2.11811E-02,  2.24805E-02,  2.36689E-02,  2.47162E-02,  2.55939E-02,  2.62766E-02,  2.67440E-02,  2.69814E-02,  2.69815E-02,  2.67440E-02,  2.62767E-02,  2.55939E-02,  2.47163E-02,  2.36690E-02,  2.24806E-02,  2.11813E-02,  1.98013E-02,  1.83700E-02,  1.69146E-02,  1.54595E-02,  1.40258E-02,  1.26312E-02,  1.12898E-02,  1.00125E-02,  8.80705E-03,  7.67855E-03,  6.62978E-03,  5.66157E-03,  4.77317E-03,  3.96260E-03,  3.22693E-03,  2.56255E-03,  1.96538E-03,  1.43109E-03,  9.55190E-04,  5.33193E-04,  1.60685E-04, -1.66609E-04, -4.52771E-04, -7.01663E-04, -9.16907E-04, -1.10187E-03, -1.25967E-03, -1.39318E-03, -1.50501E-03, -1.59757E-03, -1.67301E-03, -1.73333E-03,
 -1.99906E-03, -1.95227E-03, -1.89058E-03, -1.81192E-03, -1.71400E-03, -1.59424E-03, -1.44981E-03, -1.27761E-03, -1.07421E-03, -8.35868E-04, -5.58546E-04, -2.37870E-04,  1.30834E-04,  5.52524E-04,  1.03240E-03,  1.57584E-03,  2.18832E-03,  2.87528E-03,  3.64200E-03,  4.49336E-03,  5.43364E-03,  6.46618E-03,  7.59305E-03,  8.81463E-03,  1.01292E-02,  1.15323E-02,  1.30164E-02,  1.45705E-02,  1.61793E-02,  1.78233E-02,  1.94784E-02,  2.11164E-02,  2.27051E-02,  2.42092E-02,  2.55917E-02,  2.68154E-02,  2.78447E-02,  2.86478E-02,  2.91988E-02,  2.94791E-02,  2.94791E-02,  2.91988E-02,  2.86479E-02,  2.78448E-02,  2.68155E-02,  2.55918E-02,  2.42093E-02,  2.27052E-02,  2.11166E-02,  1.94786E-02,  1.78234E-02,  1.61794E-02,  1.45707E-02,  1.30166E-02,  1.15324E-02,  1.01293E-02,  8.81477E-03,  7.59319E-03,  6.46632E-03,  5.43378E-03,  4.49349E-03,  3.64212E-03,  2.87540E-03,  2.18843E-03,  1.57595E-03,  1.03250E-03,  5.52624E-04,  1.30929E-04, -2.37779E-04, -5.58459E-04, -8.35786E-04, -1.07413E-03, -1.27754E-03, -1.44974E-03, -1.59417E-03, -1.71393E-03, -1.81186E-03, -1.89052E-03, -1.95221E-03, -1.99901E-03,
 -2.28240E-03, -2.25114E-03, -2.20545E-03, -2.14316E-03, -2.06184E-03, -1.95877E-03, -1.83094E-03, -1.67499E-03, -1.48720E-03, -1.26346E-03, -9.99304E-04, -6.89820E-04, -3.29715E-04,  8.67017E-05,  5.65483E-04,  1.11299E-03,  1.73582E-03,  2.44068E-03,  3.23423E-03,  4.12290E-03,  5.11259E-03,  6.20833E-03,  7.41392E-03,  8.73139E-03,  1.01605E-02,  1.16979E-02,  1.33370E-02,  1.50665E-02,  1.68706E-02,  1.87279E-02,  2.06114E-02,  2.24883E-02,  2.43205E-02,  2.60659E-02,  2.76790E-02,  2.91138E-02,  3.03258E-02,  3.12746E-02,  3.19271E-02,  3.22595E-02,  3.22595E-02,  3.19271E-02,  3.12747E-02,  3.03259E-02,  2.91139E-02,  2.76791E-02,  2.60660E-02,  2.43207E-02,  2.24884E-02,  2.06116E-02,  1.87281E-02,  1.68708E-02,  1.50667E-02,  1.33371E-02,  1.16981E-02,  1.01606E-02,  8.73155E-03,  7.41408E-03,  6.20848E-03,  5.11273E-03,  4.12304E-03,  3.23436E-03,  2.44080E-03,  1.73594E-03,  1.11310E-03,  5.65591E-04,  8.68054E-05, -3.29616E-04, -6.89726E-04, -9.99214E-04, -1.26338E-03, -1.48712E-03, -1.67491E-03, -1.83087E-03, -1.95870E-03, -2.06177E-03, -2.14309E-03, -2.20539E-03, -2.25109E-03, -2.28234E-03,
 -2.58353E-03, -2.56997E-03, -2.54267E-03, -2.49939E-03, -2.43760E-03, -2.35446E-03, -2.24678E-03, -2.11097E-03, -1.94303E-03, -1.73851E-03, -1.49248E-03, -1.19952E-03, -8.53683E-04, -4.48510E-04,  2.29632E-05,  5.68168E-04,  1.19494E-03,  1.91141E-03,  2.72585E-03,  3.64646E-03,  4.68112E-03,  5.83695E-03,  7.11991E-03,  8.53420E-03,  1.00816E-02,  1.17607E-02,  1.35660E-02,  1.54871E-02,  1.75076E-02,  1.96047E-02,  2.17482E-02,  2.39004E-02,  2.60168E-02,  2.80465E-02,  2.99340E-02,  3.16221E-02,  3.30547E-02,  3.41805E-02,  3.49569E-02,  3.53530E-02,  3.53530E-02,  3.49569E-02,  3.41806E-02,  3.30548E-02,  3.16223E-02,  2.99341E-02,  2.80466E-02,  2.60170E-02,  2.39006E-02,  2.17483E-02,  1.96049E-02,  1.75078E-02,  1.54873E-02,  1.35662E-02,  1.17609E-02,  1.00818E-02,  8.53437E-03,  7.12007E-03,  5.83711E-03,  4.68127E-03,  3.64661E-03,  2.72598E-03,  1.91154E-03,  1.19507E-03,  5.68288E-04,  2.30773E-05, -4.48401E-04, -8.53580E-04, -1.19942E-03, -1.49239E-03, -1.73842E-03, -1.94294E-03, -2.11089E-03, -2.24670E-03, -2.35439E-03, -2.43753E-03, -2.49932E-03, -2.54261E-03, -2.56991E-03, -2.58347E-03,
 -2.90243E-03, -2.90885E-03, -2.90247E-03, -2.88103E-03, -2.84193E-03, -2.78222E-03, -2.69857E-03, -2.58719E-03, -2.44382E-03, -2.26369E-03, -2.04145E-03, -1.77115E-03, -1.44619E-03, -1.05933E-03, -6.02655E-04, -6.75832E-05,  5.55062E-04,  1.27498E-03,  2.10227E-03,  3.04720E-03,  4.11993E-03,  5.33013E-03,  6.68644E-03,  8.19586E-03,  9.86294E-03,  1.16888E-02,  1.36702E-02,  1.57979E-02,  1.80561E-02,  2.04208E-02,  2.28589E-02,  2.53276E-02,  2.77746E-02,  3.01390E-02,  3.23532E-02,  3.43457E-02,  3.60455E-02,  3.73870E-02,  3.83150E-02,  3.87894E-02,  3.87895E-02,  3.83150E-02,  3.73871E-02,  3.60456E-02,  3.43458E-02,  3.23534E-02,  3.01392E-02,  2.77748E-02,  2.53278E-02,  2.28591E-02,  2.04210E-02,  1.80564E-02,  1.57981E-02,  1.36704E-02,  1.16890E-02,  9.86313E-03,  8.19605E-03,  6.68661E-03,  5.33030E-03,  4.12009E-03,  3.04736E-03,  2.10242E-03,  1.27512E-03,  5.55194E-04, -6.74573E-05, -6.02535E-04, -1.05922E-03, -1.44608E-03, -1.77105E-03, -2.04136E-03, -2.26360E-03, -2.44373E-03, -2.58710E-03, -2.69849E-03, -2.78215E-03, -2.84186E-03, -2.88096E-03, -2.90241E-03, -2.90879E-03, -2.90237E-03,
 -3.23891E-03, -3.26766E-03, -3.28488E-03, -3.28827E-03, -3.27522E-03, -3.24270E-03, -3.18728E-03, -3.10501E-03, -2.99142E-03, -2.84145E-03, -2.64935E-03, -2.40868E-03, -2.11223E-03, -1.75194E-03, -1.31894E-03, -8.03469E-04, -1.94906E-04,  5.18154E-04,  1.34781E-03,  2.30666E-03,  3.40754E-03,  4.66310E-03,  6.08528E-03,  7.68458E-03,  9.46914E-03,  1.14436E-02,  1.36079E-02,  1.59554E-02,  1.84715E-02,  2.11320E-02,  2.39014E-02,  2.67315E-02,  2.95619E-02,  3.23198E-02,  3.49224E-02,  3.72807E-02,  3.93046E-02,  4.09097E-02,  4.20239E-02,  4.25949E-02,  4.25949E-02,  4.20240E-02,  4.09097E-02,  3.93047E-02,  3.72808E-02,  3.49225E-02,  3.23200E-02,  2.95621E-02,  2.67318E-02,  2.39016E-02,  2.11323E-02,  1.84718E-02,  1.59556E-02,  1.36081E-02,  1.14438E-02,  9.46935E-03,  7.68478E-03,  6.08547E-03,  4.66329E-03,  3.40772E-03,  2.30683E-03,  1.34796E-03,  5.18301E-04, -1.94767E-04, -8.03337E-04, -1.31882E-03, -1.75183E-03, -2.11212E-03, -2.40858E-03, -2.64925E-03, -2.84135E-03, -2.99133E-03, -3.10492E-03, -3.18720E-03, -3.24263E-03, -3.27515E-03, -3.28820E-03, -3.28481E-03, -3.26760E-03, -3.23885E-03,
 -3.59255E-03, -3.64608E-03, -3.68966E-03, -3.72103E-03, -3.73756E-03, -3.73623E-03, -3.71354E-03, -3.66545E-03, -3.58732E-03, -3.47384E-03, -3.31895E-03, -3.11577E-03, -2.85648E-03, -2.53230E-03, -2.13337E-03, -1.64874E-03, -1.06632E-03, -3.72902E-04,  4.45793E-04,  1.40494E-03,  2.52039E-03,  3.80825E-03,  5.28437E-03,  6.96355E-03,  8.85851E-03,  1.09786E-02,  1.33282E-02,  1.59046E-02,  1.86960E-02,  2.16792E-02,  2.48172E-02,  2.80570E-02,  3.13291E-02,  3.45473E-02,  3.76107E-02,  4.04083E-02,  4.28255E-02,  4.47531E-02,  4.60967E-02,  4.67869E-02,  4.67869E-02,  4.60967E-02,  4.47532E-02,  4.28257E-02,  4.04085E-02,  3.76109E-02,  3.45475E-02,  3.13294E-02,  2.80573E-02,  2.48174E-02,  2.16795E-02,  1.86963E-02,  1.59048E-02,  1.33284E-02,  1.09788E-02,  8.85874E-03,  6.96376E-03,  5.28457E-03,  3.80844E-03,  2.52057E-03,  1.40512E-03,  4.45957E-04, -3.72748E-04, -1.06618E-03, -1.64860E-03, -2.13324E-03, -2.53217E-03, -2.85637E-03, -3.11566E-03, -3.31885E-03, -3.47374E-03, -3.58722E-03, -3.66536E-03, -3.71346E-03, -3.73616E-03, -3.73749E-03, -3.72096E-03, -3.68960E-03, -3.64602E-03, -3.59249E-03,
 -3.96271E-03, -4.04353E-03, -4.11631E-03, -4.17890E-03, -4.22872E-03, -4.26278E-03, -4.27759E-03, -4.26907E-03, -4.23251E-03, -4.16244E-03, -4.05254E-03, -3.89555E-03, -3.68317E-03, -3.40592E-03, -3.05305E-03, -2.61245E-03, -2.07054E-03, -1.41228E-03, -6.21092E-04,  3.20958E-04,  1.43304E-03,  2.73520E-03,  4.24781E-03,  5.99082E-03,  7.98260E-03,  1.02385E-02,  1.27690E-02,  1.55771E-02,  1.86558E-02,  2.19847E-02,  2.55269E-02,  2.92255E-02,  3.30019E-02,  3.67550E-02,  4.03625E-02,  4.36861E-02,  4.65799E-02,  4.89019E-02,  5.05281E-02,  5.13659E-02,  5.13659E-02,  5.05282E-02,  4.89021E-02,  4.65801E-02,  4.36863E-02,  4.03627E-02,  3.67553E-02,  3.30022E-02,  2.92258E-02,  2.55272E-02,  2.19850E-02,  1.86561E-02,  1.55774E-02,  1.27693E-02,  1.02388E-02,  7.98284E-03,  5.99105E-03,  4.24803E-03,  2.73540E-03,  1.43324E-03,  3.21141E-04, -6.20919E-04, -1.41211E-03, -2.07039E-03, -2.61231E-03, -3.05292E-03, -3.40579E-03, -3.68305E-03, -3.89544E-03, -4.05243E-03, -4.16234E-03, -4.23242E-03, -4.26899E-03, -4.27750E-03, -4.26270E-03, -4.22864E-03, -4.17883E-03, -4.11625E-03, -4.04346E-03, -3.96264E-03,
 -4.34849E-03, -4.45911E-03, -4.56401E-03, -4.66113E-03, -4.74804E-03, -4.82185E-03, -4.87916E-03, -4.91594E-03, -4.92746E-03, -4.90821E-03, -4.85172E-03, -4.75049E-03, -4.59582E-03, -4.37767E-03, -4.08449E-03, -3.70311E-03, -3.21855E-03, -2.61394E-03, -1.87041E-03, -9.67120E-04,  1.18643E-04,  1.41123E-03,  2.93615E-03,  4.71931E-03,  6.78590E-03,  9.15876E-03,  1.18562E-02,  1.48893E-02,  1.82582E-02,  2.19480E-02,  2.59243E-02,  3.01282E-02,  3.44728E-02,  3.88409E-02,  4.30855E-02,  4.70351E-02,  5.05040E-02,  5.33075E-02,  5.52814E-02,  5.63017E-02,  5.63017E-02,  5.52815E-02,  5.33077E-02,  5.05042E-02,  4.70354E-02,  4.30858E-02,  3.88412E-02,  3.44731E-02,  3.01285E-02,  2.59246E-02,  2.19484E-02,  1.82586E-02,  1.48897E-02,  1.18565E-02,  9.15904E-03,  6.78616E-03,  4.71956E-03,  2.93639E-03,  1.41145E-03,  1.18849E-04, -9.66927E-04, -1.87023E-03, -2.61377E-03, -3.21839E-03, -3.70296E-03, -4.08435E-03, -4.37754E-03, -4.59570E-03, -4.75038E-03, -4.85161E-03, -4.90811E-03, -4.92737E-03, -4.91585E-03, -4.87907E-03, -4.82177E-03, -4.74796E-03, -4.66106E-03, -4.56394E-03, -4.45905E-03, -4.34843E-03,
 -4.74875E-03, -4.89167E-03, -5.03157E-03, -5.16658E-03, -5.29445E-03, -5.41249E-03, -5.51745E-03, -5.60546E-03, -5.67192E-03, -5.71135E-03, -5.71731E-03, -5.68218E-03, -5.59704E-03, -5.45144E-03, -5.23323E-03, -4.92833E-03, -4.52052E-03, -3.99123E-03, -3.31939E-03, -2.48127E-03, -1.45048E-03, -1.98118E-04,  1.30693E-03,  3.09729E-03,  5.20605E-03,  7.66508E-03,  1.05027E-02,  1.37404E-02,  1.73885E-02,  2.14412E-02,  2.58700E-02,  3.06172E-02,  3.55895E-02,  4.06535E-02,  4.56348E-02,  5.03221E-02,  5.44796E-02,  5.78671E-02,  6.02668E-02,  6.15120E-02,  6.15121E-02,  6.02669E-02,  5.78673E-02,  5.44798E-02,  5.03224E-02,  4.56352E-02,  4.06539E-02,  3.55898E-02,  3.06175E-02,  2.58704E-02,  2.14416E-02,  1.73889E-02,  1.37407E-02,  1.05030E-02,  7.66538E-03,  5.20633E-03,  3.09755E-03,  1.30718E-03, -1.97886E-04, -1.45026E-03, -2.48107E-03, -3.31920E-03, -3.99106E-03, -4.52035E-03, -4.92818E-03, -5.23309E-03, -5.45131E-03, -5.59691E-03, -5.68207E-03, -5.71720E-03, -5.71125E-03, -5.67182E-03, -5.60537E-03, -5.51736E-03, -5.41241E-03, -5.29437E-03, -5.16650E-03, -5.03150E-03, -4.89161E-03, -4.74869E-03,
 -5.16203E-03, -5.33970E-03, -5.51745E-03, -5.69367E-03, -5.86638E-03, -6.03315E-03, -6.19102E-03, -6.33637E-03, -6.46485E-03, -6.57120E-03, -6.64914E-03, -6.69114E-03, -6.68825E-03, -6.62987E-03, -6.50347E-03, -6.29434E-03, -5.98527E-03, -5.55627E-03, -4.98425E-03, -4.24279E-03, -3.30192E-03, -2.12811E-03, -6.84374E-04,  1.06920E-03,  3.17453E-03,  5.67400E-03,  8.60793E-03,  1.20111E-02,  1.59076E-02,  2.03048E-02,  2.51848E-02,  3.04957E-02,  3.61417E-02,  4.19750E-02,  4.77916E-02,  5.33341E-02,  5.83052E-02,  6.23935E-02,  6.53101E-02,  6.68301E-02,  6.68302E-02,  6.53103E-02,  6.23938E-02,  5.83055E-02,  5.33344E-02,  4.77920E-02,  4.19754E-02,  3.61421E-02,  3.04962E-02,  2.51852E-02,  2.03052E-02,  1.59080E-02,  1.20114E-02,  8.60828E-03,  5.67433E-03,  3.17484E-03,  1.06948E-03, -6.84111E-04, -2.12786E-03, -3.30169E-03, -4.24258E-03, -4.98406E-03, -5.55609E-03, -5.98510E-03, -6.29418E-03, -6.50332E-03, -6.62973E-03, -6.68812E-03, -6.69102E-03, -6.64903E-03, -6.57110E-03, -6.46475E-03, -6.33628E-03, -6.19093E-03, -6.03307E-03, -5.86630E-03, -5.69359E-03, -5.51738E-03, -5.33964E-03, -5.16197E-03,
 -5.58660E-03, -5.80135E-03, -6.01970E-03, -6.24037E-03, -6.46173E-03, -6.68171E-03, -6.89774E-03, -7.10659E-03, -7.30431E-03, -7.48604E-03, -7.64585E-03, -7.77655E-03, -7.86942E-03, -7.91398E-03, -7.89767E-03, -7.80550E-03, -7.61967E-03, -7.31915E-03, -6.87927E-03, -6.27128E-03, -5.46198E-03, -4.41343E-03, -3.08282E-03, -1.42274E-03,  6.18230E-04,  3.09408E-03,  6.05905E-03,  9.56390E-03,  1.36504E-02,  1.83440E-02,  2.36432E-02,  2.95082E-02,  3.58466E-02,  4.25002E-02,  4.92362E-02,  5.57458E-02,  6.16581E-02,  6.65719E-02,  7.01056E-02,  7.19564E-02,  7.19565E-02,  7.01057E-02,  6.65722E-02,  6.16584E-02,  5.57462E-02,  4.92367E-02,  4.25007E-02,  3.58470E-02,  2.95087E-02,  2.36437E-02,  1.83444E-02,  1.36509E-02,  9.56430E-03,  6.05943E-03,  3.09443E-03,  6.18553E-04, -1.42244E-03, -3.08255E-03, -4.41317E-03, -5.46175E-03, -6.27106E-03, -6.87907E-03, -7.31896E-03, -7.61949E-03, -7.80534E-03, -7.89752E-03, -7.91384E-03, -7.86929E-03, -7.77643E-03, -7.64574E-03, -7.48593E-03, -7.30421E-03, -7.10649E-03, -6.89765E-03, -6.68163E-03, -6.46165E-03, -6.24030E-03, -6.01963E-03, -5.80129E-03, -5.58654E-03,
 -6.02040E-03, -6.27442E-03, -6.53597E-03, -6.80418E-03, -7.07785E-03, -7.35538E-03, -7.63471E-03, -7.91316E-03, -8.18734E-03, -8.45299E-03, -8.70477E-03, -8.93608E-03, -9.13876E-03, -9.30283E-03, -9.41609E-03, -9.46374E-03, -9.42791E-03, -9.28714E-03, -9.01577E-03, -8.58339E-03, -7.95420E-03, -7.08646E-03, -5.93203E-03, -4.43625E-03, -2.53818E-03, -1.71551E-04,  2.73312E-03,  6.24497E-03,  1.04271E-02,  1.53278E-02,  2.09693E-02,  2.73314E-02,  3.43337E-02,  4.18151E-02,  4.95176E-02,  5.70789E-02,  6.40436E-02,  6.99012E-02,  7.41518E-02,  7.63909E-02,  7.63910E-02,  7.41520E-02,  6.99016E-02,  6.40440E-02,  5.70794E-02,  4.95182E-02,  4.18157E-02,  3.43342E-02,  2.73320E-02,  2.09698E-02,  1.53283E-02,  1.04275E-02,  6.24540E-03,  2.73352E-03, -1.71181E-04, -2.53784E-03, -4.43594E-03, -5.93174E-03, -7.08619E-03, -7.95396E-03, -8.58316E-03, -9.01556E-03, -9.28694E-03, -9.42774E-03, -9.46358E-03, -9.41594E-03, -9.30269E-03, -9.13863E-03, -8.93596E-03, -8.70466E-03, -8.45289E-03, -8.18724E-03, -7.91307E-03, -7.63462E-03, -7.35530E-03, -7.07777E-03, -6.80411E-03, -6.53590E-03, -6.27436E-03, -6.02033E-03,
 -6.46107E-03, -6.75635E-03, -7.06348E-03, -7.38209E-03, -7.71149E-03, -8.05069E-03, -8.39826E-03, -8.75220E-03, -9.10991E-03, -9.46790E-03, -9.82173E-03, -1.01657E-02, -1.04925E-02, -1.07932E-02, -1.10563E-02, -1.12680E-02, -1.14108E-02, -1.14637E-02, -1.14009E-02, -1.11913E-02, -1.07975E-02, -1.01751E-02, -9.27152E-03, -8.02596E-03, -6.36859E-03, -4.22120E-03, -1.49864E-03,  1.88804E-03,  6.02598E-03,  1.09915E-02,  1.68365E-02,  2.35702E-02,  3.11344E-02,  3.93764E-02,  4.80217E-02,  5.66572E-02,  6.47367E-02,  7.16223E-02,  7.66699E-02,  7.93459E-02,  7.93459E-02,  7.66701E-02,  7.16227E-02,  6.47372E-02,  5.66578E-02,  4.80223E-02,  3.93770E-02,  3.11350E-02,  2.35708E-02,  1.68371E-02,  1.09920E-02,  6.02648E-03,  1.88850E-03, -1.49821E-03, -4.22081E-03, -6.36823E-03, -8.02563E-03, -9.27123E-03, -1.01748E-02, -1.07973E-02, -1.11911E-02, -1.14007E-02, -1.14635E-02, -1.14106E-02, -1.12678E-02, -1.10562E-02, -1.07930E-02, -1.04924E-02, -1.01655E-02, -9.82161E-03, -9.46780E-03, -9.10981E-03, -8.75211E-03, -8.39817E-03, -8.05061E-03, -7.71142E-03, -7.38201E-03, -7.06342E-03, -6.75628E-03, -6.46101E-03,
 -6.90598E-03, -7.24422E-03, -7.59903E-03, -7.97058E-03, -8.35884E-03, -8.76348E-03, -9.18385E-03, -9.61884E-03, -1.00668E-02, -1.05252E-02, -1.09909E-02, -1.14593E-02, -1.19246E-02, -1.23791E-02, -1.28129E-02, -1.32135E-02, -1.35650E-02, -1.38476E-02, -1.40366E-02, -1.41013E-02, -1.40043E-02, -1.37000E-02, -1.31335E-02, -1.22394E-02, -1.09407E-02, -9.14892E-03, -6.76421E-03, -3.67799E-03,  2.22158E-04,  5.04355E-03,  1.08740E-02,  1.77605E-02,  2.56795E-02,  3.45006E-02,  4.39476E-02,  5.35671E-02,  6.27236E-02,  7.06420E-02,  7.65121E-02,  7.96464E-02,  7.96465E-02,  7.65124E-02,  7.06425E-02,  6.27242E-02,  5.35678E-02,  4.39483E-02,  3.45013E-02,  2.56802E-02,  1.77611E-02,  1.08746E-02,  5.04413E-03,  2.22689E-04, -3.67750E-03, -6.76377E-03, -9.14852E-03, -1.09404E-02, -1.22390E-02, -1.31332E-02, -1.36998E-02, -1.40041E-02, -1.41011E-02, -1.40364E-02, -1.38474E-02, -1.35648E-02, -1.32133E-02, -1.28127E-02, -1.23789E-02, -1.19245E-02, -1.14592E-02, -1.09908E-02, -1.05251E-02, -1.00667E-02, -9.61875E-03, -9.18376E-03, -8.76339E-03, -8.35876E-03, -7.97051E-03, -7.59896E-03, -7.24415E-03, -6.90592E-03,
 -7.35218E-03, -7.73477E-03, -8.13900E-03, -8.56567E-03, -9.01546E-03, -9.48885E-03, -9.98612E-03, -1.05072E-02, -1.10515E-02, -1.16180E-02, -1.22048E-02, -1.28090E-02, -1.34265E-02, -1.40517E-02, -1.46768E-02, -1.52915E-02, -1.58823E-02, -1.64319E-02, -1.69178E-02, -1.73117E-02, -1.75780E-02, -1.76722E-02, -1.75393E-02, -1.71122E-02, -1.63102E-02, -1.50372E-02, -1.31818E-02, -1.06183E-02, -7.21038E-03, -2.81929E-03,  2.68177E-03,  9.38450E-03,  1.73115E-02,  2.63712E-02,  3.63051E-02,  4.66396E-02,  5.66658E-02,  6.54762E-02,  7.20881E-02,  7.56460E-02,  7.56461E-02,  7.20885E-02,  6.54767E-02,  5.66664E-02,  4.66404E-02,  3.63058E-02,  2.63720E-02,  1.73123E-02,  9.38521E-03,  2.68243E-03, -2.81868E-03, -7.20983E-03, -1.06178E-02, -1.31813E-02, -1.50368E-02, -1.63098E-02, -1.71119E-02, -1.75390E-02, -1.76719E-02, -1.75778E-02, -1.73115E-02, -1.69176E-02, -1.64317E-02, -1.58821E-02, -1.52913E-02, -1.46766E-02, -1.40516E-02, -1.34264E-02, -1.28089E-02, -1.22047E-02, -1.16179E-02, -1.10514E-02, -1.05071E-02, -9.98603E-03, -9.48877E-03, -9.01538E-03, -8.56560E-03, -8.13894E-03, -7.73471E-03, -7.35212E-03,
 -7.79647E-03, -8.22443E-03, -8.67940E-03, -9.16289E-03, -9.67636E-03, -1.02213E-02, -1.07989E-02, -1.14103E-02, -1.20565E-02, -1.27377E-02, -1.34540E-02, -1.42044E-02, -1.49872E-02, -1.57991E-02, -1.66352E-02, -1.74885E-02, -1.83489E-02, -1.92028E-02, -2.00318E-02, -2.08117E-02, -2.15111E-02, -2.20894E-02, -2.24951E-02, -2.26633E-02, -2.25136E-02, -2.19480E-02, -2.08485E-02, -1.90779E-02, -1.64808E-02, -1.28908E-02, -8.14342E-03, -2.09944E-03,  5.31825E-03,  1.40724E-02,  2.39461E-02,  3.44764E-02,  4.49140E-02,  5.42500E-02,  6.13510E-02,  6.52042E-02,  6.52043E-02,  6.13514E-02,  5.42506E-02,  4.49147E-02,  3.44772E-02,  2.39469E-02,  1.40732E-02,  5.31905E-03, -2.09869E-03, -8.14273E-03, -1.28902E-02, -1.64802E-02, -1.90774E-02, -2.08481E-02, -2.19475E-02, -2.25133E-02, -2.26629E-02, -2.24948E-02, -2.20891E-02, -2.15108E-02, -2.08115E-02, -2.00315E-02, -1.92026E-02, -1.83487E-02, -1.74883E-02, -1.66351E-02, -1.57989E-02, -1.49870E-02, -1.42043E-02, -1.34539E-02, -1.27376E-02, -1.20564E-02, -1.14102E-02, -1.07988E-02, -1.02212E-02, -9.67629E-03, -9.16281E-03, -8.67934E-03, -8.22437E-03, -7.79641E-03,
 -8.23540E-03, -8.70933E-03, -9.21588E-03, -9.75732E-03, -1.03360E-02, -1.09545E-02, -1.16151E-02, -1.23204E-02, -1.30728E-02, -1.38745E-02, -1.47274E-02, -1.56332E-02, -1.65926E-02, -1.76058E-02, -1.86713E-02, -1.97861E-02, -2.09449E-02, -2.21393E-02, -2.33566E-02, -2.45793E-02, -2.57826E-02, -2.69336E-02, -2.79881E-02, -2.88887E-02, -2.95614E-02, -2.99130E-02, -2.98274E-02, -2.91644E-02, -2.77593E-02, -2.54267E-02, -2.19719E-02, -1.72118E-02, -1.10122E-02, -3.34363E-03,  5.64366E-03,  1.55377E-02,  2.56039E-02,  3.47969E-02,  4.18967E-02,  4.57857E-02,  4.57858E-02,  4.18971E-02,  3.47975E-02,  2.56047E-02,  1.55385E-02,  5.64454E-03, -3.34276E-03, -1.10113E-02, -1.72110E-02, -2.19712E-02, -2.54261E-02, -2.77587E-02, -2.91639E-02, -2.98269E-02, -2.99126E-02, -2.95611E-02, -2.88883E-02, -2.79878E-02, -2.69333E-02, -2.57824E-02, -2.45790E-02, -2.33564E-02, -2.21391E-02, -2.09447E-02, -1.97860E-02, -1.86711E-02, -1.76056E-02, -1.65925E-02, -1.56331E-02, -1.47273E-02, -1.38743E-02, -1.30727E-02, -1.23203E-02, -1.16150E-02, -1.09544E-02, -1.03360E-02, -9.75725E-03, -9.21581E-03, -8.70927E-03, -8.23534E-03,
 -8.66536E-03, -9.18535E-03, -9.74376E-03, -1.03437E-02, -1.09885E-02, -1.16817E-02, -1.24271E-02, -1.32286E-02, -1.40905E-02, -1.50169E-02, -1.60122E-02, -1.70807E-02, -1.82265E-02, -1.94532E-02, -2.07640E-02, -2.21608E-02, -2.36442E-02, -2.52124E-02, -2.68607E-02, -2.85803E-02, -3.03567E-02, -3.21681E-02, -3.39828E-02, -3.57568E-02, -3.74303E-02, -3.89236E-02, -4.01336E-02, -4.09299E-02, -4.11523E-02, -4.06119E-02, -3.90979E-02, -3.63954E-02, -3.23181E-02, -2.67635E-02, -1.97903E-02, -1.17106E-02, -3.16578E-03,  4.86579E-03,  1.11950E-02,  1.47038E-02,  1.47039E-02,  1.11954E-02,  4.86644E-03, -3.16498E-03, -1.17097E-02, -1.97894E-02, -2.67626E-02, -3.23172E-02, -3.63946E-02, -3.90972E-02, -4.06112E-02, -4.11517E-02, -4.09294E-02, -4.01332E-02, -3.89232E-02, -3.74299E-02, -3.57565E-02, -3.39825E-02, -3.21678E-02, -3.03565E-02, -2.85801E-02, -2.68605E-02, -2.52122E-02, -2.36440E-02, -2.21606E-02, -2.07638E-02, -1.94531E-02, -1.82263E-02, -1.70806E-02, -1.60121E-02, -1.50168E-02, -1.40904E-02, -1.32285E-02, -1.24270E-02, -1.16816E-02, -1.09884E-02, -1.03436E-02, -9.74370E-03, -9.18529E-03, -8.66530E-03,
 -9.08254E-03, -9.64819E-03, -1.02582E-02, -1.09164E-02, -1.16273E-02, -1.23956E-02, -1.32265E-02, -1.41254E-02, -1.50986E-02, -1.61524E-02, -1.72939E-02, -1.85303E-02, -1.98695E-02, -2.13195E-02, -2.28883E-02, -2.45839E-02, -2.64139E-02, -2.83849E-02, -3.05020E-02, -3.27678E-02, -3.51811E-02, -3.77357E-02, -4.04179E-02, -4.32039E-02, -4.60567E-02, -4.89215E-02, -5.17214E-02, -5.43522E-02, -5.66775E-02, -5.85263E-02, -5.96946E-02, -5.99559E-02, -5.90866E-02, -5.69115E-02, -5.33748E-02, -4.86307E-02, -4.31260E-02, -3.76270E-02, -3.31208E-02, -3.05671E-02, -3.05669E-02, -3.31204E-02, -3.76263E-02, -4.31253E-02, -4.86298E-02, -5.33740E-02, -5.69106E-02, -5.90858E-02, -5.99552E-02, -5.96939E-02, -5.85257E-02, -5.66770E-02, -5.43517E-02, -5.17210E-02, -4.89211E-02, -4.60563E-02, -4.32036E-02, -4.04176E-02, -3.77355E-02, -3.51809E-02, -3.27676E-02, -3.05018E-02, -2.83848E-02, -2.64137E-02, -2.45837E-02, -2.28881E-02, -2.13193E-02, -1.98694E-02, -1.85302E-02, -1.72938E-02, -1.61523E-02, -1.50985E-02, -1.41254E-02, -1.32264E-02, -1.23956E-02, -1.16273E-02, -1.09164E-02, -1.02581E-02, -9.64813E-03, -9.08248E-03,
 -9.48308E-03, -1.00934E-02, -1.07540E-02, -1.14697E-02, -1.22459E-02, -1.30886E-02, -1.40044E-02, -1.50006E-02, -1.60853E-02, -1.72673E-02, -1.85566E-02, -1.99637E-02, -2.15005E-02, -2.31798E-02, -2.50153E-02, -2.70219E-02, -2.92153E-02, -3.16118E-02, -3.42284E-02, -3.70814E-02, -4.01866E-02, -4.35576E-02, -4.72042E-02, -5.11306E-02, -5.53319E-02, -5.97910E-02, -6.44728E-02, -6.93190E-02, -7.42413E-02, -7.91146E-02, -8.37727E-02, -8.80089E-02, -9.15868E-02, -9.42679E-02, -9.58616E-02, -9.62976E-02, -9.57026E-02, -9.44436E-02, -9.30820E-02, -9.22088E-02, -9.22087E-02, -9.30816E-02, -9.44430E-02, -9.57019E-02, -9.62968E-02, -9.58608E-02, -9.42671E-02, -9.15861E-02, -8.80082E-02, -8.37721E-02, -7.91140E-02, -7.42408E-02, -6.93186E-02, -6.44724E-02, -5.97906E-02, -5.53316E-02, -5.11302E-02, -4.72039E-02, -4.35573E-02, -4.01864E-02, -3.70812E-02, -3.42282E-02, -3.16117E-02, -2.92151E-02, -2.70217E-02, -2.50151E-02, -2.31796E-02, -2.15004E-02, -1.99636E-02, -1.85565E-02, -1.72672E-02, -1.60852E-02, -1.50005E-02, -1.40043E-02, -1.30885E-02, -1.22458E-02, -1.14696E-02, -1.07539E-02, -1.00934E-02, -9.48303E-03,
 -9.86307E-03, -1.05166E-02, -1.12261E-02, -1.19975E-02, -1.28373E-02, -1.37526E-02, -1.47516E-02, -1.58434E-02, -1.70381E-02, -1.83472E-02, -1.97833E-02, -2.13610E-02, -2.30961E-02, -2.50067E-02, -2.71129E-02, -2.94369E-02, -3.20036E-02, -3.48405E-02, -3.79778E-02, -4.14483E-02, -4.52875E-02, -4.95331E-02, -5.42243E-02, -5.94004E-02, -6.50992E-02, -7.13540E-02, -7.81894E-02, -8.56156E-02, -9.36205E-02, -1.02160E-01, -1.11147E-01, -1.20438E-01, -1.29823E-01, -1.39024E-01, -1.47703E-01, -1.55494E-01, -1.62054E-01, -1.67115E-01, -1.70523E-01, -1.72227E-01, -1.72227E-01, -1.70523E-01, -1.67115E-01, -1.62054E-01, -1.55494E-01, -1.47702E-01, -1.39023E-01, -1.29822E-01, -1.20437E-01, -1.11147E-01, -1.02160E-01, -9.36201E-02, -8.56152E-02, -7.81891E-02, -7.13537E-02, -6.50989E-02, -5.94001E-02, -5.42240E-02, -4.95329E-02, -4.52873E-02, -4.14481E-02, -3.79776E-02, -3.48403E-02, -3.20035E-02, -2.94367E-02, -2.71127E-02, -2.50066E-02, -2.30960E-02, -2.13609E-02, -1.97832E-02, -1.83471E-02, -1.70380E-02, -1.58433E-02, -1.47516E-02, -1.37526E-02, -1.28372E-02, -1.19975E-02, -1.12261E-02, -1.05165E-02, -9.86301E-03,
 -1.02186E-02, -1.09131E-02, -1.16694E-02, -1.24940E-02, -1.33946E-02, -1.43797E-02, -1.54588E-02, -1.66429E-02, -1.79442E-02, -1.93768E-02, -2.09565E-02, -2.27012E-02, -2.46317E-02, -2.67712E-02, -2.91463E-02, -3.17877E-02, -3.47298E-02, -3.80122E-02, -4.16799E-02, -4.57841E-02, -5.03828E-02, -5.55415E-02, -6.13336E-02, -6.78411E-02, -7.51538E-02, -8.33690E-02, -9.25890E-02, -1.02917E-01, -1.14450E-01, -1.27267E-01, -1.41411E-01, -1.56863E-01, -1.73503E-01, -1.91064E-01, -2.09076E-01, -2.26819E-01, -2.43303E-01, -2.57324E-01, -2.67612E-01, -2.73075E-01, -2.73075E-01, -2.67612E-01, -2.57324E-01, -2.43302E-01, -2.26818E-01, -2.09076E-01, -1.91064E-01, -1.73503E-01, -1.56863E-01, -1.41411E-01, -1.27267E-01, -1.14450E-01, -1.02917E-01, -9.25887E-02, -8.33687E-02, -7.51535E-02, -6.78408E-02, -6.13334E-02, -5.55412E-02, -5.03826E-02, -4.57839E-02, -4.16797E-02, -3.80120E-02, -3.47296E-02, -3.17875E-02, -2.91462E-02, -2.67710E-02, -2.46316E-02, -2.27011E-02, -2.09564E-02, -1.93767E-02, -1.79442E-02, -1.66428E-02, -1.54587E-02, -1.43796E-02, -1.33945E-02, -1.24939E-02, -1.16693E-02, -1.09131E-02, -1.02186E-02,
 -1.05460E-02, -1.12788E-02, -1.20787E-02, -1.29532E-02, -1.39110E-02, -1.49618E-02, -1.61166E-02, -1.73881E-02, -1.87908E-02, -2.03411E-02, -2.20579E-02, -2.39631E-02, -2.60817E-02, -2.84426E-02, -3.10793E-02, -3.40305E-02, -3.73410E-02, -4.10633E-02, -4.52579E-02, -4.99957E-02, -5.53592E-02, -6.14446E-02, -6.83640E-02, -7.62475E-02, -8.52461E-02, -9.55332E-02, -1.07306E-01, -1.20787E-01, -1.36216E-01, -1.53845E-01, -1.73913E-01, -1.96608E-01, -2.22002E-01, -2.49945E-01, -2.79911E-01, -3.10818E-01, -3.40862E-01, -3.67499E-01, -3.87713E-01, -3.98687E-01, -3.98687E-01, -3.87712E-01, -3.67498E-01, -3.40862E-01, -3.10817E-01, -2.79910E-01, -2.49944E-01, -2.22002E-01, -1.96607E-01, -1.73912E-01, -1.53845E-01, -1.36216E-01, -1.20787E-01, -1.07306E-01, -9.55329E-02, -8.52458E-02, -7.62473E-02, -6.83638E-02, -6.14444E-02, -5.53590E-02, -4.99955E-02, -4.52577E-02, -4.10631E-02, -3.73409E-02, -3.40303E-02, -3.10792E-02, -2.84425E-02, -2.60816E-02, -2.39630E-02, -2.20578E-02, -2.03410E-02, -1.87907E-02, -1.73881E-02, -1.61165E-02, -1.49617E-02, -1.39109E-02, -1.29532E-02, -1.20786E-02, -1.12787E-02, -1.05459E-02,
 -1.08415E-02, -1.16093E-02, -1.24492E-02, -1.33695E-02, -1.43799E-02, -1.54912E-02, -1.67159E-02, -1.80684E-02, -1.95651E-02, -2.12249E-02, -2.30699E-02, -2.51253E-02, -2.74207E-02, -2.99905E-02, -3.28747E-02, -3.61205E-02, -3.97831E-02, -4.39275E-02, -4.86307E-02, -5.39836E-02, -6.00944E-02, -6.70917E-02, -7.51287E-02, -8.43884E-02, -9.50890E-02, -1.07490E-01, -1.21901E-01, -1.38684E-01, -1.58259E-01, -1.81104E-01, -2.07732E-01, -2.38654E-01, -2.74289E-01, -3.14796E-01, -3.59805E-01, -4.08007E-01, -4.56696E-01, -5.01460E-01, -5.36493E-01, -5.55914E-01, -5.55914E-01, -5.36493E-01, -5.01460E-01, -4.56696E-01, -4.08007E-01, -3.59805E-01, -3.14796E-01, -2.74288E-01, -2.38654E-01, -2.07732E-01, -1.81104E-01, -1.58259E-01, -1.38684E-01, -1.21901E-01, -1.07490E-01, -9.50888E-02, -8.43882E-02, -7.51285E-02, -6.70915E-02, -6.00943E-02, -5.39835E-02, -4.86306E-02, -4.39274E-02, -3.97830E-02, -3.61204E-02, -3.28746E-02, -2.99904E-02, -2.74206E-02, -2.51252E-02, -2.30698E-02, -2.12249E-02, -1.95650E-02, -1.80683E-02, -1.67159E-02, -1.54911E-02, -1.43798E-02, -1.33695E-02, -1.24491E-02, -1.16093E-02, -1.08415E-02,
 -1.11019E-02, -1.19009E-02, -1.27764E-02, -1.37377E-02, -1.47951E-02, -1.59607E-02, -1.72482E-02, -1.86735E-02, -2.02551E-02, -2.20140E-02, -2.39751E-02, -2.61671E-02, -2.86238E-02, -3.13846E-02, -3.44962E-02, -3.80135E-02, -4.20017E-02, -4.65385E-02, -5.17163E-02, -5.76464E-02, -6.44622E-02, -7.23250E-02, -8.14302E-02, -9.20152E-02, -1.04369E-01, -1.18844E-01, -1.35872E-01, -1.55973E-01, -1.79783E-01, -2.08053E-01, -2.41661E-01, -2.81581E-01, -3.28797E-01, -3.84108E-01, -4.47722E-01, -5.18565E-01, -5.93238E-01, -6.64938E-01, -7.23287E-01, -7.56548E-01, -7.56548E-01, -7.23287E-01, -6.64938E-01, -5.93238E-01, -5.18566E-01, -4.47723E-01, -3.84108E-01, -3.28797E-01, -2.81581E-01, -2.41661E-01, -2.08053E-01, -1.79782E-01, -1.55973E-01, -1.35871E-01, -1.18844E-01, -1.04369E-01, -9.20151E-02, -8.14301E-02, -7.23248E-02, -6.44620E-02, -5.76462E-02, -5.17162E-02, -4.65383E-02, -4.20016E-02, -3.80134E-02, -3.44961E-02, -3.13846E-02, -2.86237E-02, -2.61670E-02, -2.39750E-02, -2.20139E-02, -2.02550E-02, -1.86735E-02, -1.72481E-02, -1.59606E-02, -1.47950E-02, -1.37376E-02, -1.27764E-02, -1.19009E-02, -1.11019E-02,
 -1.13242E-02, -1.21500E-02, -1.30563E-02, -1.40528E-02, -1.51509E-02, -1.63635E-02, -1.77055E-02, -1.91942E-02, -2.08496E-02, -2.26950E-02, -2.47576E-02, -2.70694E-02, -2.96677E-02, -3.25969E-02, -3.59093E-02, -3.96672E-02, -4.39450E-02, -4.88319E-02, -5.44350E-02, -6.08844E-02, -6.83376E-02, -7.69872E-02, -8.70691E-02, -9.88740E-02, -1.12761E-01, -1.29177E-01, -1.48678E-01, -1.71957E-01, -1.99880E-01, -2.33521E-01, -2.74202E-01, -3.23508E-01, -3.83262E-01, -4.55362E-01, -5.41350E-01, -6.41417E-01, -7.52510E-01, -8.65464E-01, -9.62639E-01, -1.02041E+00, -1.02041E+00, -9.62640E-01, -8.65465E-01, -7.52511E-01, -6.41418E-01, -5.41351E-01, -4.55363E-01, -3.83262E-01, -3.23508E-01, -2.74202E-01, -2.33521E-01, -1.99880E-01, -1.71957E-01, -1.48678E-01, -1.29177E-01, -1.12761E-01, -9.88738E-02, -8.70690E-02, -7.69871E-02, -6.83375E-02, -6.08843E-02, -5.44349E-02, -4.88317E-02, -4.39449E-02, -3.96672E-02, -3.59092E-02, -3.25968E-02, -2.96676E-02, -2.70693E-02, -2.47575E-02, -2.26949E-02, -2.08495E-02, -1.91941E-02, -1.77054E-02, -1.63634E-02, -1.51509E-02, -1.40528E-02, -1.30562E-02, -1.21499E-02, -1.13241E-02,
 -1.15056E-02, -1.23535E-02, -1.32851E-02, -1.43107E-02, -1.54424E-02, -1.66938E-02, -1.80809E-02, -1.96220E-02, -2.13387E-02, -2.32559E-02, -2.54031E-02, -2.78148E-02, -3.05316E-02, -3.36018E-02, -3.70828E-02, -4.10432E-02, -4.55654E-02, -5.07486E-02, -5.67130E-02, -6.36050E-02, -7.16037E-02, -8.09295E-02, -9.18549E-02, -1.04719E-01, -1.19947E-01, -1.38072E-01, -1.59772E-01, -1.85908E-01, -2.17582E-01, -2.56208E-01, -3.03602E-01, -3.62084E-01, -4.34574E-01, -5.24609E-01, -6.36102E-01, -7.72373E-01, -9.33452E-01, -1.11013E+00, -1.27492E+00, -1.37961E+00, -1.37961E+00, -1.27492E+00, -1.11013E+00, -9.33453E-01, -7.72374E-01, -6.36103E-01, -5.24610E-01, -4.34574E-01, -3.62084E-01, -3.03602E-01, -2.56208E-01, -2.17582E-01, -1.85908E-01, -1.59772E-01, -1.38072E-01, -1.19947E-01, -1.04719E-01, -9.18548E-02, -8.09294E-02, -7.16036E-02, -6.36049E-02, -5.67129E-02, -5.07485E-02, -4.55653E-02, -4.10431E-02, -3.70827E-02, -3.36017E-02, -3.05315E-02, -2.78147E-02, -2.54031E-02, -2.32559E-02, -2.13386E-02, -1.96219E-02, -1.80808E-02, -1.66937E-02, -1.54423E-02, -1.43107E-02, -1.32850E-02, -1.23535E-02, -1.15056E-02,
 -1.16441E-02, -1.25089E-02, -1.34599E-02, -1.45079E-02, -1.56654E-02, -1.69467E-02, -1.83685E-02, -1.99501E-02, -2.17141E-02, -2.36869E-02, -2.58996E-02, -2.83887E-02, -3.11974E-02, -3.43774E-02, -3.79898E-02, -4.21084E-02, -4.68219E-02, -5.22376E-02, -5.84860E-02, -6.57270E-02, -7.41572E-02, -8.40196E-02, -9.56171E-02, -1.09329E-01, -1.25636E-01, -1.45145E-01, -1.68640E-01, -1.97128E-01, -2.31929E-01, -2.74776E-01, -3.27972E-01, -3.94604E-01, -4.78826E-01, -5.86213E-01, -7.24078E-01, -9.01280E-01, -1.12597E+00, -1.39678E+00, -1.67973E+00, -1.87924E+00, -1.87924E+00, -1.67973E+00, -1.39678E+00, -1.12597E+00, -9.01281E-01, -7.24079E-01, -5.86214E-01, -4.78826E-01, -3.94605E-01, -3.27973E-01, -2.74776E-01, -2.31929E-01, -1.97128E-01, -1.68640E-01, -1.45145E-01, -1.25636E-01, -1.09329E-01, -9.56171E-02, -8.40195E-02, -7.41571E-02, -6.57270E-02, -5.84859E-02, -5.22375E-02, -4.68218E-02, -4.21084E-02, -3.79897E-02, -3.43773E-02, -3.11974E-02, -2.83886E-02, -2.58995E-02, -2.36869E-02, -2.17140E-02, -1.99500E-02, -1.83684E-02, -1.69466E-02, -1.56653E-02, -1.45079E-02, -1.34599E-02, -1.25089E-02, -1.16441E-02,
 -1.17379E-02, -1.26142E-02, -1.35784E-02, -1.46416E-02, -1.58167E-02, -1.71183E-02, -1.85638E-02, -2.01730E-02, -2.19693E-02, -2.39801E-02, -2.62375E-02, -2.87796E-02, -3.16514E-02, -3.49065E-02, -3.86092E-02, -4.28366E-02, -4.76817E-02, -5.32577E-02, -5.97024E-02, -6.71850E-02, -7.59144E-02, -8.61500E-02, -9.82162E-02, -1.12522E-01, -1.29585E-01, -1.50071E-01, -1.74839E-01, -2.05009E-01, -2.42065E-01, -2.87994E-01, -3.45497E-01, -4.18313E-01, -5.11712E-01, -6.33257E-01, -7.93949E-01, -1.00969E+00, -1.30188E+00, -1.69087E+00, -2.15777E+00, -2.53986E+00, -2.53987E+00, -2.15778E+00, -1.69087E+00, -1.30189E+00, -1.00969E+00, -7.93950E-01, -6.33258E-01, -5.11713E-01, -4.18314E-01, -3.45497E-01, -2.87994E-01, -2.42065E-01, -2.05009E-01, -1.74839E-01, -1.50071E-01, -1.29585E-01, -1.12522E-01, -9.82161E-02, -8.61499E-02, -7.59144E-02, -6.71850E-02, -5.97024E-02, -5.32577E-02, -4.76817E-02, -4.28365E-02, -3.86092E-02, -3.49065E-02, -3.16513E-02, -2.87795E-02, -2.62375E-02, -2.39800E-02, -2.19692E-02, -2.01729E-02, -1.85637E-02, -1.71183E-02, -1.58166E-02, -1.46416E-02, -1.35784E-02, -1.26142E-02, -1.17379E-02,
 -1.17859E-02, -1.26681E-02, -1.36391E-02, -1.47100E-02, -1.58940E-02, -1.72061E-02, -1.86636E-02, -2.02870E-02, -2.20998E-02, -2.41300E-02, -2.64104E-02, -2.89796E-02, -3.18836E-02, -3.51773E-02, -3.89263E-02, -4.32095E-02, -4.81223E-02, -5.37806E-02, -6.03262E-02, -6.79332E-02, -7.68167E-02, -8.72448E-02, -9.95530E-02, -1.14165E-01, -1.31622E-01, -1.52615E-01, -1.78046E-01, -2.09097E-01, -2.47340E-01, -2.94904E-01, -3.54714E-01, -4.30891E-01, -5.29378E-01, -6.58999E-01, -8.33262E-01, -1.07337E+00, -1.41247E+00, -1.89642E+00, -2.54615E+00, -3.15901E+00, -3.15902E+00, -2.54616E+00, -1.89642E+00, -1.41247E+00, -1.07337E+00, -8.33264E-01, -6.59000E-01, -5.29379E-01, -4.30892E-01, -3.54715E-01, -2.94904E-01, -2.47341E-01, -2.09097E-01, -1.78046E-01, -1.52615E-01, -1.31622E-01, -1.14165E-01, -9.95530E-02, -8.72447E-02, -7.68167E-02, -6.79331E-02, -6.03262E-02, -5.37806E-02, -4.81222E-02, -4.32094E-02, -3.89263E-02, -3.51773E-02, -3.18836E-02, -2.89795E-02, -2.64103E-02, -2.41300E-02, -2.20998E-02, -2.02869E-02, -1.86636E-02, -1.72060E-02, -1.58940E-02, -1.47100E-02, -1.36390E-02, -1.26681E-02, -1.17859E-02,
 -1.17875E-02, -1.26699E-02, -1.36410E-02, -1.47121E-02, -1.58964E-02, -1.72087E-02, -1.86665E-02, -2.02901E-02, -2.21033E-02, -2.41340E-02, -2.64148E-02, -2.89846E-02, -3.18893E-02, -3.51837E-02, -3.89336E-02, -4.32178E-02, -4.81318E-02, -5.37915E-02, -6.03388E-02, -6.79477E-02, -7.68336E-02, -8.72645E-02, -9.95761E-02, -1.14192E-01, -1.31653E-01, -1.52653E-01, -1.78090E-01, -2.09149E-01, -2.47403E-01, -2.94978E-01, -3.54802E-01, -4.30996E-01, -5.29503E-01, -6.59150E-01, -8.33447E-01, -1.07360E+00, -1.41279E+00, -1.89691E+00, -2.54699E+00, -3.16034E+00, -3.16034E+00, -2.54700E+00, -1.89692E+00, -1.41279E+00, -1.07360E+00, -8.33449E-01, -6.59151E-01, -5.29504E-01, -4.30997E-01, -3.54803E-01, -2.94978E-01, -2.47403E-01, -2.09150E-01, -1.78091E-01, -1.52653E-01, -1.31653E-01, -1.14192E-01, -9.95761E-02, -8.72645E-02, -7.68336E-02, -6.79477E-02, -6.03388E-02, -5.37915E-02, -4.81317E-02, -4.32177E-02, -3.89335E-02, -3.51837E-02, -3.18892E-02, -2.89845E-02, -2.64148E-02, -2.41339E-02, -2.21033E-02, -2.02901E-02, -1.86664E-02, -1.72086E-02, -1.58963E-02, -1.47121E-02, -1.36409E-02, -1.26698E-02, -1.17875E-02,
 -1.17427E-02, -1.26195E-02, -1.35842E-02, -1.46480E-02, -1.58236E-02, -1.71260E-02, -1.85723E-02, -2.01825E-02, -2.19799E-02, -2.39919E-02, -2.62508E-02, -2.87945E-02, -3.16682E-02, -3.49256E-02, -3.86309E-02, -4.28614E-02, -4.77101E-02, -5.32903E-02, -5.97400E-02, -6.72286E-02, -7.59650E-02, -8.62089E-02, -9.82851E-02, -1.12603E-01, -1.29680E-01, -1.50184E-01, -1.74972E-01, -2.05166E-01, -2.42252E-01, -2.88216E-01, -3.45761E-01, -4.18627E-01, -5.12086E-01, -6.33706E-01, -7.94496E-01, -1.01037E+00, -1.30278E+00, -1.69214E+00, -2.15965E+00, -2.54241E+00, -2.54241E+00, -2.15965E+00, -1.69214E+00, -1.30279E+00, -1.01037E+00, -7.94498E-01, -6.33708E-01, -5.12087E-01, -4.18628E-01, -3.45761E-01, -2.88216E-01, -2.42252E-01, -2.05167E-01, -1.74972E-01, -1.50184E-01, -1.29681E-01, -1.12603E-01, -9.82852E-02, -8.62090E-02, -7.59650E-02, -6.72286E-02, -5.97400E-02, -5.32903E-02, -4.77101E-02, -4.28613E-02, -3.86309E-02, -3.49256E-02, -3.16682E-02, -2.87945E-02, -2.62508E-02, -2.39919E-02, -2.19798E-02, -2.01824E-02, -1.85723E-02, -1.71260E-02, -1.58236E-02, -1.46479E-02, -1.35841E-02, -1.26194E-02, -1.17427E-02,
 -1.16521E-02, -1.25176E-02, -1.34695E-02, -1.45184E-02, -1.56770E-02, -1.69595E-02, -1.83826E-02, -1.99658E-02, -2.17317E-02, -2.37066E-02, -2.59216E-02, -2.84135E-02, -3.12254E-02, -3.44090E-02, -3.80258E-02, -4.21495E-02, -4.68689E-02, -5.22916E-02, -5.85483E-02, -6.57991E-02, -7.42409E-02, -8.41172E-02, -9.57313E-02, -1.09463E-01, -1.25794E-01, -1.45332E-01, -1.68860E-01, -1.97390E-01, -2.32239E-01, -2.75144E-01, -3.28410E-01, -3.95125E-01, -4.79445E-01, -5.86952E-01, -7.24965E-01, -9.02359E-01, -1.12731E+00, -1.39849E+00, -1.68191E+00, -1.88182E+00, -1.88182E+00, -1.68191E+00, -1.39849E+00, -1.12731E+00, -9.02361E-01, -7.24966E-01, -5.86953E-01, -4.79446E-01, -3.95125E-01, -3.28411E-01, -2.75145E-01, -2.32240E-01, -1.97390E-01, -1.68860E-01, -1.45332E-01, -1.25794E-01, -1.09464E-01, -9.57314E-02, -8.41172E-02, -7.42409E-02, -6.57991E-02, -5.85483E-02, -5.22915E-02, -4.68689E-02, -4.21495E-02, -3.80258E-02, -3.44090E-02, -3.12254E-02, -2.84134E-02, -2.59216E-02, -2.37065E-02, -2.17316E-02, -1.99658E-02, -1.83826E-02, -1.69594E-02, -1.56769E-02, -1.45184E-02, -1.34694E-02, -1.25176E-02, -1.16520E-02,
 -1.15167E-02, -1.23656E-02, -1.32984E-02, -1.43254E-02, -1.54585E-02, -1.67116E-02, -1.81006E-02, -1.96439E-02, -2.13631E-02, -2.32832E-02, -2.54337E-02, -2.78492E-02, -3.05704E-02, -3.36457E-02, -3.71327E-02, -4.11002E-02, -4.56306E-02, -5.08235E-02, -5.67994E-02, -6.37050E-02, -7.17198E-02, -8.10648E-02, -9.20133E-02, -1.04905E-01, -1.20166E-01, -1.38331E-01, -1.60079E-01, -1.86272E-01, -2.18014E-01, -2.56721E-01, -3.04212E-01, -3.62809E-01, -4.35435E-01, -5.25630E-01, -6.37312E-01, -7.73807E-01, -9.35155E-01, -1.11214E+00, -1.27725E+00, -1.38216E+00, -1.38216E+00, -1.27726E+00, -1.11215E+00, -9.35157E-01, -7.73809E-01, -6.37313E-01, -5.25631E-01, -4.35436E-01, -3.62810E-01, -3.04213E-01, -2.56722E-01, -2.18014E-01, -1.86272E-01, -1.60079E-01, -1.38331E-01, -1.20166E-01, -1.04905E-01, -9.20134E-02, -8.10649E-02, -7.17198E-02, -6.37050E-02, -5.67994E-02, -5.08235E-02, -4.56306E-02, -4.11002E-02, -3.71327E-02, -3.36457E-02, -3.05704E-02, -2.78492E-02, -2.54337E-02, -2.32832E-02, -2.13631E-02, -1.96439E-02, -1.81006E-02, -1.67116E-02, -1.54585E-02, -1.43253E-02, -1.32984E-02, -1.23656E-02, -1.15167E-02,
 -1.13383E-02, -1.21655E-02, -1.30732E-02, -1.40715E-02, -1.51715E-02, -1.63862E-02, -1.77306E-02, -1.92221E-02, -2.08807E-02, -2.27297E-02, -2.47966E-02, -2.71131E-02, -2.97171E-02, -3.26528E-02, -3.59728E-02, -3.97396E-02, -4.40278E-02, -4.89269E-02, -5.45446E-02, -6.10112E-02, -6.84849E-02, -7.71590E-02, -8.72701E-02, -9.91100E-02, -1.13039E-01, -1.29506E-01, -1.49067E-01, -1.72420E-01, -2.00431E-01, -2.34177E-01, -2.74982E-01, -3.24436E-01, -3.84362E-01, -4.56663E-01, -5.42878E-01, -6.43198E-01, -7.54563E-01, -8.67792E-01, -9.65206E-01, -1.02312E+00, -1.02312E+00, -9.65207E-01, -8.67793E-01, -7.54564E-01, -6.43199E-01, -5.42878E-01, -4.56663E-01, -3.84363E-01, -3.24437E-01, -2.74983E-01, -2.34177E-01, -2.00431E-01, -1.72420E-01, -1.49068E-01, -1.29506E-01, -1.13039E-01, -9.91101E-02, -8.72702E-02, -7.71590E-02, -6.84850E-02, -6.10112E-02, -5.45446E-02, -4.89269E-02, -4.40278E-02, -3.97396E-02, -3.59728E-02, -3.26528E-02, -2.97171E-02, -2.71131E-02, -2.47965E-02, -2.27297E-02, -2.08806E-02, -1.92221E-02, -1.77306E-02, -1.63862E-02, -1.51714E-02, -1.40714E-02, -1.30732E-02, -1.21654E-02, -1.13383E-02,
 -1.11191E-02, -1.19197E-02, -1.27970E-02, -1.37603E-02, -1.48200E-02, -1.59881E-02, -1.72786E-02, -1.87073E-02, -2.02926E-02, -2.20560E-02, -2.40221E-02, -2.62199E-02, -2.86833E-02, -3.14520E-02, -3.45727E-02, -3.81006E-02, -4.21014E-02, -4.66528E-02, -5.18481E-02, -5.77988E-02, -6.46392E-02, -7.25314E-02, -8.16717E-02, -9.22990E-02, -1.04704E-01, -1.19240E-01, -1.36341E-01, -1.56532E-01, -1.80448E-01, -2.08847E-01, -2.42609E-01, -2.82710E-01, -3.30137E-01, -3.85689E-01, -4.49573E-01, -5.20706E-01, -5.95674E-01, -6.67650E-01, -7.26218E-01, -7.59603E-01, -7.59603E-01, -7.26219E-01, -6.67650E-01, -5.95675E-01, -5.20707E-01, -4.49574E-01, -3.85689E-01, -3.30137E-01, -2.82710E-01, -2.42609E-01, -2.08848E-01, -1.80449E-01, -1.56532E-01, -1.36341E-01, -1.19240E-01, -1.04704E-01, -9.22991E-02, -8.16718E-02, -7.25314E-02, -6.46392E-02, -5.77988E-02, -5.18481E-02, -4.66528E-02, -4.21014E-02, -3.81006E-02, -3.45727E-02, -3.14520E-02, -2.86833E-02, -2.62199E-02, -2.40221E-02, -2.20559E-02, -2.02926E-02, -1.87073E-02, -1.72786E-02, -1.59881E-02, -1.48199E-02, -1.37602E-02, -1.27970E-02, -1.19196E-02, -1.11191E-02,
 -1.08616E-02, -1.16312E-02, -1.24732E-02, -1.33959E-02, -1.44089E-02, -1.55233E-02, -1.67514E-02, -1.81078E-02, -1.96089E-02, -2.12738E-02, -2.31246E-02, -2.51867E-02, -2.74899E-02, -3.00687E-02, -3.29635E-02, -3.62216E-02, -3.98986E-02, -4.40600E-02, -4.87833E-02, -5.41601E-02, -6.02993E-02, -6.73305E-02, -7.54082E-02, -8.47169E-02, -9.54765E-02, -1.07949E-01, -1.22446E-01, -1.39333E-01, -1.59035E-01, -1.82031E-01, -2.08840E-01, -2.39978E-01, -2.75865E-01, -3.16661E-01, -3.61990E-01, -4.10533E-01, -4.59562E-01, -5.04635E-01, -5.39905E-01, -5.59456E-01, -5.59456E-01, -5.39905E-01, -5.04635E-01, -4.59563E-01, -4.10534E-01, -3.61991E-01, -3.16662E-01, -2.75865E-01, -2.39979E-01, -2.08841E-01, -1.82031E-01, -1.59035E-01, -1.39333E-01, -1.22446E-01, -1.07949E-01, -9.54766E-02, -8.47170E-02, -7.54083E-02, -6.73306E-02, -6.02994E-02, -5.41601E-02, -4.87833E-02, -4.40601E-02, -3.98986E-02, -3.62216E-02, -3.29635E-02, -3.00687E-02, -2.74899E-02, -2.51867E-02, -2.31245E-02, -2.12738E-02, -1.96088E-02, -1.81077E-02, -1.67514E-02, -1.55232E-02, -1.44089E-02, -1.33959E-02, -1.24732E-02, -1.16312E-02, -1.08616E-02,
 -1.05688E-02, -1.13038E-02, -1.21060E-02, -1.29832E-02, -1.39440E-02, -1.49982E-02, -1.61569E-02, -1.74328E-02, -1.88405E-02, -2.03965E-02, -2.21199E-02, -2.40327E-02, -2.61600E-02, -2.85311E-02, -3.11796E-02, -3.41446E-02, -3.74714E-02, -4.12127E-02, -4.54298E-02, -5.01944E-02, -5.55898E-02, -6.17134E-02, -6.86784E-02, -7.66170E-02, -8.56821E-02, -9.60497E-02, -1.07921E-01, -1.21520E-01, -1.37093E-01, -1.54896E-01, -1.75173E-01, -1.98119E-01, -2.23808E-01, -2.52090E-01, -2.82436E-01, -3.13747E-01, -3.44196E-01, -3.71197E-01, -3.91692E-01, -4.02820E-01, -4.02820E-01, -3.91692E-01, -3.71198E-01, -3.44196E-01, -3.13748E-01, -2.82436E-01, -2.52091E-01, -2.23809E-01, -1.98119E-01, -1.75174E-01, -1.54896E-01, -1.37093E-01, -1.21520E-01, -1.07921E-01, -9.60498E-02, -8.56822E-02, -7.66172E-02, -6.86785E-02, -6.17134E-02, -5.55899E-02, -5.01945E-02, -4.54299E-02, -4.12127E-02, -3.74714E-02, -3.41446E-02, -3.11796E-02, -2.85311E-02, -2.61600E-02, -2.40327E-02, -2.21199E-02, -2.03965E-02, -1.88405E-02, -1.74328E-02, -1.61569E-02, -1.49982E-02, -1.39440E-02, -1.29832E-02, -1.21060E-02, -1.13037E-02, -1.05688E-02,
 -1.02442E-02, -1.09410E-02, -1.16999E-02, -1.25275E-02, -1.34314E-02, -1.44203E-02, -1.55037E-02, -1.66926E-02, -1.79995E-02, -1.94384E-02, -2.10253E-02, -2.27784E-02, -2.47185E-02, -2.68691E-02, -2.92573E-02, -3.19138E-02, -3.48737E-02, -3.81771E-02, -4.18695E-02, -4.60031E-02, -5.06367E-02, -5.58372E-02, -6.16795E-02, -6.82474E-02, -7.56332E-02, -8.39371E-02, -9.32650E-02, -1.03724E-01, -1.15418E-01, -1.28429E-01, -1.42810E-01, -1.58546E-01, -1.75523E-01, -1.93476E-01, -2.11930E-01, -2.30148E-01, -2.47112E-01, -2.61571E-01, -2.72198E-01, -2.77847E-01, -2.77847E-01, -2.72198E-01, -2.61572E-01, -2.47113E-01, -2.30148E-01, -2.11930E-01, -1.93476E-01, -1.75523E-01, -1.58546E-01, -1.42810E-01, -1.28430E-01, -1.15418E-01, -1.03725E-01, -9.32652E-02, -8.39373E-02, -7.56334E-02, -6.82475E-02, -6.16796E-02, -5.58373E-02, -5.06368E-02, -4.60031E-02, -4.18696E-02, -3.81771E-02, -3.48737E-02, -3.19138E-02, -2.92573E-02, -2.68691E-02, -2.47185E-02, -2.27784E-02, -2.10253E-02, -1.94384E-02, -1.79995E-02, -1.66926E-02, -1.55037E-02, -1.44203E-02, -1.34314E-02, -1.25275E-02, -1.16999E-02, -1.09410E-02, -1.02442E-02,
 -9.89120E-03, -1.05473E-02, -1.12597E-02, -1.20343E-02, -1.28777E-02, -1.37972E-02, -1.48008E-02, -1.58978E-02, -1.70985E-02, -1.84145E-02, -1.98585E-02, -2.14452E-02, -2.31907E-02, -2.51134E-02, -2.72336E-02, -2.95740E-02, -3.21599E-02, -3.50193E-02, -3.81832E-02, -4.16852E-02, -4.55620E-02, -4.98525E-02, -5.45976E-02, -5.98387E-02, -6.56162E-02, -7.19665E-02, -7.89183E-02, -8.64866E-02, -9.46654E-02, -1.03418E-01, -1.12664E-01, -1.22268E-01, -1.32028E-01, -1.41668E-01, -1.50848E-01, -1.59186E-01, -1.66303E-01, -1.71877E-01, -1.75685E-01, -1.77610E-01, -1.77610E-01, -1.75685E-01, -1.71877E-01, -1.66303E-01, -1.59187E-01, -1.50849E-01, -1.41668E-01, -1.32028E-01, -1.22268E-01, -1.12664E-01, -1.03418E-01, -9.46657E-02, -8.64868E-02, -7.89185E-02, -7.19667E-02, -6.56163E-02, -5.98388E-02, -5.45977E-02, -4.98526E-02, -4.55620E-02, -4.16853E-02, -3.81832E-02, -3.50193E-02, -3.21599E-02, -2.95740E-02, -2.72336E-02, -2.51134E-02, -2.31907E-02, -2.14452E-02, -1.98585E-02, -1.84144E-02, -1.70985E-02, -1.58978E-02, -1.48008E-02, -1.37971E-02, -1.28777E-02, -1.20343E-02, -1.12597E-02, -1.05472E-02, -9.89119E-03,
 -9.51365E-03, -1.01268E-02, -1.07904E-02, -1.15096E-02, -1.22897E-02, -1.31368E-02, -1.40576E-02, -1.50594E-02, -1.61505E-02, -1.73399E-02, -1.86375E-02, -2.00543E-02, -2.16022E-02, -2.32943E-02, -2.51447E-02, -2.71687E-02, -2.93824E-02, -3.18028E-02, -3.44475E-02, -3.73339E-02, -4.04788E-02, -4.38971E-02, -4.76006E-02, -5.15954E-02, -5.58797E-02, -6.04396E-02, -6.52443E-02, -7.02409E-02, -7.53473E-02, -8.04464E-02, -8.53806E-02, -8.99526E-02, -9.39346E-02, -9.70930E-02, -9.92349E-02, -1.00273E-01, -1.00298E-01, -9.96144E-02, -9.87052E-02, -9.80832E-02, -9.80833E-02, -9.87054E-02, -9.96146E-02, -1.00298E-01, -1.00274E-01, -9.92353E-02, -9.70933E-02, -9.39349E-02, -8.99529E-02, -8.53809E-02, -8.04466E-02, -7.53476E-02, -7.02411E-02, -6.52445E-02, -6.04397E-02, -5.58799E-02, -5.15956E-02, -4.76007E-02, -4.38972E-02, -4.04788E-02, -3.73340E-02, -3.44476E-02, -3.18029E-02, -2.93824E-02, -2.71687E-02, -2.51447E-02, -2.32943E-02, -2.16022E-02, -2.00543E-02, -1.86375E-02, -1.73399E-02, -1.61505E-02, -1.50594E-02, -1.40576E-02, -1.31368E-02, -1.22897E-02, -1.15096E-02, -1.07904E-02, -1.01267E-02, -9.51364E-03,
 -9.11541E-03, -9.68400E-03, -1.02973E-02, -1.09592E-02, -1.16743E-02, -1.24472E-02, -1.32834E-02, -1.41883E-02, -1.51682E-02, -1.62298E-02, -1.73801E-02, -1.86267E-02, -1.99776E-02, -2.14410E-02, -2.30254E-02, -2.47392E-02, -2.65905E-02, -2.85864E-02, -3.07328E-02, -3.30333E-02, -3.54878E-02, -3.80916E-02, -4.08327E-02, -4.36897E-02, -4.66282E-02, -4.95972E-02, -5.25242E-02, -5.53104E-02, -5.78261E-02, -5.99085E-02, -6.13629E-02, -6.19728E-02, -6.15238E-02, -5.98469E-02, -5.68845E-02, -5.27739E-02, -4.79237E-02, -4.30351E-02, -3.90105E-02, -3.67248E-02, -3.67248E-02, -3.90106E-02, -4.30353E-02, -4.79239E-02, -5.27742E-02, -5.68848E-02, -5.98472E-02, -6.15241E-02, -6.19730E-02, -6.13631E-02, -5.99087E-02, -5.78263E-02, -5.53105E-02, -5.25244E-02, -4.95974E-02, -4.66284E-02, -4.36898E-02, -4.08328E-02, -3.80917E-02, -3.54879E-02, -3.30333E-02, -3.07329E-02, -2.85864E-02, -2.65905E-02, -2.47392E-02, -2.30254E-02, -2.14410E-02, -1.99776E-02, -1.86267E-02, -1.73801E-02, -1.62298E-02, -1.51682E-02, -1.41883E-02, -1.32833E-02, -1.24472E-02, -1.16743E-02, -1.09592E-02, -1.02973E-02, -9.68399E-03, -9.11539E-03,
 -8.70037E-03, -9.22347E-03, -9.78535E-03, -1.03892E-02, -1.10383E-02, -1.17364E-02, -1.24873E-02, -1.32951E-02, -1.41641E-02, -1.50986E-02, -1.61031E-02, -1.71821E-02, -1.83400E-02, -1.95807E-02, -2.09077E-02, -2.23233E-02, -2.38286E-02, -2.54225E-02, -2.71009E-02, -2.88561E-02, -3.06748E-02, -3.25364E-02, -3.44112E-02, -3.62575E-02, -3.80181E-02, -3.96171E-02, -4.09558E-02, -4.19091E-02, -4.23236E-02, -4.20185E-02, -4.07923E-02, -3.84397E-02, -3.47839E-02, -2.97282E-02, -2.33292E-02, -1.58821E-02, -7.98979E-03, -5.66242E-04,  5.28375E-03,  8.52606E-03,  8.52602E-03,  5.28364E-03, -5.66418E-04, -7.99001E-03, -1.58823E-02, -2.33295E-02, -2.97285E-02, -3.47842E-02, -3.84400E-02, -4.07925E-02, -4.20187E-02, -4.23238E-02, -4.19093E-02, -4.09560E-02, -3.96173E-02, -3.80182E-02, -3.62576E-02, -3.44113E-02, -3.25365E-02, -3.06748E-02, -2.88562E-02, -2.71010E-02, -2.54225E-02, -2.38286E-02, -2.23233E-02, -2.09077E-02, -1.95808E-02, -1.83400E-02, -1.71821E-02, -1.61031E-02, -1.50986E-02, -1.41641E-02, -1.32951E-02, -1.24873E-02, -1.17364E-02, -1.10383E-02, -1.03892E-02, -9.78534E-03, -9.22346E-03, -8.70036E-03,
 -8.27240E-03, -8.74958E-03, -9.25974E-03, -9.80524E-03, -1.03885E-02, -1.10120E-02, -1.16784E-02, -1.23902E-02, -1.31499E-02, -1.39599E-02, -1.48224E-02, -1.57390E-02, -1.67109E-02, -1.77384E-02, -1.88205E-02, -1.99545E-02, -2.11357E-02, -2.23561E-02, -2.36041E-02, -2.48628E-02, -2.61088E-02, -2.73104E-02, -2.84253E-02, -2.93983E-02, -3.01581E-02, -3.06149E-02, -3.06570E-02, -3.01493E-02, -2.89335E-02, -2.68317E-02, -2.36578E-02, -1.92378E-02, -1.34454E-02, -6.25606E-03,  2.18340E-03,  1.14779E-02,  2.09300E-02,  2.95542E-02,  3.62082E-02,  3.98501E-02,  3.98501E-02,  3.62081E-02,  2.95541E-02,  2.09298E-02,  1.14776E-02,  2.18316E-03, -6.25630E-03, -1.34457E-02, -1.92380E-02, -2.36580E-02, -2.68319E-02, -2.89336E-02, -3.01495E-02, -3.06572E-02, -3.06151E-02, -3.01583E-02, -2.93984E-02, -2.84254E-02, -2.73105E-02, -2.61089E-02, -2.48628E-02, -2.36042E-02, -2.23562E-02, -2.11357E-02, -1.99546E-02, -1.88205E-02, -1.77384E-02, -1.67110E-02, -1.57390E-02, -1.48224E-02, -1.39599E-02, -1.31499E-02, -1.23902E-02, -1.16784E-02, -1.10120E-02, -1.03885E-02, -9.80523E-03, -9.25973E-03, -8.74957E-03, -8.27239E-03,
 -7.83530E-03, -8.26663E-03, -8.72535E-03, -9.21302E-03, -9.73118E-03, -1.02813E-02, -1.08649E-02, -1.14830E-02, -1.21366E-02, -1.28264E-02, -1.35524E-02, -1.43140E-02, -1.51094E-02, -1.59359E-02, -1.67888E-02, -1.76615E-02, -1.85445E-02, -1.94246E-02, -2.02843E-02, -2.11003E-02, -2.18423E-02, -2.24709E-02, -2.29364E-02, -2.31761E-02, -2.31120E-02, -2.26493E-02, -2.16742E-02, -2.00539E-02, -1.76390E-02, -1.42698E-02, -9.78910E-03, -4.06527E-03,  2.97248E-03,  1.12842E-02,  2.06576E-02,  3.06467E-02,  4.05362E-02,  4.93702E-02,  5.60811E-02,  5.97194E-02,  5.97194E-02,  5.60810E-02,  4.93701E-02,  4.05360E-02,  3.06465E-02,  2.06574E-02,  1.12840E-02,  2.97226E-03, -4.06548E-03, -9.78929E-03, -1.42700E-02, -1.76392E-02, -2.00541E-02, -2.16743E-02, -2.26494E-02, -2.31121E-02, -2.31762E-02, -2.29365E-02, -2.24710E-02, -2.18423E-02, -2.11004E-02, -2.02844E-02, -1.94247E-02, -1.85445E-02, -1.76616E-02, -1.67889E-02, -1.59359E-02, -1.51094E-02, -1.43140E-02, -1.35524E-02, -1.28264E-02, -1.21366E-02, -1.14830E-02, -1.08649E-02, -1.02813E-02, -9.73118E-03, -9.21301E-03, -8.72534E-03, -8.26662E-03, -7.83529E-03,
 -7.39268E-03, -7.77874E-03, -8.18682E-03, -8.61779E-03, -9.07238E-03, -9.55116E-03, -1.00545E-02, -1.05823E-02, -1.11343E-02, -1.17095E-02, -1.23061E-02, -1.29216E-02, -1.35519E-02, -1.41918E-02, -1.48338E-02, -1.54679E-02, -1.60813E-02, -1.66570E-02, -1.71734E-02, -1.76030E-02, -1.79112E-02, -1.80548E-02, -1.79804E-02, -1.76228E-02, -1.69036E-02, -1.57297E-02, -1.39932E-02, -1.15725E-02, -8.33624E-03, -4.15132E-03,  1.10310E-03,  7.51299E-03,  1.50968E-02,  2.37621E-02,  3.32564E-02,  4.31227E-02,  5.26817E-02,  6.10701E-02,  6.73577E-02,  7.07382E-02,  7.07382E-02,  6.73576E-02,  6.10700E-02,  5.26816E-02,  4.31226E-02,  3.32563E-02,  2.37619E-02,  1.50966E-02,  7.51280E-03,  1.10292E-03, -4.15149E-03, -8.33640E-03, -1.15726E-02, -1.39933E-02, -1.57298E-02, -1.69037E-02, -1.76229E-02, -1.79805E-02, -1.80549E-02, -1.79113E-02, -1.76031E-02, -1.71734E-02, -1.66570E-02, -1.60813E-02, -1.54679E-02, -1.48338E-02, -1.41918E-02, -1.35520E-02, -1.29216E-02, -1.23061E-02, -1.17095E-02, -1.11343E-02, -1.05823E-02, -1.00545E-02, -9.55115E-03, -9.07237E-03, -8.61779E-03, -8.18682E-03, -7.77873E-03, -7.39267E-03,
 -6.94798E-03, -7.28977E-03, -7.64852E-03, -8.02446E-03, -8.41760E-03, -8.82771E-03, -9.25421E-03, -9.69609E-03, -1.01518E-02, -1.06190E-02, -1.10946E-02, -1.15743E-02, -1.20524E-02, -1.25215E-02, -1.29722E-02, -1.33921E-02, -1.37659E-02, -1.40743E-02, -1.42932E-02, -1.43929E-02, -1.43367E-02, -1.40804E-02, -1.35704E-02, -1.27429E-02, -1.15233E-02, -9.82539E-03, -7.55246E-03, -4.59943E-03, -8.57913E-04,  3.77499E-03,  9.38262E-03,  1.60080E-02,  2.36253E-02,  3.21054E-02,  4.11787E-02,  5.04068E-02,  5.91794E-02,  6.67563E-02,  7.23672E-02,  7.53609E-02,  7.53609E-02,  7.23672E-02,  6.67562E-02,  5.91793E-02,  5.04066E-02,  4.11785E-02,  3.21052E-02,  2.36251E-02,  1.60078E-02,  9.38246E-03,  3.77484E-03, -8.58053E-04, -4.59956E-03, -7.55258E-03, -9.82550E-03, -1.15234E-02, -1.27430E-02, -1.35704E-02, -1.40805E-02, -1.43368E-02, -1.43929E-02, -1.42933E-02, -1.40744E-02, -1.37659E-02, -1.33921E-02, -1.29722E-02, -1.25216E-02, -1.20524E-02, -1.15743E-02, -1.10946E-02, -1.06190E-02, -1.01518E-02, -9.69609E-03, -9.25421E-03, -8.82771E-03, -8.41760E-03, -8.02445E-03, -7.64851E-03, -7.28976E-03, -6.94797E-03,
 -6.50441E-03, -6.80330E-03, -7.11443E-03, -7.43748E-03, -7.77184E-03, -8.11656E-03, -8.47030E-03, -8.83118E-03, -9.19667E-03, -9.56344E-03, -9.92718E-03, -1.02824E-02, -1.06220E-02, -1.09371E-02, -1.12169E-02, -1.14476E-02, -1.16123E-02, -1.16904E-02, -1.16568E-02, -1.14811E-02, -1.11267E-02, -1.05502E-02, -9.70056E-03, -8.51824E-03, -6.93530E-03, -4.87566E-03, -2.25667E-03,  1.00779E-03,  5.00169E-03,  9.79805E-03,  1.54458E-02,  2.19516E-02,  2.92568E-02,  3.72109E-02,  4.55464E-02,  5.38634E-02,  6.16359E-02,  6.82528E-02,  7.30989E-02,  7.56666E-02,  7.56666E-02,  7.30989E-02,  6.82527E-02,  6.16358E-02,  5.38632E-02,  4.55462E-02,  3.72107E-02,  2.92566E-02,  2.19515E-02,  1.54457E-02,  9.79792E-03,  5.00156E-03,  1.00767E-03, -2.25677E-03, -4.87576E-03, -6.93539E-03, -8.51832E-03, -9.70063E-03, -1.05503E-02, -1.11267E-02, -1.14811E-02, -1.16569E-02, -1.16905E-02, -1.16123E-02, -1.14476E-02, -1.12169E-02, -1.09372E-02, -1.06220E-02, -1.02824E-02, -9.92719E-03, -9.56345E-03, -9.19667E-03, -8.83118E-03, -8.47030E-03, -8.11656E-03, -7.77184E-03, -7.43748E-03, -7.11443E-03, -6.80329E-03, -6.50441E-03,
 -6.06491E-03, -6.32259E-03, -6.58818E-03, -6.86087E-03, -7.13952E-03, -7.42260E-03, -7.70812E-03, -7.99350E-03, -8.27545E-03, -8.54983E-03, -8.81146E-03, -9.05388E-03, -9.26916E-03, -9.44753E-03, -9.57708E-03, -9.64333E-03, -9.62880E-03, -9.51248E-03, -9.26928E-03, -8.86942E-03, -8.27789E-03, -7.45386E-03, -6.35030E-03, -4.91383E-03, -3.08502E-03, -7.99366E-04,  2.01062E-03,  5.41189E-03,  9.46515E-03,  1.42166E-02,  1.96862E-02,  2.58530E-02,  3.26368E-02,  3.98798E-02,  4.73304E-02,  5.46373E-02,  6.13611E-02,  6.70111E-02,  7.11079E-02,  7.32650E-02,  7.32650E-02,  7.11079E-02,  6.70110E-02,  6.13610E-02,  5.46371E-02,  4.73302E-02,  3.98797E-02,  3.26367E-02,  2.58529E-02,  1.96861E-02,  1.42165E-02,  9.46503E-03,  5.41178E-03,  2.01052E-03, -7.99457E-04, -3.08510E-03, -4.91390E-03, -6.35037E-03, -7.45392E-03, -8.27795E-03, -8.86947E-03, -9.26932E-03, -9.51252E-03, -9.62884E-03, -9.64336E-03, -9.57710E-03, -9.44755E-03, -9.26918E-03, -9.05390E-03, -8.81147E-03, -8.54984E-03, -8.27546E-03, -7.99350E-03, -7.70812E-03, -7.42260E-03, -7.13952E-03, -6.86087E-03, -6.58818E-03, -6.32258E-03, -6.06491E-03,
 -5.63213E-03, -5.85056E-03, -6.07297E-03, -6.29813E-03, -6.52448E-03, -6.75000E-03, -6.97220E-03, -7.18794E-03, -7.39337E-03, -7.58374E-03, -7.75327E-03, -7.89490E-03, -8.00012E-03, -8.05867E-03, -8.05823E-03, -7.98411E-03, -7.81886E-03, -7.54187E-03, -7.12897E-03, -6.55196E-03, -5.77834E-03, -4.77094E-03, -3.48791E-03, -1.88288E-03,  9.43053E-05,  2.49625E-03,  5.37567E-03,  8.78167E-03,  1.27544E-02,  1.73178E-02,  2.24695E-02,  2.81693E-02,  3.43260E-02,  4.07848E-02,  4.73185E-02,  5.36275E-02,  5.93529E-02,  6.41080E-02,  6.75254E-02,  6.93147E-02,  6.93146E-02,  6.75254E-02,  6.41079E-02,  5.93528E-02,  5.36274E-02,  4.73184E-02,  4.07847E-02,  3.43259E-02,  2.81691E-02,  2.24693E-02,  1.73177E-02,  1.27543E-02,  8.78157E-03,  5.37558E-03,  2.49617E-03,  9.42285E-05, -1.88295E-03, -3.48797E-03, -4.77100E-03, -5.77839E-03, -6.55201E-03, -7.12901E-03, -7.54191E-03, -7.81889E-03, -7.98414E-03, -8.05825E-03, -8.05869E-03, -8.00014E-03, -7.89491E-03, -7.75328E-03, -7.58375E-03, -7.39337E-03, -7.18794E-03, -6.97220E-03, -6.75000E-03, -6.52448E-03, -6.29813E-03, -6.07297E-03, -5.85056E-03, -5.63213E-03,
 -5.20843E-03, -5.38978E-03, -5.57158E-03, -5.75229E-03, -5.92997E-03, -6.10225E-03, -6.26624E-03, -6.41840E-03, -6.55448E-03, -6.66934E-03, -6.75681E-03, -6.80951E-03, -6.81867E-03, -6.77387E-03, -6.66283E-03, -6.47111E-03, -6.18180E-03, -5.77529E-03, -5.22891E-03, -4.51674E-03, -3.60941E-03, -2.47403E-03, -1.07441E-03,  6.28494E-04,  2.67564E-03,  5.10830E-03,  7.96567E-03,  1.12813E-02,  1.50784E-02,  1.93634E-02,  2.41180E-02,  2.92906E-02,  3.47870E-02,  4.04625E-02,  4.61180E-02,  5.15034E-02,  5.63305E-02,  6.02980E-02,  6.31270E-02,  6.46009E-02,  6.46009E-02,  6.31269E-02,  6.02979E-02,  5.63304E-02,  5.15033E-02,  4.61179E-02,  4.04624E-02,  3.47869E-02,  2.92905E-02,  2.41179E-02,  1.93633E-02,  1.50783E-02,  1.12812E-02,  7.96559E-03,  5.10822E-03,  2.67557E-03,  6.28430E-04, -1.07447E-03, -2.47408E-03, -3.60946E-03, -4.51679E-03, -5.22895E-03, -5.77532E-03, -6.18183E-03, -6.47113E-03, -6.66286E-03, -6.77389E-03, -6.81869E-03, -6.80952E-03, -6.75682E-03, -6.66935E-03, -6.55449E-03, -6.41841E-03, -6.26624E-03, -6.10225E-03, -5.92997E-03, -5.75229E-03, -5.57158E-03, -5.38978E-03, -5.20843E-03,
 -4.79586E-03, -4.94245E-03, -5.08639E-03, -5.22585E-03, -5.35865E-03, -5.48214E-03, -5.59314E-03, -5.68786E-03, -5.76178E-03, -5.80955E-03, -5.82481E-03, -5.80009E-03, -5.72663E-03, -5.59415E-03, -5.39073E-03, -5.10251E-03, -4.71355E-03, -4.20562E-03, -3.55799E-03, -2.74738E-03, -1.74789E-03, -5.31168E-04,  9.33275E-04,  2.67737E-03,  4.73345E-03,  7.13259E-03,  9.90227E-03,  1.30632E-02,  1.66252E-02,  2.05818E-02,  2.49048E-02,  2.95370E-02,  3.43869E-02,  3.93239E-02,  4.41775E-02,  4.87421E-02,  5.27886E-02,  5.60842E-02,  5.84179E-02,  5.96285E-02,  5.96285E-02,  5.84179E-02,  5.60842E-02,  5.27886E-02,  4.87421E-02,  4.41775E-02,  3.93238E-02,  3.43868E-02,  2.95369E-02,  2.49047E-02,  2.05817E-02,  1.66251E-02,  1.30631E-02,  9.90219E-03,  7.13252E-03,  4.73339E-03,  2.67731E-03,  9.33220E-04, -5.31218E-04, -1.74794E-03, -2.74742E-03, -3.55803E-03, -4.20565E-03, -4.71358E-03, -5.10253E-03, -5.39075E-03, -5.59417E-03, -5.72664E-03, -5.80011E-03, -5.82482E-03, -5.80956E-03, -5.76179E-03, -5.68787E-03, -5.59314E-03, -5.48214E-03, -5.35865E-03, -5.22585E-03, -5.08639E-03, -4.94245E-03, -4.79586E-03,
 -4.39617E-03, -4.51044E-03, -4.61934E-03, -4.72087E-03, -4.81264E-03, -4.89182E-03, -4.95506E-03, -4.99841E-03, -5.01724E-03, -5.00609E-03, -4.95864E-03, -4.86750E-03, -4.72410E-03, -4.51856E-03, -4.23954E-03, -3.87405E-03, -3.40738E-03, -2.82292E-03, -2.10213E-03, -1.22453E-03, -1.67798E-04,  1.09196E-03,  2.57975E-03,  4.32095E-03,  6.34017E-03,  8.65968E-03,  1.12973E-02,  1.42635E-02,  1.75581E-02,  2.11662E-02,  2.50537E-02,  2.91625E-02,  3.34073E-02,  3.76733E-02,  4.18169E-02,  4.56707E-02,  4.90540E-02,  5.17872E-02,  5.37111E-02,  5.47053E-02,  5.47053E-02,  5.37111E-02,  5.17872E-02,  4.90539E-02,  4.56706E-02,  4.18168E-02,  3.76733E-02,  3.34073E-02,  2.91624E-02,  2.50536E-02,  2.11662E-02,  1.75580E-02,  1.42634E-02,  1.12972E-02,  8.65961E-03,  6.34011E-03,  4.32090E-03,  2.57970E-03,  1.09191E-03, -1.67841E-04, -1.22457E-03, -2.10217E-03, -2.82296E-03, -3.40741E-03, -3.87408E-03, -4.23956E-03, -4.51858E-03, -4.72411E-03, -4.86751E-03, -4.95866E-03, -5.00610E-03, -5.01724E-03, -4.99842E-03, -4.95507E-03, -4.89182E-03, -4.81264E-03, -4.72087E-03, -4.61934E-03, -4.51043E-03, -4.39617E-03,
 -4.01081E-03, -4.09524E-03, -4.17199E-03, -4.23891E-03, -4.29351E-03, -4.33284E-03, -4.35346E-03, -4.35136E-03, -4.32190E-03, -4.25970E-03, -4.15854E-03, -4.01127E-03, -3.80971E-03, -3.54453E-03, -3.20515E-03, -2.77962E-03, -2.25460E-03, -1.61526E-03, -8.45317E-04,  7.28875E-05,  1.15819E-03,  2.43027E-03,  3.90912E-03,  5.61427E-03,  7.56370E-03,  9.77236E-03,  1.22503E-02,  1.50004E-02,  1.80154E-02,  2.12752E-02,  2.47430E-02,  2.83632E-02,  3.20584E-02,  3.57294E-02,  3.92568E-02,  4.25053E-02,  4.53328E-02,  4.76010E-02,  4.91891E-02,  5.00071E-02,  5.00071E-02,  4.91890E-02,  4.76010E-02,  4.53328E-02,  4.25053E-02,  3.92567E-02,  3.57294E-02,  3.20583E-02,  2.83631E-02,  2.47430E-02,  2.12751E-02,  1.80154E-02,  1.50003E-02,  1.22503E-02,  9.77230E-03,  7.56365E-03,  5.61422E-03,  3.90907E-03,  2.43022E-03,  1.15815E-03,  7.28515E-05, -8.45349E-04, -1.61529E-03, -2.25463E-03, -2.77965E-03, -3.20517E-03, -3.54455E-03, -3.80973E-03, -4.01128E-03, -4.15855E-03, -4.25971E-03, -4.32191E-03, -4.35137E-03, -4.35346E-03, -4.33284E-03, -4.29351E-03, -4.23892E-03, -4.17199E-03, -4.09524E-03, -4.01081E-03,
 -3.64095E-03, -3.69804E-03, -3.74552E-03, -3.78115E-03, -3.80237E-03, -3.80619E-03, -3.78915E-03, -3.74730E-03, -3.67605E-03, -3.57018E-03, -3.42372E-03, -3.22986E-03, -2.98092E-03, -2.66823E-03, -2.28209E-03, -1.81170E-03, -1.24515E-03, -5.69426E-04,  2.29526E-04,  1.16664E-03,  2.25749E-03,  3.51793E-03,  4.96349E-03,  6.60868E-03,  8.46594E-03,  1.05444E-02,  1.28480E-02,  1.53743E-02,  1.81113E-02,  2.10360E-02,  2.41120E-02,  2.72871E-02,  3.04930E-02,  3.36452E-02,  3.66449E-02,  3.93835E-02,  4.17491E-02,  4.36350E-02,  4.49493E-02,  4.56244E-02,  4.56244E-02,  4.49493E-02,  4.36350E-02,  4.17491E-02,  3.93834E-02,  3.66448E-02,  3.36451E-02,  3.04930E-02,  2.72870E-02,  2.41119E-02,  2.10360E-02,  1.81112E-02,  1.53742E-02,  1.28480E-02,  1.05443E-02,  8.46589E-03,  6.60864E-03,  4.96345E-03,  3.51789E-03,  2.25746E-03,  1.16661E-03,  2.29495E-04, -5.69454E-04, -1.24518E-03, -1.81173E-03, -2.28211E-03, -2.66825E-03, -2.98093E-03, -3.22987E-03, -3.42373E-03, -3.57019E-03, -3.67606E-03, -3.74730E-03, -3.78916E-03, -3.80619E-03, -3.80237E-03, -3.78115E-03, -3.74552E-03, -3.69804E-03, -3.64095E-03,
 -3.28748E-03, -3.31974E-03, -3.34077E-03, -3.34834E-03, -3.33986E-03, -3.31236E-03, -3.26243E-03, -3.18621E-03, -3.07927E-03, -2.93662E-03, -2.75260E-03, -2.52085E-03, -2.23425E-03, -1.88488E-03, -1.46396E-03, -9.61875E-04, -3.68162E-04,  3.28423E-04,  1.13980E-03,  2.07837E-03,  3.15677E-03,  4.38742E-03,  5.78204E-03,  7.35094E-03,  9.10205E-03,  1.10399E-02,  1.31642E-02,  1.54684E-02,  1.79381E-02,  2.05493E-02,  2.32668E-02,  2.60436E-02,  2.88200E-02,  3.15246E-02,  3.40763E-02,  3.63879E-02,  3.83714E-02,  3.99441E-02,  4.10356E-02,  4.15950E-02,  4.15950E-02,  4.10356E-02,  3.99440E-02,  3.83714E-02,  3.63879E-02,  3.40763E-02,  3.15245E-02,  2.88199E-02,  2.60436E-02,  2.32668E-02,  2.05492E-02,  1.79381E-02,  1.54684E-02,  1.31642E-02,  1.10398E-02,  9.10201E-03,  7.35089E-03,  5.78200E-03,  4.38738E-03,  3.15673E-03,  2.07834E-03,  1.13977E-03,  3.28397E-04, -3.68186E-04, -9.61896E-04, -1.46398E-03, -1.88490E-03, -2.23427E-03, -2.52086E-03, -2.75261E-03, -2.93663E-03, -3.07928E-03, -3.18621E-03, -3.26243E-03, -3.31236E-03, -3.33986E-03, -3.34834E-03, -3.34077E-03, -3.31974E-03, -3.28748E-03,
 -2.95106E-03, -2.96091E-03, -2.95827E-03, -2.94090E-03, -2.90625E-03, -2.85141E-03, -2.77308E-03, -2.66753E-03, -2.53057E-03, -2.35747E-03, -2.14295E-03, -1.88115E-03, -1.56555E-03, -1.18900E-03, -7.43699E-04, -2.21175E-04,  3.87621E-04,  1.09226E-03,  1.90269E-03,  2.82901E-03,  3.88125E-03,  5.06890E-03,  6.40045E-03,  7.88275E-03,  9.52024E-03,  1.13140E-02,  1.32606E-02,  1.53511E-02,  1.75697E-02,  1.98927E-02,  2.22875E-02,  2.47121E-02,  2.71149E-02,  2.94362E-02,  3.16095E-02,  3.35649E-02,  3.52328E-02,  3.65488E-02,  3.74591E-02,  3.79245E-02,  3.79245E-02,  3.74591E-02,  3.65488E-02,  3.52327E-02,  3.35649E-02,  3.16095E-02,  2.94362E-02,  2.71149E-02,  2.47120E-02,  2.22875E-02,  1.98927E-02,  1.75696E-02,  1.53510E-02,  1.32605E-02,  1.13139E-02,  9.52020E-03,  7.88271E-03,  6.40041E-03,  5.06886E-03,  3.88122E-03,  2.82899E-03,  1.90266E-03,  1.09224E-03,  3.87599E-04, -2.21195E-04, -7.43717E-04, -1.18902E-03, -1.56556E-03, -1.88116E-03, -2.14296E-03, -2.35747E-03, -2.53058E-03, -2.66754E-03, -2.77308E-03, -2.85141E-03, -2.90625E-03, -2.94090E-03, -2.95827E-03, -2.96091E-03, -2.95106E-03,
 -2.63211E-03, -2.62190E-03, -2.59825E-03, -2.55893E-03, -2.50146E-03, -2.42303E-03, -2.32049E-03, -2.19029E-03, -2.02849E-03, -1.83069E-03, -1.59203E-03, -1.30714E-03, -9.70163E-04, -5.74711E-04, -1.13911E-04,  4.19572E-04,  1.03347E-03,  1.73580E-03,  2.53473E-03,  3.43834E-03,  4.45437E-03,  5.58984E-03,  6.85060E-03,  8.24075E-03,  9.76202E-03,  1.14130E-02,  1.31881E-02,  1.50771E-02,  1.70639E-02,  1.91257E-02,  2.12330E-02,  2.33487E-02,  2.54288E-02,  2.74234E-02,  2.92780E-02,  3.09364E-02,  3.23435E-02,  3.34492E-02,  3.42116E-02,  3.46007E-02,  3.46006E-02,  3.42116E-02,  3.34492E-02,  3.23435E-02,  3.09363E-02,  2.92779E-02,  2.74233E-02,  2.54288E-02,  2.33487E-02,  2.12330E-02,  1.91257E-02,  1.70638E-02,  1.50771E-02,  1.31881E-02,  1.14129E-02,  9.76198E-03,  8.24072E-03,  6.85056E-03,  5.58981E-03,  4.45434E-03,  3.43831E-03,  2.53470E-03,  1.73578E-03,  1.03345E-03,  4.19553E-04, -1.13928E-04, -5.74726E-04, -9.70177E-04, -1.30716E-03, -1.59204E-03, -1.83070E-03, -2.02850E-03, -2.19030E-03, -2.32049E-03, -2.42303E-03, -2.50146E-03, -2.55893E-03, -2.59825E-03, -2.62190E-03, -2.63211E-03,
 -2.33083E-03, -2.30284E-03, -2.26069E-03, -2.20224E-03, -2.12510E-03, -2.02658E-03, -1.90370E-03, -1.75314E-03, -1.57122E-03, -1.35390E-03, -1.09674E-03, -7.94906E-04, -4.43158E-04, -3.58772E-05,  4.32915E-04,  9.69503E-04,  1.58040E-03,  2.27221E-03,  3.05154E-03,  3.92469E-03,  4.89749E-03,  5.97489E-03,  7.16062E-03,  8.45664E-03,  9.86265E-03,  1.13755E-02,  1.29883E-02,  1.46903E-02,  1.64656E-02,  1.82931E-02,  2.01462E-02,  2.19926E-02,  2.37950E-02,  2.55116E-02,  2.70980E-02,  2.85089E-02,  2.97005E-02,  3.06333E-02,  3.12746E-02,  3.16014E-02,  3.16014E-02,  3.12746E-02,  3.06332E-02,  2.97005E-02,  2.85089E-02,  2.70980E-02,  2.55116E-02,  2.37950E-02,  2.19926E-02,  2.01462E-02,  1.82931E-02,  1.64655E-02,  1.46902E-02,  1.29883E-02,  1.13754E-02,  9.86262E-03,  8.45661E-03,  7.16059E-03,  5.97487E-03,  4.89746E-03,  3.92467E-03,  3.05151E-03,  2.27219E-03,  1.58038E-03,  9.69485E-04,  4.32899E-04, -3.58916E-05, -4.43171E-04, -7.94918E-04, -1.09675E-03, -1.35391E-03, -1.57123E-03, -1.75315E-03, -1.90371E-03, -2.02659E-03, -2.12510E-03, -2.20225E-03, -2.26069E-03, -2.30284E-03, -2.33083E-03,
 -2.04725E-03, -2.00363E-03, -1.94538E-03, -1.87045E-03, -1.77655E-03, -1.66117E-03, -1.52150E-03, -1.35446E-03, -1.15666E-03, -9.24425E-04, -6.53740E-04, -3.40290E-04,  2.05480E-05,  4.33673E-04,  9.04224E-04,  1.43752E-03,  2.03895E-03,  2.71392E-03,  3.46761E-03,  4.30484E-03,  5.22984E-03,  6.24588E-03,  7.35499E-03,  8.55753E-03,  9.85175E-03,  1.12333E-02,  1.26947E-02,  1.42250E-02,  1.58092E-02,  1.74279E-02,  1.90575E-02,  2.06701E-02,  2.22340E-02,  2.37146E-02,  2.50752E-02,  2.62795E-02,  2.72923E-02,  2.80826E-02,  2.86246E-02,  2.89004E-02,  2.89004E-02,  2.86246E-02,  2.80826E-02,  2.72923E-02,  2.62794E-02,  2.50752E-02,  2.37145E-02,  2.22340E-02,  2.06701E-02,  1.90575E-02,  1.74278E-02,  1.58091E-02,  1.42250E-02,  1.26947E-02,  1.12333E-02,  9.85172E-03,  8.55750E-03,  7.35496E-03,  6.24585E-03,  5.22981E-03,  4.30482E-03,  3.46758E-03,  2.71390E-03,  2.03894E-03,  1.43750E-03,  9.04209E-04,  4.33660E-04,  2.05359E-05, -3.40301E-04, -6.53750E-04, -9.24433E-04, -1.15667E-03, -1.35446E-03, -1.52150E-03, -1.66118E-03, -1.77656E-03, -1.87045E-03, -1.94538E-03, -2.00363E-03, -2.04725E-03,
 -1.78124E-03, -1.72401E-03, -1.65189E-03, -1.56293E-03, -1.45499E-03, -1.32569E-03, -1.17245E-03, -9.92414E-04, -7.82516E-04, -5.39419E-04, -2.59540E-04,  6.09384E-05,  4.26055E-04,  8.40036E-04,  1.30725E-03,  1.83212E-03,  2.41909E-03,  3.07245E-03,  3.79620E-03,  4.59393E-03,  5.46850E-03,  6.42188E-03,  7.45479E-03,  8.56640E-03,  9.75395E-03,  1.10124E-02,  1.23340E-02,  1.37081E-02,  1.51207E-02,  1.65543E-02,  1.79882E-02,  1.93982E-02,  2.07576E-02,  2.20375E-02,  2.32080E-02,  2.42394E-02,  2.51037E-02,  2.57760E-02,  2.62362E-02,  2.64699E-02,  2.64699E-02,  2.62362E-02,  2.57760E-02,  2.51036E-02,  2.42394E-02,  2.32080E-02,  2.20375E-02,  2.07576E-02,  1.93982E-02,  1.79881E-02,  1.65543E-02,  1.51206E-02,  1.37081E-02,  1.23340E-02,  1.10124E-02,  9.75392E-03,  8.56637E-03,  7.45477E-03,  6.42186E-03,  5.46848E-03,  4.59391E-03,  3.79618E-03,  3.07243E-03,  2.41908E-03,  1.83211E-03,  1.30723E-03,  8.40023E-04,  4.26044E-04,  6.09282E-05, -2.59549E-04, -5.39426E-04, -7.82523E-04, -9.92420E-04, -1.17245E-03, -1.32570E-03, -1.45499E-03, -1.56294E-03, -1.65189E-03, -1.72401E-03, -1.78124E-03,
 -1.53253E-03, -1.46359E-03, -1.37967E-03, -1.27895E-03, -1.15942E-03, -1.01888E-03, -8.54950E-04, -6.65041E-04, -4.46368E-04, -1.95946E-04,  8.93971E-05,  4.13008E-04,  7.78380E-04,  1.18912E-03,  1.64889E-03,  2.16135E-03,  2.73007E-03,  3.35839E-03,  4.04935E-03,  4.80545E-03,  5.62852E-03,  6.51946E-03,  7.47803E-03,  8.50252E-03,  9.58955E-03,  1.07337E-02,  1.19273E-02,  1.31602E-02,  1.44195E-02,  1.56896E-02,  1.69524E-02,  1.81871E-02,  1.93712E-02,  2.04805E-02,  2.14904E-02,  2.23768E-02,  2.31172E-02,  2.36916E-02,  2.40840E-02,  2.42831E-02,  2.42831E-02,  2.40840E-02,  2.36916E-02,  2.31172E-02,  2.23768E-02,  2.14904E-02,  2.04804E-02,  1.93712E-02,  1.81871E-02,  1.69524E-02,  1.56896E-02,  1.44194E-02,  1.31601E-02,  1.19273E-02,  1.07337E-02,  9.58952E-03,  8.50250E-03,  7.47800E-03,  6.51944E-03,  5.62850E-03,  4.80543E-03,  4.04933E-03,  3.35838E-03,  2.73005E-03,  2.16134E-03,  1.64888E-03,  1.18911E-03,  7.78370E-04,  4.12998E-04,  8.93886E-05, -1.95954E-04, -4.46374E-04, -6.65047E-04, -8.54955E-04, -1.01888E-03, -1.15942E-03, -1.27895E-03, -1.37967E-03, -1.46359E-03, -1.53253E-03,
 -1.30074E-03, -1.22182E-03, -1.12802E-03, -1.01760E-03, -8.88719E-04, -7.39349E-04, -5.67314E-04, -3.70274E-04, -1.45732E-04,  1.08962E-04,  3.96593E-04,  7.20068E-04,  1.08238E-03,  1.48657E-03,  1.93568E-03,  2.43268E-03,  2.98039E-03,  3.58137E-03,  4.23781E-03,  4.95137E-03,  5.72302E-03,  6.55286E-03,  7.43993E-03,  8.38196E-03,  9.37516E-03,  1.04140E-02,  1.14911E-02,  1.25969E-02,  1.37198E-02,  1.48459E-02,  1.59594E-02,  1.70425E-02,  1.80760E-02,  1.90400E-02,  1.99142E-02,  2.06787E-02,  2.13153E-02,  2.18081E-02,  2.21442E-02,  2.23145E-02,  2.23145E-02,  2.21442E-02,  2.18081E-02,  2.13153E-02,  2.06787E-02,  1.99141E-02,  1.90400E-02,  1.80760E-02,  1.70425E-02,  1.59594E-02,  1.48459E-02,  1.37198E-02,  1.25969E-02,  1.14911E-02,  1.04140E-02,  9.37514E-03,  8.38194E-03,  7.43991E-03,  6.55284E-03,  5.72300E-03,  4.95135E-03,  4.23779E-03,  3.58136E-03,  2.98038E-03,  2.43267E-03,  1.93567E-03,  1.48656E-03,  1.08237E-03,  7.20059E-04,  3.96585E-04,  1.08955E-04, -1.45738E-04, -3.70279E-04, -5.67318E-04, -7.39352E-04, -8.88722E-04, -1.01760E-03, -1.12802E-03, -1.22183E-03, -1.30074E-03,
 -1.08536E-03, -9.98102E-04, -8.96147E-04, -7.77914E-04, -6.41691E-04, -4.85635E-04, -3.07773E-04, -1.06004E-04,  1.21893E-04,  3.78251E-04,  6.65498E-04,  9.86132E-04,  1.34269E-03,  1.73772E-03,  2.17370E-03,  2.65301E-03,  3.17783E-03,  3.75004E-03,  4.37116E-03,  5.04216E-03,  5.76335E-03,  6.53423E-03,  7.35332E-03,  8.21798E-03,  9.12426E-03,  1.00667E-02,  1.10383E-02,  1.20302E-02,  1.30319E-02,  1.40313E-02,  1.50145E-02,  1.59664E-02,  1.68707E-02,  1.77108E-02,  1.84697E-02,  1.91314E-02,  1.96809E-02,  2.01053E-02,  2.03943E-02,  2.05407E-02,  2.05407E-02,  2.03943E-02,  2.01053E-02,  1.96809E-02,  1.91314E-02,  1.84697E-02,  1.77107E-02,  1.68707E-02,  1.59664E-02,  1.50145E-02,  1.40313E-02,  1.30319E-02,  1.20302E-02,  1.10382E-02,  1.00667E-02,  9.12424E-03,  8.21796E-03,  7.35330E-03,  6.53421E-03,  5.76333E-03,  5.04214E-03,  4.37115E-03,  3.75003E-03,  3.17781E-03,  2.65300E-03,  2.17369E-03,  1.73771E-03,  1.34268E-03,  9.86124E-04,  6.65491E-04,  3.78245E-04,  1.21887E-04, -1.06009E-04, -3.07777E-04, -4.85639E-04, -6.41694E-04, -7.77916E-04, -8.96148E-04, -9.98103E-04, -1.08536E-03,
 -8.85856E-04, -7.91717E-04, -6.83197E-04, -5.58836E-04, -4.17070E-04, -2.56228E-04, -7.45347E-05,  1.29881E-04,  3.58981E-04,  6.14804E-04,  8.99445E-04,  1.21503E-03,  1.56370E-03,  1.94755E-03,  2.36857E-03,  2.82863E-03,  3.32937E-03,  3.87213E-03,  4.45785E-03,  5.08696E-03,  5.75928E-03,  6.47386E-03,  7.22888E-03,  8.02149E-03,  8.84770E-03,  9.70226E-03,  1.05786E-02,  1.14686E-02,  1.23630E-02,  1.32510E-02,  1.41206E-02,  1.49588E-02,  1.57520E-02,  1.64860E-02,  1.71470E-02,  1.77216E-02,  1.81976E-02,  1.85646E-02,  1.88141E-02,  1.89404E-02,  1.89404E-02,  1.88141E-02,  1.85646E-02,  1.81976E-02,  1.77216E-02,  1.71470E-02,  1.64860E-02,  1.57520E-02,  1.49588E-02,  1.41206E-02,  1.32510E-02,  1.23630E-02,  1.14686E-02,  1.05786E-02,  9.70225E-03,  8.84769E-03,  8.02148E-03,  7.22887E-03,  6.47385E-03,  5.75927E-03,  5.08695E-03,  4.45784E-03,  3.87212E-03,  3.32936E-03,  2.82862E-03,  2.36856E-03,  1.94754E-03,  1.56369E-03,  1.21503E-03,  8.99438E-04,  6.14797E-04,  3.58975E-04,  1.29876E-04, -7.45388E-05, -2.56231E-04, -4.17073E-04, -5.58838E-04, -6.83198E-04, -7.91718E-04, -8.85857E-04,
 -7.01588E-04, -6.01912E-04, -4.88252E-04, -3.59273E-04, -2.13556E-04, -4.95948E-05,  1.34195E-04,  3.39470E-04,  5.67950E-04,  8.21401E-04,  1.10162E-03,  1.41040E-03,  1.74951E-03,  2.12066E-03,  2.52544E-03,  2.96526E-03,  3.44131E-03,  3.95449E-03,  4.50528E-03,  5.09369E-03,  5.71917E-03,  6.38045E-03,  7.07550E-03,  7.80139E-03,  8.55419E-03,  9.32893E-03,  1.01195E-02,  1.09186E-02,  1.17179E-02,  1.25080E-02,  1.32784E-02,  1.40181E-02,  1.47154E-02,  1.53586E-02,  1.59361E-02,  1.64367E-02,  1.68506E-02,  1.71691E-02,  1.73854E-02,  1.74947E-02,  1.74947E-02,  1.73854E-02,  1.71691E-02,  1.68506E-02,  1.64367E-02,  1.59360E-02,  1.53586E-02,  1.47154E-02,  1.40181E-02,  1.32784E-02,  1.25080E-02,  1.17179E-02,  1.09186E-02,  1.01195E-02,  9.32891E-03,  8.55418E-03,  7.80137E-03,  7.07549E-03,  6.38044E-03,  5.71915E-03,  5.09368E-03,  4.50527E-03,  3.95448E-03,  3.44130E-03,  2.96525E-03,  2.52543E-03,  2.12065E-03,  1.74950E-03,  1.41039E-03,  1.10161E-03,  8.21395E-04,  5.67945E-04,  3.39465E-04,  1.34191E-04, -4.95980E-05, -2.13558E-04, -3.59275E-04, -4.88253E-04, -6.01913E-04, -7.01589E-04,
 -5.31893E-04, -4.27886E-04, -3.10362E-04, -1.78106E-04, -2.98379E-05,  1.35790E-04,  3.20184E-04,  5.24800E-04,  7.51133E-04,  1.00070E-03,  1.27503E-03,  1.57562E-03,  1.90393E-03,  2.26130E-03,  2.64899E-03,  3.06803E-03,  3.51925E-03,  4.00316E-03,  4.51990E-03,  5.06916E-03,  5.65010E-03,  6.26127E-03,  6.90050E-03,  7.56487E-03,  8.25061E-03,  8.95303E-03,  9.66654E-03,  1.03846E-02,  1.10997E-02,  1.18037E-02,  1.24875E-02,  1.31417E-02,  1.37563E-02,  1.43214E-02,  1.48273E-02,  1.52650E-02,  1.56261E-02,  1.59035E-02,  1.60916E-02,  1.61867E-02,  1.61867E-02,  1.60916E-02,  1.59035E-02,  1.56261E-02,  1.52650E-02,  1.48273E-02,  1.43214E-02,  1.37563E-02,  1.31417E-02,  1.24875E-02,  1.18037E-02,  1.10997E-02,  1.03846E-02,  9.66653E-03,  8.95302E-03,  8.25060E-03,  7.56486E-03,  6.90049E-03,  6.26125E-03,  5.65009E-03,  5.06915E-03,  4.51989E-03,  4.00315E-03,  3.51924E-03,  3.06802E-03,  2.64898E-03,  2.26130E-03,  1.90392E-03,  1.57562E-03,  1.27503E-03,  1.00070E-03,  7.51128E-04,  5.24795E-04,  3.20180E-04,  1.35787E-04, -2.98404E-05, -1.78108E-04, -3.10363E-04, -4.27887E-04, -5.31893E-04,
 -3.76070E-04, -2.68816E-04, -1.48561E-04, -1.42091E-05,  1.35389E-04,  3.01431E-04,  4.85156E-04,  6.87837E-04,  9.10764E-04,  1.15523E-03,  1.42252E-03,  1.71387E-03,  2.03046E-03,  2.37334E-03,  2.74346E-03,  3.14156E-03,  3.56815E-03,  4.02345E-03,  4.50732E-03,  5.01921E-03,  5.55809E-03,  6.12238E-03,  6.70989E-03,  7.31775E-03,  7.94238E-03,  8.57943E-03,  9.22379E-03,  9.86959E-03,  1.05102E-02,  1.11385E-02,  1.17466E-02,  1.23263E-02,  1.28693E-02,  1.33672E-02,  1.38118E-02,  1.41956E-02,  1.45116E-02,  1.47541E-02,  1.49184E-02,  1.50013E-02,  1.50013E-02,  1.49184E-02,  1.47541E-02,  1.45116E-02,  1.41956E-02,  1.38118E-02,  1.33672E-02,  1.28693E-02,  1.23263E-02,  1.17466E-02,  1.11385E-02,  1.05102E-02,  9.86958E-03,  9.22378E-03,  8.57942E-03,  7.94237E-03,  7.31774E-03,  6.70988E-03,  6.12237E-03,  5.55808E-03,  5.01920E-03,  4.50730E-03,  4.02344E-03,  3.56814E-03,  3.14156E-03,  2.74346E-03,  2.37334E-03,  2.03045E-03,  1.71387E-03,  1.42252E-03,  1.15523E-03,  9.10759E-04,  6.87833E-04,  4.85153E-04,  3.01428E-04,  1.35386E-04, -1.42109E-05, -1.48562E-04, -2.68817E-04, -3.76070E-04,
 -2.33402E-04, -1.23863E-04, -1.87818E-06,  1.33537E-04,  2.83407E-04,  4.48792E-04,  6.30777E-04,  8.30463E-04,  1.04896E-03,  1.28735E-03,  1.54672E-03,  1.82806E-03,  2.13231E-03,  2.46029E-03,  2.81267E-03,  3.18995E-03,  3.59239E-03,  4.01997E-03,  4.47234E-03,  4.94880E-03,  5.44818E-03,  5.96883E-03,  6.50858E-03,  7.06467E-03,  7.63373E-03,  8.21176E-03,  8.79411E-03,  9.37555E-03,  9.95022E-03,  1.05118E-02,  1.10536E-02,  1.15685E-02,  1.20494E-02,  1.24891E-02,  1.28810E-02,  1.32185E-02,  1.34960E-02,  1.37087E-02,  1.38526E-02,  1.39253E-02,  1.39253E-02,  1.38526E-02,  1.37087E-02,  1.34960E-02,  1.32185E-02,  1.28810E-02,  1.24891E-02,  1.20493E-02,  1.15685E-02,  1.10536E-02,  1.05118E-02,  9.95021E-03,  9.37554E-03,  8.79410E-03,  8.21175E-03,  7.63372E-03,  7.06466E-03,  6.50857E-03,  5.96882E-03,  5.44816E-03,  4.94879E-03,  4.47233E-03,  4.01996E-03,  3.59238E-03,  3.18994E-03,  2.81267E-03,  2.46028E-03,  2.13230E-03,  1.82805E-03,  1.54671E-03,  1.28735E-03,  1.04895E-03,  8.30459E-04,  6.30773E-04,  4.48789E-04,  2.83405E-04,  1.33535E-04, -1.87949E-06, -1.23864E-04, -2.33402E-04,
 -1.03161E-04,  7.81123E-06,  1.30649E-04,  2.66232E-04,  4.15468E-04,  5.79289E-04,  7.58638E-04,  9.54465E-04,  1.16771E-03,  1.39928E-03,  1.65007E-03,  1.92087E-03,  2.21241E-03,  2.52531E-03,  2.86002E-03,  3.21683E-03,  3.59580E-03,  3.99674E-03,  4.41914E-03,  4.86217E-03,  5.32459E-03,  5.80476E-03,  6.30053E-03,  6.80929E-03,  7.32790E-03,  7.85270E-03,  8.37948E-03,  8.90356E-03,  9.41978E-03,  9.92261E-03,  1.04062E-02,  1.08645E-02,  1.12914E-02,  1.16809E-02,  1.20272E-02,  1.23250E-02,  1.25694E-02,  1.27564E-02,  1.28830E-02,  1.29468E-02,  1.29468E-02,  1.28830E-02,  1.27564E-02,  1.25694E-02,  1.23250E-02,  1.20272E-02,  1.16809E-02,  1.12914E-02,  1.08645E-02,  1.04062E-02,  9.92260E-03,  9.41977E-03,  8.90355E-03,  8.37947E-03,  7.85269E-03,  7.32789E-03,  6.80928E-03,  6.30052E-03,  5.80475E-03,  5.32458E-03,  4.86216E-03,  4.41913E-03,  3.99673E-03,  3.59579E-03,  3.21682E-03,  2.86001E-03,  2.52530E-03,  2.21241E-03,  1.92086E-03,  1.65006E-03,  1.39928E-03,  1.16770E-03,  9.54462E-04,  7.58635E-04,  5.79286E-04,  4.15466E-04,  2.66230E-04,  1.30647E-04,  7.81042E-06, -1.03161E-04,
